MagnetogramType = NSO-GONG Hourly; InstrumentName = GONG; InputLatGrid = sin(lat); OutputLatGrid = sin(lat); MagUnit = Gauss; InputMapResolution = 360,180; MagnetogramDate = 2009-08-06T05:54:00; CentralMeridianLong = 2086.161111; InputFile = "GONG_magnetograms/mrbqs090806t0554c2086_122.fits;ASCIIFileCreationDate = 2026-04-15T13:50:37; BrFactor = 3.8; BrMin =  5.0
         0  4.9340700000E-01 -2  3  2
   16471       1
 180.     2086.0000000000      122.5000000000
n m g h nOrder CR dLon
   0.   0.        0.0000000000        0.0000000000
   1.   0.       -3.7590650661        0.0000000000
   1.   1.        0.0762036283        0.2979106266
   2.   0.        0.7680402009        0.0000000000
   2.   1.        0.2242936862        0.3558279867
   2.   2.        0.3626608407        0.0542003296
   3.   0.       -4.4609331832        0.0000000000
   3.   1.       -0.0497416992       -0.0892999012
   3.   2.        0.1674424333        0.7122323392
   3.   3.       -0.1753611603        0.5689736882
   4.   0.        0.0480831692        0.0000000000
   4.   1.       -0.3223156027        0.2263540104
   4.   2.        0.0178983670        0.3957498684
   4.   3.        0.4113333992        0.1470547548
   4.   4.       -0.5692460161       -0.2617832694
   5.   0.       -1.9551779913        0.0000000000
   5.   1.       -0.2365279004        0.3727125372
   5.   2.       -0.0362444891       -0.8424623844
   5.   3.        0.0092848628        0.6830694852
   5.   4.       -1.2142813933       -0.0601188738
   5.   5.        0.6835668381       -0.9161970449
   6.   0.       -1.0926594279        0.0000000000
   6.   1.        0.0065503276       -0.2830069549
   6.   2.       -0.1567939744        0.1496434463
   6.   3.        0.6866356666        0.5305734633
   6.   4.       -0.9126385313       -0.1886264392
   6.   5.       -0.0937166907       -0.0952569795
   6.   6.        0.4774798343        0.0790653196
   7.   0.        1.3984541208        0.0000000000
   7.   1.        0.2879205806        0.3240749328
   7.   2.       -0.0453849485        0.1027315503
   7.   3.        0.2401417936       -1.0624985900
   7.   4.       -0.4978500417        0.6696750178
   7.   5.        0.2112079223       -1.1478493073
   7.   6.        0.0446713285       -0.0714705807
   7.   7.       -0.1236735242        0.8112442120
   8.   0.       -0.6798872030        0.0000000000
   8.   1.        0.6820088429       -0.0447238807
   8.   2.       -0.6174279342       -0.4632520129
   8.   3.       -0.4304876810       -0.2332752566
   8.   4.        0.9212421880        0.3163335109
   8.   5.       -0.1857011909       -0.6112706567
   8.   6.       -0.1452160485        1.2581801031
   8.   7.        1.2566375252        0.6520939254
   8.   8.        0.7712916854       -0.4908456861
   9.   0.        1.6033772135        0.0000000000
   9.   1.        0.5199806416       -0.8074010470
   9.   2.        0.0700013206        0.0379117503
   9.   3.        0.0618706709        0.6995587423
   9.   4.        0.4666259094       -0.3146872436
   9.   5.        0.0646232386        1.1968153889
   9.   6.        0.1024551477        0.0983888809
   9.   7.        0.4987528869       -0.4512246417
   9.   8.       -0.3501000969        1.6252291586
   9.   9.       -0.1197361041        0.2500212594
  10.   0.        0.8623629593        0.0000000000
  10.   1.       -0.5481844291        0.2381396927
  10.   2.        0.1162241811        0.3512702901
  10.   3.       -0.5157501991       -0.6495916065
  10.   4.        0.0268801702        0.1131617091
  10.   5.       -0.1178306648        0.4582853765
  10.   6.       -0.4797665951       -0.4371966423
  10.   7.        0.7013677652       -0.1361172121
  10.   8.        0.5454721821       -0.0220624436
  10.   9.        0.0931604272       -0.5701745383
  10.  10.       -0.2316903185       -0.1445971428
  11.   0.        0.1781311209        0.0000000000
  11.   1.       -0.6386232434        0.2970677221
  11.   2.       -0.4170961754       -0.9454213223
  11.   3.       -0.5858673700        0.1766355618
  11.   4.        0.0982904021       -0.3955878421
  11.   5.       -0.1297087551       -0.0553296009
  11.   6.        0.0288670256        0.3540139390
  11.   7.       -0.2290244768       -0.7089929321
  11.   8.        0.0259791683        0.0074432024
  11.   9.       -0.1050149894        0.9174444830
  11.  10.        0.7810688428        0.0646271846
  11.  11.        0.7855770081       -0.2538330294
  12.   0.        0.3276666090        0.0000000000
  12.   1.       -0.0399810477       -0.0840792279
  12.   2.        0.4449028233       -0.0144436481
  12.   3.       -0.0363793043        0.2670176346
  12.   4.       -0.6312313791       -0.5168721324
  12.   5.       -0.2901980822        0.2531437931
  12.   6.        0.4129633725       -0.6906018744
  12.   7.       -1.0236017226       -0.8306402091
  12.   8.        0.4489991180       -0.2388499837
  12.   9.        0.1363258063       -0.9155869825
  12.  10.       -0.6644792905       -0.1439007013
  12.  11.       -0.6211979187       -0.0164458525
  12.  12.       -0.0950646227       -0.1776438624
  13.   0.       -1.0826858950        0.0000000000
  13.   1.       -0.4009287214        0.3346590701
  13.   2.        0.0648933710        1.0674740743
  13.   3.       -0.0138780759        0.3295143292
  13.   4.       -0.3331040181        0.6158452752
  13.   5.        0.7793094408       -0.6695623553
  13.   6.        0.7316587918       -0.2017048541
  13.   7.        0.3349813612        0.7311794731
  13.   8.        0.6233931154       -0.7268424298
  13.   9.       -0.1828679852        0.3216287684
  13.  10.        0.6608281000        0.1936892291
  13.  11.        0.1495100873       -0.4252740019
  13.  12.        0.3119377782       -0.7355158130
  13.  13.       -1.0673168174       -0.0989958440
  14.   0.       -0.0577989752        0.0000000000
  14.   1.       -0.2793181917        0.4264682729
  14.   2.       -0.6614670904        0.3009501373
  14.   3.        0.2279490073        0.6132267976
  14.   4.        0.0677868746        0.4816323392
  14.   5.        0.5854790463       -0.8693014386
  14.   6.       -0.2225824403        0.8070358142
  14.   7.       -0.0609167147        0.5416818418
  14.   8.       -1.1783326819       -0.2803318758
  14.   9.       -0.9430531505        0.7372789491
  14.  10.        0.5757594397        0.3854816776
  14.  11.       -0.9072904766        0.2971130651
  14.  12.        0.0830528594        0.0255993676
  14.  13.        0.1551507676        0.5416875886
  14.  14.        0.1648867369        0.1446788797
  15.   0.       -0.2936718578        0.0000000000
  15.   1.        0.0311832722       -0.5591656962
  15.   2.       -0.0514121959        0.2177562408
  15.   3.       -0.2619185078        0.1730445029
  15.   4.        0.3217255889       -0.3986818421
  15.   5.       -0.3452371659       -0.0269512546
  15.   6.       -0.3106185087       -0.0255063393
  15.   7.        0.4367040573       -0.5229497277
  15.   8.       -0.1675208013        0.1374645032
  15.   9.        1.0387600330       -0.4711834618
  15.  10.       -0.1658183103       -0.0090386113
  15.  11.       -0.1492537126        0.1650718729
  15.  12.        0.2751555181       -0.9295498131
  15.  13.       -1.2930639055       -0.5935798709
  15.  14.       -0.4689287785       -0.6107185073
  15.  15.       -0.0836014737       -0.3122437863
  16.   0.       -0.2228413166        0.0000000000
  16.   1.       -0.5355176495       -0.1278767721
  16.   2.        0.6383325725       -0.4418110665
  16.   3.        0.1097850905       -0.2410759981
  16.   4.        0.5283483380        0.5056868002
  16.   5.        0.3669407879        0.3361421021
  16.   6.        0.2612555519       -0.1055472751
  16.   7.       -0.0554446451        0.2725656160
  16.   8.        0.1081954941       -0.3067746790
  16.   9.       -0.0491757738        0.6136704161
  16.  10.       -0.1164518286        0.4932464076
  16.  11.        0.5239904928        0.4313499674
  16.  12.        0.0732567782       -0.3704159492
  16.  13.        0.7984256506        0.5105752751
  16.  14.        0.9643557809        0.0739062372
  16.  15.        0.3639221641       -0.4130240405
  16.  16.        0.1793240119       -0.5556570542
  17.   0.       -0.0654789060        0.0000000000
  17.   1.        0.2421908636        0.3330054366
  17.   2.        0.4798972001       -0.6884882933
  17.   3.        0.4859373305       -0.4942310013
  17.   4.       -0.4056624179       -0.0393430725
  17.   5.       -0.3096845695        0.2113520619
  17.   6.       -0.4285818184       -0.2539812451
  17.   7.       -0.1919755646       -0.9891815999
  17.   8.       -0.3488324377        0.2800218027
  17.   9.        0.2652299280       -0.4310913529
  17.  10.        0.6112863132       -0.4698244134
  17.  11.       -0.8606681112        0.5692776722
  17.  12.       -0.1476902654        0.7845125014
  17.  13.       -0.7520967659        0.3263600545
  17.  14.       -1.2574710878       -0.0043768078
  17.  15.        0.8217520912        0.4112964886
  17.  16.        0.7854627364        0.6909347165
  17.  17.       -0.1921269659        0.2453217371
  18.   0.       -0.4473385997        0.0000000000
  18.   1.        0.8568482925       -0.7401846907
  18.   2.        0.0847324718       -0.0922346129
  18.   3.        0.1727920030       -0.2065043540
  18.   4.       -0.5067712156       -0.3419830913
  18.   5.       -0.5262566423       -0.6753090635
  18.   6.       -0.3433485345       -0.1383119529
  18.   7.       -0.1014264164       -0.5569382788
  18.   8.        0.2215884146       -0.0421965897
  18.   9.        0.4546563836       -0.8964662743
  18.  10.       -0.6032534242        0.0938859212
  18.  11.        1.5014786315       -0.2538944826
  18.  12.       -0.6526894731       -0.3607809699
  18.  13.       -0.1556883616        0.4741887615
  18.  14.        0.8216028185       -0.6333749829
  18.  15.       -0.0910678821       -0.9632075938
  18.  16.       -0.7625323770       -0.3277203239
  18.  17.       -0.0946140293        0.0018727395
  18.  18.       -1.0823037731       -0.2079595556
  19.   0.        0.6398803509        0.0000000000
  19.   1.        0.4472404731       -0.2185337360
  19.   2.        0.1479095151        0.3232957675
  19.   3.        0.4981803657       -0.0555659543
  19.   4.        0.0687540441        0.4017181611
  19.   5.        0.0893709882       -0.1664791910
  19.   6.       -0.4802889517       -0.0573532271
  19.   7.        0.5068498452        0.6773655633
  19.   8.        0.6026243963       -0.5550393569
  19.   9.       -1.0386148809       -0.5908669325
  19.  10.        0.1768856705        0.9299831084
  19.  11.        0.0626661248        0.0784988714
  19.  12.        0.1739930728        0.0324755836
  19.  13.        0.7438320804        0.0738767203
  19.  14.       -0.1206908513        0.9562889765
  19.  15.        0.1791507497        0.0420384054
  19.  16.        0.6310907163        0.3347157468
  19.  17.        0.5376962995       -0.0546272324
  19.  18.       -0.3145690508       -0.5268048749
  19.  19.       -0.4147092692       -0.5514734497
  20.   0.        0.4328251047        0.0000000000
  20.   1.        0.7753183234        0.6469366997
  20.   2.       -0.2097348228        0.5077657639
  20.   3.       -0.1044279930       -0.0061384371
  20.   4.       -0.0523080607       -0.0587259823
  20.   5.       -0.1056706903        0.3484319925
  20.   6.       -0.4104492367       -0.2294347470
  20.   7.        0.2423258498       -0.5372018311
  20.   8.        0.0291230599       -0.2662353056
  20.   9.       -0.0756767457        0.3054961163
  20.  10.        0.6054464758       -0.1593972591
  20.  11.       -0.8226275872       -0.2337741418
  20.  12.       -0.5153340335       -0.0376347075
  20.  13.       -0.5754715868        0.0566010866
  20.  14.       -0.7172602883       -0.6560964625
  20.  15.        0.3720146268       -0.2607832302
  20.  16.       -0.8856153903       -0.4282057744
  20.  17.       -1.2135390077       -0.0512725619
  20.  18.       -0.0214628154        0.8503609383
  20.  19.        0.6806615164        0.8725421821
  20.  20.        0.6726580554       -0.3434343898
  21.   0.       -0.0575858563        0.0000000000
  21.   1.       -0.0009346802        0.1771818593
  21.   2.       -0.1865765444       -0.5814017549
  21.   3.       -0.7359046850       -0.0202488437
  21.   4.        0.3122106594       -0.3056742646
  21.   5.        0.4737254811        0.1706758680
  21.   6.       -0.1545550776        0.5236570861
  21.   7.       -0.1426148523        0.1081412086
  21.   8.       -0.5432482990       -0.3891421004
  21.   9.       -0.2538497410        0.4882254538
  21.  10.       -0.5071155735       -0.6810087753
  21.  11.        0.4438596681        0.2682936421
  21.  12.        0.0360204931       -0.3726282402
  21.  13.        0.1386391209       -0.3914104585
  21.  14.       -0.1491916192       -0.2301264935
  21.  15.       -0.7786804144       -0.8848819480
  21.  16.        0.0822930727       -0.1888519625
  21.  17.        1.0599358632       -0.3255518707
  21.  18.        0.1236715534       -0.8905179247
  21.  19.       -0.6552013204       -0.3309958912
  21.  20.       -0.3931011137        0.2339857193
  21.  21.        0.5801821361        0.1648643341
  22.   0.        0.4735095123        0.0000000000
  22.   1.       -0.7411267520       -0.5491370908
  22.   2.        0.3674676632       -0.0705848069
  22.   3.       -0.0927551919        0.0744129881
  22.   4.        0.0358351970        0.4939566641
  22.   5.        0.4473591672        0.0772826455
  22.   6.        0.3058597746        0.3708714124
  22.   7.       -0.4115418169        0.3547296387
  22.   8.        0.0248573803       -0.0573746267
  22.   9.       -0.3444351805       -0.0118667716
  22.  10.        0.4968678386       -0.3250954039
  22.  11.        0.2062636695        0.8239776069
  22.  12.        0.7290428718       -0.6280363911
  22.  13.       -0.1915676265        0.0899670974
  22.  14.       -0.1836659054        0.7440935112
  22.  15.        0.0646544304        0.3389386697
  22.  16.        0.4421134374        0.7863795046
  22.  17.       -0.0943398466        0.1876381572
  22.  18.        0.0133991416        0.4336142450
  22.  19.        0.2777836363        0.2830751896
  22.  20.        0.9034020666       -0.5643094473
  22.  21.        0.2110617081       -0.6575424584
  22.  22.       -0.3781166502       -0.3142211949
  23.   0.       -0.4985299631        0.0000000000
  23.   1.       -0.2283916560        0.0349340803
  23.   2.       -0.0530533436        0.3604104701
  23.   3.        0.3353835564        0.3045262025
  23.   4.       -0.1369626470       -0.5960216824
  23.   5.       -0.0816080935       -0.7674094445
  23.   6.        0.6601862727       -0.6107284872
  23.   7.       -0.3316481437       -0.4065902463
  23.   8.        0.0403412087        0.5439298895
  23.   9.        0.4033230359        0.3665994823
  23.  10.        0.0712708204       -0.5706611967
  23.  11.       -0.2793065909       -0.3054450880
  23.  12.        0.1326499378       -0.2536412025
  23.  13.       -0.2552232073       -0.2197896016
  23.  14.       -0.2964974893        0.5060825482
  23.  15.       -0.4945654595        0.3591603878
  23.  16.       -0.3358720226       -0.7505800768
  23.  17.       -0.9765049296       -0.4868204099
  23.  18.        0.4448992207        0.1693924281
  23.  19.       -0.3702085112       -0.9157191534
  23.  20.       -0.7661946377        0.3349951534
  23.  21.       -0.1480341847        0.3027583450
  23.  22.        0.3132717116        0.3282241915
  23.  23.        0.8730683903       -0.1057432669
  24.   0.       -0.3931586449        0.0000000000
  24.   1.        0.0963511317        0.2738298122
  24.   2.       -0.1465552936       -0.5663556135
  24.   3.        0.3672023200        0.0279663276
  24.   4.       -0.6302385018       -0.4609351044
  24.   5.        0.5161147215        0.0917373297
  24.   6.       -0.1056710470       -0.3852305294
  24.   7.       -0.4109540748       -0.6466312438
  24.   8.        0.1499669138        0.4169175720
  24.   9.        0.5853118546       -0.4911078234
  24.  10.       -0.8767307913        0.2488988109
  24.  11.        0.2268756232       -0.5775932225
  24.  12.        0.5575563957        0.5814561071
  24.  13.       -0.2876372021        0.4441345086
  24.  14.        0.0476463858        0.1687132688
  24.  15.       -0.2264249416       -0.0789553936
  24.  16.        0.3971685835        0.3463782484
  24.  17.        1.1325278352        0.0775408412
  24.  18.       -0.0445920780        0.0212827495
  24.  19.        0.8607082558        0.5418883770
  24.  20.        0.8017887764       -0.8628961326
  24.  21.        0.1921832592       -0.1135965790
  24.  22.       -0.9732875626       -0.3073546732
  24.  23.       -0.4676570307       -0.6986410513
  24.  24.        0.1168045535        0.0374536102
  25.   0.        0.6098193855        0.0000000000
  25.   1.       -0.1150199518        0.0235833447
  25.   2.        0.0859730077        0.6013579006
  25.   3.       -0.3937037141        0.0166389486
  25.   4.       -0.7508392165        0.7755462537
  25.   5.        0.1743862608       -0.1821018298
  25.   6.       -0.0354264782       -0.4139710515
  25.   7.       -0.0017061034        0.0639035718
  25.   8.        0.4077885974        0.6023326305
  25.   9.       -0.0141800641       -0.0724265925
  25.  10.       -0.4795143868        0.0837394077
  25.  11.       -0.0560682007        0.1435334440
  25.  12.       -0.4714596991        0.1513056794
  25.  13.       -0.1030721469        0.1594817055
  25.  14.       -0.1041769170        0.6185544167
  25.  15.        0.3684710507        0.4834470511
  25.  16.       -0.0450888636        0.4980962394
  25.  17.       -0.8705539834        0.2188280225
  25.  18.       -0.0342077829        0.5280507178
  25.  19.        0.0399005902       -0.1603979308
  25.  20.       -0.5286282045       -0.0813253498
  25.  21.       -0.7829180947        0.6258945312
  25.  22.        0.5175705430        0.4665105210
  25.  23.       -0.2438866879       -0.3146375504
  25.  24.        0.0370913155       -0.5220472878
  25.  25.       -0.0852243369       -0.0904893352
  26.   0.        0.1374598593        0.0000000000
  26.   1.       -0.5505451852        0.3618043215
  26.   2.       -0.3519121180        0.4589318340
  26.   3.       -0.5318339905       -0.1573200632
  26.   4.        0.4526242937       -0.0617263193
  26.   5.       -0.8078868371       -0.5356687224
  26.   6.        0.5322674725       -0.2415107516
  26.   7.        0.6105299093        0.7878684871
  26.   8.       -0.2153064177        0.2860285088
  26.   9.       -0.2507942095        0.0279772345
  26.  10.        0.6872663062        0.1231536468
  26.  11.       -0.1516145036       -0.6195007606
  26.  12.       -0.3496022448       -0.2637987252
  26.  13.        0.2730082877       -0.4496043173
  26.  14.       -0.2457574427       -0.8311684562
  26.  15.       -0.1165086648       -0.5248910397
  26.  16.       -0.6908567220       -0.6239597691
  26.  17.        0.5340364153       -0.9794954608
  26.  18.       -0.6796328589       -0.1251792766
  26.  19.       -0.6136012421       -1.0066270400
  26.  20.       -0.2675239125        0.0236395978
  26.  21.        0.0137272218       -0.4092817268
  26.  22.       -0.3600579343       -0.6351176640
  26.  23.       -0.3549775297        0.2709696174
  26.  24.       -0.2876060902        0.2825015573
  26.  25.        0.9934724409       -0.0998730448
  26.  26.        0.3387492583        1.0584141559
  27.   0.        0.1783070458        0.0000000000
  27.   1.       -0.1839933603       -0.4280206113
  27.   2.       -0.0654036785       -0.2456242063
  27.   3.        0.7779451657       -0.1059119856
  27.   4.        0.7639916920       -0.1768863329
  27.   5.       -0.5620755111        0.9722181266
  27.   6.       -0.3731037963        0.1067231104
  27.   7.       -0.0545549475        0.0124266142
  27.   8.        0.1016079619       -0.5793927560
  27.   9.       -0.0505543978       -0.5205130260
  27.  10.        0.4480560353        0.2295452927
  27.  11.        0.1229433734       -0.0816712883
  27.  12.        0.2478549183        0.4443925316
  27.  13.       -0.4326530745       -0.1816764103
  27.  14.        0.1503687318        0.2514459604
  27.  15.        0.0201506440       -0.2550490619
  27.  16.        0.5334361946       -0.0618570726
  27.  17.        0.5519297249        0.8185414610
  27.  18.        0.6106706064       -0.2599130291
  27.  19.        0.7112731355        0.0589842816
  27.  20.        0.7424008088        0.3737974382
  27.  21.        0.4420330776       -0.6289245789
  27.  22.        0.6568460604        0.1184971142
  27.  23.        0.7127050399       -1.3667054938
  27.  24.       -0.0585232122       -0.8769549040
  27.  25.        0.0217892936       -0.1196475698
  27.  26.        0.2230019855       -1.3813851606
  27.  27.        0.3998464677        0.4518243974
  28.   0.       -0.2435811910        0.0000000000
  28.   1.        0.0801642242       -0.8114644444
  28.   2.        0.4888953543        0.3380873824
  28.   3.        0.0897984514        0.1193897027
  28.   4.       -0.0278175182        0.1696643526
  28.   5.        0.2161987712       -0.1179012629
  28.   6.       -0.5352913447       -0.4491342840
  28.   7.       -0.2690087830        0.0630748328
  28.   8.        0.0099015657       -0.7497521571
  28.   9.       -0.1726965221        0.2642872769
  28.  10.       -0.0279442344       -0.5964849925
  28.  11.        0.7137220980        0.5390112090
  28.  12.       -0.8486528290        0.2873265549
  28.  13.        0.1595720495       -0.3203941994
  28.  14.        0.3370863362       -0.1598307321
  28.  15.        0.2599549793        0.8489791119
  28.  16.        0.1366403781        0.3923782921
  28.  17.       -0.6277769044        0.9568071169
  28.  18.        0.1192128705        0.1479941230
  28.  19.       -0.0454254634        0.0024522074
  28.  20.        0.2658478510       -0.1738303805
  28.  21.       -1.0399761192        0.3288459625
  28.  22.       -0.3722038652       -0.2247004390
  28.  23.       -0.4334750763       -0.0001610046
  28.  24.        0.7231727014        0.7263340751
  28.  25.        0.4732821307        0.6211573789
  28.  26.        0.9002442950       -0.5480241168
  28.  27.        0.1099020131       -0.1144244551
  28.  28.       -0.5929894312       -1.1415751160
  29.   0.       -0.4526461908        0.0000000000
  29.   1.        0.4201241271        0.2808126248
  29.   2.       -0.5988092976       -0.0955920139
  29.   3.       -0.8444752721        0.5019481982
  29.   4.        0.1486501642       -0.2863778272
  29.   5.       -0.0255179909       -0.6126674142
  29.   6.        0.2325871191        0.1904957502
  29.   7.        0.4746975367        0.0103648035
  29.   8.       -0.1022966155        0.0100720054
  29.   9.        0.5362635531        0.6451874247
  29.  10.       -0.1030105013        0.1358489107
  29.  11.       -0.6253319318        0.4630303557
  29.  12.       -0.1421547577        0.2507541421
  29.  13.       -0.1599156250        0.2066690390
  29.  14.       -0.4584003244       -0.4852376365
  29.  15.        0.5200113699       -0.3480051633
  29.  16.       -0.7859398366       -0.2638964039
  29.  17.        0.1726769131        0.1752056457
  29.  18.       -0.4975050852       -0.6019324465
  29.  19.       -0.3250939118        0.0904960838
  29.  20.       -0.0969151021        0.4368047812
  29.  21.       -0.0008468186       -1.1204323550
  29.  22.        0.1435368209       -0.5559124792
  29.  23.        0.5242586433        0.3949747303
  29.  24.        0.0365651907       -0.5154038874
  29.  25.       -0.6573164848       -0.4969867218
  29.  26.       -0.6695471554       -0.0994821770
  29.  27.       -0.9349461822       -0.2074113491
  29.  28.        0.5026487960        0.5825065876
  29.  29.        0.2158230706        0.2856245061
  30.   0.        0.1778958752        0.0000000000
  30.   1.        0.4022917792        0.2072748976
  30.   2.       -0.1815820683       -0.3365735180
  30.   3.        0.4513026254        0.1500734094
  30.   4.        0.2628289786       -0.4645948423
  30.   5.       -0.1406575223        0.4367875212
  30.   6.        0.1936205005        0.4740488847
  30.   7.       -0.2277221413       -0.8725598390
  30.   8.       -0.5205827623        0.8768677879
  30.   9.        0.1733517158        0.0383854482
  30.  10.       -0.2252500645       -0.0199813240
  30.  11.       -0.3355324983        0.0153304637
  30.  12.        0.5944843524       -0.2575717168
  30.  13.        0.1446577989       -0.2347584812
  30.  14.        0.1137515999        0.7921554400
  30.  15.       -0.4550102277       -0.3262994081
  30.  16.        0.6186542813       -0.2873160772
  30.  17.       -0.0020968367       -0.3477583800
  30.  18.       -0.0446879067       -0.2698777575
  30.  19.        1.0534751917        0.5464237952
  30.  20.        0.7570723434        0.2698595286
  30.  21.        0.3368283718       -0.0160856179
  30.  22.        0.1910820913       -0.0244398063
  30.  23.       -0.2948872132       -0.1153963075
  30.  24.        0.6563508450        0.3207903887
  30.  25.        0.2341630300        0.9794660462
  30.  26.        0.2732958678       -0.8353234599
  30.  27.        0.3784817138       -0.7295415577
  30.  28.       -0.0434687007       -0.0903316316
  30.  29.       -0.0546129662       -0.5399157691
  30.  30.        0.1036209867       -0.4003547887
  31.   0.        0.0324095174        0.0000000000
  31.   1.       -0.3758603589        0.4696453800
  31.   2.        0.8395085585       -0.0520334809
  31.   3.       -0.0503733773       -0.3962198522
  31.   4.        0.0059359067        0.0261627946
  31.   5.        0.2044287631        0.2146383611
  31.   6.        0.0084987472        0.4965764461
  31.   7.        0.0508977888        0.0464271483
  31.   8.       -0.5448703353       -0.2579855889
  31.   9.        0.2152858827       -0.0493316028
  31.  10.       -0.5578189272        0.4807536873
  31.  11.        0.6026787697       -0.5039459733
  31.  12.       -0.2218896892        0.0775887595
  31.  13.        0.4371302693        0.5473551771
  31.  14.       -0.1631472034       -0.2706823872
  31.  15.       -0.3865815422        0.5154446116
  31.  16.       -0.1674174547       -0.1476353982
  31.  17.       -0.1526419024       -0.2805564866
  31.  18.        0.1177023410       -0.0132018841
  31.  19.       -0.2283079020        0.0550010653
  31.  20.       -0.1368463649        0.2640995788
  31.  21.       -0.2952796978        0.6069397468
  31.  22.       -0.4518576893        0.3973169630
  31.  23.        0.3362096026        0.5757180675
  31.  24.        0.3198060245       -0.3059275096
  31.  25.        0.0371592215        0.8170126809
  31.  26.       -0.1876731579       -0.2326750158
  31.  27.        0.1308417155        0.3264752854
  31.  28.       -0.8305609283        0.4584762461
  31.  29.        0.5177767298        0.2033655998
  31.  30.       -0.7180608911        0.7056819908
  31.  31.       -0.1401411892       -0.1243889756
  32.   0.       -0.1505398908        0.0000000000
  32.   1.        0.0984580943        0.6705920617
  32.   2.       -0.4464017840       -0.0567898029
  32.   3.       -0.8015324530        0.0137898250
  32.   4.       -0.1147705887        0.2359286783
  32.   5.       -0.3036281599        0.0088576396
  32.   6.       -0.2518787237        0.6444844046
  32.   7.        0.8132106755        0.0640498361
  32.   8.        0.7563399638       -0.1204560159
  32.   9.        0.6243348241        0.0217627546
  32.  10.        0.0064340084        0.6102351858
  32.  11.       -0.3538224797       -0.1482240555
  32.  12.        0.1735610697       -0.2423288989
  32.  13.        0.0663347873        0.7970893420
  32.  14.       -0.2235798802       -0.1569805708
  32.  15.        0.7157590763       -0.2960541340
  32.  16.       -0.3413383306       -0.2213900316
  32.  17.       -0.6595252952       -0.2824639607
  32.  18.        0.5639440288       -0.3142842896
  32.  19.        0.3084712551        0.1635318130
  32.  20.       -0.2046311864       -0.4186109044
  32.  21.        0.0603241352        0.1532334445
  32.  22.        0.4793143503       -0.2755746622
  32.  23.        0.3303341890        0.1272880089
  32.  24.        0.5737164332       -0.4180121928
  32.  25.        0.7806881436        0.5504800180
  32.  26.       -0.0083661453       -1.2203613033
  32.  27.       -1.0113496496        0.7633838806
  32.  28.       -0.3386833427       -0.3216919589
  32.  29.       -0.8158453985        0.0685187833
  32.  30.        0.0997926076        0.7214048259
  32.  31.       -0.1269748491        0.6502705997
  32.  32.        0.1159478924        0.2868733335
  33.   0.       -0.2468623217        0.0000000000
  33.   1.        0.0032060660       -0.6067413119
  33.   2.       -0.2317185538        0.1193971314
  33.   3.        0.1865442265       -0.2738338892
  33.   4.       -0.7516661741        0.1437929325
  33.   5.        0.6576069786        0.1567625686
  33.   6.        0.1703203721       -0.3302202893
  33.   7.        0.6092580083       -0.5633583056
  33.   8.        0.2895968089        0.6239598738
  33.   9.       -0.5773024867       -0.0116704250
  33.  10.        0.2120329910       -0.2058284188
  33.  11.       -0.3899794263        0.7276336019
  33.  12.        0.0746951288       -0.0295072089
  33.  13.       -0.1062190631       -0.2832522898
  33.  14.       -0.1252851736       -0.2286724633
  33.  15.       -0.2363867847       -0.2042923573
  33.  16.       -0.1000812487        0.0647228305
  33.  17.        0.2541352949       -0.3716991435
  33.  18.        0.0420733743       -0.2661410326
  33.  19.        0.2116312014        0.0422244805
  33.  20.        0.1617698685       -0.1257526370
  33.  21.       -0.0035391732        0.8304901927
  33.  22.       -0.3836303483        0.2048277283
  33.  23.       -0.1127485092        0.3392377209
  33.  24.        0.6071850811        0.1269992787
  33.  25.       -0.1344696542        0.3712989279
  33.  26.        0.3531266447        0.3590833086
  33.  27.        0.2291025264        0.5273564226
  33.  28.        0.2761145322       -0.1260550752
  33.  29.        0.7500728142       -0.2005516511
  33.  30.        0.9026379924       -0.5848563138
  33.  31.       -0.5277425202        1.0117130136
  33.  32.       -0.1500492891       -0.0743264150
  33.  33.        0.5589002162        0.7316355430
  34.   0.       -0.0293614852        0.0000000000
  34.   1.       -0.1766637058       -0.4713132686
  34.   2.        0.3265638286       -0.3049562855
  34.   3.       -0.2533695724       -0.0555822651
  34.   4.       -0.4538994412        0.3025106930
  34.   5.        0.2865167860        0.3514550334
  34.   6.        0.1122178694       -0.5628659305
  34.   7.       -0.2213070012        0.3117332882
  34.   8.       -0.2622473853        0.1973933311
  34.   9.        0.0113360312        0.4848682513
  34.  10.       -0.0701502741       -0.3491485333
  34.  11.       -0.5780950115        0.2621660776
  34.  12.       -0.0457381312        0.0904306816
  34.  13.       -0.2959306824        0.0317272415
  34.  14.        0.3111390095       -0.7043732523
  34.  15.       -0.4490077934        0.6153340785
  34.  16.       -0.4378434521       -0.0369547201
  34.  17.        0.2701651677       -0.1472168379
  34.  18.        0.3690820236        0.0876203964
  34.  19.       -0.5761054753       -0.1507608856
  34.  20.        0.2120479696       -0.0546889280
  34.  21.       -0.2190613379        0.2531625567
  34.  22.       -0.0803807286       -0.6505804369
  34.  23.        0.2992954686       -0.3895724155
  34.  24.       -0.6038465169       -0.2756069928
  34.  25.       -0.2643916785       -0.6036147182
  34.  26.       -0.7840558394        0.1393432955
  34.  27.       -0.2297796950       -0.0373581656
  34.  28.       -0.4518548170       -0.0877687659
  34.  29.       -0.6020642025        0.5711969020
  34.  30.       -0.3352872148        0.2949710613
  34.  31.       -0.1423382007        0.3246305804
  34.  32.       -0.0229227099       -0.2561428486
  34.  33.       -0.2739487444       -0.1804795071
  34.  34.       -0.5389557134       -0.0543692149
  35.   0.        0.5254508365        0.0000000000
  35.   1.       -0.2878203202        0.1256290924
  35.   2.       -0.4635796206        0.2301043979
  35.   3.        0.3158246035       -0.2902044571
  35.   4.        0.6359527608        0.1793264372
  35.   5.       -0.4023494558        0.4126712391
  35.   6.        0.4156693633        0.1001116860
  35.   7.       -0.6287105592       -0.0097236986
  35.   8.       -0.0011897530       -0.4603298714
  35.   9.       -0.0355091484       -0.3027421968
  35.  10.        0.3316834189        0.4446070416
  35.  11.       -0.1157059103       -0.4390641120
  35.  12.        0.6881868868       -0.2983232435
  35.  13.        0.0174041949        0.3228756631
  35.  14.       -0.0198291847        0.6450434827
  35.  15.       -0.2380910250        0.2750720066
  35.  16.       -0.3162979062       -0.1361005746
  35.  17.        0.5520528988       -0.4538937755
  35.  18.       -0.9245192741        0.3192532001
  35.  19.        0.4055366060        0.3655204686
  35.  20.        0.6247247005       -0.5182187331
  35.  21.        0.5091746824       -0.6408762990
  35.  22.        0.3617188059        0.0015722208
  35.  23.       -0.0061971818       -0.7172185506
  35.  24.        0.7933959915        0.2190030478
  35.  25.        0.2753281916       -0.2995490474
  35.  26.        0.5455328723       -0.2013644264
  35.  27.       -0.3185799126        0.0153372237
  35.  28.        0.0823035659       -0.7996719886
  35.  29.        0.2122638514       -1.2010289779
  35.  30.        0.7177036246        0.1835284727
  35.  31.       -0.6074535059       -0.3956815738
  35.  32.       -0.1053047250        0.6729286627
  35.  33.       -0.7744394750        0.3392491812
  35.  34.       -0.0423445659        0.2002559021
  35.  35.       -0.2790961613        0.1877108678
  36.   0.       -0.2892176988        0.0000000000
  36.   1.       -0.3792328282       -0.2810523481
  36.   2.        0.0008412631        0.4209376396
  36.   3.        0.8858913581       -0.2681536106
  36.   4.        0.6181022279        0.4491530758
  36.   5.        0.7691069676       -0.1674490973
  36.   6.        0.7119516191       -0.0150910518
  36.   7.       -0.1917330850       -0.3691915814
  36.   8.       -0.4875018549        0.0166974826
  36.   9.       -0.4616124117       -0.0298993652
  36.  10.       -0.5006435420        0.2188639770
  36.  11.        0.3183919152       -0.0051079418
  36.  12.        0.3606913442        0.3918697601
  36.  13.       -0.1053001305       -0.0017921950
  36.  14.        0.2675448547       -0.1007064060
  36.  15.        0.1106201045       -0.7042533784
  36.  16.        0.2510838743        0.0532216012
  36.  17.        0.0943914725        0.0203361715
  36.  18.       -0.4786718250        0.4499593958
  36.  19.        0.2891880138        0.0422614250
  36.  20.        0.8679418275       -0.3557223922
  36.  21.       -0.3165866123       -0.2768855212
  36.  22.       -0.2203670061        0.4024999558
  36.  23.       -0.3438241699        0.0232031714
  36.  24.       -0.0545838302       -0.2666453007
  36.  25.       -0.2659144247        0.1510910052
  36.  26.       -0.2299996426        0.6327760387
  36.  27.        0.5103268503        0.5262041879
  36.  28.       -0.0137367876       -0.1327842565
  36.  29.       -0.5414506461        0.2240679558
  36.  30.        0.4602527548        0.1728147253
  36.  31.        0.2890541515        1.5081983047
  36.  32.        0.1781996544       -0.2716420826
  36.  33.        0.8343556300       -0.1947603772
  36.  34.       -0.3612206926       -0.5766489299
  36.  35.        0.4979751055       -0.1335035283
  36.  36.       -0.5814275619        0.1133433178
  37.   0.        0.0670517053        0.0000000000
  37.   1.        0.4952095916       -0.1974358210
  37.   2.        0.4559186350       -0.0412510493
  37.   3.       -0.2190635442        0.2703680026
  37.   4.       -0.0666498215        0.2036831457
  37.   5.       -0.1179687164       -0.3348331321
  37.   6.       -0.7475010424       -0.1257658310
  37.   7.       -0.2496723117        0.4787432078
  37.   8.        0.0131619486        0.0104302737
  37.   9.        0.1078230568        0.1706136817
  37.  10.       -0.0518662110        0.1404371543
  37.  11.       -0.6262566223       -0.2312595824
  37.  12.       -0.7888705624       -0.0519095662
  37.  13.       -0.3487995124       -0.6490758991
  37.  14.        0.4242355776       -0.2506423925
  37.  15.       -0.0650793141        0.2349461965
  37.  16.       -0.1527621665        0.5960148157
  37.  17.       -0.2352752012        0.0898574792
  37.  18.        0.3872633168        0.0353652398
  37.  19.       -0.7499623250       -0.4886268940
  37.  20.       -0.5047897585       -0.6108890716
  37.  21.       -0.4641563446       -0.6133803227
  37.  22.       -0.1298339589       -0.3773295483
  37.  23.        0.4311190151        0.1493717502
  37.  24.       -0.2338591620       -0.2286772365
  37.  25.       -0.2114563712        0.1266026738
  37.  26.       -1.1472360901        0.0335938964
  37.  27.       -0.1383918959       -0.1725486514
  37.  28.       -0.4805501918        0.5598900708
  37.  29.       -0.7287924027        0.2009728114
  37.  30.       -0.2256896531       -0.1308169421
  37.  31.       -0.3467141385       -0.1318196485
  37.  32.        0.5790141978       -0.2784964045
  37.  33.       -0.3980783738        0.8396629335
  37.  34.       -0.7318209447        0.0194049368
  37.  35.       -0.3256741410        0.4530379765
  37.  36.        1.0786042625       -0.3041586356
  37.  37.       -0.3852067182        0.3732624751
  38.   0.        0.4005670522        0.0000000000
  38.   1.        0.0279908697       -0.0405647675
  38.   2.       -0.0822184597        0.0267767426
  38.   3.       -0.4671326915        0.2560453041
  38.   4.       -0.3073606923       -0.2577452423
  38.   5.       -0.6152008368       -0.0339481603
  38.   6.       -0.6429358398       -0.1086868162
  38.   7.       -0.6942536657       -0.0543356760
  38.   8.        0.2950180888       -0.0650821989
  38.   9.       -0.3549301495       -0.4902355466
  38.  10.        0.4067725934        0.1660248827
  38.  11.       -0.0798491623        0.1951347395
  38.  12.       -0.1012090475       -0.4242506804
  38.  13.       -0.1491838151        0.0299529508
  38.  14.       -0.9044245278       -0.2281362669
  38.  15.        0.0500612420        0.4991409393
  38.  16.       -0.0105420945        0.1079357617
  38.  17.       -0.0683344690        0.5485820675
  38.  18.       -0.6365028000       -0.3145157421
  38.  19.       -0.3342426234        0.0754831998
  38.  20.       -0.5873190887        0.3406983824
  38.  21.        0.0378869263        0.2991943526
  38.  22.       -0.1802837867        0.1278522083
  38.  23.        0.4952753501        0.0951993714
  38.  24.        0.2906319884        0.3605400676
  38.  25.       -0.5540634399       -0.7370992145
  38.  26.        0.0888917110        0.4785295068
  38.  27.        0.4905500275        0.1084569273
  38.  28.        0.3080898221        0.3789560183
  38.  29.        1.0314998988        0.6130683385
  38.  30.        0.2723637410        0.1435684441
  38.  31.        0.2940776881        0.0753999799
  38.  32.        0.4192169115        0.0920730486
  38.  33.        0.7166096363        0.3214184643
  38.  34.        0.6419274040       -0.7543765015
  38.  35.        0.2047504086       -0.0607785915
  38.  36.       -0.7978177627        0.2997792226
  38.  37.        0.7110922604       -0.3504110482
  38.  38.        0.6719134350        0.4951090568
  39.   0.       -0.4190861947        0.0000000000
  39.   1.        0.3325025466        0.0095912742
  39.   2.        0.2788566833       -0.5721137749
  39.   3.       -0.0700993773        0.2384470630
  39.   4.        0.0160613004       -0.0078865751
  39.   5.        0.1315149910       -0.0446588161
  39.   6.        0.3956324774        0.3106143459
  39.   7.        0.4271131946       -0.3799856829
  39.   8.       -0.6654869671        0.5211309535
  39.   9.        0.2269386164        0.2045514156
  39.  10.       -0.4877237114       -0.4744820835
  39.  11.        0.4570719356        0.1937616029
  39.  12.        0.3159587799        0.2293624608
  39.  13.        0.4543953237       -0.2296273534
  39.  14.       -0.0306642226        0.1781334822
  39.  15.        0.3578981284       -0.5278528021
  39.  16.        0.1892039580       -0.1182383371
  39.  17.        0.0387425011        0.0783979912
  39.  18.        0.0807608727        0.1898553582
  39.  19.       -0.1204708066       -0.4363267408
  39.  20.       -0.2297605661        0.8577835100
  39.  21.        0.1374481850        0.3528429255
  39.  22.       -0.3635902161       -0.7424558175
  39.  23.       -0.4358120254        1.0396636553
  39.  24.        0.0625137650        0.2917285512
  39.  25.       -0.2584032479       -0.0013445111
  39.  26.        0.5443659302       -0.1689664188
  39.  27.        0.9452367036        0.4685882809
  39.  28.        0.4960566420       -0.5330906925
  39.  29.        0.0638723404       -0.1986628363
  39.  30.        0.0577089797        1.3899026459
  39.  31.       -0.1632115125       -0.0662802171
  39.  32.       -0.2198922395        0.3142415360
  39.  33.        0.1849710373        0.5735483487
  39.  34.        0.4329892967        0.3033915906
  39.  35.       -0.2053738632        0.1336623544
  39.  36.        0.9099262398        0.9593256296
  39.  37.        0.3501565997        0.8073779215
  39.  38.        0.4132577072        0.2590044372
  39.  39.       -0.0830439695        0.7536964636
  40.   0.       -0.2429880881        0.0000000000
  40.   1.        0.9735669819        0.5695250809
  40.   2.        0.0455983673        0.3263319783
  40.   3.        0.3425835940       -0.5609671363
  40.   4.        0.3230017660       -1.0431534325
  40.   5.       -0.5010165891        0.0497744976
  40.   6.       -0.4632404477        0.2920312203
  40.   7.        0.0634182918        0.1905542792
  40.   8.       -0.1036798665        0.1152273054
  40.   9.        0.5194317000       -0.2275079577
  40.  10.       -0.4490299488       -0.5103911576
  40.  11.       -0.3188646993       -0.7158013507
  40.  12.       -0.3252771755       -0.0150572050
  40.  13.        0.7145688869       -0.9189671676
  40.  14.       -0.4892702390        0.0187473325
  40.  15.       -0.0695911800       -0.0574093145
  40.  16.        0.2960673143        0.0287955685
  40.  17.        0.2231061032        0.0224453940
  40.  18.        0.4912423266        0.1049157021
  40.  19.       -0.4317678071       -0.5087905501
  40.  20.       -0.2616911029       -0.2785683312
  40.  21.        0.3260775730        0.2718323882
  40.  22.        0.1387199441        0.3910935811
  40.  23.       -0.4214217055       -0.1520842798
  40.  24.       -0.4371195321       -0.1528873860
  40.  25.        0.3503603860        0.2875930008
  40.  26.        0.5259927397       -0.1537788961
  40.  27.        0.2291614107       -0.1294089405
  40.  28.        0.2491989219       -0.1771070551
  40.  29.        0.2098135457       -0.4963228706
  40.  30.       -0.5350057082       -0.2499546374
  40.  31.       -0.2445510060        0.0689242167
  40.  32.        0.0875540074       -0.1853972877
  40.  33.       -0.5065376819       -0.6333405096
  40.  34.       -0.0564129160        0.0382468992
  40.  35.        0.6112496446       -0.4796785803
  40.  36.        0.0546830102       -0.2318348415
  40.  37.       -0.8770882485       -0.2953892320
  40.  38.        0.2492355876       -0.2309371287
  40.  39.       -0.1591087296        1.2180701455
  40.  40.       -0.1336135437        0.0452947743
  41.   0.        0.0046879734        0.0000000000
  41.   1.       -0.5774524723       -0.0518874257
  41.   2.        0.0451131881        0.4162841987
  41.   3.        0.4172108089       -0.4021363391
  41.   4.        0.1716071334       -0.2414552167
  41.   5.       -0.4622813199       -0.4821289821
  41.   6.       -0.5753904446       -0.5633324407
  41.   7.        0.3705656468        0.4743183780
  41.   8.        0.5648260462       -0.7778328800
  41.   9.       -0.4944907787        0.4330823979
  41.  10.       -0.0235028485       -0.0820778749
  41.  11.       -0.4592080768       -0.3909357549
  41.  12.        0.2319078181        0.2025478500
  41.  13.       -0.2082594312        0.2500798942
  41.  14.        0.1099425819       -0.4417264360
  41.  15.       -0.2526348091       -0.5147316969
  41.  16.       -0.3371698229       -0.1553843014
  41.  17.       -0.2529278213        0.2826988668
  41.  18.        0.1387099308        0.3165844303
  41.  19.        0.0400481344        0.5919700704
  41.  20.        0.6968498242       -0.3105588534
  41.  21.       -0.0527740312       -0.1981116817
  41.  22.        0.8458897205        0.3585579883
  41.  23.       -0.2145936433       -0.3232078375
  41.  24.       -0.2625656645       -0.0051618164
  41.  25.        0.0940503477        0.1793385979
  41.  26.       -0.1829585721       -0.0113595148
  41.  27.       -0.1182104694        0.5762341402
  41.  28.        0.0535226152        0.5575180907
  41.  29.        0.4847826836       -0.0436635735
  41.  30.       -0.1533949696       -0.0793817409
  41.  31.       -0.1674669320       -0.1919598361
  41.  32.       -0.1593760406        0.9010857298
  41.  33.       -0.5716694377        0.1469385727
  41.  34.       -0.0766748128        1.4434671209
  41.  35.        1.1350589699       -0.6467117695
  41.  36.       -0.1303764288       -1.0514468000
  41.  37.        0.0201821199       -0.1153548967
  41.  38.       -0.0069293114        0.8096735310
  41.  39.        0.3208615896       -0.4605895077
  41.  40.       -0.2619585186        0.0771696262
  41.  41.       -0.3878933943        0.6211975355
  42.   0.        0.1512463524        0.0000000000
  42.   1.       -0.2796950136       -0.3873125025
  42.   2.        0.3386884447       -0.1574529518
  42.   3.        0.3587919806        0.5493296817
  42.   4.        0.1130614427        0.6905561004
  42.   5.        0.3111573083        0.3146672660
  42.   6.        0.3148224487        0.1946330421
  42.   7.       -0.2566576088        0.3224031576
  42.   8.       -0.0995952336       -0.2421427549
  42.   9.        0.3323269292       -0.1045599312
  42.  10.        0.5250332371        0.4536569875
  42.  11.       -0.2000226676        0.7643232132
  42.  12.       -0.3558544160        0.3379675978
  42.  13.        0.1647933556        0.6692390992
  42.  14.        0.4324397843        0.0327366249
  42.  15.       -0.3190928286       -0.1493537779
  42.  16.       -0.2443631247       -0.1006133071
  42.  17.        0.3392891822       -0.2191624060
  42.  18.       -0.0306215668       -0.1423893914
  42.  19.        0.3460672157        0.6605141010
  42.  20.        0.8954779573       -0.1187864555
  42.  21.        0.0313076916       -0.6252738758
  42.  22.        0.1181923368       -0.5433067609
  42.  23.       -0.1912143208       -0.6498638850
  42.  24.        0.2159617019        0.4409311572
  42.  25.       -0.2560674649       -0.3329768365
  42.  26.       -0.9359132453        0.4848953405
  42.  27.       -0.1942770778        0.5701707742
  42.  28.       -0.2067898702       -0.5284033801
  42.  29.       -0.1868092817        0.6894298118
  42.  30.       -0.5331077524       -0.5264844261
  42.  31.       -0.8449626347        0.6275072442
  42.  32.        0.0514234120        0.4580293702
  42.  33.        0.4665712281        0.3085300518
  42.  34.       -0.0230989641        0.1682232033
  42.  35.        0.4884901133        0.6991284178
  42.  36.        0.2825917858        0.5502121795
  42.  37.        0.3305644140       -0.2327684416
  42.  38.       -0.7502624287        0.3858915238
  42.  39.        0.2983060008       -0.2368423286
  42.  40.       -0.0715232518        0.8693042784
  42.  41.        0.4371741078        0.4522796012
  42.  42.        0.4902280723       -0.5519645009
  43.   0.        0.1054092804        0.0000000000
  43.   1.        0.6357939216       -0.1296106652
  43.   2.        0.1286614904        0.1620502197
  43.   3.       -0.1332781852        0.1879902348
  43.   4.       -0.2554822182        0.0481472081
  43.   5.       -0.3027655075        0.9897848648
  43.   6.       -0.3650977375        0.4694396890
  43.   7.       -0.8763805315        0.2294005921
  43.   8.       -0.5312455195       -0.4130440280
  43.   9.        0.3308308931       -0.9094119611
  43.  10.        0.2763375403        0.3992039795
  43.  11.       -0.1585026051        0.5568546069
  43.  12.        0.3113264257       -1.0276544201
  43.  13.       -0.0783301323        0.2102697859
  43.  14.       -1.0401332876        0.2660321297
  43.  15.       -0.2087459108        0.2394860188
  43.  16.       -0.0260974125        0.5748498860
  43.  17.       -0.1147016577        0.2768091445
  43.  18.       -0.8074305109       -0.2500073057
  43.  19.       -0.5000999837       -0.3974680688
  43.  20.       -0.0939616549       -0.3921567025
  43.  21.        0.3909635064       -0.1074596816
  43.  22.       -0.1849546563        0.2193919754
  43.  23.        0.6207860634        0.2178616389
  43.  24.        0.0356994902       -0.5257859105
  43.  25.       -0.7173120168       -0.0248672956
  43.  26.        0.1367098147       -0.4219531075
  43.  27.       -0.0870553535       -0.5863900862
  43.  28.        0.6087694222        0.0239038157
  43.  29.       -0.4200466008        0.6691298715
  43.  30.       -0.0011258677       -0.0368333807
  43.  31.        0.7674912936       -0.0218593846
  43.  32.        0.0600604651       -1.1845812485
  43.  33.       -0.1402662823       -0.6539339893
  43.  34.        0.0681503165       -0.2373730508
  43.  35.       -0.6618727597       -0.1749708778
  43.  36.        0.5106742270        0.5216915649
  43.  37.       -0.4662503705       -0.6933431279
  43.  38.       -0.2818118617        0.1223109188
  43.  39.       -0.3593448871       -0.2743052330
  43.  40.       -1.4063951524       -1.1583813451
  43.  41.       -0.8144941094        0.8364355008
  43.  42.        0.0594498061       -0.6072416174
  43.  43.        0.5129293018        0.6878303114
  44.   0.        0.4769136020        0.0000000000
  44.   1.       -1.0007076331        0.2910443167
  44.   2.        0.5168347304       -0.5335028972
  44.   3.       -0.5507528580       -0.3509924999
  44.   4.       -0.3799788409        0.4019471606
  44.   5.       -0.4264077973       -0.3239916171
  44.   6.       -0.0375145992       -0.2283885877
  44.   7.        0.6454726955        0.0653097113
  44.   8.       -0.3641445626        0.0955575443
  44.   9.       -0.3725248937        0.5607930911
  44.  10.        0.1150162872       -0.2297839507
  44.  11.       -0.2477586131       -0.0800595376
  44.  12.        0.3370962845       -0.7720617456
  44.  13.       -0.8309840325        0.2492433702
  44.  14.        0.1498283082        0.5717594302
  44.  15.        0.4357487924       -0.4737287090
  44.  16.       -0.3161769395        0.2278178118
  44.  17.       -0.3555699291        0.6092406660
  44.  18.       -0.3667130857       -0.7558801388
  44.  19.        0.4134197814       -0.2199815255
  44.  20.        0.0851641547        0.0020501194
  44.  21.        0.1038329365        0.1828637818
  44.  22.       -0.1367071252       -0.1459331604
  44.  23.        0.8669884498        0.0636160485
  44.  24.       -0.1149168754        0.3615291424
  44.  25.        0.1405804290        0.6266926683
  44.  26.        0.1890330493        0.0057209139
  44.  27.       -0.2170235481        0.0714909485
  44.  28.        0.1399321598       -0.2463523337
  44.  29.        0.4594714902       -0.3979114724
  44.  30.        0.0685825899        0.5860535938
  44.  31.       -0.0158468208        0.0524409438
  44.  32.        0.0168830426        0.7478782092
  44.  33.       -0.0084130014        0.3608824359
  44.  34.        0.2545767534       -0.4456482935
  44.  35.        0.2457995181        0.2635613820
  44.  36.        0.2296854773       -0.2977558715
  44.  37.        0.0970531272       -0.2363510226
  44.  38.       -0.0348521623       -0.1493310114
  44.  39.        0.3465970623        0.1283570883
  44.  40.        0.6812044106        0.2309555223
  44.  41.        0.4034505974        0.0543529269
  44.  42.       -0.0322942273        0.3747960073
  44.  43.        0.0374775267       -0.5160630976
  44.  44.       -0.1387936451       -0.0322195608
  45.   0.       -0.0142115384        0.0000000000
  45.   1.       -0.4378250776        0.5426183338
  45.   2.       -0.4066683266       -0.3430075454
  45.   3.       -0.5461973684        0.1097363459
  45.   4.        0.2187600861       -0.1181991225
  45.   5.        0.4080125660        0.0539284836
  45.   6.        1.3274175097        0.3970173391
  45.   7.        0.4608099789       -0.7728238719
  45.   8.        0.3009907281        0.2790026976
  45.   9.       -0.2478627658        0.5885985898
  45.  10.        0.2966592806        0.2574491160
  45.  11.        0.2601490888        0.0030257285
  45.  12.       -0.0919707039       -0.4920505037
  45.  13.       -0.2820175076       -0.0295886770
  45.  14.        0.7845270315        0.0358110906
  45.  15.       -0.3000844040       -0.1963513951
  45.  16.        0.3456904684       -0.5680870079
  45.  17.        0.0654722029       -0.3449448249
  45.  18.        0.6761213902       -0.2962505428
  45.  19.       -0.2103181005       -0.4644541363
  45.  20.        0.4202273151        0.3585115591
  45.  21.       -0.5019266260        0.6201420978
  45.  22.       -0.1277069325        0.0156908199
  45.  23.       -0.2609744442       -0.1617452835
  45.  24.        0.2752881394       -0.5069392615
  45.  25.        1.0032011603       -0.2195680185
  45.  26.        0.0624581644        0.2739353429
  45.  27.       -0.0042400566       -0.7544574943
  45.  28.       -0.0886752657       -0.3906503886
  45.  29.       -0.0215665713        0.1655907386
  45.  30.       -1.0149720797        0.5976845390
  45.  31.       -1.2189068750        0.4095172493
  45.  32.       -0.3025977128        0.0265482245
  45.  33.        0.2905158856        0.1317859011
  45.  34.       -0.0117310725        0.1092396703
  45.  35.       -0.3736660448        1.3545424059
  45.  36.        0.0252078569        0.3151636852
  45.  37.       -0.1050944370        0.1917672184
  45.  38.       -0.0996158939       -0.1749389016
  45.  39.       -0.0051091176       -0.7389875445
  45.  40.        0.2545442120        0.4505541743
  45.  41.        0.2815151124        0.4260870437
  45.  42.        0.3008678300        0.0151863497
  45.  43.        0.0469496046        0.2291319844
  45.  44.       -0.2427713377        0.0423307083
  45.  45.        0.2575175665        0.1692779439
  46.   0.       -0.1859524042        0.0000000000
  46.   1.        0.1618501388        0.1452158377
  46.   2.       -0.4549025722        0.4993310047
  46.   3.        0.1018055188        0.5024448798
  46.   4.        0.1603993195       -0.1960101198
  46.   5.        0.7211720057        0.2973540496
  46.   6.        0.2104206851       -0.2094344082
  46.   7.       -0.3486533382       -0.9639299166
  46.   8.        0.1451328034        0.0199302378
  46.   9.       -0.6016010041        0.5038540562
  46.  10.       -0.2147779267        0.0351126848
  46.  11.        0.0511434731       -1.2525967868
  46.  12.        0.4342041982        0.3411608863
  46.  13.        0.2334175353       -0.2543948775
  46.  14.        0.4598232714       -0.2163726082
  46.  15.       -0.6115389415        0.7452558405
  46.  16.        0.3948552963        0.2308325456
  46.  17.       -0.0911680307       -0.0724824622
  46.  18.        0.0263039419        0.6657983103
  46.  19.       -0.0687540071       -0.2782495415
  46.  20.       -0.1894252580       -0.2851726966
  46.  21.       -0.0114128658        0.3709528001
  46.  22.        0.5080698656       -0.5464281525
  46.  23.       -0.5462643626       -0.0143497660
  46.  24.       -0.3942345017       -0.3926292848
  46.  25.       -0.1719258800       -0.3412789984
  46.  26.        0.5872620187        0.0985671321
  46.  27.       -0.0824046169        0.0063626903
  46.  28.        0.6037209039        0.3596762640
  46.  29.       -0.6765742507        0.2379625226
  46.  30.        0.0012610824        0.6176048663
  46.  31.        0.3987684398       -0.8294853806
  46.  32.        0.0738533770       -0.5744967616
  46.  33.        0.3838548498       -0.1201977432
  46.  34.        0.5273024312        0.4984196366
  46.  35.        0.2299108741       -0.1956835410
  46.  36.        0.5065235948       -0.3076255803
  46.  37.       -0.3995121061       -0.2713016774
  46.  38.        0.1842985728       -0.4986416969
  46.  39.        0.3619554555       -0.8359778286
  46.  40.       -0.1520624329        1.0250660545
  46.  41.       -0.2168166879       -0.5375162095
  46.  42.        0.2869676237        0.3662098305
  46.  43.       -0.2678579184       -0.1777163179
  46.  44.       -0.9261820571       -0.3284860460
  46.  45.        0.2438494694       -0.4283378636
  46.  46.       -0.0068757959       -0.3525571118
  47.   0.        0.1690705710        0.0000000000
  47.   1.       -0.5531257988        0.0688276928
  47.   2.       -0.1148584923       -0.2007820333
  47.   3.        0.3262809530       -0.0005471131
  47.   4.       -0.3599099658       -0.2219499430
  47.   5.        0.3332718795       -0.4986725723
  47.   6.       -0.6381157276       -0.3741274967
  47.   7.        0.2545887719        0.1321266698
  47.   8.       -0.1032889570        0.1687356262
  47.   9.       -0.4245852294       -0.0120042189
  47.  10.       -0.0293206704       -0.3293612682
  47.  11.       -0.3387771105       -0.5408280189
  47.  12.       -0.5790175600        1.0551408913
  47.  13.        0.2571019703        0.0494831353
  47.  14.       -0.0436500157       -0.1502277328
  47.  15.        0.0118020414        0.6008060980
  47.  16.        0.0826244277        0.4289309566
  47.  17.        0.0136257485        0.2026176757
  47.  18.       -0.2525515445        0.1780610682
  47.  19.        0.4434329056        0.2927542801
  47.  20.        0.0575216292       -0.0826842752
  47.  21.        0.1668982890        0.2754025915
  47.  22.        0.1605356632        0.0299871372
  47.  23.       -0.1757461319        0.0836016369
  47.  24.        0.1438298771       -0.0181265180
  47.  25.       -0.3568271777        0.3922197443
  47.  26.        0.6105395335       -0.3221631560
  47.  27.        0.4513790823        0.5919309459
  47.  28.       -0.1367732255        0.1731214346
  47.  29.        0.8337873766       -0.9800320415
  47.  30.       -0.0075648101       -0.2994735928
  47.  31.        0.1268525004       -0.2160543166
  47.  32.       -0.2595628352       -0.7425656711
  47.  33.        0.4184180747        0.0141344005
  47.  34.       -0.2303459403       -0.1731712888
  47.  35.        0.0084142176       -0.3649991218
  47.  36.        0.4378976576       -0.2497712355
  47.  37.       -0.8334300878       -0.1438685032
  47.  38.       -0.6353118292       -0.5000907195
  47.  39.        0.4026278478        0.3437153193
  47.  40.        0.0934592171        0.5349332071
  47.  41.       -0.1076711147        0.4123847629
  47.  42.       -0.0935901067       -0.3936447775
  47.  43.       -0.9489636573        0.5225411593
  47.  44.        0.4054235266        0.4708734489
  47.  45.       -0.2978938439       -0.3871474081
  47.  46.        0.0309130698        0.7169225521
  47.  47.        0.3305364694        0.8826188682
  48.   0.       -0.6210273561        0.0000000000
  48.   1.        0.0001906181        0.2165421616
  48.   2.       -0.3114436780       -0.8212756641
  48.   3.        0.1563964198        0.1139289823
  48.   4.        0.2436706233       -0.4924122527
  48.   5.       -0.0443513701       -0.3745893069
  48.   6.       -0.0104637859       -0.0774698074
  48.   7.       -0.3344495534        0.3347170494
  48.   8.        0.2049117627        0.2895625215
  48.   9.        0.8809649290       -0.9342560144
  48.  10.        0.5276737441        0.0273632231
  48.  11.       -0.0330923429        0.5231833467
  48.  12.       -0.4361771494       -0.4038149495
  48.  13.        0.3387792396       -0.5171411188
  48.  14.       -0.6446216216       -0.1696534726
  48.  15.       -0.9950851673       -0.2852497993
  48.  16.       -0.1674328324       -0.5921888270
  48.  17.        0.3303420070       -0.5117787704
  48.  18.        0.2327144203        0.2771296290
  48.  19.        0.2156169572       -0.5610043775
  48.  20.       -0.6925080664        0.3607043824
  48.  21.       -0.1969363149       -0.5531537347
  48.  22.       -0.4494445276        0.3713734156
  48.  23.       -0.0845157337       -0.1564068844
  48.  24.       -0.0890960175        0.3882485396
  48.  25.        0.5370188106       -0.3593462430
  48.  26.       -0.0182103164       -0.1600212242
  48.  27.        0.7937646299       -0.5446185652
  48.  28.       -0.3619027517       -0.0538051985
  48.  29.        0.3775735217       -0.1610960218
  48.  30.       -0.5153203019        0.1977165423
  48.  31.       -0.1755645633        0.1319817981
  48.  32.        0.0312510614       -0.0703382374
  48.  33.       -0.3016988696       -0.1287891704
  48.  34.       -0.5089616481        0.3375573063
  48.  35.        0.2479955815       -0.1877218211
  48.  36.       -0.2930869451        0.3001385464
  48.  37.       -0.3808558198        0.7993598527
  48.  38.       -0.2367175927       -0.0956710520
  48.  39.       -0.1122222185       -0.3896506432
  48.  40.       -0.2454431165        0.0594473033
  48.  41.       -0.0693903989       -0.1053957912
  48.  42.       -0.0759562986        0.4423206453
  48.  43.       -0.2935354592        1.5414411720
  48.  44.        0.0847241050       -0.0813250850
  48.  45.        0.1297203244       -0.1708373543
  48.  46.       -0.2177621319        0.0012525073
  48.  47.        0.6625060150       -0.3968097357
  48.  48.        0.1741131852       -0.0458841749
  49.   0.       -0.2106823975        0.0000000000
  49.   1.        0.3873998313        0.0175352006
  49.   2.        0.1457746555        0.6455241471
  49.   3.        0.6308545383        0.2770814845
  49.   4.        0.0891082957        0.2443716473
  49.   5.       -0.0660902274       -0.2691764560
  49.   6.       -0.1085669808       -0.4706086390
  49.   7.       -0.6551766041        0.4766666854
  49.   8.        0.4938822956        0.1610519571
  49.   9.        0.4124024819       -0.4311635624
  49.  10.       -0.1503275671       -0.2855931788
  49.  11.        0.1783784438       -0.4802144377
  49.  12.        0.6462135465        0.0591212939
  49.  13.       -0.3456400290       -0.1606530922
  49.  14.        0.2107225374       -0.3782024924
  49.  15.       -0.1613596779        0.0073866501
  49.  16.       -0.1362807528        0.3127986322
  49.  17.        0.1807479823       -0.3387833921
  49.  18.        0.5067402393        0.6023438194
  49.  19.       -0.1345710195       -0.3447937337
  49.  20.       -0.2546855894        0.5934961804
  49.  21.        0.2905136282       -0.4512045315
  49.  22.        0.0779531218        0.4431163597
  49.  23.       -0.3782159180        0.0501570449
  49.  24.        0.3154235959        0.3480943895
  49.  25.       -0.2798433550       -0.6119718620
  49.  26.        0.3862240263       -0.4898873458
  49.  27.       -0.2477894128       -0.1268808432
  49.  28.       -0.1475426134        0.2504494795
  49.  29.       -0.7551639958       -0.3534389958
  49.  30.        0.1799744458        0.0731344148
  49.  31.       -0.1044194373        0.4015867709
  49.  32.       -0.6050260384        0.4120407133
  49.  33.       -0.1856590131       -0.8457567384
  49.  34.        0.4950342517       -0.3963034371
  49.  35.        0.1997498171       -0.1053007548
  49.  36.       -0.3345856301        0.1867625294
  49.  37.        0.3901431750        0.3724590767
  49.  38.        0.3827436167       -0.4908646418
  49.  39.       -0.1694174639       -0.2876718273
  49.  40.        0.1622912071        0.3029264887
  49.  41.       -0.1969137249       -0.9622426540
  49.  42.        0.0720715659       -0.5235552059
  49.  43.       -0.7197892187       -0.1751429650
  49.  44.       -0.0335182074       -0.4576677728
  49.  45.        0.0349238591       -0.2313833401
  49.  46.       -0.2287916440       -0.5983948370
  49.  47.       -0.7140639103        0.2291868871
  49.  48.       -0.3521050238       -0.1011807355
  49.  49.        0.1755878467        0.0983645322
  50.   0.        0.3214814751        0.0000000000
  50.   1.        1.0793211180       -0.7533185627
  50.   2.       -0.1900490839        0.9351832393
  50.   3.       -0.2984838477       -0.8677137901
  50.   4.       -0.1849630548        0.5144575827
  50.   5.       -0.0972130189       -0.0467611431
  50.   6.        0.1399401025        0.1852209893
  50.   7.        0.2155464044        0.2245027218
  50.   8.        0.0159873320        0.0849521124
  50.   9.        0.0462539058        0.3004257440
  50.  10.       -0.2883082768       -0.3607506911
  50.  11.       -0.3522851152       -0.0127295717
  50.  12.        0.4244136010       -0.0297215985
  50.  13.       -0.4527657053        0.6041378844
  50.  14.        0.0677134707        0.3978606971
  50.  15.        1.2029033872        0.3340639726
  50.  16.       -0.1406461023        0.3829780062
  50.  17.        0.1359266786        0.2099993473
  50.  18.       -0.5465511223       -0.1000332269
  50.  19.       -0.4341206783        0.3228997141
  50.  20.        0.5956398479       -0.0152334723
  50.  21.        0.3565328552        0.1443438056
  50.  22.       -0.0229338312        0.4390791301
  50.  23.       -0.1824487612        0.2043832564
  50.  24.        0.0236230665        0.2417618835
  50.  25.       -0.2588057876        0.0300560871
  50.  26.        0.0258053280        0.0751949703
  50.  27.       -0.9020355584        0.8184678530
  50.  28.        0.5154892146       -0.2656796608
  50.  29.       -0.4559277493        0.0166543515
  50.  30.        0.0879969342        0.6254965013
  50.  31.       -0.1338747808        0.2181023253
  50.  32.       -0.7355711950        0.5154587752
  50.  33.       -0.3072363287        0.1110062459
  50.  34.       -0.3693969979       -0.6605829611
  50.  35.       -0.1477726260        0.1313381026
  50.  36.        0.2535043569        0.0049203519
  50.  37.        0.0337462994       -0.5260669736
  50.  38.       -0.5183218426        0.4043905484
  50.  39.       -0.1682961415       -0.3322042636
  50.  40.       -0.0467121361       -0.6174148653
  50.  41.       -1.0482633982       -0.3779170571
  50.  42.       -0.1782244429       -0.1405365069
  50.  43.       -0.4627935673        0.6072896733
  50.  44.       -0.1607416689       -0.6347578843
  50.  45.        0.1750876254       -0.3123655155
  50.  46.       -0.0412147924       -0.2716609086
  50.  47.        0.7443276627       -0.0166681280
  50.  48.        0.1867645012        0.3788466842
  50.  49.        0.4125845411       -0.3364601537
  50.  50.       -0.0393487075        1.6274699266
  51.   0.       -0.1097755614        0.0000000000
  51.   1.        0.3407908710       -0.0925751138
  51.   2.        0.0324511346       -0.8012125702
  51.   3.       -0.6574084861       -0.4631875839
  51.   4.        0.3418313103        0.0312068834
  51.   5.       -0.2123033883       -0.1582947473
  51.   6.       -0.0955979367        0.5253763043
  51.   7.       -0.0971616334       -0.3312245052
  51.   8.        0.3162380287        0.1444489526
  51.   9.       -0.2003563936        0.4104256847
  51.  10.        0.1228903005        0.3478454269
  51.  11.        0.2619668941        0.9195163604
  51.  12.        0.0188080335       -0.5865257184
  51.  13.        0.1879839504        0.1048400245
  51.  14.       -0.0844368474       -0.0990650460
  51.  15.        0.0326450952       -0.1334104110
  51.  16.       -0.1653646345       -0.6383297542
  51.  17.        0.4832974593       -0.3835007099
  51.  18.        0.1141847775       -0.3067579321
  51.  19.       -0.4847916458       -0.0710600117
  51.  20.        0.0670245147       -0.2791539875
  51.  21.       -0.1904778905        0.5642673348
  51.  22.       -0.0058961657       -1.0736754666
  51.  23.        0.6496561480        0.4219665963
  51.  24.       -0.6381223916        0.3402633333
  51.  25.        0.4437565076        0.5662823554
  51.  26.       -0.2275428695       -0.2219309710
  51.  27.        0.0785507626       -0.3774657583
  51.  28.        0.6318878057        0.1294582730
  51.  29.       -0.0852704867        0.4072295841
  51.  30.        0.6474620437       -0.2328162265
  51.  31.       -0.3266764040        0.1356005984
  51.  32.       -0.1955571931        0.0434726023
  51.  33.       -0.2236145872       -0.1984099294
  51.  34.       -0.7997787930       -0.2192704753
  51.  35.        0.7278683659       -0.4301177385
  51.  36.        0.0788579628       -0.3307408468
  51.  37.        0.6278955431        0.0820743897
  51.  38.       -0.1484909488       -0.1253842723
  51.  39.       -0.4766699079        0.1223706615
  51.  40.       -0.2018065964       -0.3515796970
  51.  41.       -0.0075551259       -0.1466911421
  51.  42.        0.4729408116       -0.4501431968
  51.  43.        0.0588330040       -0.2586535946
  51.  44.        0.6962582856        1.0903051325
  51.  45.       -0.4031293758       -0.2215440553
  51.  46.        1.0115124371       -0.2806881810
  51.  47.       -0.3048897022        0.4818693446
  51.  48.        0.6678120590        0.4933752977
  51.  49.        1.2540477775        0.4018795675
  51.  50.       -0.4873642376        0.2101282111
  51.  51.        0.9926731546        0.6250468783
  52.   0.        0.2832708448        0.0000000000
  52.   1.       -0.7628837601       -0.0606645618
  52.   2.        0.1123689326       -0.1318112725
  52.   3.        0.4204194675        0.6953272967
  52.   4.        0.0733740903       -0.4649613648
  52.   5.       -0.2750522921        0.2392442916
  52.   6.       -0.4883045558        0.5300472033
  52.   7.       -0.1203601786        0.1071768601
  52.   8.        0.3982054321       -0.5213142602
  52.   9.       -0.5169076360       -0.1230206286
  52.  10.       -0.0413468248       -0.0451018774
  52.  11.        0.0811629840       -0.3855196121
  52.  12.       -0.3929914781        0.2935600438
  52.  13.        0.3457658722       -0.0877263307
  52.  14.       -0.5524247488       -0.4249515149
  52.  15.        0.4244126693       -0.3543879879
  52.  16.        0.9648530429        0.2732417608
  52.  17.       -0.3482642152        0.0943996227
  52.  18.        0.1034781012       -0.0446210512
  52.  19.        0.0536994093        0.5499312343
  52.  20.       -0.2785104897       -0.0373360949
  52.  21.        0.3124857145       -0.0625186436
  52.  22.       -0.3575864682        0.2335834094
  52.  23.        0.3489584030        0.0217071033
  52.  24.        0.1987595140       -0.0033939150
  52.  25.       -0.1649519722       -0.1403444009
  52.  26.       -0.0166952335       -0.1267064965
  52.  27.        0.8096252495       -0.1215304962
  52.  28.       -0.1986138793        0.4849725975
  52.  29.        0.3474221933        0.2038941218
  52.  30.        0.5678447558        0.1092786671
  52.  31.        0.3923122771        0.2899568810
  52.  32.        0.1198287290        0.4080217446
  52.  33.        0.0397011699       -0.0004178565
  52.  34.        0.2327429108       -0.1868336368
  52.  35.        0.0944789810       -0.3462833417
  52.  36.       -0.2411514855       -0.1215773816
  52.  37.       -0.2278987750        0.2852732945
  52.  38.       -0.1521553672        0.4219253207
  52.  39.        0.6775057405       -0.0974801495
  52.  40.        0.5259035622       -0.1963414688
  52.  41.       -0.3023653954        0.0985609433
  52.  42.       -0.6312591767        0.6655464778
  52.  43.        0.4453090275       -0.1097245403
  52.  44.        0.2180600678        0.3060959339
  52.  45.       -0.3321996497       -0.3072005557
  52.  46.        0.3035691041        0.3070306434
  52.  47.        0.1827473301        0.1109580668
  52.  48.        0.4826977348       -0.5202723023
  52.  49.        0.2481578577        0.2461576878
  52.  50.        0.3941254187       -0.6344937626
  52.  51.       -0.6071858896       -0.2745993725
  52.  52.        0.0501288450        0.1205942363
  53.   0.       -0.1318798004        0.0000000000
  53.   1.       -0.1232896556       -0.1413017963
  53.   2.       -0.6134559713        0.2308609400
  53.   3.        0.1537478798       -0.0601274643
  53.   4.       -0.0821958996        0.0514666069
  53.   5.       -0.2777237608        0.4978709854
  53.   6.        0.3593455174       -0.1243585256
  53.   7.        0.1873706466       -0.1939746049
  53.   8.       -0.2642232335       -0.9533161211
  53.   9.       -0.0782481933       -0.0376901233
  53.  10.        0.3229354327        0.2315985196
  53.  11.       -0.7662780198       -0.3201839673
  53.  12.        0.0220829304       -0.0887510948
  53.  13.       -0.2729755069       -0.1786066914
  53.  14.        0.1286777848        0.4941424142
  53.  15.        0.2476206037       -0.4769984680
  53.  16.        0.4762368660        0.1333551829
  53.  17.       -0.7275748349        0.5457169515
  53.  18.        0.0184027176       -0.1645380297
  53.  19.       -0.0858170194        0.2625526147
  53.  20.        0.5757025425        0.0328455390
  53.  21.        0.2761037039        0.0658086806
  53.  22.        0.5988755151       -0.0522046890
  53.  23.       -0.5547604133        0.0494864015
  53.  24.       -0.2715836743       -0.5508088625
  53.  25.       -0.1698346457        0.1945157589
  53.  26.        0.1808906791        0.4188795389
  53.  27.       -0.3710658957        0.0356443852
  53.  28.       -0.3571547470       -0.2055271543
  53.  29.       -0.0392514088        0.2456224393
  53.  30.       -0.4584361777        0.5043443135
  53.  31.        0.5118244207        0.2406398221
  53.  32.        0.1381103077       -0.1257417099
  53.  33.        0.3716495467       -0.1594931273
  53.  34.        0.3693227128        0.6651633908
  53.  35.       -0.1687311876        0.3638714354
  53.  36.        0.5298103594       -0.0855912563
  53.  37.       -0.2294870784       -0.4461067484
  53.  38.       -0.6577306836        0.0386588476
  53.  39.        0.6847807803        0.4281190203
  53.  40.        0.2588707272        0.2044241321
  53.  41.       -1.2669451392        0.0844020100
  53.  42.        0.2084994764        0.6800434109
  53.  43.       -0.0033674253       -0.3581417987
  53.  44.       -0.5546042872        0.0183850309
  53.  45.       -0.4553835823        0.3895940945
  53.  46.        0.4744569373        0.0588393895
  53.  47.       -0.1098144030       -0.6897046911
  53.  48.        0.0917681756        0.2061380474
  53.  49.        0.8389978057       -0.5832292182
  53.  50.       -0.5297371140        0.0345628067
  53.  51.        0.5894767433        0.1564561748
  53.  52.        0.2001997653        0.3071393566
  53.  53.        0.2101369252        0.1790699079
  54.   0.        0.0106092467        0.0000000000
  54.   1.        0.3266730692        0.3753044154
  54.   2.       -0.3745061962       -0.6448705848
  54.   3.       -0.4009981929       -0.3621102356
  54.   4.       -0.0283328215        0.7767136166
  54.   5.       -0.2804354854       -0.2041664256
  54.   6.        0.5690588781       -0.2885407968
  54.   7.        0.4771321975        0.0179549143
  54.   8.        0.2358654247        0.0456486867
  54.   9.        0.1558840301       -0.3540705477
  54.  10.       -0.3288819472        0.3313207181
  54.  11.       -0.1985969769        0.5217481897
  54.  12.       -0.1960717629       -0.1924973925
  54.  13.       -0.8872936255        0.0540307233
  54.  14.        1.0487876261        0.0469549095
  54.  15.       -0.2997642983       -0.1274217580
  54.  16.       -0.3529239962       -0.3242922791
  54.  17.        0.2853322225       -0.2715039118
  54.  18.        0.0348495783       -0.1164865893
  54.  19.        0.2709631141       -0.3491297468
  54.  20.       -0.4593956366        0.0894196698
  54.  21.       -0.3245401967        0.2093749293
  54.  22.        0.0450018504       -0.2945125734
  54.  23.        0.3819201608       -0.0535871492
  54.  24.       -0.4335450338        0.1926213023
  54.  25.        0.4869770094        0.0264943584
  54.  26.        0.0901139514        0.2574744327
  54.  27.       -0.4634952852        0.0913508889
  54.  28.       -0.0530799874        0.1010071950
  54.  29.       -0.0317326777       -0.0274766496
  54.  30.       -0.2158056021       -0.4630170867
  54.  31.       -0.0816913131       -0.3251163905
  54.  32.       -0.1237213441       -0.0551441073
  54.  33.        0.0877410632       -0.0784214292
  54.  34.        0.3732805208        0.2501257889
  54.  35.        0.1058747143       -0.4578416264
  54.  36.        0.6340498223        0.6299422286
  54.  37.       -0.0453805725       -0.2939313869
  54.  38.        0.4298719677       -0.1323031754
  54.  39.       -0.6792775173        0.4351046974
  54.  40.        0.3591795105        0.5898546159
  54.  41.        0.7002837176       -0.7757619447
  54.  42.        0.8917045822       -0.5410764295
  54.  43.        0.0188573649        0.2562093968
  54.  44.        0.3652396132        0.3914271173
  54.  45.       -0.4131472597        0.2961572187
  54.  46.       -0.3404084083       -0.8585745367
  54.  47.        0.1035895561        0.1075095503
  54.  48.       -0.6670630642        0.1193592900
  54.  49.        0.0701778399        0.0157602758
  54.  50.        0.4916338331       -0.3287891648
  54.  51.        0.2053021507       -0.2368661590
  54.  52.        0.5876089369        0.1831148414
  54.  53.        1.1210957124        0.3300616311
  54.  54.       -0.4662784541       -0.1568374025
  55.   0.        0.5138111710        0.0000000000
  55.   1.       -0.4796878683       -0.5253700796
  55.   2.       -0.0750166833        0.3828478960
  55.   3.        0.0216166112        0.5166385654
  55.   4.        0.1399302222        0.0668081037
  55.   5.        0.3212808280        0.7865105645
  55.   6.        0.1686859369        0.3351328784
  55.   7.        0.1250581220        0.2367596204
  55.   8.        0.0090179991        0.5330869248
  55.   9.       -0.3071636270       -0.4870739479
  55.  10.       -0.7071836255       -0.0010876943
  55.  11.        0.4392987428       -0.1247268330
  55.  12.       -0.2571566353       -0.2049134265
  55.  13.        0.2443182011        0.5720273876
  55.  14.       -0.4922719516        0.1193072975
  55.  15.        0.2267833913        0.2545454130
  55.  16.        0.6918441353        0.4923213437
  55.  17.        0.1963623653        0.0113279504
  55.  18.       -0.4057516144        0.1391065312
  55.  19.        0.1226811868       -0.3591656404
  55.  20.       -0.6281356794       -0.1934838679
  55.  21.        0.0084841218       -0.4269129043
  55.  22.       -0.5858903506        0.3208496167
  55.  23.        0.1851444193       -0.2047497849
  55.  24.        0.6387776176        0.4498313646
  55.  25.       -0.0868079598       -0.4572367702
  55.  26.       -0.1065201665       -0.4375491052
  55.  27.        0.1194271939       -0.3856317909
  55.  28.        0.5548843046       -0.1961389869
  55.  29.       -0.1589137947       -0.5820145864
  55.  30.        0.2484265237       -0.1949604680
  55.  31.        0.3383388427        0.0030307182
  55.  32.        0.2563819125        0.0170037350
  55.  33.        0.0406411827        0.1084359807
  55.  34.        0.0237932734        0.3952330862
  55.  35.       -0.1102699424       -0.8510812864
  55.  36.       -0.2254900671       -0.3730697451
  55.  37.       -0.1162996898        0.2420395448
  55.  38.        0.0387774905       -0.5979787603
  55.  39.       -0.2251753316       -0.2176459685
  55.  40.        0.4237076064       -0.1182610464
  55.  41.       -0.0535860612       -0.1369502555
  55.  42.       -0.5176112164        0.4170416157
  55.  43.        1.2028315950       -0.2153327033
  55.  44.        0.3719191244       -0.3560555557
  55.  45.       -0.3326883793        0.2909406915
  55.  46.        0.4882481893        0.1498762296
  55.  47.       -0.5957125263       -0.1080211889
  55.  48.       -0.0376365228        0.4825948640
  55.  49.       -0.2452371930       -0.7382796518
  55.  50.        1.0482082976       -0.0334094518
  55.  51.       -0.2225212524       -0.1035140645
  55.  52.        0.3020664108       -0.3555566549
  55.  53.        0.2032516307       -0.2548945450
  55.  54.        0.2059135339       -0.2313570358
  55.  55.        0.4024010993       -0.8118386007
  56.   0.       -0.3533816828        0.0000000000
  56.   1.       -0.2889311121       -0.0674909222
  56.   2.        0.5020830780        0.4995116433
  56.   3.        0.1450797584        0.2300654526
  56.   4.       -0.1458130264       -0.8973927420
  56.   5.        0.5028177225        0.4898049269
  56.   6.        0.0837903289       -0.0730812577
  56.   7.       -0.1172881699        0.1805478093
  56.   8.       -0.6818359645        0.3536025719
  56.   9.       -0.1641873708        0.1570656693
  56.  10.        0.9431080458       -0.1025813849
  56.  11.        0.0070920886       -0.8000355098
  56.  12.        0.3438600187        0.5321848388
  56.  13.        0.5659838013       -0.3079732415
  56.  14.       -0.0167648780        0.3536961008
  56.  15.       -0.6271039536       -0.3731427357
  56.  16.       -0.0590784255        0.5226159248
  56.  17.       -0.3432416930        0.4061556079
  56.  18.        0.0439284858        0.2629564141
  56.  19.       -0.0918375314       -0.2692022432
  56.  20.        0.0935553977       -0.3657740970
  56.  21.        0.0034521499       -0.0447287435
  56.  22.        1.1900682495        0.3774927722
  56.  23.       -0.1746020241       -0.2392183609
  56.  24.        0.9172160329        0.2825648223
  56.  25.       -0.3366953593        0.1888641813
  56.  26.        0.0344787372        0.5037740078
  56.  27.        0.3225851392       -0.0280401097
  56.  28.       -0.3560576615       -0.1480725413
  56.  29.       -0.2042531134        0.2830534476
  56.  30.       -0.0779667205        0.1340865233
  56.  31.       -0.1615222970       -0.2072180289
  56.  32.        0.0942637049        0.2210438843
  56.  33.       -0.2951727021       -0.3361862729
  56.  34.       -0.6256055841       -0.0053158887
  56.  35.        0.2281396128        0.8819250450
  56.  36.        0.3745519313       -0.5057602480
  56.  37.       -0.8020257112        0.0013972197
  56.  38.       -0.0284517852        0.1924042296
  56.  39.       -0.2391611981       -1.1933838151
  56.  40.       -0.6195015875       -0.3473940599
  56.  41.       -0.4479717806        0.5796826421
  56.  42.        0.1164525954       -0.1908997592
  56.  43.       -0.4351149113        0.0249948729
  56.  44.       -0.0703145859        0.3630531139
  56.  45.        0.0186764389        0.2985485167
  56.  46.       -0.1125301026       -0.0934792869
  56.  47.        0.4514405083        0.5311807335
  56.  48.        0.1589835660        0.4049641267
  56.  49.       -0.6414824935        1.5350402683
  56.  50.        0.5856828732        0.3705350599
  56.  51.       -0.2718963581        0.3223731096
  56.  52.        0.3782500637       -0.1503253333
  56.  53.        0.3923831940        0.7673959601
  56.  54.        0.3771583416        0.1109291873
  56.  55.       -0.7231641549        0.3317958695
  56.  56.       -0.2084042619       -0.2774718495
  57.   0.        0.1345862644        0.0000000000
  57.   1.        0.8675929855        0.3771293604
  57.   2.        0.8668910534       -0.0411895791
  57.   3.       -0.5033846621       -0.3658275800
  57.   4.       -0.3127194961       -0.1244734390
  57.   5.        0.1143912236       -0.5318463238
  57.   6.       -0.0730461338       -0.9355438596
  57.   7.       -0.1396945602        0.2291761601
  57.   8.       -0.4159054633       -0.0018345814
  57.   9.        0.3590348730        0.4724589913
  57.  10.        0.3869131515       -0.0467032137
  57.  11.        0.2837076325        0.4587470993
  57.  12.        0.1273173361        0.7356513739
  57.  13.       -0.2633871973       -0.1321847145
  57.  14.        0.8145865599       -0.3236058746
  57.  15.       -0.0568851702       -0.1770305654
  57.  16.       -1.1356124389        0.4161527057
  57.  17.        0.1761840234       -0.2302850420
  57.  18.       -0.2057084693       -0.2888212681
  57.  19.        0.6863599951        0.1199492569
  57.  20.        0.0255015540       -0.5234074852
  57.  21.       -0.3401017128        0.0326158792
  57.  22.        0.5077162813        0.2481321410
  57.  23.        0.1916416186       -0.0090339361
  57.  24.        0.2215098890        0.5327638166
  57.  25.       -0.3063368358       -0.1735068999
  57.  26.        0.2260547988        0.3775914435
  57.  27.        0.5169731264        0.0876196038
  57.  28.       -0.5900051291        0.0217398118
  57.  29.       -0.0695625800        0.2430487849
  57.  30.       -0.6036872199       -0.1430669464
  57.  31.        0.0661339609        0.0425294512
  57.  32.       -0.0615444227       -0.1422653497
  57.  33.       -0.1286820155       -0.1094527954
  57.  34.       -0.1127573887       -0.4319520514
  57.  35.       -0.5143744003        0.1392651299
  57.  36.       -0.3410231193       -0.3252861393
  57.  37.       -0.1426477664        0.5906623064
  57.  38.        0.3960392794       -0.0408177187
  57.  39.       -0.1637759288       -0.1937016538
  57.  40.        0.2509058939        0.1651946835
  57.  41.        0.8760996953       -0.1601393812
  57.  42.        0.3856911923        0.0971846116
  57.  43.        0.7684208334        0.7421710000
  57.  44.        0.0933481945       -0.1588446640
  57.  45.        0.6188933988       -0.3066422081
  57.  46.       -0.0612366424        0.5095715637
  57.  47.        0.3243597878        0.2910048789
  57.  48.        0.0640971968       -0.2426262104
  57.  49.       -0.4142907167       -0.0476348561
  57.  50.        0.5498178708       -0.2344250281
  57.  51.       -0.1750031962        0.0741517231
  57.  52.       -0.5864813010       -0.2699443131
  57.  53.       -0.2797946713        0.2531493826
  57.  54.       -0.0715240876       -0.4522911733
  57.  55.       -0.1404333294       -0.2155905052
  57.  56.        0.7100909027       -0.1409923248
  57.  57.       -0.2142761602        0.3347476033
  58.   0.        0.1950864179        0.0000000000
  58.   1.        0.4175645594       -0.0113965369
  58.   2.        0.3170469233        0.3374081089
  58.   3.        0.1813877320       -0.0793257419
  58.   4.       -0.2042591559        0.3334223362
  58.   5.        0.2633962088       -0.0362644413
  58.   6.       -0.4860994785       -0.5398932873
  58.   7.       -0.2481933720       -0.3209519741
  58.   8.       -0.1424040995       -0.6402809040
  58.   9.        0.5936518908        0.0757869563
  58.  10.       -0.7350624781       -0.0899238805
  58.  11.        0.3785543067       -0.0959414354
  58.  12.       -0.4559860858       -0.4468544783
  58.  13.        0.4379931714        0.5019925121
  58.  14.       -0.1530581675        0.0615138563
  58.  15.        0.9518564035        0.3520803653
  58.  16.        0.7257248069        0.1759386201
  58.  17.        0.6121944197       -0.2457434494
  58.  18.       -0.0697576999       -0.0795634519
  58.  19.       -0.1194977149        0.3272135877
  58.  20.       -0.3237830415        0.3430637414
  58.  21.        0.3177820489       -0.3513327847
  58.  22.       -0.4971072311       -0.1013572075
  58.  23.       -0.2975790179       -0.3166132895
  58.  24.       -0.0731828331        0.3851421923
  58.  25.        0.5499976548       -0.1910051751
  58.  26.        0.5269527353       -0.2854893458
  58.  27.        0.3118778220       -0.5510185189
  58.  28.        0.2551170496        0.4571876318
  58.  29.       -0.0210649043       -0.0762273178
  58.  30.        0.2225617516       -0.0595453083
  58.  31.        0.6551631284        0.0017840045
  58.  32.       -0.0353153592       -0.5965517629
  58.  33.        0.2624051907        0.0396452315
  58.  34.       -0.0625336450        0.1183145551
  58.  35.        0.4278817548       -0.1335466077
  58.  36.       -0.8997328916       -0.1895952761
  58.  37.        0.8898311110       -0.3109161141
  58.  38.        0.0177872920       -0.3438765472
  58.  39.        0.0501539386        0.3422413849
  58.  40.        0.4224472931       -0.0798620995
  58.  41.       -0.0543093662       -0.2149214140
  58.  42.       -0.0291570927        0.6443885756
  58.  43.        0.5982469108       -0.2143022472
  58.  44.       -0.4334312587        0.2832847794
  58.  45.       -0.2331078212        0.2713792376
  58.  46.        0.0024471125        0.4530370485
  58.  47.        0.2188312000        0.9387623039
  58.  48.        0.7203123568        0.3348785488
  58.  49.        0.7616854460        0.4147563665
  58.  50.        0.4795015245       -0.6185135578
  58.  51.        0.2892479676       -0.3415555930
  58.  52.        0.0021263406        0.6034846205
  58.  53.       -0.9699383689        0.1140800158
  58.  54.       -0.6057496408       -0.4391129671
  58.  55.       -0.4970790034       -0.4689165194
  58.  56.        0.5038156336        0.2663191074
  58.  57.       -0.6306536724       -0.5609179486
  58.  58.        1.3770930724       -0.1909683987
  59.   0.       -0.4741530355        0.0000000000
  59.   1.       -0.5185823077        0.8550022738
  59.   2.        0.0892593528        0.0971629093
  59.   3.        0.8697281762        0.2390202245
  59.   4.       -0.0780811167        0.0616899786
  59.   5.       -0.2597143849       -0.2897080103
  59.   6.       -0.8886462656        0.3887940474
  59.   7.        0.5028480042       -0.1807441305
  59.   8.        0.1390512838        0.1493400877
  59.   9.        0.2243739328       -0.5459216127
  59.  10.       -0.1058382080        0.0479901666
  59.  11.        0.3165958509       -0.5170255435
  59.  12.        0.2793394899        0.1816485862
  59.  13.        0.3920397446       -0.2672696773
  59.  14.       -0.5016026793       -0.3627445528
  59.  15.        0.2323026166       -0.3118242717
  59.  16.       -0.0233629599       -1.1439262696
  59.  17.        0.0523215483        0.3004995858
  59.  18.        0.0637497849        0.4762356375
  59.  19.       -0.4660590713       -0.1048493433
  59.  20.       -0.3867137008        1.0038970023
  59.  21.        0.4173910761        0.2366896849
  59.  22.        0.1430160971       -0.2701559423
  59.  23.        0.0675429865        0.4565201068
  59.  24.       -0.8752621871       -0.3612148431
  59.  25.        0.0918891742        0.0219398508
  59.  26.       -0.0570783705        0.1855736846
  59.  27.       -0.2206909846        0.3502042210
  59.  28.        0.2632031177       -0.3608709356
  59.  29.        0.0140042327        0.6251729061
  59.  30.        0.3294718483        0.0699279903
  59.  31.        0.1574064425       -0.2247843692
  59.  32.        0.4497725685        0.2845636638
  59.  33.        0.4354549176        0.2385634344
  59.  34.       -0.2548646903        0.0338263419
  59.  35.        0.4613720417       -0.2288162221
  59.  36.       -0.2414148614        0.1538560414
  59.  37.        0.2009890225       -0.0107890168
  59.  38.       -0.3941342799        0.4738689457
  59.  39.        0.3247170026       -0.2749474236
  59.  40.        0.1982714282       -0.1867815386
  59.  41.        0.1378077737       -0.0108893032
  59.  42.       -0.3788942569       -0.3137918314
  59.  43.        0.0840515237       -0.2381965796
  59.  44.        0.1514750191        0.1763622234
  59.  45.       -0.0341746530       -0.3874693026
  59.  46.        0.0593249671       -0.0206674233
  59.  47.       -0.1872854751        0.0143701770
  59.  48.        0.2852289536        0.2595501059
  59.  49.       -0.4666816798        0.0299081868
  59.  50.        0.2024551874       -0.1035938652
  59.  51.        0.7847312350        0.8892722002
  59.  52.       -0.2987229360        0.4037041745
  59.  53.       -0.0304619883        0.3886124916
  59.  54.       -0.1975717145        0.5733021680
  59.  55.        0.2434691744        0.2441566004
  59.  56.       -0.1529459143       -0.0875859344
  59.  57.       -0.0369559281        0.5627065516
  59.  58.       -0.3269297451        0.5302549017
  59.  59.       -0.1780456247        0.0874684482
  60.   0.       -0.4167659929        0.0000000000
  60.   1.       -0.1770007561        0.1217596329
  60.   2.       -0.1053612803       -0.3955068681
  60.   3.       -0.5016099796       -0.1110935478
  60.   4.        0.5522908350        0.3424865539
  60.   5.       -0.5671436472       -0.3879376703
  60.   6.       -0.4380004956        0.4768397935
  60.   7.        0.3693830911       -0.0411216677
  60.   8.        0.7510900155        0.3270164954
  60.   9.       -0.0174771379        0.4448142225
  60.  10.        0.1903041551       -0.0122786982
  60.  11.       -0.1133633208        0.4829270045
  60.  12.        0.0141366329        0.3484125745
  60.  13.       -0.1470519223        0.3963126564
  60.  14.       -0.4078246403        0.0997501289
  60.  15.       -0.3914514460        0.0520787158
  60.  16.       -0.5895505582       -0.6660987624
  60.  17.       -0.3649352600       -0.2910463619
  60.  18.        0.1692266602       -0.2992651850
  60.  19.        0.0662688513       -0.4895818309
  60.  20.        0.4119621941       -0.0767003729
  60.  21.        0.3052586598        0.5304202200
  60.  22.       -0.0986629786        0.0084543735
  60.  23.        0.0149472859        0.5504116630
  60.  24.        0.0108739168       -0.4080559956
  60.  25.       -0.8630417996       -0.4634957170
  60.  26.       -0.5963703293        0.1514679189
  60.  27.        0.4486142058        0.3485717135
  60.  28.        0.4652663940       -0.1080478697
  60.  29.        0.1166624094        0.0417294255
  60.  30.       -0.5440376685       -0.1598283393
  60.  31.       -0.2446568371        0.2011619901
  60.  32.        0.8848619643        0.0089068719
  60.  33.       -0.3388388990       -0.1787038002
  60.  34.        0.4795797362        0.6173785279
  60.  35.       -0.2114454339       -0.3179276602
  60.  36.        0.1354769337        0.1779057328
  60.  37.       -0.3115823992       -0.4124069534
  60.  38.       -0.1898902611       -0.2562218851
  60.  39.       -0.2695418312        0.3406312241
  60.  40.        0.4036879383       -0.3984175289
  60.  41.       -0.3700579982        0.1789958955
  60.  42.        0.0523163580        0.1735013348
  60.  43.        0.1120420477        0.5229403621
  60.  44.        0.0640428208       -0.4003469698
  60.  45.       -0.0006130176       -0.2275066533
  60.  46.       -1.4337126164        0.0442974644
  60.  47.        0.2930004593       -0.6868128807
  60.  48.       -0.0223816338       -0.0934231437
  60.  49.       -0.4596325165        0.1868521569
  60.  50.       -0.2595427496       -0.5149451183
  60.  51.        1.7315187596       -0.4548943328
  60.  52.       -1.1824283823        0.3290674912
  60.  53.       -0.1805571727       -0.9715541280
  60.  54.       -0.0137002665        0.2425773586
  60.  55.       -0.1761440739        0.0893195183
  60.  56.        0.1435798710       -0.2953276789
  60.  57.       -0.1236134711       -0.6764563185
  60.  58.        0.3997453177       -0.6659604912
  60.  59.        0.6150021156       -0.1946492016
  60.  60.       -0.0400287576        0.5198880040
  61.   0.       -0.1072141994        0.0000000000
  61.   1.        0.5137936579       -0.6737127375
  61.   2.        0.3181116934       -0.3117911641
  61.   3.       -0.0482003744       -0.3268561519
  61.   4.        0.1435172343       -0.3773384684
  61.   5.        0.1144128172       -0.1717130917
  61.   6.        0.2462438453        0.1640951007
  61.   7.       -0.7899730332       -0.2772612897
  61.   8.       -0.3274020454       -0.1565476733
  61.   9.       -0.1757495860        0.2744485480
  61.  10.       -0.1653844535        0.0614644049
  61.  11.       -0.4333392151        0.2591149400
  61.  12.       -0.5434855079       -0.5318645801
  61.  13.       -0.5104724911        0.9747265389
  61.  14.        0.4239044334       -0.1520598623
  61.  15.       -0.0673633047        0.1693047109
  61.  16.        0.6386478811        0.6789805995
  61.  17.       -0.1379299217        0.2333644500
  61.  18.        0.3325079760       -0.2578118951
  61.  19.       -0.4396472606        0.2231476084
  61.  20.        0.3416282602       -0.6091888549
  61.  21.       -0.0472241996        0.0795319674
  61.  22.        0.3087779893        0.2266710315
  61.  23.       -0.1233495067       -0.3250813013
  61.  24.        0.5365302807       -0.2169797688
  61.  25.       -0.1635016494       -0.0607761194
  61.  26.       -0.2706034602       -0.7112149245
  61.  27.       -0.6500332912       -0.0613794366
  61.  28.        0.3201145903       -0.1128812055
  61.  29.        0.6679403907       -0.8256302430
  61.  30.        0.5664720598        0.1173507795
  61.  31.        0.3086857499        0.0270387695
  61.  32.       -0.5687838400       -0.2381570630
  61.  33.       -0.1602373434        0.2356374239
  61.  34.        0.2127000044       -0.3200747505
  61.  35.       -0.1778524941       -0.5097421052
  61.  36.        0.4134196264        0.2533876051
  61.  37.       -0.4998107055        0.1700453679
  61.  38.       -0.0513588705       -0.5914826984
  61.  39.       -0.4356884578        0.4246159179
  61.  40.        0.4172533992       -0.1058973482
  61.  41.        0.1960560107       -1.1697312528
  61.  42.       -0.2305971127        0.0790888925
  61.  43.       -0.1465741727       -0.3267385854
  61.  44.       -0.1256564371        0.2876808733
  61.  45.       -0.0610764505        0.8757441093
  61.  46.       -0.2904338844        0.4265157896
  61.  47.       -0.1629979516        0.5529003896
  61.  48.        0.7538921026        0.5805489682
  61.  49.       -0.0282816568        0.1556474250
  61.  50.        0.2055334819       -0.5731561221
  61.  51.        0.8710567814        0.2032878574
  61.  52.        0.1245384490        0.4183126974
  61.  53.        0.2160094733       -0.7115739619
  61.  54.        0.4446514590       -0.5928352131
  61.  55.        0.3370725511        0.1642021634
  61.  56.       -0.0022264027       -0.0403275068
  61.  57.       -0.1178969650       -0.0857194884
  61.  58.       -0.4355565959       -0.4696211895
  61.  59.       -0.6758459631        0.4676472726
  61.  60.        0.2586108662       -0.3869135374
  61.  61.        0.2073086782       -0.0589465139
  62.   0.        0.4345035224        0.0000000000
  62.   1.       -0.2168697121       -0.2659980760
  62.   2.        0.0365963405        0.0711698096
  62.   3.        0.5994356023       -0.0704566446
  62.   4.       -0.5486140319       -0.2325439708
  62.   5.       -0.1535739289       -0.1202920460
  62.   6.        0.5643960927       -0.2446626806
  62.   7.       -0.1626957832       -0.0464525255
  62.   8.       -1.0909427896        0.0791989531
  62.   9.       -0.3514962265       -0.8274869131
  62.  10.        0.2556147247       -0.1272212247
  62.  11.        0.0521245493        0.1559107872
  62.  12.        0.2463673421        0.1268240304
  62.  13.       -0.0991663251        0.0874147004
  62.  14.        0.2883140363       -0.4452950858
  62.  15.        0.0451998090       -0.3297820597
  62.  16.       -0.1173612173        0.7369281325
  62.  17.       -0.6228378139        0.2202841810
  62.  18.       -0.0159114792       -0.0447769938
  62.  19.        0.2387120738        0.4838210820
  62.  20.        0.0659357679        0.0132951158
  62.  21.       -0.3654481870       -0.2578895066
  62.  22.       -0.2391560606       -0.1959116337
  62.  23.        0.3679595305       -0.7365906585
  62.  24.        0.0126530564        0.0041757408
  62.  25.        0.5659302012        0.2730443364
  62.  26.        0.4097291222       -0.3571645529
  62.  27.        0.0925003208        0.0809396159
  62.  28.        0.0585473872       -0.4968333194
  62.  29.        0.2541472407        0.0260310810
  62.  30.        0.8262290124       -0.1050024639
  62.  31.        0.1998133703        0.0512863831
  62.  32.       -0.6096690351        0.6149738768
  62.  33.       -0.0783156265       -0.3730856614
  62.  34.       -0.1464531069       -0.3531166083
  62.  35.        0.0124899048        0.2544825579
  62.  36.        0.4453577548       -0.2551422189
  62.  37.        0.0950863419       -0.2856707147
  62.  38.        0.2475964479        0.3258196861
  62.  39.       -0.5018765910       -0.0100536501
  62.  40.       -0.2269659262        0.0519387467
  62.  41.        0.0374638091       -0.2918336194
  62.  42.        0.3681658567       -0.4371012598
  62.  43.       -0.0423685359        0.9776447239
  62.  44.        1.1602873328        0.0564044776
  62.  45.        0.1519125794        0.4229262748
  62.  46.        0.4525030871        0.8883002563
  62.  47.       -0.5409361695        0.4168106350
  62.  48.       -1.0438785697        0.0247830219
  62.  49.       -0.0423561728       -0.7580590119
  62.  50.        0.0676522538       -0.4528200433
  62.  51.        0.1034119899        0.5797511899
  62.  52.        0.1806765877       -0.2143549730
  62.  53.        0.2375273378        0.3286941430
  62.  54.        0.2614485320        0.0075926735
  62.  55.        0.2200621461        0.4604278266
  62.  56.        0.3403504747        0.2424247944
  62.  57.       -0.0420651256       -0.2550467777
  62.  58.       -0.0335813975        0.0522383268
  62.  59.       -0.0711365400       -0.1054669923
  62.  60.       -0.2265160830       -0.0953427011
  62.  61.       -0.0973267167        0.4099696081
  62.  62.       -0.1314999723       -0.5947657962
  63.   0.        0.3120620659        0.0000000000
  63.   1.       -0.6276151482       -0.7272749295
  63.   2.       -0.8407056337        0.2215130813
  63.   3.       -0.2805030211       -0.0994934118
  63.   4.        0.1492180423        0.3119085208
  63.   5.       -0.1608797458       -0.0249552637
  63.   6.        0.3365841964       -0.3840938876
  63.   7.        0.4360882411       -0.0300913162
  63.   8.        0.3152888410        0.5393520122
  63.   9.        0.5452257019       -0.1574397965
  63.  10.        0.1420269369        0.2413581736
  63.  11.        0.3864688735        0.3253680703
  63.  12.        0.2854746744        0.1017824748
  63.  13.        0.0169311886       -0.7571040949
  63.  14.       -0.2831188454        0.3790939627
  63.  15.       -0.3138433931        0.1183708724
  63.  16.       -0.4328494665       -0.4287014909
  63.  17.        0.1440563953       -0.4734759779
  63.  18.       -0.2354317662       -0.5292568250
  63.  19.        0.6958603025       -0.0316760494
  63.  20.       -0.0248893983        0.2668855673
  63.  21.       -0.4660648359       -0.0522313708
  63.  22.       -0.3543219825       -0.3094291199
  63.  23.        0.1507746390       -0.0605454731
  63.  24.        0.0010974747        0.0364381784
  63.  25.        0.2658592603        0.3498132355
  63.  26.        0.7736520557        0.4573728103
  63.  27.        0.2109596978       -0.1353088498
  63.  28.       -0.4366395586       -0.0387688919
  63.  29.        0.1039098851       -0.2541571358
  63.  30.       -0.4783345042       -0.5032280649
  63.  31.       -0.3798849044        0.1251656739
  63.  32.        0.8066829172        0.2947175597
  63.  33.       -0.5614217615       -0.2340736065
  63.  34.        0.1935493388        0.1622613775
  63.  35.       -0.1748384918       -0.3480197762
  63.  36.       -0.1841333448       -0.0369157326
  63.  37.        0.9590730404        0.2467592823
  63.  38.        0.7790353286        0.1159335915
  63.  39.        0.0155568023        0.7791693510
  63.  40.       -0.6389054087       -0.6290369937
  63.  41.       -0.3322855772        0.2040075241
  63.  42.        0.4642057781       -0.1229090364
  63.  43.        0.3588014947       -0.0536735413
  63.  44.        0.0250016144       -0.3999252788
  63.  45.       -0.5019040400       -0.0767636054
  63.  46.        0.0523985518       -0.2203586373
  63.  47.       -0.8026498139       -0.4072302313
  63.  48.       -0.6292878066       -0.0742792280
  63.  49.        0.3684672771        0.0302122290
  63.  50.       -0.0907355835       -0.1075560112
  63.  51.        0.0583303211       -0.4542401036
  63.  52.        0.0635588844        0.4360435968
  63.  53.        1.1910305021        0.2583097346
  63.  54.        0.3280755936       -0.5952071839
  63.  55.       -0.6957934819        0.2293966230
  63.  56.       -0.2585036651        0.0148656889
  63.  57.       -0.5307362553       -0.9402464047
  63.  58.        0.0899719870       -0.0631722484
  63.  59.        0.0458931775        0.2119773708
  63.  60.        0.0346237725        0.3030572902
  63.  61.        0.0845459959       -1.0525411893
  63.  62.        0.5452363825        0.0482115955
  63.  63.        0.3517194651        0.0442716447
  64.   0.       -0.0319271735        0.0000000000
  64.   1.       -0.0812492110        0.1593578657
  64.   2.       -0.5524202066        0.0252062906
  64.   3.       -0.2085387576        0.0409915071
  64.   4.        0.1737835084       -0.1086422184
  64.   5.        0.6788498120        0.6894855084
  64.   6.       -0.6050192559       -0.0415050510
  64.   7.        0.2996687351       -0.1268133451
  64.   8.        0.4281849199       -0.0940820012
  64.   9.        0.4764017844       -0.0222274015
  64.  10.       -0.5571743372        0.0216484359
  64.  11.       -0.4972065868       -0.5326974778
  64.  12.        0.1436847385       -0.3997967516
  64.  13.       -0.1106612795       -0.4313018083
  64.  14.        0.0873939179        0.3952300734
  64.  15.        0.2347086311        0.0730275977
  64.  16.        0.1498863462       -0.2384057930
  64.  17.        0.5654940902       -0.1990352671
  64.  18.        0.2752590470        0.2131395349
  64.  19.       -0.2357188611        0.0971951208
  64.  20.       -0.1636919094        0.0451906276
  64.  21.       -0.4086913577        0.1131376982
  64.  22.       -0.1324463997        0.0347959328
  64.  23.        0.6540250061        0.0564518174
  64.  24.        0.1413155443       -0.3978425096
  64.  25.       -0.2362840759       -0.1151011991
  64.  26.        0.1653023174        0.0984230901
  64.  27.       -0.9830402728        0.1592272826
  64.  28.       -0.7190547508        0.0271235698
  64.  29.       -0.1770476124       -0.4135284896
  64.  30.        0.2816947331       -0.1199456102
  64.  31.        0.1560276713       -0.3615210827
  64.  32.        0.2886541469       -0.0931982577
  64.  33.        0.3642312835       -0.1396914629
  64.  34.       -0.0669590006        0.0790859373
  64.  35.        0.0583623933       -0.1307700698
  64.  36.        0.1071017706        0.9872049465
  64.  37.       -0.0043868471        0.0687036852
  64.  38.       -0.5332714345        0.2512770294
  64.  39.        0.7489380826       -0.0841511008
  64.  40.       -0.2681052996       -0.2175958171
  64.  41.       -0.1919861408        0.6796510001
  64.  42.        0.1778109567        0.0759826006
  64.  43.       -0.4125941431       -0.2194519921
  64.  44.       -0.6232542127        0.2463266945
  64.  45.        0.1111587754        0.2651724330
  64.  46.        0.5401052513       -0.1208955572
  64.  47.       -0.3575348319        0.6469602679
  64.  48.       -0.0774418130       -0.0964954683
  64.  49.        0.9203816419        0.1700477331
  64.  50.       -0.9588823910       -0.7679368582
  64.  51.       -0.1903069586        0.8004821916
  64.  52.       -0.1735592998       -0.4232871615
  64.  53.       -0.7111848820       -0.2466552085
  64.  54.        0.0484659281        0.4948407381
  64.  55.        0.6013917807        0.1016282068
  64.  56.        0.2255427902        0.0326933684
  64.  57.        0.2134299604       -0.4914333046
  64.  58.        0.7819352248       -0.0065762340
  64.  59.        0.2044598690        0.0117185111
  64.  60.       -0.1369204257       -0.6655375289
  64.  61.       -0.5912474358        0.3397445112
  64.  62.       -0.5425969350        0.1359490125
  64.  63.       -0.1214603842        0.0032389429
  64.  64.        0.0243685873       -0.2133765874
  65.   0.        0.0262379895        0.0000000000
  65.   1.        0.0265124758        0.6333478170
  65.   2.       -0.0189258076        0.1776655674
  65.   3.       -0.5855390979        0.4248194943
  65.   4.       -0.2481675396        0.3020446553
  65.   5.       -0.0093086337        0.5712040280
  65.   6.        0.0001313556        0.1350849800
  65.   7.        0.3139442918       -0.0785997027
  65.   8.       -0.3310410875       -0.8583563276
  65.   9.       -0.3643145994       -0.0556585207
  65.  10.       -0.0655045078       -0.0287036305
  65.  11.       -0.0701300196        0.1571925480
  65.  12.        0.0466050137        0.0745793878
  65.  13.        0.2086324592        0.2485217669
  65.  14.       -0.1560041103       -0.1328262793
  65.  15.        0.2975309910        0.2641501659
  65.  16.       -0.0342492894        0.8120678155
  65.  17.       -0.3697644863        0.3596659990
  65.  18.       -0.4466008411        0.6787470113
  65.  19.        0.4219520292       -0.6920885010
  65.  20.       -0.1368062337        0.1979677157
  65.  21.        0.5272787904       -0.2575932883
  65.  22.       -0.3683198471        0.3930440132
  65.  23.       -0.2829385218       -0.1288199485
  65.  24.       -0.3441217337       -0.7154389393
  65.  25.        0.3618499225       -0.0704255946
  65.  26.       -0.3175662058       -0.3547132807
  65.  27.        0.0590564631        0.0472863454
  65.  28.       -0.0365918728        0.1187287665
  65.  29.       -0.3950331328       -0.1194403566
  65.  30.        0.2112960739        0.1345411926
  65.  31.        0.2694106237        0.1094486626
  65.  32.       -0.5772601768        0.7244535712
  65.  33.        0.3012371389       -0.4933830126
  65.  34.        0.0251881654       -0.1402401102
  65.  35.        0.2605760843       -0.1650690011
  65.  36.        0.0961207356       -0.2143260786
  65.  37.       -0.3312137315        0.3685938365
  65.  38.       -0.0932091489        0.1572532119
  65.  39.       -0.0139089282       -0.4466516826
  65.  40.        0.4471447664        0.0948852353
  65.  41.       -0.8114091698        0.2595338837
  65.  42.       -0.2666895113       -0.3343659617
  65.  43.       -0.1641893279       -0.3275765986
  65.  44.       -0.2757683926        0.0661096228
  65.  45.        0.2565120690       -0.0539633238
  65.  46.       -0.1806451555        0.4257543478
  65.  47.        0.2334799311        0.1580993920
  65.  48.       -0.2341641865       -0.3568395063
  65.  49.        0.3266776615       -0.2266629058
  65.  50.        0.3879658512       -0.1219048587
  65.  51.       -0.1327058520        0.4555324199
  65.  52.       -0.1405283568        0.2474222424
  65.  53.        0.6918708716        0.1277918539
  65.  54.        0.1850277428       -0.5066979242
  65.  55.        0.3267617085       -0.4627195197
  65.  56.       -0.1985014219       -0.1204742694
  65.  57.       -0.0254748685        0.2583203062
  65.  58.        0.0467926349        0.1363630753
  65.  59.       -0.1073540580        0.2282004171
  65.  60.        0.5527686073        0.1554394191
  65.  61.       -0.2792226710        0.4445400852
  65.  62.       -0.5449467701        0.2958801063
  65.  63.        0.2484760682       -0.3579288746
  65.  64.        0.2598002750        0.6672633089
  65.  65.       -0.4938397340       -0.2688796818
  66.   0.       -0.2841256879        0.0000000000
  66.   1.        0.1253283389        0.1024802487
  66.   2.        0.4033088441       -0.1003329264
  66.   3.       -0.1320237626        0.3350013938
  66.   4.       -0.0911060636       -0.0211723305
  66.   5.       -0.1851936939       -0.4875949031
  66.   6.        0.8647441062        0.4303823514
  66.   7.        0.3569307349        0.0851958568
  66.   8.       -0.0694614083       -0.2553412727
  66.   9.       -0.1691664756        0.7771384049
  66.  10.       -0.6789419533        0.2608609700
  66.  11.        0.2652197007        0.7508962711
  66.  12.        0.2757458000        0.0156660172
  66.  13.       -0.3573198090        0.1359815011
  66.  14.        0.1090199547       -0.3941459839
  66.  15.       -0.2257851713        0.2559958753
  66.  16.       -0.1075122209        0.1140537767
  66.  17.        0.2602901422       -0.1453213112
  66.  18.       -0.0451828433       -0.3584133186
  66.  19.       -0.1803029941       -0.3472929973
  66.  20.        0.6213987343        0.4280992293
  66.  21.        0.2594625183        0.0286572681
  66.  22.        0.2294906454       -0.1873041534
  66.  23.       -0.6850419365       -0.2950255867
  66.  24.       -0.2024563156        0.3820866408
  66.  25.       -0.1141280229        0.2089054013
  66.  26.        0.0863404627        0.3046860538
  66.  27.        0.3160181024       -0.5120831017
  66.  28.        0.4665315453       -0.1466871502
  66.  29.       -0.8556491768        0.2700371960
  66.  30.       -0.0985557910        0.4086765381
  66.  31.       -0.0589147630        0.5291574063
  66.  32.       -0.2251124770       -0.3110733118
  66.  33.       -0.2269136287        0.7063903669
  66.  34.       -0.2240881659        0.2329831809
  66.  35.       -0.0697965294        0.2599749628
  66.  36.       -0.2953081555        0.1077541464
  66.  37.        0.2404536058       -0.5062102960
  66.  38.       -0.1353240621        0.4444238215
  66.  39.       -0.5264913448       -0.5251167823
  66.  40.       -0.1683002010        0.5255738616
  66.  41.       -0.7480537369        0.3311643396
  66.  42.       -0.2535136901       -0.3929031009
  66.  43.        0.3171221419       -0.6531309515
  66.  44.       -0.0005875526       -0.3804198888
  66.  45.       -0.5032203029       -0.4082640448
  66.  46.       -0.0432401321       -0.6374690183
  66.  47.        0.2487528961       -0.2998510971
  66.  48.       -0.1335527574        0.7548289707
  66.  49.       -0.4367915809       -0.5986094351
  66.  50.        0.2707787172        0.2007097781
  66.  51.        0.0706196561        0.5383995380
  66.  52.        0.5680621456       -0.3733763523
  66.  53.       -0.3385114296       -0.0702549785
  66.  54.        0.8186135261       -0.1730929953
  66.  55.        0.3582400681        0.2633004262
  66.  56.       -0.5115065588        0.2565413445
  66.  57.        0.4920553547       -0.0997129009
  66.  58.       -0.2566621857       -0.3426512128
  66.  59.       -0.4454661417        0.0353766943
  66.  60.       -0.2036716103        0.3482052956
  66.  61.        0.3376175783        0.3318155457
  66.  62.       -0.2844017879       -0.6159839386
  66.  63.        0.3019325496        0.2925996150
  66.  64.       -0.1542336573        0.0058353581
  66.  65.        0.0183467599        0.1847999150
  66.  66.        0.3035574963       -0.5662306241
  67.   0.        0.0296447412        0.0000000000
  67.   1.       -0.0253548384        0.1848506572
  67.   2.        0.3572199588       -0.2436115983
  67.   3.        0.5397225556       -0.1440840982
  67.   4.        0.0464395801       -0.4410621271
  67.   5.        0.3601873361       -0.4394706748
  67.   6.        0.1209311729        0.4458107029
  67.   7.       -0.0059870213        0.3958477746
  67.   8.       -0.2980843318        0.0908687750
  67.   9.        0.5582669725        0.6005914706
  67.  10.       -0.5047808919       -0.6275980648
  67.  11.       -0.1104437701       -0.2792075647
  67.  12.        0.7991948287       -0.3536263355
  67.  13.       -0.0589955664       -0.1809553365
  67.  14.        0.2110734562       -0.5678302139
  67.  15.        0.0304005033       -0.3315929108
  67.  16.        0.0671429382       -0.8608861244
  67.  17.        1.0339520138       -0.2055194828
  67.  18.        0.9665949463       -0.2808246839
  67.  19.       -0.7229246246        0.3168045015
  67.  20.       -0.0522175986       -0.0067316960
  67.  21.        0.2991469087        0.4106297828
  67.  22.       -0.0497478235       -0.1905158750
  67.  23.        0.3960282139        0.1397024866
  67.  24.       -0.0273072904        0.6011408437
  67.  25.       -0.5259892701       -0.4428582301
  67.  26.       -0.2888662989       -0.0332187600
  67.  27.       -0.0569050907        0.6917669984
  67.  28.        0.4214359042        0.0361085830
  67.  29.       -0.1242194389        0.0510136272
  67.  30.       -0.1140800996        0.6194192803
  67.  31.       -0.9771931233       -0.4197348635
  67.  32.        0.0317852432       -0.6895392689
  67.  33.       -0.4959930222        0.1689331145
  67.  34.       -0.4294121068        0.2452899779
  67.  35.       -0.6456912862        0.1407726032
  67.  36.       -0.1434467752       -0.1018469330
  67.  37.       -0.1759192073       -0.4720088510
  67.  38.       -0.4811627179       -0.0093644598
  67.  39.       -0.1226046760        0.1314060363
  67.  40.        0.4515464367       -0.7638971220
  67.  41.       -0.1445892022       -0.2147577604
  67.  42.        0.7266769716        0.4574288078
  67.  43.        0.2729670687        0.2091751794
  67.  44.       -0.3425724492        0.5086662905
  67.  45.       -0.2355874972       -0.2001200172
  67.  46.       -0.0143757606       -0.4804804479
  67.  47.        0.8237383397        0.5479118198
  67.  48.        0.3193681947        0.5064274676
  67.  49.       -0.0241291240        0.7055864279
  67.  50.       -0.5530106857        0.6453538255
  67.  51.        0.5670896361       -0.6152327976
  67.  52.       -0.1688068635       -0.0918944932
  67.  53.       -0.0937400347       -0.3778512868
  67.  54.       -0.0937650009       -0.6778410987
  67.  55.       -0.6876030445        0.7454563839
  67.  56.       -0.4491903546        0.3654886092
  67.  57.       -0.6476717935        0.6164569944
  67.  58.        0.1164951833       -0.4823182452
  67.  59.       -0.4138187049       -0.1969322820
  67.  60.        0.2304738617        0.1565196029
  67.  61.       -0.5636776911        0.1000725749
  67.  62.        0.3095245299        0.5947904387
  67.  63.       -0.0319534560       -0.3440698674
  67.  64.        0.7178238617        0.1380462116
  67.  65.       -1.0290088776       -0.3458503618
  67.  66.        0.1034662457       -0.2407577726
  67.  67.        0.3001994470       -0.3338795027
  68.   0.        0.1672102289        0.0000000000
  68.   1.       -0.0449837483       -0.0870605918
  68.   2.       -0.0173370117       -0.0544919507
  68.   3.        0.4820709225        0.0485610455
  68.   4.        0.1874318282        0.0211454479
  68.   5.       -0.0851946634       -0.0477909328
  68.   6.       -0.6981887718       -0.6001300269
  68.   7.       -0.5146598798        0.4125613023
  68.   8.       -0.3699568302       -0.1533807603
  68.   9.       -0.4187583960        0.0659682734
  68.  10.        0.9127451357       -0.2951272223
  68.  11.        0.1548186550        0.1097420514
  68.  12.       -0.3811703093       -0.1004779818
  68.  13.        0.8439009384        0.2184017018
  68.  14.       -0.6299440040        0.3426408956
  68.  15.        0.0990464129        0.1997445367
  68.  16.       -0.4030703412        0.3165171598
  68.  17.       -0.2718709080        0.4622154788
  68.  18.       -0.0675372742       -0.3590799381
  68.  19.       -0.0217498525        0.1041624977
  68.  20.       -0.3993648195       -0.0985590958
  68.  21.       -0.3919560804       -0.3318969858
  68.  22.       -0.4063001493        0.4498361443
  68.  23.        0.0614659641        0.1097662712
  68.  24.        0.1526087048       -0.1750202291
  68.  25.        0.4278895961        0.1262080946
  68.  26.        0.0896554920       -0.0531914444
  68.  27.        0.0870971339        0.4733832127
  68.  28.       -0.3931998813        0.2401476706
  68.  29.        0.5743142853        0.1607554813
  68.  30.        0.3181412804       -0.0495393522
  68.  31.        0.1336142720       -0.1812921056
  68.  32.       -0.0458736537        0.2200551549
  68.  33.        0.1741224027       -0.3490184540
  68.  34.        0.0780472349        0.3462746125
  68.  35.        0.2060385944       -0.3730638887
  68.  36.        0.0792618996       -0.5063476411
  68.  37.       -0.0200361156        0.2294050065
  68.  38.        0.4475355742       -0.0766945568
  68.  39.        0.1269493904        0.3075383782
  68.  40.       -0.2400736870       -0.1478677610
  68.  41.        0.5175954705       -0.0702395267
  68.  42.       -0.2511477395       -0.6329621266
  68.  43.       -0.2647660302        0.4550306154
  68.  44.        0.5143911762       -0.2254908083
  68.  45.        0.4937291408        0.2198195546
  68.  46.        0.3080608211        0.3655186304
  68.  47.        0.2712355799       -0.7573819076
  68.  48.       -0.3146414582       -0.1812471677
  68.  49.       -0.0708363659        0.5097917515
  68.  50.       -0.0604754831       -0.3712516901
  68.  51.        0.3940476436        0.5377961152
  68.  52.        0.1551564745        0.4327754246
  68.  53.        0.9366659967        0.0683488957
  68.  54.       -0.6199587714       -0.5473529767
  68.  55.       -1.0589422096        0.2858608135
  68.  56.        0.0204954044       -0.6009413950
  68.  57.        0.1090683347        0.2297349110
  68.  58.        0.0002619143       -0.5447230043
  68.  59.       -0.4030715498       -0.1969938940
  68.  60.       -0.3799170712       -0.1155403893
  68.  61.       -0.3620697727        0.5122515204
  68.  62.        0.3768647896       -0.7994897042
  68.  63.        0.0282401921       -0.8100794482
  68.  64.        0.4578248800       -0.5596311925
  68.  65.        0.6174449799        0.2261428627
  68.  66.        0.4677364421        0.2873134196
  68.  67.        0.0322575848        0.8749802107
  68.  68.       -0.0281062208        0.1761141048
  69.   0.        0.0044668170        0.0000000000
  69.   1.        0.1223690334        0.1605555803
  69.   2.        0.0690395720       -0.0441281786
  69.   3.        0.2614345914       -0.3415286227
  69.   4.        0.2853164251        0.1099143541
  69.   5.       -0.1411967607        0.1088141838
  69.   6.       -0.2411976385       -0.3860282646
  69.   7.       -0.4747833857        0.0625912321
  69.   8.        0.5331400581        0.0712832541
  69.   9.       -0.4195184238        0.0048217903
  69.  10.        0.2019319662        0.2023265648
  69.  11.       -0.1205716590        0.0378125738
  69.  12.       -0.7048431030       -0.1081914615
  69.  13.        0.0912062117        0.4453736301
  69.  14.       -0.2582420390        0.2969031202
  69.  15.       -0.0189192479        0.1055824115
  69.  16.       -0.8543350754        0.3092612235
  69.  17.       -0.4414132623        0.1746944815
  69.  18.       -0.1618363472        0.1150664041
  69.  19.        0.5333879362        0.4893107315
  69.  20.        0.1225563682        0.4836524086
  69.  21.       -0.4909592811       -0.3795721531
  69.  22.        0.1077032003        0.0856443944
  69.  23.       -0.3814372398        0.0839151286
  69.  24.        0.3311299873        0.3157855621
  69.  25.        0.0888569704        0.6219237642
  69.  26.        0.1731094726        1.1981790658
  69.  27.        0.1770240669       -0.3040140236
  69.  28.       -0.0399229190        0.6586840201
  69.  29.        0.4091470439        0.3438983815
  69.  30.       -0.6171241267       -0.3530396353
  69.  31.        0.5545200266       -0.1910029980
  69.  32.        0.7041724986       -0.2337440435
  69.  33.        0.0766636023        0.1383371537
  69.  34.        0.3871507188       -0.3615547153
  69.  35.       -0.1345627932       -0.1720485961
  69.  36.        0.1745125903        0.2540155732
  69.  37.        0.5317132257       -0.0884969468
  69.  38.       -0.4707164615        0.0990932442
  69.  39.       -0.0167180652       -0.1686922388
  69.  40.       -0.2544904533        0.7085655211
  69.  41.        0.0283708207       -0.0485893479
  69.  42.        0.0601549303        0.2652248143
  69.  43.        0.8839213217       -0.9618141906
  69.  44.       -0.3179653225       -0.1504101339
  69.  45.        0.5241113636       -0.1502723753
  69.  46.       -0.0302237677       -0.1333172301
  69.  47.       -0.1739281003       -0.1883066717
  69.  48.        0.2587578805       -0.1552761483
  69.  49.        0.1045610125        0.5878874930
  69.  50.       -0.3079582655       -0.5229122394
  69.  51.        0.7027445898        0.4366311906
  69.  52.       -0.1591407567        0.2766810007
  69.  53.       -0.2349946493        0.1613579003
  69.  54.        0.4122215841        0.4507895032
  69.  55.       -0.4228685929        0.6789930280
  69.  56.       -0.3141374104        0.3667851863
  69.  57.       -0.2009999383        0.3064717088
  69.  58.        0.1483072442       -0.0547029098
  69.  59.        0.0008622024       -0.2772919414
  69.  60.        0.1648973251        0.1072802559
  69.  61.        0.5282362872       -0.2865892847
  69.  62.        0.2839664327        0.2113827014
  69.  63.       -0.4741650286       -0.4581912999
  69.  64.       -0.8005307941        0.4445623430
  69.  65.        0.1770538157       -0.3863744215
  69.  66.        0.2610840111       -0.2450667215
  69.  67.        0.2346615870        0.6346247431
  69.  68.        0.5681861443        0.1503149541
  69.  69.       -0.2914868238       -0.5836610512
  70.   0.        0.1658899866        0.0000000000
  70.   1.       -0.0813642680        0.2080413332
  70.   2.        0.0071012666        0.3884461357
  70.   3.       -0.6361880632       -0.7661170145
  70.   4.        0.4928104682        0.2456161359
  70.   5.       -0.7442229024        0.0510962143
  70.   6.        0.9709477228        0.4605461288
  70.   7.       -0.3145759615       -0.2291774202
  70.   8.        0.6496051731       -0.1321815147
  70.   9.        0.5741704864       -0.1959431516
  70.  10.        0.3051498762       -0.0475587879
  70.  11.        0.1980624155       -0.5203986112
  70.  12.        0.3675055713        0.2754459371
  70.  13.       -0.4809762003       -0.0941242061
  70.  14.        0.5052087645       -0.3547972109
  70.  15.        0.0768646807        0.0437468838
  70.  16.        0.1907216286       -0.2260754506
  70.  17.       -0.3946003099       -0.3237161470
  70.  18.        0.3471776521       -0.0985149056
  70.  19.       -0.0473870661        0.6110573609
  70.  20.        0.2755138938        0.1924993200
  70.  21.        0.1937538393       -0.0046628543
  70.  22.       -0.0133493378       -0.0707521146
  70.  23.       -0.2099361946        0.0772658723
  70.  24.       -0.3771171076       -0.0478410434
  70.  25.        0.1381003242       -0.0225592759
  70.  26.        0.1807212814       -0.1463831040
  70.  27.       -0.1005667620        0.3600415212
  70.  28.       -0.0653052003        0.0295500904
  70.  29.        0.2888773216       -0.3358253090
  70.  30.       -0.5554685334        0.5508273206
  70.  31.        0.2919133957       -0.3981302728
  70.  32.        0.0206859000        0.3515033620
  70.  33.       -0.4114027159       -0.0549347278
  70.  34.       -0.1266828529       -0.2765716196
  70.  35.       -0.0389526900        0.1037020051
  70.  36.       -0.0787142874        0.3866267765
  70.  37.        0.1001531608        0.0369526098
  70.  38.        0.3397044742       -0.7336971286
  70.  39.        0.2144592969       -0.4337970299
  70.  40.        0.3872384555       -0.2558662548
  70.  41.       -0.0606872185       -0.3710521859
  70.  42.        0.1013299860        0.2010108863
  70.  43.       -0.6326292242       -0.0070066331
  70.  44.       -0.2520676025       -0.0268591498
  70.  45.        0.0041823092       -0.1109227970
  70.  46.       -0.2247829998       -0.4832722248
  70.  47.       -0.4518263985        0.3289069342
  70.  48.        0.5061606592        0.9384435231
  70.  49.        0.3751481040       -0.1841449498
  70.  50.        0.0771738789        0.6097982318
  70.  51.       -0.1413032597       -0.3356138939
  70.  52.       -0.0422081301        0.1884036051
  70.  53.       -0.1393892656        0.8879412825
  70.  54.        0.0713361976        0.0379820719
  70.  55.        0.1546679521       -1.0903975783
  70.  56.        0.3881364375        0.2048602935
  70.  57.       -0.0757369908       -0.0576836463
  70.  58.       -0.4964332386       -0.0582623852
  70.  59.        0.5876401911        0.4046459059
  70.  60.       -0.0530606359        0.4644252483
  70.  61.       -0.1593109053        0.4689043115
  70.  62.        0.6110485765       -0.0908842538
  70.  63.        0.3052389635        0.7247325768
  70.  64.        0.2009156675       -0.4152855787
  70.  65.        0.3833301056       -0.3664758102
  70.  66.        0.4191584763        0.1923649858
  70.  67.       -0.4694347376       -0.1597382032
  70.  68.       -0.3912305723        0.4526621291
  70.  69.       -0.2071357578        0.3342700686
  70.  70.        0.3921338410        0.2462001743
  71.   0.       -0.1235876469        0.0000000000
  71.   1.        0.1319404499       -0.2653302583
  71.   2.       -0.4233216111       -0.2204169220
  71.   3.       -0.2125875224        0.3098950289
  71.   4.       -0.0321469503       -0.1571706145
  71.   5.        0.0415227593        0.0318382947
  71.   6.        0.1049286605        0.2402747691
  71.   7.        0.1570548192       -0.1361329597
  71.   8.        0.0883627270        0.0645853844
  71.   9.       -0.5693047159       -0.2445996323
  71.  10.        0.4538115164        0.1036784735
  71.  11.       -0.0574272968        0.0916473466
  71.  12.        0.6144643218        0.5888611152
  71.  13.        0.0673289979       -0.2245870393
  71.  14.        0.0869756546        0.0594095885
  71.  15.        0.0966056109        0.2791336738
  71.  16.        0.1471819992        0.3264437169
  71.  17.       -0.6825040472        0.2735065685
  71.  18.       -0.6020797575       -0.5206711214
  71.  19.        0.2519966678        0.0348427959
  71.  20.        0.0273756911       -0.2637868987
  71.  21.       -0.2487685301        0.0197554620
  71.  22.        0.1525843320        0.3623084023
  71.  23.       -0.0193646870       -0.6566431400
  71.  24.       -0.1744085039       -0.0539947488
  71.  25.        0.5419039826       -0.1707988477
  71.  26.        0.0185659379       -0.5706778925
  71.  27.        0.1527084744        0.2142737558
  71.  28.       -0.1589714737       -0.9126623456
  71.  29.       -0.3131527643       -0.2521926412
  71.  30.        0.5781378071       -0.1432639535
  71.  31.       -0.0229777556        0.3390950667
  71.  32.       -0.5741045062        0.1622745734
  71.  33.       -0.0151095552       -0.1351031253
  71.  34.        0.0189617358       -0.0553274919
  71.  35.       -0.1860320601       -0.2436299824
  71.  36.       -0.2367722370       -1.2070962965
  71.  37.       -0.2546149406        0.4817787389
  71.  38.        0.3841321058       -0.2259580499
  71.  39.       -0.0462917699        0.0077211458
  71.  40.       -0.2565386036       -0.3431657823
  71.  41.       -0.0673930969        0.1690271888
  71.  42.       -0.2044267341       -0.2894460234
  71.  43.       -0.8574604777       -0.0926137595
  71.  44.        0.0795346835        0.3715182419
  71.  45.       -0.5067676241        0.3396514367
  71.  46.        0.1156184706       -0.3251492064
  71.  47.       -0.1610011037       -0.1481478604
  71.  48.        0.2577057379        0.2170314554
  71.  49.       -0.2301152834       -0.1190398134
  71.  50.       -0.3220447532       -0.4011589750
  71.  51.       -0.4121548545       -0.3796054077
  71.  52.        0.3914611098        0.6872893439
  71.  53.        0.4987094688        0.7504722539
  71.  54.       -0.3066536320        0.1195866411
  71.  55.        0.5430625207        0.1878174257
  71.  56.        1.1762510288       -0.2772045230
  71.  57.        0.0927157599        0.3878378662
  71.  58.        0.0486317207        0.9535795007
  71.  59.       -0.1245461435        0.0798004390
  71.  60.        0.5237035058       -0.4761610293
  71.  61.       -0.1078041486       -0.4935256042
  71.  62.       -0.4027613397        0.1275293017
  71.  63.       -0.5683139074        0.5888667220
  71.  64.        0.2138087471        0.6335166996
  71.  65.       -0.5605080019       -0.3923508388
  71.  66.       -0.0106690565        0.7149186423
  71.  67.        0.5042202321        0.4893854412
  71.  68.       -0.3153745199       -0.6830268069
  71.  69.        0.6127582326        0.6249879162
  71.  70.        0.3422234641        0.2297089891
  71.  71.        0.1657744135       -0.0679613331
  72.   0.        0.1424128616        0.0000000000
  72.   1.       -0.0364145825        0.0192455641
  72.   2.        0.0805856546       -0.5732156734
  72.   3.       -0.2590710770        0.7893310179
  72.   4.       -0.4526970257       -0.3663428784
  72.   5.        0.5098866111       -0.1393815778
  72.   6.       -0.3505319861        0.0160665175
  72.   7.        0.0808585604        0.1604299227
  72.   8.       -0.1698867799        0.8171534430
  72.   9.       -0.3535463716       -0.2184230694
  72.  10.       -0.4592846018        0.2900641267
  72.  11.       -0.6577519940       -0.1649930306
  72.  12.        0.0565714078       -0.2619445259
  72.  13.        0.1226105701        0.5558181958
  72.  14.       -0.0118570612        0.3628473643
  72.  15.        0.1477551435       -0.1151146533
  72.  16.       -0.2030003867        0.0371408613
  72.  17.        0.2238154256        0.5436475803
  72.  18.        0.3187111487       -0.2617444448
  72.  19.        0.1215068601       -0.3482497708
  72.  20.        0.1150854035       -0.3738008555
  72.  21.        0.8998193566        0.5406452829
  72.  22.       -0.0490617356        0.0901014027
  72.  23.       -0.2075284779        0.3635808394
  72.  24.        0.1124983890        0.1876695487
  72.  25.       -0.4556772938       -0.0705960382
  72.  26.       -0.0672215548       -0.0051745282
  72.  27.        0.2610523724       -0.1291902659
  72.  28.       -0.0764022885       -0.0423130785
  72.  29.       -0.6051224061        0.3743065178
  72.  30.        0.0616173892       -0.7498761162
  72.  31.       -0.3786604144        0.4662051117
  72.  32.        0.0300191723        0.1754430718
  72.  33.       -0.0081356428        0.0006850051
  72.  34.        0.5393471071       -0.1211205109
  72.  35.       -0.1934536234        0.0729904280
  72.  36.        0.2211011477        0.0108144106
  72.  37.       -0.0242762434       -0.1041663763
  72.  38.       -0.4821434244       -0.1000000487
  72.  39.       -0.1138150943        0.2578635491
  72.  40.       -0.3780415921       -0.3028358973
  72.  41.       -0.8994164908        0.1774116178
  72.  42.        0.0177827976       -0.0502053787
  72.  43.        0.1825732519       -0.6216146273
  72.  44.       -0.3107347181       -0.4286600280
  72.  45.        0.1814755323       -0.2673044960
  72.  46.       -0.1784136552        0.1843010871
  72.  47.       -0.4965283916       -0.0340260619
  72.  48.        0.0580483471       -0.6487184231
  72.  49.        0.2809555098        0.1174840987
  72.  50.        1.1210013176       -0.2837342018
  72.  51.       -0.3314460535        0.3718606219
  72.  52.        0.0471978965        0.3618531189
  72.  53.       -0.2654240381       -0.4494931357
  72.  54.       -0.1415918879        0.0404535299
  72.  55.       -0.2307001582       -0.3659825558
  72.  56.       -0.8597729110       -0.0485605963
  72.  57.        0.3144003339       -0.3331976421
  72.  58.        0.7538637418        0.2696241655
  72.  59.       -0.0381659575        0.3014555577
  72.  60.       -0.0860028142        0.4981610017
  72.  61.        0.9075278705        0.8279263038
  72.  62.        0.8836155869       -0.0097838738
  72.  63.        0.3318661135        0.4598653027
  72.  64.        0.0192240017        0.4427392012
  72.  65.       -0.3435939287       -0.0552535483
  72.  66.        0.1302243056       -0.2230631861
  72.  67.        0.5055678912        0.7449824822
  72.  68.        0.2675377810       -0.3544913555
  72.  69.       -0.0399120987       -0.7468252329
  72.  70.        0.3489203520        0.1536688558
  72.  71.        0.6043033842        0.2931063098
  72.  72.        0.5464129188        0.7046463255
  73.   0.       -0.4608627836        0.0000000000
  73.   1.        0.0079801324       -0.0878549505
  73.   2.        0.0561064065        0.2145370604
  73.   3.       -0.4706537222       -0.3652878878
  73.   4.       -0.1312245751        0.1291943596
  73.   5.       -0.7376493356       -0.1464018392
  73.   6.        0.4996248527        0.0154094269
  73.   7.        0.1156753189       -0.0907499425
  73.   8.       -0.1903295008        0.2996943288
  73.   9.        0.3641731560       -0.0974173265
  73.  10.       -0.0058238537        0.2080680485
  73.  11.        0.1762624811       -0.2601904799
  73.  12.       -0.3633887359       -0.4620428349
  73.  13.       -0.2098916341       -0.2268268160
  73.  14.       -0.1337796574       -0.1979999556
  73.  15.       -0.0711759682       -0.2432207347
  73.  16.        0.1357296213        0.0099245943
  73.  17.        0.5073021767       -0.1175776998
  73.  18.        0.2475001344        0.3076120810
  73.  19.        0.0118973707       -0.4207703359
  73.  20.       -0.0928584827       -0.2375011853
  73.  21.        0.1193929171       -0.4236619431
  73.  22.       -0.6983934565        0.3862169844
  73.  23.        0.2420021445        0.3223487084
  73.  24.       -0.3469681503       -0.1980860486
  73.  25.       -0.2200628285       -0.0228998165
  73.  26.       -0.3928227166       -0.3017941779
  73.  27.       -0.0153967854       -0.9568792230
  73.  28.       -0.0156519366        0.7621184872
  73.  29.       -0.2776751007        0.4049440813
  73.  30.        0.0487994780        0.2786942911
  73.  31.        0.0898317409       -0.0478153510
  73.  32.        0.0517954480        0.5566579351
  73.  33.       -0.3099036223        0.5762311955
  73.  34.       -0.1985538679       -0.0275364308
  73.  35.        0.1545453089       -0.1731818674
  73.  36.        0.0108510319        0.1807088795
  73.  37.       -0.3414259057       -0.2566542996
  73.  38.       -0.0011049937        0.7420598468
  73.  39.        0.8398982773       -0.1122611527
  73.  40.       -0.2238293120       -0.0153737837
  73.  41.       -0.3788649561        0.0337964016
  73.  42.       -0.2450678132        0.6276567824
  73.  43.        0.0985924211        0.3620391789
  73.  44.        0.4569908435       -0.3550511161
  73.  45.        0.1587971545       -0.3776889832
  73.  46.        0.3514834108        0.0185180607
  73.  47.        0.0354536862       -0.6029462863
  73.  48.       -0.0387153039       -0.7026164991
  73.  49.       -0.2657315509       -0.4213252135
  73.  50.        0.6006099651        0.1837937379
  73.  51.       -0.1311586353       -0.2359488158
  73.  52.       -0.7300107630       -0.3471860385
  73.  53.       -0.1929272629       -0.1472195809
  73.  54.       -0.0528545627       -0.4855022931
  73.  55.       -0.4677414497        0.0575854748
  73.  56.       -0.5322821409       -0.3183446388
  73.  57.       -0.2410661623       -0.2471949155
  73.  58.       -0.2231764851        0.5603003687
  73.  59.       -0.5145854593        1.1769590556
  73.  60.       -0.2036442793       -0.2118388408
  73.  61.       -0.1968636479        0.0361830732
  73.  62.       -0.6147968952       -0.1518947075
  73.  63.        0.1556032084        0.5714191493
  73.  64.        0.0057016252        0.8508652203
  73.  65.       -0.3954677450       -0.0179765344
  73.  66.        0.1807327440        0.4172769210
  73.  67.        0.3708377360       -0.2286530466
  73.  68.        0.8142095910       -0.0480967363
  73.  69.       -0.3574900009        0.2626919340
  73.  70.       -0.4420701197        0.7972273043
  73.  71.       -0.0766250093        0.5181908824
  73.  72.       -0.0620439335        0.1373440541
  73.  73.        1.0659410234       -0.1965727326
  74.   0.       -0.4151512216        0.0000000000
  74.   1.        0.4771063059       -0.2001009951
  74.   2.       -0.5396684637        0.1521915795
  74.   3.        0.7060875763       -0.3878374312
  74.   4.       -0.2610553069        0.1546432115
  74.   5.        0.3476219141        0.2247692058
  74.   6.       -0.2149474199       -0.1047484403
  74.   7.        0.2660885512       -0.7697548236
  74.   8.        0.0199305896        0.0318405969
  74.   9.       -0.8286659229        0.0779290904
  74.  10.        0.2542504157        0.1035985847
  74.  11.        0.2647995829        0.5286541443
  74.  12.       -0.2601883637       -0.1908845942
  74.  13.        0.0733177415       -0.7384150869
  74.  14.       -0.2315982602       -0.1692282459
  74.  15.       -0.3329765785        0.3293285527
  74.  16.        0.4891185928        0.2515641539
  74.  17.        0.3455971409       -0.1787347827
  74.  18.       -0.5047521419        0.1752524251
  74.  19.       -0.0360801923       -0.6807774626
  74.  20.       -0.2407753722       -0.1137129298
  74.  21.       -0.7347415019       -0.7458883009
  74.  22.       -0.0867923171       -0.2902349387
  74.  23.        0.4841595558       -0.1926756368
  74.  24.        0.0063416008       -0.5877905509
  74.  25.        0.1285626041        0.1498219379
  74.  26.       -0.1113767328        0.4478763338
  74.  27.        0.3943396208       -0.2522748750
  74.  28.        0.3646713902       -0.2481115138
  74.  29.       -0.1109203123       -0.1567489466
  74.  30.       -0.0627235934       -0.0029452417
  74.  31.        0.1060521291       -0.2098669406
  74.  32.        0.4198816602        0.4441956551
  74.  33.       -0.0334520158        0.2195620070
  74.  34.       -0.1871910459       -0.1029113886
  74.  35.        0.1688412983        0.3824885014
  74.  36.        0.0354585958       -0.1114219262
  74.  37.        0.0888867804       -0.0190799290
  74.  38.        0.2080599294       -0.2763447167
  74.  39.       -0.0685182664       -0.0052941610
  74.  40.       -0.3976377382        0.1687820377
  74.  41.        0.4996446499       -0.4142032857
  74.  42.       -0.2221263287       -0.2233372959
  74.  43.        0.5411183633        0.3072031094
  74.  44.        0.1147447685       -0.1409321725
  74.  45.       -0.7744910645        0.4797428183
  74.  46.        0.3403763773        0.2405435788
  74.  47.       -0.1854925964       -0.3469918076
  74.  48.       -0.4928488444        0.2730688152
  74.  49.        0.0010848185       -0.1912717288
  74.  50.       -0.4135709187       -0.4495017912
  74.  51.        0.0221073500       -0.0845902072
  74.  52.        0.1385340005        0.0579461646
  74.  53.        0.3948719310       -0.7699149666
  74.  54.       -0.2112002028        0.0665172257
  74.  55.        0.0369626129        0.5936593265
  74.  56.       -0.1852695867       -0.3053624439
  74.  57.       -0.2199773847        0.3623836864
  74.  58.        0.0076819527        0.5600293204
  74.  59.        0.6607947720       -0.2785655006
  74.  60.       -0.3026643329        0.4619251602
  74.  61.        0.0061946522       -0.1048159066
  74.  62.        0.1422844472       -0.3217110579
  74.  63.        0.0822030473        0.5274069110
  74.  64.       -0.0404458613        0.1028353336
  74.  65.       -0.6568373663        0.5147052280
  74.  66.       -0.5275638150       -0.0898255861
  74.  67.       -0.1348754543       -0.3597015477
  74.  68.       -0.1867070504       -0.3457577088
  74.  69.        0.1301214183       -0.6709630637
  74.  70.       -0.3038598740       -0.1332405558
  74.  71.        0.3313487051       -0.6715167480
  74.  72.        0.0847716784        0.4652556582
  74.  73.       -0.7529416246       -0.0489430763
  74.  74.       -0.5175577803        0.4592844360
  75.   0.        0.7055125506        0.0000000000
  75.   1.       -0.2618790868        0.2632603311
  75.   2.        0.4593085627       -0.0849985749
  75.   3.        0.2547774601        0.9388949451
  75.   4.       -0.2041542975        0.2584406691
  75.   5.        0.5260409701        0.0922691716
  75.   6.       -0.2195107808       -0.0807925476
  75.   7.        0.0053009674       -0.0686379991
  75.   8.        0.1877163837        0.1897553837
  75.   9.        0.0891424945        0.2156653381
  75.  10.       -0.1612551735       -0.4865963588
  75.  11.        0.0959643502        0.4920226564
  75.  12.       -0.5672567380       -0.2533958627
  75.  13.       -0.0726245607       -0.0008301761
  75.  14.        0.3178012376       -0.3506392945
  75.  15.        0.1114039854       -0.2449293397
  75.  16.       -0.3470405418       -0.3260903490
  75.  17.        0.0900374428       -0.1687406859
  75.  18.        0.7522870382       -0.3667214893
  75.  19.       -0.2684455759        0.0841592644
  75.  20.       -0.1092091193        0.0572329797
  75.  21.        0.2052143494        0.0639627784
  75.  22.        0.4138981602       -0.1509675020
  75.  23.       -0.2798200242        0.0802121058
  75.  24.        0.4553612836        0.2272709851
  75.  25.       -0.0737206649        0.2552415111
  75.  26.        0.7382053177        0.1003858102
  75.  27.       -0.2004554289        0.6509423164
  75.  28.       -0.4529073919       -0.1301967671
  75.  29.       -0.1510159331       -0.0286162140
  75.  30.       -0.9798711779       -0.0358781640
  75.  31.        0.0400493931        0.2365759104
  75.  32.       -0.1931336889       -0.4031001195
  75.  33.       -0.4067150607       -0.1091764598
  75.  34.        0.2503535282       -0.2135279264
  75.  35.       -0.2837868869        0.4044245532
  75.  36.       -0.3670566730        0.2659943674
  75.  37.        0.3121935082        0.4291467048
  75.  38.       -0.1961742159        0.0858527184
  75.  39.       -0.2368629459        0.4436401603
  75.  40.        0.6184802714        0.0091002435
  75.  41.        0.4519029473        0.1101274565
  75.  42.       -0.1119550055       -0.0172707739
  75.  43.       -0.1400095559       -0.6405600946
  75.  44.       -0.3049142158       -0.5875327427
  75.  45.        0.1688651436        0.0347647555
  75.  46.       -0.9016776740       -0.7554890276
  75.  47.       -0.0267525003       -0.0666575323
  75.  48.       -0.2131437559        0.5511111881
  75.  49.       -0.3528826039        0.5459627597
  75.  50.        0.6821008080       -0.4357463375
  75.  51.        0.2205317391       -0.5066242123
  75.  52.        0.3191166670       -0.2201356188
  75.  53.       -0.5077296712       -0.4540387235
  75.  54.       -0.6742439054        0.0338081768
  75.  55.       -1.1074551572       -0.0609988064
  75.  56.        0.2064458674        0.6586565368
  75.  57.        0.7657156585       -0.6042609713
  75.  58.        0.1075868541       -0.1618336625
  75.  59.        0.4981744937       -0.4694007926
  75.  60.        0.0654975667        0.1752348255
  75.  61.       -0.6205707908        0.4962935222
  75.  62.        0.0955424954        0.3717126546
  75.  63.       -0.0812261657       -0.5992012002
  75.  64.       -0.6615685315        0.1669617208
  75.  65.        0.7872316699        0.1558183373
  75.  66.        0.2401057891        0.1127832399
  75.  67.        0.3301424936       -0.7689075795
  75.  68.        0.3312321271        0.4649644534
  75.  69.        0.1115598397        0.7922903078
  75.  70.        0.4608634468       -0.0760716104
  75.  71.        0.2576882152       -0.1400397552
  75.  72.       -0.1546534668        0.5508021951
  75.  73.        0.2811300524       -0.1540209688
  75.  74.       -0.1881179754       -0.0359574313
  75.  75.        0.5666988212        0.0390330758
  76.   0.        0.2642384082        0.0000000000
  76.   1.       -0.2563795765       -0.1340484518
  76.   2.        0.2914090418        0.0781189451
  76.   3.        0.0347071215        0.4372998957
  76.   4.        0.6836364378        0.2090345104
  76.   5.        0.0833917227        0.0554114356
  76.   6.        0.1811046612       -0.1163862822
  76.   7.       -0.3705195894        0.8598049837
  76.   8.        0.0151275990       -0.5227194174
  76.   9.        0.9877247650        0.2904205749
  76.  10.       -0.6872379006       -0.0166396429
  76.  11.        0.1480924693       -0.0017114026
  76.  12.        0.0556414130       -0.0821212398
  76.  13.       -0.1840957331        0.1226234415
  76.  14.        0.0201994846       -0.1884636755
  76.  15.        0.2266724236        0.0453593927
  76.  16.        0.0937061351        0.1630744806
  76.  17.        0.3316586638       -0.2367171190
  76.  18.        0.5000292972       -0.3862856433
  76.  19.       -0.2852347634        0.3707398352
  76.  20.       -0.2187791968        0.1957208771
  76.  21.       -0.0053870284       -0.2976568122
  76.  22.       -0.4566345988        0.3831068004
  76.  23.        0.2001653435        0.0358274144
  76.  24.       -0.0444851830       -0.0788257842
  76.  25.       -0.0717075644        0.9079405561
  76.  26.        0.1650843119        0.5305898941
  76.  27.       -0.5716443947        0.2720637361
  76.  28.        0.1415283220        0.2915797178
  76.  29.        0.3149831343        0.5322740965
  76.  30.        0.2326762775        0.1219834164
  76.  31.        0.6430524903       -0.5180870743
  76.  32.       -0.4308186646       -0.2100659079
  76.  33.       -0.0069895466       -0.2962292853
  76.  34.       -0.1233330889       -0.1469982515
  76.  35.        0.0328777724       -0.6206896687
  76.  36.       -0.0455593812       -0.5235769998
  76.  37.       -0.6138586391        0.0521245986
  76.  38.        0.0404671935        0.2593155124
  76.  39.        0.3006015095       -0.1713225898
  76.  40.        0.2215650618       -0.3203743225
  76.  41.        0.3921518828        0.6864833302
  76.  42.       -0.2892169117       -0.2515931474
  76.  43.       -0.4331096464       -0.1771216958
  76.  44.       -0.0173252464       -0.3330566522
  76.  45.        0.5903035924        0.1043534191
  76.  46.       -0.0138936295        0.0476435934
  76.  47.       -0.5206903861       -0.4088116374
  76.  48.        0.7991477175        0.1255615676
  76.  49.        0.1255312701       -0.5473372249
  76.  50.        0.5314948277       -0.2566290484
  76.  51.        0.4699151497       -0.0595939879
  76.  52.        0.2722093575       -0.1058924925
  76.  53.       -0.4857174988        0.1514898314
  76.  54.        0.3163667086        0.0716901404
  76.  55.       -0.3068808599       -0.3237068245
  76.  56.       -0.2236214226       -0.2138614835
  76.  57.        0.1498653121        0.3738424164
  76.  58.       -0.0320407134        0.4476016227
  76.  59.       -0.6378765149        0.2334346649
  76.  60.        0.1875925098        0.1212902327
  76.  61.        0.1859982755        0.0415896585
  76.  62.        0.4558998576        0.3326359456
  76.  63.       -0.0064500452       -0.0381863123
  76.  64.        0.3895388058       -0.6861057128
  76.  65.       -0.1409172686       -0.5981078382
  76.  66.       -0.4341147727        0.0564784437
  76.  67.       -0.4893967321       -0.1917051308
  76.  68.        0.0291142303        1.1190237171
  76.  69.        0.3720240681       -0.1664178604
  76.  70.        0.6169548135        0.0834041681
  76.  71.        0.2349006451       -1.0177260199
  76.  72.       -0.1430377499       -0.7853675473
  76.  73.       -0.3189315976        0.3716390374
  76.  74.        0.0232755693       -0.1674146930
  76.  75.       -0.2723258384       -0.1263542137
  76.  76.        0.4392663774        0.0901416389
  77.   0.       -0.3379594348        0.0000000000
  77.   1.        0.4209297053       -0.5830677796
  77.   2.       -0.8155078559        0.0247382192
  77.   3.        0.3392499881       -0.6459037798
  77.   4.        0.2419320659        0.1845598505
  77.   5.        0.4887217654        0.1052239949
  77.   6.       -0.4067685044       -0.5087107803
  77.   7.       -0.0924084141        0.2073939148
  77.   8.       -0.1598417689       -0.6126398471
  77.   9.        0.0900965190       -0.1123060269
  77.  10.        0.2857589497       -0.0633537676
  77.  11.       -0.3287108812       -0.7130391688
  77.  12.        0.6825857794        0.4963207538
  77.  13.        0.1731371975        0.3143279281
  77.  14.       -0.1748246662        0.3787021736
  77.  15.       -0.2331847037       -0.1355128652
  77.  16.        0.2683031479        0.2791881111
  77.  17.        0.6413110686        0.3659156713
  77.  18.       -0.2702516319       -0.4075100002
  77.  19.       -0.0357457726       -0.3858893071
  77.  20.       -0.0478273492       -0.2949566807
  77.  21.        0.3487111665       -0.3035621909
  77.  22.       -0.4718082090       -0.2663175294
  77.  23.        0.1295889436        0.0275358009
  77.  24.        0.0428456749        0.0003067177
  77.  25.        0.0579434944        0.1051906651
  77.  26.        0.0427153087        0.5624844859
  77.  27.        0.3633544722        0.3466785438
  77.  28.        0.6915302490        0.0085780258
  77.  29.       -0.0438663820       -0.1519168742
  77.  30.        0.4640364108       -0.0894979043
  77.  31.        0.2066827495       -0.1416956464
  77.  32.        0.7985576972       -0.3589855650
  77.  33.        0.0628825860       -0.2622586426
  77.  34.       -0.1265056841        0.6834105062
  77.  35.        0.1731339979        0.3811219451
  77.  36.       -0.6562069064       -0.2813183538
  77.  37.        0.0484565189        0.0293661960
  77.  38.        0.3198952098       -0.2245962871
  77.  39.        0.0423258229       -0.5354811281
  77.  40.       -0.3935242709       -0.2214068475
  77.  41.        0.1203228738       -0.0418028969
  77.  42.        0.4564834622        0.1743181039
  77.  43.       -0.4652860781        0.4633037309
  77.  44.        0.2026068808       -0.0549572341
  77.  45.       -0.0368169836        0.4113347335
  77.  46.        0.1361754555        0.4214044329
  77.  47.       -0.3801963671        0.1200748304
  77.  48.       -0.1064384514       -0.0652872001
  77.  49.        0.4990351273        0.2306644603
  77.  50.       -0.1979696768        0.2156644615
  77.  51.       -0.6588137908       -0.0008808003
  77.  52.        0.2118977412        0.3423661968
  77.  53.       -0.3658352492        0.3503454534
  77.  54.        0.0526213549        0.0641828396
  77.  55.        0.3685056925        0.3863855005
  77.  56.       -0.0970226190       -0.3251216542
  77.  57.       -0.0950788888        0.0802048256
  77.  58.        0.4322802857       -0.3321557381
  77.  59.       -0.1177537489       -0.1419924936
  77.  60.        0.0384754620        0.5076136577
  77.  61.       -0.5139857400       -0.4635917057
  77.  62.        0.2020871917        0.3117346816
  77.  63.       -0.4740593564        0.1696983505
  77.  64.        0.0200204995       -0.6386382352
  77.  65.        0.2261076244        0.3479543262
  77.  66.        0.7304512231       -0.8040994046
  77.  67.        0.0605242679       -0.7533523607
  77.  68.       -0.3962430630       -0.5908238237
  77.  69.       -0.0784400644        0.9200559270
  77.  70.       -0.1106183851        0.1979528455
  77.  71.       -0.6113909183        0.3883816874
  77.  72.       -0.7326552693        0.4244233317
  77.  73.        0.3966096140       -0.4597812895
  77.  74.       -0.0925950309       -0.2904725307
  77.  75.        0.0589293639        0.5224781740
  77.  76.       -0.1452959024       -0.4440636534
  77.  77.        0.0134190714        0.1714320220
  78.   0.       -0.2125110733        0.0000000000
  78.   1.       -0.1001001665        0.1329189235
  78.   2.        0.0728300383        0.3685031718
  78.   3.       -0.1987669902       -0.6463832154
  78.   4.       -0.5053316580       -0.1081006782
  78.   5.       -0.6184927570        0.2328573382
  78.   6.       -0.0813175221       -0.2630540746
  78.   7.        0.4919947201        0.0160354545
  78.   8.       -0.2418099982        0.0635700210
  78.   9.        0.2060382158       -0.3750931019
  78.  10.        0.7533603337       -0.4724269934
  78.  11.        0.1124286812       -0.4453309563
  78.  12.       -0.0580028347        0.5258168842
  78.  13.        0.0649447010        0.1740839852
  78.  14.       -0.1480529593        0.4843525393
  78.  15.        0.1860120025       -0.0711594849
  78.  16.       -0.3959856527       -0.7965512266
  78.  17.       -0.3456740299       -0.1497787395
  78.  18.        0.0236338481       -0.0567561839
  78.  19.       -0.2848718972       -0.6423525264
  78.  20.        0.4200911743        0.0871947801
  78.  21.        0.0542777823       -0.1344656179
  78.  22.        0.1813190618       -0.5754984246
  78.  23.       -0.0687089879       -0.0020799891
  78.  24.       -0.1173463251        0.3303391414
  78.  25.        0.5276392783       -0.6412036324
  78.  26.        0.5118972974       -0.5430663584
  78.  27.        0.5963937131        0.0332410923
  78.  28.        0.0242208871        0.2867420588
  78.  29.        0.1668649658       -0.1704073746
  78.  30.       -0.3598904754        0.0511782228
  78.  31.       -0.2561629245        0.6131378466
  78.  32.        0.0100903622        0.3246309691
  78.  33.       -0.3732306809       -0.4115326084
  78.  34.       -0.0008258940       -0.3935855342
  78.  35.       -0.4736840268       -0.0297085575
  78.  36.        0.0855220937        0.5418717019
  78.  37.        0.5908802855       -0.0319112096
  78.  38.       -0.1456379530        0.1426372481
  78.  39.        0.1444882080        0.1267709065
  78.  40.       -0.2230918049       -0.5520837441
  78.  41.        0.6350066401       -0.3881747570
  78.  42.        0.6376486593        0.1528044286
  78.  43.       -0.2368427315        0.4992353716
  78.  44.        0.1464339619        0.5306368093
  78.  45.       -0.2910700590       -0.0901422717
  78.  46.        0.0386029505        0.2253205389
  78.  47.        0.1189176821        0.3409798871
  78.  48.       -0.6191384134        0.2362435386
  78.  49.        0.0083419491       -0.5322297054
  78.  50.       -0.0755900390        0.3210457179
  78.  51.        0.1999262150       -0.4341441813
  78.  52.        0.1872816770       -0.0552733165
  78.  53.        0.2847555119        0.0710979848
  78.  54.        0.3233863167       -0.6891920903
  78.  55.       -0.1296862124       -0.4874640790
  78.  56.       -0.0464070183        0.0281729821
  78.  57.       -0.0460699227       -0.6645750219
  78.  58.        0.2548863750       -0.1736008289
  78.  59.       -0.0692863061       -0.0699625613
  78.  60.        0.0380535408       -0.0603695368
  78.  61.       -0.0513757787       -0.4078925882
  78.  62.       -0.1407347692       -0.3550165823
  78.  63.        0.7591961493        0.0257299016
  78.  64.       -0.9450196994        0.2270828993
  78.  65.        0.0203028236        0.2263345064
  78.  66.        0.5066621613        0.2324417026
  78.  67.        0.1836881742        0.6567329457
  78.  68.       -0.0252185941        0.0065622738
  78.  69.       -0.2894400258        0.0340367996
  78.  70.        0.1707335084       -0.2958801879
  78.  71.        0.1334114357       -0.2359614600
  78.  72.        0.3436490690       -0.4624340129
  78.  73.        0.3701182365       -0.6693980915
  78.  74.       -0.1084120338        0.0006751940
  78.  75.        0.2676972190        0.3690129549
  78.  76.       -0.0185375537        0.3284398683
  78.  77.       -0.0724511399        0.4508632049
  78.  78.       -0.1123739269       -0.1866849905
  79.   0.       -0.0882181133        0.0000000000
  79.   1.       -0.1315462936        0.2603943230
  79.   2.        0.4705212780        0.0844747004
  79.   3.        0.1413483242        0.0866374174
  79.   4.       -0.0798882994       -0.8419691884
  79.   5.       -0.4792186817        0.2420115831
  79.   6.        0.2101143731        0.6650198528
  79.   7.        0.0698272395        0.1911223406
  79.   8.       -0.4348313768        0.2135088126
  79.   9.       -0.3020502138       -0.1187468593
  79.  10.       -0.4295328125       -0.1581683038
  79.  11.       -0.2231862331        0.1469414465
  79.  12.       -0.0823139924       -0.3237085103
  79.  13.       -0.1584150298       -0.4814719844
  79.  14.        0.1218857670        0.3102653220
  79.  15.        0.2450482018        0.4747364930
  79.  16.        0.1118780357       -0.4186564406
  79.  17.       -0.5497875389       -0.1552614163
  79.  18.       -0.0841356649        0.9032400062
  79.  19.        0.4057940926        0.3900489724
  79.  20.        0.1853937898        0.1893137998
  79.  21.        0.1141432676       -0.2535129391
  79.  22.        0.1194486362        0.2301993506
  79.  23.       -0.0976018943        0.0331823804
  79.  24.       -0.5478442372       -0.0971423136
  79.  25.       -0.2525683140       -0.4010977160
  79.  26.        0.1644617534       -0.2276503232
  79.  27.       -0.3358453231        0.0366757357
  79.  28.       -0.3329915329        0.1646101150
  79.  29.        0.1031130188       -0.2023982006
  79.  30.        0.2930308237        0.2300205759
  79.  31.       -0.0334852893       -0.6764228042
  79.  32.        0.0781645338        0.2180536623
  79.  33.       -0.0442896218        0.3398062520
  79.  34.        0.0444027357       -0.7371877351
  79.  35.        0.1582018310       -0.2836887120
  79.  36.        0.9025235711       -0.0717144449
  79.  37.       -0.1740755198       -0.1251442940
  79.  38.        0.1323466791        0.0621068755
  79.  39.        0.3164291981        0.0735510677
  79.  40.        0.3396629608        0.0370347125
  79.  41.        0.1140717338       -0.0649954452
  79.  42.       -0.2040155399       -0.3236686585
  79.  43.       -0.0231233777        0.3018299367
  79.  44.       -0.1718565418        0.3293297050
  79.  45.        0.1736056814       -0.0204825822
  79.  46.        0.2664328437       -0.1238907637
  79.  47.        0.1863381745        0.6419460234
  79.  48.        0.3574056750       -0.4069017303
  79.  49.        0.5320847373        0.0195196393
  79.  50.        0.2876994133       -0.3209032962
  79.  51.       -0.2032591187        0.1338007594
  79.  52.       -0.1620452048       -0.1235244782
  79.  53.        0.7874948768       -0.3076269867
  79.  54.        0.0505306975       -0.0536032304
  79.  55.        0.2966441034       -0.3775757503
  79.  56.        0.1284640301       -0.2720183600
  79.  57.       -0.7720017791       -0.0776713286
  79.  58.       -0.4213583803       -0.0112581455
  79.  59.       -0.1541757567       -0.3192653906
  79.  60.        0.3843745391        0.5561343433
  79.  61.        0.5580176037        0.1666001497
  79.  62.       -0.0978711009       -0.6582522976
  79.  63.       -0.4543196380        0.2278603393
  79.  64.        0.2938551755        0.3653547050
  79.  65.        0.1864173315       -0.6830587046
  79.  66.       -0.5045294235        1.0173126738
  79.  67.       -0.1371826595       -0.3875953962
  79.  68.       -0.4562320810        0.2129527292
  79.  69.        0.1503523177        0.1488029743
  79.  70.        0.1184224738        0.3270139791
  79.  71.        0.0848885829        0.4496556662
  79.  72.       -0.0338327400       -0.3290443324
  79.  73.        0.4247540576        0.2095094851
  79.  74.       -0.2389434021       -0.1610653114
  79.  75.       -0.1776783334       -0.2103375675
  79.  76.       -0.0243577221       -0.2817227238
  79.  77.        0.1775579675       -0.2774282826
  79.  78.       -0.5591800786        0.0346212996
  79.  79.        0.2556924566        0.5045795504
  80.   0.        0.0691426195        0.0000000000
  80.   1.        0.1989038929       -0.2851959782
  80.   2.        0.3205980816       -0.3599832331
  80.   3.        0.0205687688        0.3659409827
  80.   4.        0.0302336789       -0.0840931302
  80.   5.        0.4358699438       -0.3122791966
  80.   6.       -0.2066228253        0.6682353095
  80.   7.       -0.4447037998       -0.6414529964
  80.   8.        0.0199306349        0.2828471610
  80.   9.       -0.5549716151        0.2165111293
  80.  10.       -0.2959574527        0.3672081901
  80.  11.       -0.1761955875       -0.0617168428
  80.  12.       -0.1269321557       -0.4408779291
  80.  13.        0.1081121041       -0.0706347178
  80.  14.        0.0361032928       -0.0470066939
  80.  15.       -0.0274550149       -0.1134907194
  80.  16.        0.3869015957        0.5337026875
  80.  17.        0.0837127969        0.0772428306
  80.  18.       -0.3865732351       -0.0642763340
  80.  19.        0.0488792856        0.9327842658
  80.  20.       -0.1052330486        0.2686171829
  80.  21.        0.2784898024       -0.2791773573
  80.  22.        0.0861912002        0.1545686640
  80.  23.       -0.2311018772       -0.1806796540
  80.  24.        0.8338222651       -0.5381646247
  80.  25.        0.1030655848        0.2620933373
  80.  26.        0.0636900358       -0.4269257472
  80.  27.        0.1497782581        0.3148985397
  80.  28.       -0.3446151716       -0.1793868668
  80.  29.       -0.2015689397       -0.0729539836
  80.  30.        0.2968358432       -0.3337232418
  80.  31.       -0.0569949023       -0.1090011025
  80.  32.        0.2137184557       -0.1619846077
  80.  33.        0.0723753034        0.6449200360
  80.  34.       -0.2291949001        0.2634245645
  80.  35.        0.3043640221        0.4080348296
  80.  36.       -0.3529115685       -0.5706279996
  80.  37.        0.0053045273       -0.0341599198
  80.  38.       -0.1878782984       -0.4555555569
  80.  39.       -0.4928118348        0.7687991257
  80.  40.        0.0350348720        0.1849641708
  80.  41.       -0.5868053921       -0.3416242967
  80.  42.       -0.4357245314       -0.2798861603
  80.  43.        0.1869488096        0.3410368130
  80.  44.       -0.1468068151       -0.1788304513
  80.  45.        0.2428259375        0.1465281237
  80.  46.       -0.4344693632       -0.2922866110
  80.  47.       -0.3810055691        0.3120091462
  80.  48.        0.2642139494       -0.2519213351
  80.  49.       -0.1440748777       -0.1084239416
  80.  50.        0.1657016109        0.3379082558
  80.  51.        0.5973174769        0.1349700355
  80.  52.        0.0037652525       -0.1143289927
  80.  53.       -0.2215003086       -0.5260125530
  80.  54.        0.2426880916        0.3283707559
  80.  55.       -0.1181502802        0.1201044948
  80.  56.       -0.4679340714        0.3309837745
  80.  57.        0.0971609894        0.4156386236
  80.  58.        0.1882363970        0.4134026303
  80.  59.        0.1958071367       -0.9456873589
  80.  60.       -0.2843036811        0.4437450742
  80.  61.       -0.1017122579        0.7668544033
  80.  62.       -0.5922875150        0.3305999706
  80.  63.       -0.3207935850        0.3719292800
  80.  64.       -0.3613587377        0.1798717791
  80.  65.        0.4604183812       -0.4453013012
  80.  66.        0.2218553999       -0.1199946488
  80.  67.        0.5605510807        0.1170280449
  80.  68.       -0.1993604089        0.1902297900
  80.  69.       -0.2331733742       -0.1410372822
  80.  70.        0.8483158916        0.4228278826
  80.  71.       -0.0596372156       -0.0864004211
  80.  72.       -0.2481417014       -0.5241500521
  80.  73.        0.1506063307        0.0227115297
  80.  74.       -0.1432527970        0.2024731147
  80.  75.       -0.2275593039        0.3253774395
  80.  76.       -0.1178531183       -0.3464463169
  80.  77.        0.0487414206       -0.1177661480
  80.  78.       -0.2342275612        0.4067824659
  80.  79.       -0.5385346873        0.0467041751
  80.  80.       -0.1535735636       -0.2300181645
  81.   0.        0.4356288666        0.0000000000
  81.   1.       -0.3609763270        0.1684545501
  81.   2.        0.0694035001        0.1138397996
  81.   3.       -0.2225498924       -0.1666669654
  81.   4.        0.3252009120        0.4940844139
  81.   5.       -0.0640433815       -0.2675052731
  81.   6.        0.0275812303       -0.3795566814
  81.   7.       -0.2026696354       -0.0331246200
  81.   8.        0.7010631599       -0.0715593549
  81.   9.        0.4733910386        0.1091845017
  81.  10.        0.2718541450        0.3863553695
  81.  11.        0.5861791341       -0.0918890802
  81.  12.        0.0949743819        0.2160661086
  81.  13.       -0.1347342130        0.1134662764
  81.  14.       -0.6763892260       -0.3086984891
  81.  15.       -0.4625615438       -0.1262686544
  81.  16.       -0.4400526533        0.1545416477
  81.  17.       -0.0948705037        0.0411791602
  81.  18.        0.4913128750       -0.2297304496
  81.  19.        0.3680600265       -0.2568910217
  81.  20.       -0.2168005694        0.2784669232
  81.  21.       -0.4930409243       -0.0103910658
  81.  22.       -0.1241669314       -0.1456985094
  81.  23.        0.3878706458        0.1809742724
  81.  24.        0.5349968595        0.0637484605
  81.  25.       -0.2602915325        0.6005417133
  81.  26.        0.0668661376        0.0862384156
  81.  27.        0.0991291535       -0.2079469013
  81.  28.       -0.0316431699        0.2387052008
  81.  29.        0.0304491827        0.1390065561
  81.  30.       -0.4688076470       -0.0156886994
  81.  31.       -0.1805011530        0.1693315431
  81.  32.       -0.6966773072       -0.0781786092
  81.  33.        0.5243137420       -0.0619232245
  81.  34.       -0.4567254456        0.4276459538
  81.  35.        0.0205372264       -0.1729142613
  81.  36.       -0.1708847351        0.2312378199
  81.  37.        0.5120695743        0.2788359834
  81.  38.       -0.4098986978       -0.3291804393
  81.  39.        0.1135097322       -0.4011857626
  81.  40.       -0.4923315290       -0.1821598903
  81.  41.       -0.1094349820        0.2744085885
  81.  42.       -0.1311571413        0.0091708703
  81.  43.        0.2957509333       -0.0623505461
  81.  44.        0.5150078586        0.1442586484
  81.  45.        0.3154476822       -0.2549762024
  81.  46.       -0.4703894833       -0.1260648178
  81.  47.       -0.0221722758       -0.3117123097
  81.  48.       -0.4355794386        0.4129202754
  81.  49.       -0.3334264756       -0.0805686062
  81.  50.       -0.4022974575       -0.1404365078
  81.  51.       -0.2402455550        0.5096731794
  81.  52.        0.2059799976       -0.5263254359
  81.  53.        0.2447822199        0.3011292127
  81.  54.        0.2106362713        0.3781095268
  81.  55.       -0.4660212867        0.3423342974
  81.  56.       -0.4442504325       -0.1324808140
  81.  57.        0.4756959576        0.0995588379
  81.  58.        0.1781759985        0.0900961191
  81.  59.       -0.0879740716        0.9391697469
  81.  60.        0.0910655455       -0.6507210258
  81.  61.       -0.6080210279       -0.5254993632
  81.  62.       -0.2702522503        0.0598927682
  81.  63.       -0.1847411496        0.1533741645
  81.  64.       -0.3789378766        0.1953021689
  81.  65.       -0.0961095720        0.0705238407
  81.  66.        0.2227011076        0.5584713716
  81.  67.       -1.1112373924        0.1624345365
  81.  68.       -0.6604969060        0.2133161901
  81.  69.        0.3185809522        0.8538521529
  81.  70.       -0.3972285499        0.6257697506
  81.  71.        0.5798843923        0.6971453364
  81.  72.        0.1553294998        0.7197361995
  81.  73.        0.0967747972        0.1013163361
  81.  74.        0.0202695385        0.0335075205
  81.  75.        0.4089075627        0.4805870300
  81.  76.       -0.5360007261        0.4509687734
  81.  77.        0.7180206792       -0.6076515619
  81.  78.        0.3103317236        0.4352256853
  81.  79.        0.2638048051       -0.0582008677
  81.  80.       -0.0188579466        0.6001303103
  81.  81.        0.1419036389        0.1723261743
  82.   0.        0.0675376902        0.0000000000
  82.   1.       -0.2576648998        0.3010808861
  82.   2.       -0.4025620285        0.1026787776
  82.   3.       -0.2571002428       -0.2270785959
  82.   4.        0.3272712813       -0.0838943762
  82.   5.       -0.0696845169        0.0742230945
  82.   6.       -0.1691711904       -0.8536298174
  82.   7.       -0.0382510325        0.5603428105
  82.   8.        0.1958264664       -0.3967115756
  82.   9.        0.2532551962       -0.3336600392
  82.  10.        0.3043866614       -0.0487595464
  82.  11.        0.1757587660        0.2414815786
  82.  12.        0.5585755114        0.1208277288
  82.  13.       -0.2735934062       -0.3863452964
  82.  14.       -0.2654856473        0.0059401552
  82.  15.       -0.3020125175        0.3014404576
  82.  16.       -0.2912376734       -0.3443037565
  82.  17.       -0.0604596924       -0.2503593271
  82.  18.        0.7155515609        0.2561244651
  82.  19.       -0.3285983859        0.2301849543
  82.  20.       -0.0319466182        0.2026663837
  82.  21.       -0.1187928277        0.0973110500
  82.  22.       -0.5011464219        0.1846400335
  82.  23.       -0.0634235869        0.1594657739
  82.  24.       -0.4927911982        0.1623233766
  82.  25.       -0.3650139497        0.2268558852
  82.  26.       -0.7576085058        0.5843108472
  82.  27.       -0.3623475585       -0.4102192718
  82.  28.        0.2659904166       -0.2969464124
  82.  29.        0.0625928876       -0.1903121536
  82.  30.        0.2567562507        0.3050475912
  82.  31.        0.0913071477       -0.2604883998
  82.  32.       -0.1633912825        0.0151127905
  82.  33.        0.3866165782       -0.3405424462
  82.  34.       -0.0844810210        0.5492088618
  82.  35.       -0.6277183315        0.3375116791
  82.  36.        0.1600328561       -0.1325106937
  82.  37.       -0.2809953253        0.4543450547
  82.  38.       -0.3763661097        0.2513255677
  82.  39.        0.0919888332       -0.3744638731
  82.  40.       -0.2166555784       -0.0250011621
  82.  41.       -0.0729301537       -0.1174490026
  82.  42.       -0.0145033422       -0.1665314374
  82.  43.        0.4831129843       -0.1453024971
  82.  44.        0.2710464759        0.1737922402
  82.  45.       -0.1329839487       -0.4587319993
  82.  46.        0.3282721778       -0.3920506748
  82.  47.        0.2509717438       -0.8748068178
  82.  48.       -0.2285717536        0.1560285545
  82.  49.       -0.0473282605        0.4530348652
  82.  50.       -0.1357582089        0.2230885124
  82.  51.       -0.1761268346       -0.7405047817
  82.  52.        0.4900032907        0.2447341137
  82.  53.        0.1347234192        0.1530325638
  82.  54.       -0.0595594249       -0.2338010991
  82.  55.       -0.1535368966        0.0029902573
  82.  56.        0.2986643488        0.3047414103
  82.  57.       -0.1609383274       -0.3603980858
  82.  58.       -0.1723118146       -0.4891470670
  82.  59.       -0.1207928095        0.0348975960
  82.  60.        0.0337883510       -0.3816404806
  82.  61.       -0.1765496377       -0.8288827851
  82.  62.       -0.3022548457       -0.0693243730
  82.  63.       -0.6492930175        0.4069749646
  82.  64.        0.6017168517       -0.0915870012
  82.  65.        0.1870501507        0.3017581313
  82.  66.        0.1776565471        0.4871186101
  82.  67.       -0.1854812396        0.2403453192
  82.  68.       -0.0086925582       -0.4920289180
  82.  69.        0.5154198094       -0.1214582419
  82.  70.        0.1278066775       -0.1051175524
  82.  71.       -0.7642986633       -0.3449879410
  82.  72.       -0.8749759859        0.2453956221
  82.  73.        0.1558573151       -0.0950043033
  82.  74.       -0.2033948894        0.0400437768
  82.  75.       -0.0452277536        0.5905465564
  82.  76.       -0.2504360689        0.2659288823
  82.  77.       -0.0649916087        0.4204174048
  82.  78.       -0.0919681509       -0.4916600255
  82.  79.        0.2199242047       -0.4838590227
  82.  80.       -0.0277640118        0.0260749109
  82.  81.        0.6827609512       -0.7668151688
  82.  82.        0.2477865186        0.3938798206
  83.   0.       -0.4938816678        0.0000000000
  83.   1.        0.2714247601        0.1220408230
  83.   2.       -0.0255090310       -0.0456443289
  83.   3.       -0.2979539774       -0.0186193130
  83.   4.       -0.3403785005        0.0627539450
  83.   5.        0.0843388343        0.2676495888
  83.   6.       -0.5599919009       -0.1284974458
  83.   7.        0.3397727153       -0.6742879800
  83.   8.       -0.1128312660        0.0576728966
  83.   9.       -0.4341230189       -0.2140306833
  83.  10.       -0.0245970726       -0.0906890191
  83.  11.       -0.3596218219        0.1902618752
  83.  12.       -0.1971930537        0.2560543444
  83.  13.        0.2192121554        0.2138592011
  83.  14.        0.4920667183        0.2371768391
  83.  15.        0.3458439898        0.2513718343
  83.  16.       -0.0122520636        0.2987862098
  83.  17.        0.2094285107       -0.0776766551
  83.  18.       -0.2676620460        0.3217784603
  83.  19.       -0.5743129904        0.2224314158
  83.  20.        0.4573714513       -0.4334023625
  83.  21.        0.1976585275        0.0813513049
  83.  22.        0.0712937538       -0.1947687522
  83.  23.        0.3779992224       -0.7019559765
  83.  24.       -0.0122901236        0.0576263438
  83.  25.        0.8108410664       -0.0923415423
  83.  26.       -0.5015074966       -0.3710994720
  83.  27.       -0.2268904275        0.2222197593
  83.  28.        0.2039222867       -0.0702177395
  83.  29.        0.0965713279        0.4789725750
  83.  30.        0.0675171898        0.0360489105
  83.  31.       -0.0546475058        0.8326907736
  83.  32.        0.7212480622        0.4772263132
  83.  33.       -0.2306821768       -0.0685382545
  83.  34.        0.1943896046       -0.1366917364
  83.  35.        0.0496289169       -0.1131610385
  83.  36.       -0.4423376772       -0.0382754223
  83.  37.       -0.1942479044        0.1398317351
  83.  38.        0.0340134682        0.0706169081
  83.  39.       -0.7939492251       -0.1568868008
  83.  40.        0.0982299112       -0.0132050879
  83.  41.       -0.4620303290        0.1375693430
  83.  42.       -0.1499012749       -0.6112861969
  83.  43.       -0.1741612411       -0.2786535629
  83.  44.       -0.2833793467        0.5608756338
  83.  45.       -0.3236428039        0.1542806309
  83.  46.        0.2007349884        0.1849427989
  83.  47.       -0.4054341620       -0.0229841206
  83.  48.       -0.1023786632       -0.4824692833
  83.  49.        0.0845372482        0.2041193025
  83.  50.        0.1647619382       -0.2636811488
  83.  51.        0.3459362292       -0.1429487867
  83.  52.        0.9426704969       -0.0708491905
  83.  53.       -0.8672200662        0.4155277911
  83.  54.       -0.0592436082       -1.0477356778
  83.  55.        0.4099435483       -0.8093823250
  83.  56.       -0.3680097852       -0.0382952904
  83.  57.        0.0817221065       -0.0788953927
  83.  58.        0.2667056501        0.1504915744
  83.  59.        0.1558410921       -0.6203246891
  83.  60.       -0.3384793244       -0.3271354946
  83.  61.        0.2849843253        0.2439723875
  83.  62.       -0.6130318629       -0.4493450614
  83.  63.        0.3456944816        0.0015537465
  83.  64.        0.0034830113        0.2724901490
  83.  65.        0.1336471103        0.3777951478
  83.  66.        0.4203598549        0.2366504090
  83.  67.        0.0392958404        0.2591163498
  83.  68.       -0.1925037551        0.3916552177
  83.  69.        0.0998901893        0.3990025193
  83.  70.        0.1162934145        0.2600492973
  83.  71.        0.3161970336        0.4938155787
  83.  72.        0.2197113509       -0.2330606196
  83.  73.        0.0589547102       -0.1303247489
  83.  74.       -0.5959254298       -0.4511571207
  83.  75.        0.2927299522        0.3207503438
  83.  76.        0.1228697518       -0.0115997678
  83.  77.       -0.4330464579       -0.1357661953
  83.  78.       -0.1071812649       -0.6251751662
  83.  79.        0.1642741271        0.2272100506
  83.  80.        1.0990953075        0.3876388971
  83.  81.       -0.0774454559        0.2379000545
  83.  82.       -0.1532072699        0.1244061481
  83.  83.        0.1277410358       -0.4295864481
  84.   0.        0.1827077109        0.0000000000
  84.   1.        0.1808824588        0.0556333094
  84.   2.        0.0096984988       -0.2845747334
  84.   3.       -0.0739970511        0.2129309332
  84.   4.       -0.5770073169       -0.0155957876
  84.   5.       -0.1681076574       -0.1148899031
  84.   6.       -0.0929336009        0.4723993193
  84.   7.        0.1997885446       -0.2044513329
  84.   8.        0.3841066136        0.1350903385
  84.   9.       -0.1403802787        0.0553997357
  84.  10.        0.0027861163       -0.2181377924
  84.  11.        0.0032512969        0.2494179885
  84.  12.       -0.2881018041        0.4894500625
  84.  13.       -0.0835627835        0.2793528823
  84.  14.        0.1225376043        0.0442941106
  84.  15.        0.0320433572       -0.0812555889
  84.  16.        0.1450382149        0.3984714545
  84.  17.        0.0142160148        0.1965499065
  84.  18.       -0.3514009517        0.3762624598
  84.  19.        0.0087668224       -0.7035496665
  84.  20.       -0.0100928715        0.1938660913
  84.  21.       -0.4703698706        0.0085054652
  84.  22.        0.6094331242        0.2845310827
  84.  23.        0.3676785420        0.3150854151
  84.  24.        0.4044002357       -0.0463539983
  84.  25.        0.0338810994       -0.2954169427
  84.  26.       -0.0556524370       -0.0305634387
  84.  27.       -0.0737282972        0.2330674160
  84.  28.       -0.2634794875        0.3640321540
  84.  29.       -0.5360579882        0.3347379441
  84.  30.       -0.1957829650       -0.4790690276
  84.  31.        0.1947750151        0.1713352330
  84.  32.       -0.2745349995       -0.2718090581
  84.  33.       -0.2640857952       -0.6381415785
  84.  34.        0.2456374658       -0.6945981001
  84.  35.        0.2532195165       -0.5340991089
  84.  36.       -0.0472491646        0.2898056455
  84.  37.        0.0077193533        0.3492569648
  84.  38.       -0.2866435958        0.2974540686
  84.  39.        0.1057744010       -0.0119874118
  84.  40.        0.1894199381        0.4054245515
  84.  41.       -0.0466817273        0.5523997139
  84.  42.       -0.4511269790       -0.3370124769
  84.  43.        0.1705667969       -0.0744369185
  84.  44.       -0.5751966228       -0.0336049649
  84.  45.        0.1436089469       -0.0604528724
  84.  46.       -0.1833702034        0.4078482735
  84.  47.       -0.0030942212        0.0321361820
  84.  48.       -0.0237808604        0.0496847334
  84.  49.       -0.3010823087       -0.1203021354
  84.  50.        0.2094283044       -0.3804861038
  84.  51.       -0.5793617988       -0.0452887920
  84.  52.       -0.0468962347       -0.2140364017
  84.  53.        0.5008029899       -0.0838312173
  84.  54.        0.2439905844        0.2006407830
  84.  55.        0.6634304607        0.3316610001
  84.  56.        0.3581966893       -0.3175049101
  84.  57.       -0.3261212054        0.3066986200
  84.  58.       -0.4416166353        0.0922434347
  84.  59.       -0.3370965916        0.9466845715
  84.  60.       -0.2940179830        0.2930737773
  84.  61.        0.4130380735       -0.0614235474
  84.  62.        0.0937876237        0.0136616057
  84.  63.       -0.1127889611       -0.8954890858
  84.  64.       -0.1307215627       -0.0174796691
  84.  65.       -0.1934403097        0.5828862658
  84.  66.       -0.3093585552       -0.0298524203
  84.  67.        0.0358994721       -0.3277665641
  84.  68.        0.2257503948        0.1280451206
  84.  69.       -0.5943822850       -0.3144964847
  84.  70.        0.1105164468        0.4164684090
  84.  71.        0.2398977525       -0.5074863368
  84.  72.       -0.4495037335        0.1566809805
  84.  73.        0.1415241037        0.0578193502
  84.  74.       -0.3211195158        0.7075012687
  84.  75.       -0.4727998176        0.1330905547
  84.  76.        0.9193768712        1.0681363101
  84.  77.       -0.1215449970        0.6128008545
  84.  78.       -0.2292423375        0.3758804367
  84.  79.        0.7320195486       -0.7728682828
  84.  80.       -0.1289564252       -0.1666119892
  84.  81.       -0.4494321202        0.5617252704
  84.  82.        0.0087312385        0.2180376623
  84.  83.        0.8017311515        0.3358323617
  84.  84.        0.4056059585        0.2017473901
  85.   0.        0.2929016762        0.0000000000
  85.   1.       -0.0874125964       -0.4845712565
  85.   2.        0.3637079704       -0.3931123677
  85.   3.       -0.0473446800       -0.0466879073
  85.   4.       -0.0639791998       -0.1798775296
  85.   5.       -0.0690553653       -0.4529478562
  85.   6.        0.4877108561        0.1083560008
  85.   7.       -0.1165575246        0.6598914004
  85.   8.       -0.0525398116        0.1705455573
  85.   9.        0.2509372898        0.0391556604
  85.  10.       -0.1204358228        0.4322632838
  85.  11.       -0.0425190446       -0.0070385194
  85.  12.       -0.1709073788       -0.5237790028
  85.  13.        0.0659329430       -0.1465433139
  85.  14.        0.0383655213       -0.2686163951
  85.  15.       -0.1679502314       -0.4156039063
  85.  16.        0.2751720506       -0.3100882364
  85.  17.       -0.2937930933        0.0497091708
  85.  18.        0.2699484751       -0.1888315300
  85.  19.        0.0041177377        0.3060064496
  85.  20.        0.1058915091        0.3150633053
  85.  21.       -0.3093219581       -0.1330519090
  85.  22.        0.0068660054        0.6691213107
  85.  23.       -0.6645561126        0.4320618269
  85.  24.        0.0724387800       -0.2201926310
  85.  25.        0.4835693964       -0.1634077021
  85.  26.        0.0113909161       -0.0388849777
  85.  27.       -0.2056957066       -0.0963451597
  85.  28.        0.5548596107       -0.1822584290
  85.  29.       -0.2612029806       -0.5530943144
  85.  30.        0.2048157100       -0.5051371196
  85.  31.        0.2359992240       -0.0433240425
  85.  32.        0.3350298052       -0.3912254277
  85.  33.       -0.4574298043        0.2619635119
  85.  34.        0.3103956329        0.2313780352
  85.  35.       -0.0852626490        0.3537769060
  85.  36.        0.6451073336        0.0464575509
  85.  37.       -0.3342982494       -0.2486986818
  85.  38.        0.0698746128        0.6239756604
  85.  39.        0.2548675000       -0.3936656094
  85.  40.       -0.3311580286       -0.1959618540
  85.  41.        0.1619910972        0.1479299122
  85.  42.        0.1955837427        0.2597168004
  85.  43.       -0.0838786300        0.5980725729
  85.  44.        0.3343558638        0.0021538821
  85.  45.       -0.2642520410        0.0289903542
  85.  46.        0.2968378542        0.3145374034
  85.  47.        0.3608563481        0.3139524229
  85.  48.       -0.2954979055        0.4604365520
  85.  49.        0.0145933672       -0.4498958537
  85.  50.       -0.1126902380       -0.0627652711
  85.  51.        0.4439679320        0.3975799122
  85.  52.       -0.1563397594        0.2225005256
  85.  53.        0.2714444209       -0.1634308322
  85.  54.       -0.4353286912        0.0940262229
  85.  55.       -0.1063352916        0.7644389763
  85.  56.       -0.1529216803       -0.0670081910
  85.  57.       -0.3628206521       -0.1127476776
  85.  58.       -0.1672356775       -0.1111358216
  85.  59.        0.3797576792       -0.1960398749
  85.  60.       -0.5183442085       -0.1068058728
  85.  61.       -0.0426604660        0.3422959897
  85.  62.        0.0672147612        0.1768254660
  85.  63.       -0.2229038292        0.5419217362
  85.  64.        0.1114813947       -1.0899784846
  85.  65.       -0.3311500422       -0.1349826241
  85.  66.        0.1250698139       -0.3613448637
  85.  67.        0.4200602580        0.3372708604
  85.  68.       -0.0520606284        0.1214661291
  85.  69.       -0.1948499927       -0.0848997763
  85.  70.       -0.4836038218       -0.8140914142
  85.  71.        0.4459945882        0.5851516905
  85.  72.        0.4396798856       -0.3234687893
  85.  73.        0.6578459565       -0.2072745684
  85.  74.       -0.1423187331       -0.2121498152
  85.  75.       -0.4471871187       -0.6080832012
  85.  76.       -0.3167748620       -0.2763049373
  85.  77.       -0.0244317598        0.4502904540
  85.  78.       -0.0840271410       -0.5696699998
  85.  79.        0.4755537057       -0.0917994402
  85.  80.        0.2939856951       -0.3021378938
  85.  81.        0.4565774210        0.6236660633
  85.  82.        0.7897324422       -0.0016064597
  85.  83.       -0.0408127553        0.5557524550
  85.  84.        0.6123899801        0.1859270055
  85.  85.        0.0569432534       -0.6006434373
  86.   0.       -0.1835263362        0.0000000000
  86.   1.       -0.0476340645       -0.2616012358
  86.   2.        0.0651105815        0.1565936092
  86.   3.        0.4778439249       -0.2668360644
  86.   4.        0.1770974834        0.3611271997
  86.   5.        0.0419199223        0.1542958126
  86.   6.        0.4947861081        0.0519387198
  86.   7.        0.4366720918        0.0266541823
  86.   8.       -0.5108259191        0.5682435398
  86.   9.        0.1673643906        0.2443155794
  86.  10.       -0.3173834288        0.0868588354
  86.  11.       -0.1134854747       -0.1774787583
  86.  12.       -0.1561952961       -0.4756009280
  86.  13.        0.3450982030        0.0942539742
  86.  14.        0.0832260979        0.0245861932
  86.  15.        0.0769858451        0.2609875354
  86.  16.        0.3266898117        0.2912590963
  86.  17.       -0.1876830710        0.2591470689
  86.  18.       -0.0987200921       -0.6266478182
  86.  19.       -0.0455441767        0.3757933502
  86.  20.        0.2036496426       -0.5149195650
  86.  21.        0.4302813289        0.0830455266
  86.  22.        0.2430119461       -0.4080145852
  86.  23.        0.1463050220       -0.0298094759
  86.  24.       -0.3491018866       -0.2261964014
  86.  25.        0.3686522123        0.1076977816
  86.  26.        0.2341186431       -0.1725156157
  86.  27.        0.3653778631        0.1381848219
  86.  28.        0.5148950247       -0.2057915680
  86.  29.        0.3588556219       -0.1718725371
  86.  30.        0.0379607960        0.0817529413
  86.  31.       -0.2509926619        0.4210073679
  86.  32.        0.5032782939        0.4807804838
  86.  33.        0.4022882431        0.3168184831
  86.  34.       -0.0392792048        0.4847764140
  86.  35.       -0.0459818172        0.2053996463
  86.  36.        0.0667757591       -0.4737179577
  86.  37.        0.3466588230       -0.2865779708
  86.  38.        0.2021246749       -0.4908548580
  86.  39.        0.0357761529       -0.0644950883
  86.  40.       -0.0507900173       -0.4106482781
  86.  41.       -0.4540934894       -0.3082940571
  86.  42.       -0.1332385715        0.0848028856
  86.  43.       -0.4194680823        0.2900136916
  86.  44.        0.2911728151        0.1782349612
  86.  45.        0.5001022136        0.4616583562
  86.  46.       -0.3211294266       -0.3567507668
  86.  47.       -0.6221558709        0.2797982822
  86.  48.        0.0640494822       -0.0757120927
  86.  49.       -0.0175079144        0.0094354139
  86.  50.       -0.4732409183       -0.5317011639
  86.  51.       -0.1087645381       -0.6158274457
  86.  52.       -0.0346579525       -0.0932397051
  86.  53.       -0.1632522979        0.6175509588
  86.  54.        0.1413079660       -0.3262791561
  86.  55.        0.2196600417       -0.5166442435
  86.  56.       -0.2738331830        0.3771942973
  86.  57.       -0.0988487894       -0.5009248632
  86.  58.       -0.3000133299        0.1132572829
  86.  59.       -0.0834217966        0.0853485333
  86.  60.        0.3360378060        0.2556898270
  86.  61.       -0.6032622028       -0.1740224024
  86.  62.       -0.2004509893        0.1718669574
  86.  63.        0.5326367761        0.4766802626
  86.  64.       -0.5207004361        0.3485374493
  86.  65.        0.4704137526       -0.0114170968
  86.  66.       -0.2690501497       -0.4276861791
  86.  67.       -0.0895673947       -0.6973606352
  86.  68.       -0.6296897636       -0.2379766717
  86.  69.       -0.2454516626        0.1472789468
  86.  70.       -0.0494745963       -0.1160281499
  86.  71.       -0.1596211072        0.7867134747
  86.  72.        0.1267647762        0.4198914994
  86.  73.        0.3933247118       -0.0770331638
  86.  74.        0.8200243645        0.3945195381
  86.  75.        0.5401379181        0.0822175883
  86.  76.       -0.2458078722        0.3165589991
  86.  77.        0.6784042969       -0.0575076391
  86.  78.        0.4369726533        0.0226819805
  86.  79.        0.4003468969       -0.2995169411
  86.  80.       -0.1428281896        0.1777565633
  86.  81.       -0.1548212953       -0.1605273864
  86.  82.        0.2908544939        0.1204763171
  86.  83.       -0.0155159020       -0.1430622400
  86.  84.       -0.3592339389       -0.1595296544
  86.  85.        0.0860107018       -0.1127192471
  86.  86.        0.4050928502        0.2601207394
  87.   0.        0.1477299041        0.0000000000
  87.   1.        0.0127052748        0.4866095731
  87.   2.       -0.4527303859        0.4856655968
  87.   3.        0.0136445002        0.4623424931
  87.   4.       -0.0855628077        0.1028306165
  87.   5.       -0.1192347173        0.3205710908
  87.   6.       -0.1590503697       -0.0920074457
  87.   7.        0.2240330829       -0.1807913460
  87.   8.        0.1666519964       -0.2226475351
  87.   9.       -0.3366343954        0.4189627915
  87.  10.        0.1260583120       -0.2896183401
  87.  11.        0.1862677531        0.1955045777
  87.  12.        0.2465857167        0.3457693848
  87.  13.       -0.1514396634       -0.1995383005
  87.  14.        0.0712705807        0.4194923725
  87.  15.       -0.0028282067        0.3771261563
  87.  16.       -0.3589546818       -0.1987438819
  87.  17.        0.1475709810       -0.4661759150
  87.  18.        0.5184309974        0.2174042268
  87.  19.        0.1234112093       -0.3727137987
  87.  20.       -0.7724737522       -0.0978672477
  87.  21.        0.1478049056        0.3002797310
  87.  22.        0.4479287217        0.0884512782
  87.  23.        0.2654422138        0.0989829854
  87.  24.        0.0433449085        0.2866123869
  87.  25.       -0.4126977984       -0.0401273778
  87.  26.        0.3117201306        0.5936917709
  87.  27.       -0.2973969214        0.3203796469
  87.  28.       -0.3891618301        0.0690440216
  87.  29.       -0.1958301781        0.3752346636
  87.  30.       -0.5417807343        0.4989092395
  87.  31.        0.2906228346       -0.2598095423
  87.  32.       -0.3267851044       -0.3821123413
  87.  33.        0.3300959546       -0.1630410283
  87.  34.       -0.2468140065        0.1580347193
  87.  35.       -0.1197232126       -0.4434999351
  87.  36.       -0.5075020063        0.2219796561
  87.  37.       -0.2115574619        0.1640908037
  87.  38.       -0.0696753353       -0.5414954600
  87.  39.       -0.1952177289        0.5782052208
  87.  40.        0.1786424095       -0.0995144634
  87.  41.        0.2275831600       -0.2552399987
  87.  42.        0.1220924700       -0.2751824531
  87.  43.        0.2015054608        0.0413087702
  87.  44.       -0.5598429780        0.0253789497
  87.  45.        0.2589985519        0.1386883014
  87.  46.        0.4980390637       -0.6270104533
  87.  47.        0.1194017682       -0.7817090087
  87.  48.        0.4060694967       -0.0029866778
  87.  49.       -0.4674449057        0.4071281629
  87.  50.       -0.0181872042        0.1438637121
  87.  51.       -0.0184400225       -0.0315037000
  87.  52.       -0.0077174522       -0.3001186847
  87.  53.       -0.5301360268       -0.0565901034
  87.  54.       -0.6506184646        0.1787082878
  87.  55.       -0.0410310342        0.4397043431
  87.  56.        0.0353536653       -0.1987723847
  87.  57.       -0.0883639820       -0.1979279363
  87.  58.       -0.2466364616        0.4477967632
  87.  59.       -0.9205459077       -0.0377959320
  87.  60.       -0.0176758784        0.8511929675
  87.  61.        0.1586215367        0.1714569688
  87.  62.        0.3682410359       -0.2700465503
  87.  63.       -0.0037659427       -0.0793557393
  87.  64.       -0.6067533012       -0.2351607770
  87.  65.        0.0747882273       -0.2730834790
  87.  66.        0.0214560999        0.2727056591
  87.  67.       -0.0553485638        0.7579468222
  87.  68.       -0.1293274102        0.4256159551
  87.  69.        0.1958093409       -0.3671733430
  87.  70.       -0.3056880617       -0.9760832490
  87.  71.       -0.2497665253       -0.4193751673
  87.  72.        0.2146840812       -1.5568963766
  87.  73.       -0.6486611497        0.1141844648
  87.  74.        0.1409679109        0.1845567317
  87.  75.       -0.1219937822        1.0341167079
  87.  76.        0.3952647473        0.4766679949
  87.  77.       -0.9196342525        0.2280207669
  87.  78.        0.4112145614       -0.1901644395
  87.  79.        0.1841702010        1.0681887888
  87.  80.       -0.2409864932        0.6217884531
  87.  81.        0.3241928610       -0.2500303681
  87.  82.       -0.0225094984       -0.0335743714
  87.  83.       -0.0165835766        0.1818399801
  87.  84.        0.3309702565        0.2202605837
  87.  85.        0.1442553200        0.0441615553
  87.  86.        0.0313769415        0.6623759455
  87.  87.        0.3404050391        0.4437573290
  88.   0.       -0.2332799785        0.0000000000
  88.   1.       -0.1864152782        0.0397278584
  88.   2.        0.2972159758        0.2110093031
  88.   3.       -0.2888427524        0.3729589235
  88.   4.        0.1734134714       -0.5093560421
  88.   5.        0.0808630881       -0.0569465005
  88.   6.        0.0577017862       -0.1219943790
  88.   7.       -0.2415469729        0.0421241933
  88.   8.        0.1499241151       -0.3468556264
  88.   9.       -0.0990372940        0.0474387840
  88.  10.       -0.2719712290        0.1303620581
  88.  11.       -0.0539847714       -0.3176972210
  88.  12.        0.1044879196        0.4501589714
  88.  13.       -0.2745230055        0.0197513408
  88.  14.        0.0948568634       -0.4736472605
  88.  15.        0.4222729002       -0.1603198656
  88.  16.       -0.4064844580       -0.5111773733
  88.  17.       -0.0794924168       -0.5794633962
  88.  18.        0.2863339420        0.2249028410
  88.  19.       -0.5317376380        0.2552917806
  88.  20.       -0.2380324477       -0.2877634655
  88.  21.        0.1273286085        0.1493994266
  88.  22.       -0.4368687882        0.4991675925
  88.  23.       -0.4037342329       -0.1120301282
  88.  24.        0.2062980546        0.0741569442
  88.  25.        0.0905467638        0.2598060240
  88.  26.        0.1372403064       -0.1645069312
  88.  27.        0.0279158680       -0.2119110096
  88.  28.       -0.1322451723       -0.1709595741
  88.  29.       -0.0997012981       -0.4625826725
  88.  30.        0.0013226712       -0.3378157864
  88.  31.        0.0745715286       -0.2724860398
  88.  32.       -0.3719910391       -0.6668876924
  88.  33.       -0.4159872893        0.1780121910
  88.  34.        0.0953275407       -0.5859301796
  88.  35.        0.2760032081       -0.2640293580
  88.  36.        0.3094655391        0.3638007980
  88.  37.       -0.0668518033       -0.0867970425
  88.  38.       -0.0537794594        0.3030362215
  88.  39.       -0.4202814443       -0.0846099196
  88.  40.       -0.2173911992       -0.1399495691
  88.  41.       -0.1797428696       -0.2740676604
  88.  42.        0.1305117481        0.1762995192
  88.  43.       -0.0874574280       -0.1033448463
  88.  44.       -0.5347223026        0.1550466834
  88.  45.       -0.5514008874       -0.4844434856
  88.  46.       -0.2698961872        0.2641495160
  88.  47.        0.0661705991        0.5271885195
  88.  48.       -0.1004615029       -0.4631372052
  88.  49.       -0.1833292400       -0.1987955774
  88.  50.        0.1711616022       -0.0145864069
  88.  51.        0.0522700922        0.2509378487
  88.  52.       -0.3397754926        0.0069758322
  88.  53.       -0.2404376265       -1.0183061413
  88.  54.       -0.0835919683       -0.1963046780
  88.  55.       -0.0564984684        0.3272663973
  88.  56.       -0.2009881441        0.0006156052
  88.  57.       -0.1723827713        0.5156260656
  88.  58.        0.1583657350       -0.6357594515
  88.  59.        0.1893713371       -0.3910004433
  88.  60.       -0.4089167381       -0.0604391780
  88.  61.       -0.2207149096       -0.1073340419
  88.  62.       -0.0403086179        0.2851254647
  88.  63.       -0.0579223343        0.0148141848
  88.  64.       -0.1943361546       -0.3985078209
  88.  65.       -0.5479587223        0.6834895478
  88.  66.        0.3791388625       -0.1927089048
  88.  67.        0.2957934477       -0.1538635532
  88.  68.       -0.2690830746       -0.1212994165
  88.  69.       -0.4282441877        0.2667672773
  88.  70.       -0.1058227505       -0.1559822403
  88.  71.       -0.1595090674        0.3038468342
  88.  72.       -0.2813102650       -0.3293103905
  88.  73.       -0.3815094740        0.5682158837
  88.  74.        0.7120998597        0.0316702036
  88.  75.       -0.2545948115       -0.6069581595
  88.  76.        0.1618926269        0.3794774505
  88.  77.        0.0207826037       -0.2606838545
  88.  78.       -0.0177414079        0.0220574794
  88.  79.        0.2295027945        0.2274446717
  88.  80.       -0.4515516447        0.8477623139
  88.  81.        0.2447718401       -0.9616592178
  88.  82.       -0.0940501036       -0.2920001934
  88.  83.        1.0313906363        0.4064901630
  88.  84.       -0.1064768749       -0.1176294017
  88.  85.        0.2285371915        0.3541362814
  88.  86.       -0.5174904871        0.1129650276
  88.  87.       -0.2481198243       -0.5056818568
  88.  88.       -0.0398956506        0.3236585599
  89.   0.       -0.3442163728        0.0000000000
  89.   1.        0.4099836178       -0.1679192176
  89.   2.        0.3391377338        0.0321050360
  89.   3.        0.7937553529       -0.2113536526
  89.   4.        0.4011175297        0.0063237515
  89.   5.        0.5377716392       -0.2468575206
  89.   6.        0.1305541965        0.3834240375
  89.   7.       -0.2854366337       -0.1941474307
  89.   8.       -0.1687238553        0.0749649418
  89.   9.        0.3623764712       -0.2613352230
  89.  10.       -0.5453514994       -0.0925704376
  89.  11.        0.0731275082       -0.3991683067
  89.  12.        0.4125684602       -0.0157576826
  89.  13.        0.1137436543        0.5245001554
  89.  14.       -0.3887254217       -0.5374010205
  89.  15.        0.0619588317       -0.0012514181
  89.  16.        0.4025650097        0.4546388781
  89.  17.       -0.7633551874        0.3201056651
  89.  18.       -0.6230068477       -0.0634136964
  89.  19.        0.4742031145        0.1181582335
  89.  20.        0.3692415323       -0.6729394339
  89.  21.        0.2852718076       -0.2772181211
  89.  22.       -0.1398741235       -0.3096309564
  89.  23.       -0.1250387541       -0.1516420895
  89.  24.       -0.2296891198       -0.3708818576
  89.  25.       -0.0508884278       -0.1227930117
  89.  26.        0.1840214436       -0.8287803213
  89.  27.        0.3639750008       -0.1558695570
  89.  28.        0.0844013565       -0.1943252903
  89.  29.        0.2935708244        0.1118283319
  89.  30.        0.4281067978       -0.1243416832
  89.  31.       -0.2064586323        0.0132970538
  89.  32.       -0.1291635374        0.8232068168
  89.  33.       -0.1702370378       -0.0641433763
  89.  34.        0.0884442150       -0.4238031893
  89.  35.       -0.4135409983        0.3620735691
  89.  36.        0.0023239110       -0.3059709097
  89.  37.        0.2540586546       -0.1203847372
  89.  38.        0.0234725171        0.1774563236
  89.  39.        0.2333444222       -0.1498823196
  89.  40.        0.1462118381       -0.2436258187
  89.  41.       -0.2629119130       -0.3101121890
  89.  42.        0.0482274485       -0.2135945510
  89.  43.       -0.1948825336       -0.1007272265
  89.  44.        0.3184578068        0.1396196621
  89.  45.        0.0125034186       -0.2353957208
  89.  46.        0.1414398236       -0.3530702090
  89.  47.       -0.3344684474        0.2285920083
  89.  48.        0.1344354371        0.1747336310
  89.  49.        0.7882075523        0.1258941633
  89.  50.       -0.4264862014        0.0271007140
  89.  51.        0.3799666958       -0.0589124803
  89.  52.       -0.0754204811       -0.2427772583
  89.  53.        0.1986844726       -0.3711908579
  89.  54.        0.7742191438       -0.1111500530
  89.  55.       -0.0331276584       -0.0263121587
  89.  56.        0.3961704991        0.2373568985
  89.  57.        0.0170728748       -0.4141579260
  89.  58.       -0.3488579814       -0.1490578125
  89.  59.        0.2118544503       -0.4175728180
  89.  60.        0.3795268542       -0.7661038474
  89.  61.        0.8134968457       -0.1196706085
  89.  62.       -0.2076514002        0.3288708537
  89.  63.        0.0478117984       -0.1690415047
  89.  64.        0.1037326043        0.6682029090
  89.  65.        0.0315611393        0.5109831023
  89.  66.        0.0520255441       -0.8249515705
  89.  67.       -0.2840154027        0.4202711408
  89.  68.        0.2838785952       -0.1061120028
  89.  69.       -0.1253806617        0.1853991982
  89.  70.        0.1332919933        0.6792109080
  89.  71.       -0.0882402281        0.0802098149
  89.  72.       -0.2990916170        0.6055980314
  89.  73.       -0.4721563819       -0.1623118476
  89.  74.        0.2442511244        0.8016461256
  89.  75.       -0.4463388444        0.5874261650
  89.  76.        0.8223514327       -0.0624402777
  89.  77.        0.5765038722        0.4903358710
  89.  78.       -0.1244519876       -0.5598881685
  89.  79.        0.0363989856        0.2266910895
  89.  80.       -0.1737863359        0.3659976672
  89.  81.        0.2297226029       -0.4167458447
  89.  82.        0.1688464877        0.0376192259
  89.  83.       -0.8250735361       -0.3622412986
  89.  84.       -0.2187748008       -0.1073542538
  89.  85.        0.2941226621        0.9676793452
  89.  86.       -0.1943360251       -0.0075137073
  89.  87.       -0.1368522344        0.1076360864
  89.  88.       -0.0621186566       -0.1166909886
  89.  89.       -0.2590625102       -0.1727734680
  90.   0.        0.1529649859        0.0000000000
  90.   1.        0.4988133977        0.3246249135
  90.   2.       -0.0446870753        0.0166776196
  90.   3.        0.3281331688        0.1514790971
  90.   4.        0.0644676123        0.4931089096
  90.   5.       -0.0044189103        0.0068563608
  90.   6.       -0.3998247094        0.0510438698
  90.   7.        0.2812507583       -0.3257897218
  90.   8.       -0.1036233364       -0.2101341531
  90.   9.        0.3190475815       -0.0233652423
  90.  10.        0.0071232464        0.3186137549
  90.  11.       -0.1996454218        0.1499748791
  90.  12.        0.3971849767       -0.5580208793
  90.  13.        0.1986732362        0.0414768278
  90.  14.       -0.0839726672        0.2850958247
  90.  15.       -0.4355512822       -0.5169630030
  90.  16.        0.1178601968        0.0047548712
  90.  17.        0.1486720387       -0.4405171374
  90.  18.       -0.3204674464        0.1455452656
  90.  19.        0.3223566293       -0.0045782243
  90.  20.       -0.3373072240        0.5314471116
  90.  21.       -0.2369878741       -0.3757495503
  90.  22.        0.4479637503       -0.6329000012
  90.  23.        0.2307811276       -0.0593379644
  90.  24.        0.1013367991       -0.3706485634
  90.  25.        0.1378795886        0.0556365020
  90.  26.       -0.5615787618       -0.0026998047
  90.  27.       -0.3424047705        0.2568484133
  90.  28.       -0.1138505503        0.2348312570
  90.  29.       -0.1835215016        0.4992727621
  90.  30.       -0.3662974222        0.4135382227
  90.  31.        0.1673546353        0.3567638244
  90.  32.        0.1988538541        0.2210814410
  90.  33.       -0.3633504275        0.0592029122
  90.  34.       -0.2602614919       -0.5990940074
  90.  35.       -0.2404332711       -0.0427075846
  90.  36.       -0.1163463499       -0.5797407849
  90.  37.       -0.0164206027        0.0214690062
  90.  38.       -0.0948819881       -0.2212656069
  90.  39.        0.2373216381       -0.1489881123
  90.  40.        0.0357793197       -0.0842222090
  90.  41.        0.6007477127       -0.4100276140
  90.  42.       -0.2540275128       -0.2035589253
  90.  43.        0.2828300361       -0.0335878087
  90.  44.       -0.0539486900        0.0655443305
  90.  45.        0.1269478313       -0.0611089059
  90.  46.        0.1935946668        0.1074121502
  90.  47.       -0.2241045588       -0.5296745260
  90.  48.       -0.1064744203        0.0225657630
  90.  49.        0.0514452388        0.3751383112
  90.  50.       -0.1130051673        0.0786261578
  90.  51.       -0.3448665382        0.1038822239
  90.  52.        0.1122529752        0.2742283282
  90.  53.       -0.2509240116       -0.1275906107
  90.  54.       -0.0498267224        0.1660629451
  90.  55.        0.6251899231        0.0252269736
  90.  56.        0.6220079186        0.5547006837
  90.  57.       -0.6467348761        0.2633360531
  90.  58.        0.1478085907       -0.2034517853
  90.  59.       -0.2596609896       -0.3207561999
  90.  60.        0.0868989918       -0.1471783503
  90.  61.        0.2178308631        0.4303383014
  90.  62.        0.4436597602        0.3234295737
  90.  63.       -0.1218851771       -0.0318503431
  90.  64.       -0.0282901176        0.0157625880
  90.  65.        0.4232271799        0.3975340573
  90.  66.       -0.2824216277        0.4435998048
  90.  67.        0.3324345323       -0.0389710174
  90.  68.        0.3153068998       -0.1083884751
  90.  69.        0.2416861844       -0.3167231302
  90.  70.       -0.4043674741       -0.1839885777
  90.  71.       -0.2668040205       -0.8540334372
  90.  72.       -0.7933173538        0.5498159606
  90.  73.        0.4174815707       -0.6348414802
  90.  74.       -0.4371062393       -0.7368126581
  90.  75.        0.1609802933        0.3449828117
  90.  76.       -0.4030425485       -0.3323267218
  90.  77.       -0.5631198387       -0.3929723499
  90.  78.        0.2557370949        1.0840402138
  90.  79.       -0.0668608769       -0.1173849987
  90.  80.       -0.7786459026        0.2849993600
  90.  81.       -0.1201132119        0.5026606785
  90.  82.       -0.4319211204        0.0401725303
  90.  83.        0.6280807492       -0.2674632463
  90.  84.       -0.3695460212        0.0320803645
  90.  85.       -0.3806744495       -0.0366196800
  90.  86.       -0.1382197583        0.3473763391
  90.  87.        0.2969454065        0.3882780902
  90.  88.        0.6613321485        0.1531725424
  90.  89.        0.2273080033       -0.4511277548
  90.  90.        0.2372790864        0.5091683696
  91.   0.       -0.0378111060        0.0000000000
  91.   1.       -0.5368470537        0.0030611367
  91.   2.       -0.3163082629       -0.3377619182
  91.   3.       -0.8101726556        0.2547949031
  91.   4.       -0.1762583022       -0.0218115193
  91.   5.       -0.6014931276        0.0104039149
  91.   6.        0.4828201544       -0.3772168396
  91.   7.        0.2346909639        0.2652694620
  91.   8.       -0.5637442968        0.2673988886
  91.   9.       -0.0845186947        0.0879472310
  91.  10.        0.3024160290       -0.0804984651
  91.  11.       -0.1226613442        0.3004755078
  91.  12.       -0.4924912536        0.1075650004
  91.  13.       -0.0687038066       -0.0658576917
  91.  14.        0.3058259511        0.1438694164
  91.  15.        0.4140128936       -0.2760749143
  91.  16.        0.0176100143       -0.0112389406
  91.  17.        0.7228450033       -0.3064610468
  91.  18.        0.1622831242        0.0754473436
  91.  19.       -0.3597466444       -0.1507366197
  91.  20.       -0.2073991595        0.1727343303
  91.  21.       -0.0155050364        0.1816659879
  91.  22.       -0.3162973848       -0.0714398020
  91.  23.        0.2290178509        0.2677576560
  91.  24.        0.1181629276        0.1431507169
  91.  25.        0.3077704454        0.0715206023
  91.  26.       -0.1176820840       -0.1524567389
  91.  27.       -0.2187282077       -0.3463368518
  91.  28.        0.0204660362       -0.1763946268
  91.  29.        0.2195795112       -0.2126353636
  91.  30.       -0.2878977017       -0.0938688358
  91.  31.        0.0934857097        0.2086684863
  91.  32.        0.2161488095       -0.1952042328
  91.  33.        0.4332837572       -0.1989381533
  91.  34.        0.1258292928       -0.2733517434
  91.  35.        0.4596808875       -0.3965477063
  91.  36.        0.0892836931        0.0128302332
  91.  37.        0.1503879588       -0.0128230973
  91.  38.       -0.1612231848        0.1216211144
  91.  39.        0.1323115429       -0.0888357294
  91.  40.       -0.2095508157        0.3871719875
  91.  41.        0.0937320014        0.5976192784
  91.  42.        0.2241922829       -0.0664673496
  91.  43.        0.1595170545        0.1278422342
  91.  44.        0.1919364118       -0.3197681322
  91.  45.       -0.3826710913        0.9306770169
  91.  46.       -0.2906151598        0.2641782909
  91.  47.       -0.2095025698       -0.4114828735
  91.  48.        0.4304695489       -0.0494757108
  91.  49.        0.1038376843       -0.3309212419
  91.  50.        0.3917577409        0.4134515163
  91.  51.        0.2632596847       -0.2237692343
  91.  52.        0.1202364827       -0.3504198196
  91.  53.       -0.2330448199       -0.3108616208
  91.  54.       -0.6268768417       -0.7937386107
  91.  55.        0.3105687356       -0.2906709316
  91.  56.       -0.4893363112       -0.5260410806
  91.  57.       -0.6660597376       -0.1317797506
  91.  58.        0.1582138394       -0.3098356206
  91.  59.       -0.0940346344       -0.3878585966
  91.  60.        0.2406755160       -0.3195891371
  91.  61.       -0.4025806617       -0.0471929268
  91.  62.        0.1309236372       -0.2836037358
  91.  63.       -0.6438693643       -0.1297360347
  91.  64.        0.2461969503       -0.0692674450
  91.  65.        0.5905719958       -0.3342604832
  91.  66.       -0.0196309624       -0.1537760599
  91.  67.        0.0841799927       -0.4512901457
  91.  68.       -0.1119988101       -0.4728094547
  91.  69.       -0.2843007419       -0.0183331999
  91.  70.        0.0872763508       -0.4131203467
  91.  71.       -0.6759937142        0.3119311933
  91.  72.        0.0787088632       -0.1497094278
  91.  73.       -0.0386097093        0.5474861752
  91.  74.       -0.0665289705       -0.2343686781
  91.  75.        0.0132737324        0.0656571815
  91.  76.        0.0030552391       -0.1274747009
  91.  77.        0.5376007126       -0.2982149542
  91.  78.        0.2638992935       -0.5921854044
  91.  79.       -0.4540540251        0.1669720000
  91.  80.       -0.0719897783       -0.1717088127
  91.  81.       -0.4946753077       -0.2306440013
  91.  82.       -0.4826204429        0.2091273929
  91.  83.       -0.2271980676        0.2734312823
  91.  84.        0.2909262733        0.0201761418
  91.  85.        0.1906861746       -0.2094321161
  91.  86.       -0.6495384312       -0.3663423709
  91.  87.        0.0474077037       -0.2275777356
  91.  88.        0.4034662011       -0.0517734930
  91.  89.       -0.3042628854       -0.0008883978
  91.  90.        0.4183682707        0.0851610987
  91.  91.        0.3382935938        0.4381953933
  92.   0.       -0.0793656193        0.0000000000
  92.   1.       -0.1962670835        0.0270389669
  92.   2.       -0.2241440512       -0.1772502774
  92.   3.       -0.0697730576       -0.3892692143
  92.   4.       -0.2302335159       -0.4473216961
  92.   5.       -0.1596966910       -0.0746213167
  92.   6.        0.4384170400        0.0297298710
  92.   7.       -0.1904989968        0.0863293501
  92.   8.       -0.0903415179        0.0065477442
  92.   9.       -0.6205629124       -0.0705288854
  92.  10.        0.3120220615       -0.5188001013
  92.  11.        0.0921216099        0.3031428380
  92.  12.       -0.0892539989        0.1030819665
  92.  13.        0.1420493641       -0.2658736835
  92.  14.        0.2372423685        0.1333679883
  92.  15.       -0.1519577452        0.8245091719
  92.  16.        0.1023455345        0.2723112007
  92.  17.       -0.0370802891        0.5850552294
  92.  18.       -0.2494774516       -0.5875722040
  92.  19.       -0.1784428206        0.2523688726
  92.  20.        0.1419623382       -0.3811800435
  92.  21.        0.3168109418        0.1209456753
  92.  22.       -0.4777167055        0.0566010278
  92.  23.       -0.0648866751       -0.3532339851
  92.  24.        0.2277943633        0.0374973445
  92.  25.       -0.0466468048       -0.0444721132
  92.  26.        0.2087764413       -0.1608025555
  92.  27.       -0.0253927583       -0.0012241357
  92.  28.        0.1640300839       -0.2741991099
  92.  29.        0.2563788983        0.1845430016
  92.  30.        0.2122227639        0.0774687254
  92.  31.       -0.2928670653       -0.3548769575
  92.  32.       -0.0918338245        0.3564586325
  92.  33.        0.4420215134        0.1788229569
  92.  34.       -0.4495459750        0.6502469807
  92.  35.        0.1757784710       -0.1530470254
  92.  36.       -0.3077701117       -0.1811468720
  92.  37.       -0.0312215020        0.1113789621
  92.  38.       -0.2009739594        0.0339109483
  92.  39.       -0.0182368390       -0.0978373955
  92.  40.       -0.0685639502       -0.3185627805
  92.  41.        0.2736978723        0.2439515751
  92.  42.        0.0638123496       -0.0867063977
  92.  43.        0.0703037124        0.0157116235
  92.  44.       -0.1729878242        0.0792197881
  92.  45.       -0.3087826550       -0.0395673839
  92.  46.        0.0543031718        0.4105122510
  92.  47.       -0.3588089598       -0.3577697924
  92.  48.        0.3109927938        0.0939023416
  92.  49.       -0.0613877926        0.3762087562
  92.  50.       -0.0700549461       -0.1299028607
  92.  51.       -0.0383493260        0.5814508816
  92.  52.       -0.0368637121        0.0859944667
  92.  53.        0.3145199554       -0.1492482293
  92.  54.       -0.4769390727       -0.4515880919
  92.  55.       -0.3903000546        0.2160892846
  92.  56.       -0.6306987461        0.0084563608
  92.  57.        0.4167706299       -0.3158644042
  92.  58.       -0.2349593114       -0.1149125748
  92.  59.        0.0063472458       -0.0935875578
  92.  60.       -0.5141506111       -0.6781682787
  92.  61.        0.1935887171       -0.0620747590
  92.  62.        0.3583136968       -0.7678375733
  92.  63.       -0.0193920324       -0.3203197112
  92.  64.       -0.0712097413       -0.1306373327
  92.  65.       -0.0793728841        0.1314773191
  92.  66.       -0.2818891299       -0.6697046853
  92.  67.       -0.3475353515        0.0517100038
  92.  68.       -0.0369037415        0.1056635536
  92.  69.        0.1652261841        0.1216584539
  92.  70.       -0.1935679190       -0.6730282274
  92.  71.       -0.3832708012       -0.1369568734
  92.  72.        0.0673275495       -0.5764749412
  92.  73.       -0.0386381174        0.3998426507
  92.  74.       -0.1240810336        0.3226343795
  92.  75.        0.3439456316        0.0953171634
  92.  76.       -0.3711904293       -0.1285549820
  92.  77.       -0.1421040235       -0.4211578235
  92.  78.        0.1578965960        0.1713465959
  92.  79.       -0.0082386392       -0.2844274463
  92.  80.       -0.1041508754       -0.0014425412
  92.  81.       -0.5083560809       -0.1049940597
  92.  82.       -0.0372747838       -0.1959905402
  92.  83.       -0.6386793373        0.0860681225
  92.  84.       -0.4131998694       -0.6622390231
  92.  85.        0.2276262101        0.2643500529
  92.  86.       -0.4533782749        0.2247926534
  92.  87.        0.2842290789        0.0906089681
  92.  88.       -0.2724243667        0.8168375791
  92.  89.       -0.0425754273        0.5331219418
  92.  90.        0.1016272521       -0.3626910731
  92.  91.       -0.5236515553        0.8049950918
  92.  92.        0.6728409435       -0.0842981602
  93.   0.        0.2750751519        0.0000000000
  93.   1.        0.1315643873        0.1505123747
  93.   2.       -0.0427065369        0.0104115336
  93.   3.        0.3134053728       -0.5659592727
  93.   4.        0.0274631584       -0.0009341278
  93.   5.        0.1945638882       -0.1504169271
  93.   6.       -0.6550638932        0.3634108264
  93.   7.       -0.0428659907       -0.2050778765
  93.   8.        0.6330078574       -0.3363982779
  93.   9.       -0.1891164834       -0.4492121305
  93.  10.        0.2125212771        0.3834635235
  93.  11.       -0.2229443167       -0.0849836663
  93.  12.        0.0992592340       -0.2406483243
  93.  13.       -0.2021903841        0.1997261589
  93.  14.        0.1000058008        0.1892042124
  93.  15.       -0.5501721222        0.0183286613
  93.  16.       -0.0618426716        0.1696289473
  93.  17.       -0.0994001668        0.5143405393
  93.  18.       -0.0814650503        0.0320735231
  93.  19.       -0.2125800541        0.0597160956
  93.  20.        0.2834354117       -0.3040945142
  93.  21.        0.0484642210        0.1295689882
  93.  22.        0.3120396721       -0.2904042415
  93.  23.       -0.0502629513       -0.1650191797
  93.  24.       -0.0495331760       -0.0179346941
  93.  25.        0.0586555470        0.3153716996
  93.  26.       -0.3437282478        0.6096277845
  93.  27.       -0.7669837313        0.5528606549
  93.  28.       -0.0479384345       -0.1586698163
  93.  29.       -0.6737118724        0.4682179582
  93.  30.       -0.2327958280       -0.0098517660
  93.  31.       -0.4064469289       -0.1058700578
  93.  32.       -0.4300916091       -0.1426307676
  93.  33.       -0.0900395726       -0.0373493171
  93.  34.       -0.1713254477        0.3803815852
  93.  35.       -0.3366487402       -0.0367444425
  93.  36.       -0.0172555014        0.0053299886
  93.  37.       -0.2894817733       -0.1669597397
  93.  38.        0.3772086238       -0.3593294501
  93.  39.        0.3970034707       -0.2237953723
  93.  40.        0.1023476433       -0.4873292896
  93.  41.        0.3018656623        0.0796437141
  93.  42.       -0.2265483006        0.0090768614
  93.  43.        0.0323869723       -0.0625676609
  93.  44.       -0.5557674313        0.6569516912
  93.  45.        0.2310846548       -0.1078345906
  93.  46.       -0.0410473294       -0.5367790182
  93.  47.        0.1376699703        0.3540227018
  93.  48.       -0.0104559954       -0.2115206338
  93.  49.       -0.2920231375        0.0317750763
  93.  50.        0.6193837247        0.2185897025
  93.  51.       -0.2982189219       -0.1411554862
  93.  52.       -0.1437296825       -0.0017490117
  93.  53.        0.1952368305       -0.1371855749
  93.  54.       -0.6239777462        0.2414295891
  93.  55.       -0.0520593040        0.3657580190
  93.  56.        0.1019120794       -0.2006271562
  93.  57.       -0.0406914168        0.4440150719
  93.  58.        0.1681755756       -0.0678317678
  93.  59.        0.0765517968        0.0108456944
  93.  60.       -0.0654431980        0.0180361177
  93.  61.        0.1869569792       -0.0538465957
  93.  62.       -0.2675272708        0.2275294599
  93.  63.        0.2271688784        0.0348389639
  93.  64.        0.5751620592       -0.1146365395
  93.  65.       -0.0069355166        0.1483781303
  93.  66.       -0.1373404176       -0.0858156592
  93.  67.        0.0700137688       -0.2853085175
  93.  68.        0.1592909934       -0.1309346617
  93.  69.        0.3594531323        0.0761808330
  93.  70.        0.0993390647        0.3909142460
  93.  71.        0.1694951272        0.3554154285
  93.  72.       -0.4003352923       -0.4701283157
  93.  73.        0.4152644433        0.4936106057
  93.  74.       -0.1790727749        0.0999738980
  93.  75.        0.1110477274        0.1821217031
  93.  76.        0.6624047755       -0.4942767866
  93.  77.        0.1334961862       -0.5858973133
  93.  78.        0.3063427457        0.1771020643
  93.  79.       -0.5518739275       -0.3460894372
  93.  80.       -0.1203396638       -0.1790317899
  93.  81.        0.1221527657        0.0697130758
  93.  82.        0.1510366272       -0.7297945781
  93.  83.        0.3244960290       -0.6186118238
  93.  84.       -0.6510391434       -0.1750440920
  93.  85.       -0.1058783492        0.2636980358
  93.  86.       -0.1462672622        0.6256021633
  93.  87.       -0.2866426330       -0.0587955811
  93.  88.       -0.0307153030       -0.4687947365
  93.  89.       -0.1629614770       -0.1401131130
  93.  90.       -0.3528126662       -0.0660681743
  93.  91.        0.6186068708        0.0011775229
  93.  92.       -0.3871975515        0.1896270856
  93.  93.       -0.5948153774        0.1400444304
  94.   0.        0.2736221333        0.0000000000
  94.   1.       -0.4654272051       -0.1316353190
  94.   2.       -0.1869794781       -0.0479597690
  94.   3.       -0.6248896258       -0.0700632534
  94.   4.        0.1688899152        0.5139239027
  94.   5.       -0.1812204264       -0.2445940653
  94.   6.       -0.1849242590       -0.1292204881
  94.   7.       -0.2636182545        0.3635213816
  94.   8.       -0.1049050571       -0.0090951892
  94.   9.        0.2793220409       -0.1710198823
  94.  10.       -0.0353472201        0.0366027279
  94.  11.        0.4192585185       -0.1590639398
  94.  12.       -0.3074829517        0.2879103412
  94.  13.       -0.5166142336        0.2249213203
  94.  14.       -0.1323358713       -0.0519253844
  94.  15.        0.2909346607       -0.2053990653
  94.  16.       -0.0223057057        0.2708615155
  94.  17.        0.1154212573       -0.0501864593
  94.  18.       -0.1189819053        0.0282665933
  94.  19.       -0.2473028750       -0.2261996519
  94.  20.        0.1876282335        0.2254052739
  94.  21.        0.1045223246       -0.0077391784
  94.  22.        0.3966400495        0.1164244964
  94.  23.        0.1470945693        0.0817385864
  94.  24.       -0.3096233252        0.1008215876
  94.  25.       -0.4070416821       -0.4037286876
  94.  26.        0.1745473364        0.2862237573
  94.  27.       -0.1432934042        0.2280925187
  94.  28.       -0.3914158769       -0.2378243877
  94.  29.       -0.1411902536       -0.1292450502
  94.  30.        0.0873236724       -0.5046227502
  94.  31.       -0.2626486203        0.0117988713
  94.  32.        0.0411412251       -0.1420980751
  94.  33.        0.4222729334       -0.7018053610
  94.  34.        0.7881527335       -0.2655002540
  94.  35.        0.0761846719        0.0773898678
  94.  36.       -0.1324207374        0.2063740646
  94.  37.        0.1913327042        0.0357663185
  94.  38.        0.6393059406        0.0705387244
  94.  39.        0.6385485241        0.2362710535
  94.  40.       -0.1095552894        0.2019942288
  94.  41.       -0.2809394649        0.1645480339
  94.  42.       -0.1542846329       -0.1804531793
  94.  43.        0.0244920813        0.0207696183
  94.  44.        0.1275355368       -0.2475959335
  94.  45.        0.2865801583        0.1010059082
  94.  46.        0.0628787364       -0.4954287031
  94.  47.        0.0974068611        0.0178335092
  94.  48.       -0.8068111727       -0.6740856230
  94.  49.       -0.0532169142        0.2157876085
  94.  50.        0.5794138946        0.2726655999
  94.  51.        0.0847623369        0.5778057966
  94.  52.       -0.1910894889        0.0932542485
  94.  53.       -0.0067066865        0.1933165655
  94.  54.        0.1103394020        0.0938822482
  94.  55.       -0.4447241199       -0.4014000927
  94.  56.       -0.1320325613       -0.2984757702
  94.  57.        0.1601038497       -0.3236213378
  94.  58.       -0.3891009691       -0.3467605869
  94.  59.        0.0378920718        0.2634706210
  94.  60.        0.2817020467        0.1600206271
  94.  61.        0.2521450088        0.1487808738
  94.  62.        0.7442746622        0.5449156414
  94.  63.        0.1979860195        0.3213461406
  94.  64.       -0.1442408238        0.4804528179
  94.  65.        0.2801697873       -0.8791829551
  94.  66.        0.5486452373       -0.0238403026
  94.  67.        0.0171714679       -0.4403976961
  94.  68.        0.2117981517       -0.3875888305
  94.  69.       -0.0888384485       -0.0317855832
  94.  70.        0.0417807608       -0.1743881096
  94.  71.        0.1107022330       -0.0538123117
  94.  72.        0.3324371654        0.2620631980
  94.  73.       -0.3854802189        0.0513735103
  94.  74.       -0.1747389798        0.3168352491
  94.  75.       -0.5452380277        0.1816406386
  94.  76.       -0.0812815289        0.0318345748
  94.  77.        0.6035724380        0.9625694314
  94.  78.       -0.1197822964       -0.4875936392
  94.  79.       -0.1948241179        0.4212902801
  94.  80.        0.0607757864        0.0650097844
  94.  81.       -0.1539396854       -0.3834464812
  94.  82.        0.0009624913       -0.0751443013
  94.  83.       -0.2286397125       -0.7583003820
  94.  84.       -0.0786344823        0.6252791953
  94.  85.        0.2415310663       -0.1528661355
  94.  86.       -0.1070642940       -0.1191037855
  94.  87.       -0.1877065237       -0.0082602688
  94.  88.        0.0524415010       -0.1202403115
  94.  89.        0.0057023656       -0.1946195187
  94.  90.        0.4786258666       -0.2165579061
  94.  91.        0.3801652961       -0.0338635039
  94.  92.       -0.2285192317       -0.0066618880
  94.  93.       -0.1566075569       -0.1909317774
  94.  94.        0.5911286879       -0.2468285883
  95.   0.        0.0997005665        0.0000000000
  95.   1.       -0.0748183436       -0.3487122504
  95.   2.        0.3131440360        0.4085836632
  95.   3.        0.0785552487        0.2812817120
  95.   4.       -0.1019401684       -0.2240945603
  95.   5.        0.3930580250        0.5569927027
  95.   6.        0.2877251361       -0.0883113884
  95.   7.       -0.1972949490        0.1791866219
  95.   8.       -0.3388316492        0.0803309483
  95.   9.       -0.0983001140        0.5447790028
  95.  10.       -0.5019725611       -0.2487604840
  95.  11.        0.2237616950        0.0149578861
  95.  12.        0.1159663198        0.1068530849
  95.  13.        0.3726516548       -0.3502945534
  95.  14.       -0.3720920591        0.3025210783
  95.  15.        0.2229235282        0.4643721130
  95.  16.        0.0319383908       -0.5003852644
  95.  17.       -0.3857340615       -0.0279859101
  95.  18.       -0.0321371563       -0.3495462600
  95.  19.        0.2344981213        0.3153271575
  95.  20.        0.0176954668        0.4496693924
  95.  21.        0.0608301015       -0.3271865186
  95.  22.       -0.2011004296        0.0314353063
  95.  23.       -0.1306073216       -0.6063243726
  95.  24.       -0.1811475715       -0.0400165072
  95.  25.       -0.4734862279       -0.1176906894
  95.  26.        0.2719718470        0.0347936129
  95.  27.        0.6561087605       -0.1495801704
  95.  28.       -0.0721051308        0.2628093159
  95.  29.        0.0072909101        0.1899291411
  95.  30.        0.3531450933       -0.2657354142
  95.  31.        0.3643151453       -0.0414401403
  95.  32.        0.5316416553        0.2913514500
  95.  33.       -0.0990019126        0.2422029309
  95.  34.        0.1168213350       -0.0440876421
  95.  35.        0.1945275226        0.4809358692
  95.  36.       -0.3113632544        0.3640770779
  95.  37.       -0.0136230850       -0.1353424654
  95.  38.       -0.3070906864        0.0670205050
  95.  39.       -0.5033629557        0.3286786154
  95.  40.       -0.0428041465       -0.0827336330
  95.  41.       -0.6230190504       -0.6102066838
  95.  42.        0.0389509706       -0.0305961571
  95.  43.        0.4626808801       -0.1602519443
  95.  44.        0.4284120426       -0.0949250121
  95.  45.        0.7329348432        0.3864575097
  95.  46.        0.0068527245        0.1478535358
  95.  47.       -0.5563766119       -0.1588266084
  95.  48.        0.2162877371       -0.0230244052
  95.  49.       -0.4007592110        0.2181184443
  95.  50.       -0.3315842383       -0.4878450211
  95.  51.       -0.2032208699        0.4033053015
  95.  52.       -0.0066383033        0.0239959121
  95.  53.        0.0063591052       -0.1516574621
  95.  54.       -0.0841425216       -0.4158858606
  95.  55.       -0.0266425351       -0.4328505639
  95.  56.        0.2056347886       -0.3095871595
  95.  57.        0.1055603358        0.2907402502
  95.  58.       -0.0017102655        0.3795544396
  95.  59.        0.3812777435       -0.1872131437
  95.  60.        0.2791719414        0.2007264613
  95.  61.       -0.5257413313       -0.1934755267
  95.  62.        0.3570403737        0.7675437789
  95.  63.       -0.1640441561        0.1228044487
  95.  64.       -0.6894437657       -0.0715521313
  95.  65.       -0.8943902697       -0.2523315512
  95.  66.        0.2187473884       -0.6813064361
  95.  67.        0.1823600375        0.5651932022
  95.  68.       -0.2406648427        0.0916944459
  95.  69.       -0.0228596556        0.4717019932
  95.  70.        0.4441714848        0.4674490830
  95.  71.        0.6788746157       -0.1289491432
  95.  72.       -0.1175257747       -0.2338981354
  95.  73.       -0.0968175423       -0.0895947996
  95.  74.       -0.2166508635        0.1575677952
  95.  75.       -0.0064243344       -0.4199978519
  95.  76.       -0.2273875070        0.0198675249
  95.  77.       -0.6089109782        0.3369773489
  95.  78.        0.2745373827       -0.2770426682
  95.  79.        0.5222188781        0.3254898369
  95.  80.       -0.5493053731        0.0510360958
  95.  81.        0.2655812757        0.1627439710
  95.  82.       -0.2895213933       -0.1464917605
  95.  83.       -0.2137943008       -0.5069677288
  95.  84.       -0.2170166813        0.2196229115
  95.  85.       -0.7151777514        0.0086443191
  95.  86.       -0.0857274896        0.4636134025
  95.  87.        0.1447738383        0.4559953836
  95.  88.        0.3366972450        0.1119782646
  95.  89.       -0.1719672937       -0.1083588053
  95.  90.       -0.7118902522        0.5980805186
  95.  91.       -0.2838256687       -0.0991181658
  95.  92.       -0.3265027509        0.2182231991
  95.  93.        0.3204578492       -0.2914347321
  95.  94.        0.1839634132        0.1304613171
  95.  95.       -0.2272322218        0.1941167739
  96.   0.        0.0913582869        0.0000000000
  96.   1.        0.0474671879       -0.3723719420
  96.   2.        0.1049455809       -0.0279604602
  96.   3.        0.5335021768        0.2640748346
  96.   4.       -0.0415414986       -0.3713572477
  96.   5.        0.5192590314        0.4958840405
  96.   6.       -0.0415344197        0.2476195456
  96.   7.        0.2317291394       -0.0531385051
  96.   8.        0.0268554594        0.0347353852
  96.   9.       -0.1424138270        0.0772092834
  96.  10.       -0.2998120948       -0.0060736229
  96.  11.       -0.4423936415        0.0963062039
  96.  12.        0.1114280741       -0.1912404515
  96.  13.        0.0899789556        0.1619210639
  96.  14.       -0.1311811011       -0.1031591229
  96.  15.        0.0268220525       -0.1557729263
  96.  16.        0.0300264408       -0.3493659697
  96.  17.       -0.3658885644        0.0370763558
  96.  18.        0.1506986934        0.2904678963
  96.  19.        0.0229869786       -0.2322878399
  96.  20.        0.2529068226       -0.2199722671
  96.  21.        0.0286590011        0.2861029800
  96.  22.       -0.0378782657        0.1473942447
  96.  23.        0.1569793887        0.1530925485
  96.  24.       -0.2665958380       -0.0407539572
  96.  25.        0.6341131618        0.7019865357
  96.  26.       -0.5055463408       -0.1999613321
  96.  27.        0.1034340141       -0.1130034134
  96.  28.        0.0656503491        0.0221734318
  96.  29.       -1.0333527714       -0.2932396544
  96.  30.       -0.0939931631        0.1313354938
  96.  31.        0.4505166015       -0.0841463434
  96.  32.       -0.2128661875       -0.5760185994
  96.  33.       -0.3383706779        0.0436489552
  96.  34.       -0.4637392295        0.2145746906
  96.  35.        0.0693476999       -0.5080750082
  96.  36.        0.0949805743        0.6082359571
  96.  37.       -0.0782339773       -0.0892474728
  96.  38.       -0.0289207502       -0.1808331262
  96.  39.       -0.5233876599       -0.3214883626
  96.  40.        0.0517711047       -0.1483310861
  96.  41.        0.1357069866       -0.1269612058
  96.  42.        0.4052059059       -0.0222986009
  96.  43.        0.0432543443        0.3268247789
  96.  44.        0.2871982301       -0.1756216409
  96.  45.       -0.4026525983        0.1833041384
  96.  46.       -0.1603311462        0.0021120955
  96.  47.        0.1140919197        0.3949288111
  96.  48.        0.2937164478        0.4880566919
  96.  49.        0.4123634185       -0.0118218181
  96.  50.       -0.3292133356        0.1468689055
  96.  51.       -0.3908315275       -0.5194168231
  96.  52.        0.4252994869        0.3751533282
  96.  53.       -0.2237739137        0.3217372912
  96.  54.       -0.0891985047        0.1310603238
  96.  55.        0.2000185048       -0.3070709600
  96.  56.        0.0071688002        0.0292690648
  96.  57.       -0.3017001118       -0.0506930932
  96.  58.       -0.3458900251       -0.3404325915
  96.  59.        0.0196343518       -0.4683726479
  96.  60.       -0.2033585197        0.1272064823
  96.  61.        0.1582048389       -0.3071297329
  96.  62.       -0.4475199855       -0.2056975888
  96.  63.        0.5526564838        0.0138778525
  96.  64.        0.3691431608        0.0455823004
  96.  65.       -0.5703057154       -0.1149571244
  96.  66.        0.1567898031        0.1024725410
  96.  67.        0.1823596958        0.0042558253
  96.  68.        0.2486225862        0.3621722563
  96.  69.       -0.5548581813        0.1273061146
  96.  70.        0.0020813318        0.2547308700
  96.  71.       -0.0963655618       -0.1507150235
  96.  72.        0.2927118317        0.4306986384
  96.  73.        0.4999391242       -0.4872514030
  96.  74.        0.2401510681        0.1390769398
  96.  75.       -0.1415789246       -0.2487909316
  96.  76.        0.4335517065       -0.1088224410
  96.  77.       -0.1511670026       -0.0301845742
  96.  78.        0.9675380395       -0.9915505366
  96.  79.        0.6170171774       -0.0147638346
  96.  80.        0.1433216719       -0.3569360587
  96.  81.        0.2977122891       -0.0271268249
  96.  82.        0.2884510806       -0.1920281634
  96.  83.        0.6870793147        0.0262157389
  96.  84.        0.0105374545        0.4706253629
  96.  85.        0.6082369925       -0.1487620866
  96.  86.        0.0638633313       -0.2528124212
  96.  87.       -0.3383729148        0.0897273665
  96.  88.        0.0679927177        0.5402955308
  96.  89.       -0.5159636060        0.4637801812
  96.  90.        0.2170198232       -0.1117931647
  96.  91.        0.2798408120        0.1502374976
  96.  92.       -0.1743558880        0.4494573112
  96.  93.       -0.4186382321        0.0740888544
  96.  94.        0.5906384170        0.1255320343
  96.  95.        0.1257919081        0.6367755787
  96.  96.        0.1912489201       -0.7902036622
  97.   0.       -0.4160342907        0.0000000000
  97.   1.        0.1196469932        0.3374581162
  97.   2.       -0.3618326250       -0.3126797685
  97.   3.       -0.5471003070       -0.2360120225
  97.   4.        0.1531889861        0.2812860789
  97.   5.       -0.7152018678       -0.1862285560
  97.   6.       -0.0784174202       -0.4179964679
  97.   7.        0.1904444368       -0.0519516955
  97.   8.       -0.1127253877        0.0617270591
  97.   9.        0.1319160699       -0.2031376265
  97.  10.        0.3207002353        0.0477978178
  97.  11.       -0.2136956129        0.2703609829
  97.  12.        0.0189535550       -0.0761973178
  97.  13.       -0.0224169279       -0.2343815202
  97.  14.        0.2078275446       -0.4561926688
  97.  15.       -0.0155814941       -0.0724192930
  97.  16.       -0.5240993195        0.2506271289
  97.  17.        0.5585965439       -0.3284600470
  97.  18.        0.1987765532        0.3908798139
  97.  19.        0.0211132399       -0.4180387335
  97.  20.        0.0757480662       -0.2119233881
  97.  21.       -0.3092693009        0.1635283424
  97.  22.        0.1057688136        0.5424462368
  97.  23.       -0.0916943042        0.4232323881
  97.  24.       -0.0438902241       -0.0152513409
  97.  25.        0.2703375540       -0.0495780383
  97.  26.       -0.4647936672       -0.3038078794
  97.  27.       -0.5984715934       -0.4098888486
  97.  28.       -0.0226233732       -0.3731647477
  97.  29.        0.4245629301       -0.3375251725
  97.  30.       -0.2901160475       -0.1876814688
  97.  31.       -0.0247108307        0.1107612389
  97.  32.        0.3803955601       -0.3092415707
  97.  33.        0.3627150498       -0.1275999794
  97.  34.        0.1162028883        0.1837726222
  97.  35.       -0.2253788275       -0.2452088823
  97.  36.        0.1192640869       -0.0689379557
  97.  37.        0.4897728898        0.2748010087
  97.  38.        0.0074261349       -0.0156125307
  97.  39.        0.1858843673       -0.0782311559
  97.  40.       -0.0647684313        0.4945358453
  97.  41.        0.3349383103       -0.0848488224
  97.  42.        0.3571118096       -0.0859484484
  97.  43.       -0.4748832025       -0.0615061807
  97.  44.       -0.1282771893       -0.0750399035
  97.  45.        0.0852295234       -0.0949967470
  97.  46.       -0.0250795258        0.2932449023
  97.  47.        0.1898918114       -0.0615759223
  97.  48.       -0.1977989593        0.0529578430
  97.  49.        0.1832435194       -0.2244612629
  97.  50.        0.3273832814       -0.4342261113
  97.  51.        0.0580740229        0.3214733341
  97.  52.       -0.4656803080        0.0647335597
  97.  53.        0.1795506667        0.5416497245
  97.  54.        0.3342596298        0.1252851471
  97.  55.       -0.1435795243        0.0718996142
  97.  56.       -0.5783516963       -0.7913959302
  97.  57.       -0.4320592739       -0.5398781796
  97.  58.        0.0742087597        0.0010764975
  97.  59.       -0.1160784323       -0.3093298720
  97.  60.       -0.1607833608        0.1670509902
  97.  61.       -0.3527112268        0.3148109686
  97.  62.        0.4521947612       -0.3276109695
  97.  63.        0.1094410114       -0.2976586397
  97.  64.       -0.0043534993       -0.3994484624
  97.  65.        0.9439451161        0.1633422069
  97.  66.       -0.3074484963        0.6233314476
  97.  67.       -0.5190054957       -0.5152658401
  97.  68.        0.5900461594        0.0574652067
  97.  69.       -0.2573930284       -0.2408148416
  97.  70.       -0.2556783333       -0.1845371056
  97.  71.        0.1104913481       -0.0173332697
  97.  72.        0.2233212168       -0.3020892521
  97.  73.        0.0398649508       -0.2515709457
  97.  74.        0.0252728592       -0.0608048403
  97.  75.       -1.2258056478        0.5932847804
  97.  76.       -0.1596657015        0.2507722558
  97.  77.       -0.3732422270        0.2579369269
  97.  78.       -0.3248708332       -0.2592061368
  97.  79.       -0.7945233889        0.0409095890
  97.  80.       -0.0171446825        0.0278878652
  97.  81.       -0.4090643265        0.3869745962
  97.  82.        0.2263958805       -0.2333568428
  97.  83.        0.2182985897       -0.3394696149
  97.  84.        0.7398324420        0.2845757329
  97.  85.        0.2935476484       -0.1385292470
  97.  86.        0.2633571957       -0.0797585134
  97.  87.        0.1059577305        0.3457872549
  97.  88.        0.4662663812        0.0936934758
  97.  89.       -0.3066880381        0.3355417604
  97.  90.       -0.2145502498       -0.5811634520
  97.  91.        0.1073660753       -0.4702050512
  97.  92.       -0.0724488744       -0.2634596879
  97.  93.        0.3030844574       -0.3326701619
  97.  94.        0.1197874404        0.2855805133
  97.  95.        0.0434410731       -0.1643864773
  97.  96.       -0.0564375099       -0.5879783158
  97.  97.        0.1187116479       -0.0591956474
  98.   0.       -0.3430540822        0.0000000000
  98.   1.        0.6783947035        0.2535427597
  98.   2.       -0.0937055461        0.2748743111
  98.   3.        0.0517730505       -0.2629406233
  98.   4.        0.2126447418        0.0002281472
  98.   5.       -0.0191732804       -0.0363553700
  98.   6.        0.2096162368       -0.3490490888
  98.   7.       -0.4663359773       -0.0914381236
  98.   8.        0.2462490007        0.2931789295
  98.   9.        0.2090982919        0.1998806177
  98.  10.        0.3419391548        0.1626852908
  98.  11.       -0.0196673678       -0.1043983845
  98.  12.       -0.1614801559        0.1219935854
  98.  13.        0.3894808102       -0.2013930325
  98.  14.        0.0300968614        0.1340838554
  98.  15.        0.0103649046        0.2112969277
  98.  16.       -0.0305209485       -0.0195473759
  98.  17.        0.1749704128        0.2425294885
  98.  18.        0.1261089657       -0.0168337497
  98.  19.        0.2143695536        0.4028195141
  98.  20.       -0.3491005459        0.1382900543
  98.  21.       -0.4406704211       -0.3083022231
  98.  22.       -0.0817608510       -0.1681669314
  98.  23.       -0.4788205266       -0.2970132638
  98.  24.        0.0157663429        0.0620888324
  98.  25.       -0.5423730104       -0.5152671093
  98.  26.        0.0891275927        0.0960664607
  98.  27.       -0.0184825199       -0.1897319468
  98.  28.        0.2327164680        0.0559588720
  98.  29.        0.8644667067        0.2540219914
  98.  30.       -0.2956789451       -0.2190610227
  98.  31.       -0.1404044780        0.0697024904
  98.  32.        0.2037091642        0.1413712815
  98.  33.        0.0525657206        0.1543669440
  98.  34.       -0.0231710504        0.2776951312
  98.  35.       -0.1345060559       -0.1249381100
  98.  36.       -0.1716737300       -0.8053844190
  98.  37.       -0.0595891629       -0.0759280881
  98.  38.       -0.1595213933        0.3064486632
  98.  39.       -0.3812618751        0.2041483001
  98.  40.       -0.2660976130       -0.2454635994
  98.  41.       -0.6141630516       -0.2273716730
  98.  42.        0.0172779896       -0.0069472856
  98.  43.        0.1159959519       -0.2315817826
  98.  44.        0.1329993994        0.5307896179
  98.  45.        0.1933782714        0.0037038471
  98.  46.        0.0711422416        0.5242427901
  98.  47.       -0.5845454961       -0.1479945482
  98.  48.        0.1125731911       -0.2646051866
  98.  49.       -0.4175589494        0.1370128543
  98.  50.        0.2320523256        0.1008037663
  98.  51.       -0.3093774138       -0.1745506835
  98.  52.       -0.2713572679       -0.0909297441
  98.  53.       -0.5826010464       -0.2173477819
  98.  54.       -0.2055154626        0.2209651135
  98.  55.        0.1111812107        0.1023800214
  98.  56.        0.1186638191       -0.0283764219
  98.  57.        0.0719214430       -0.2864836849
  98.  58.        0.1189991071        0.3446463282
  98.  59.        0.2477625874        0.1288994246
  98.  60.        0.0323638057       -0.4230973527
  98.  61.       -0.1473633098        0.2989677245
  98.  62.       -0.5013373815       -0.2527826259
  98.  63.       -0.2829828968       -0.1486795393
  98.  64.       -0.3510548699       -0.0446169447
  98.  65.        0.1884787144       -0.3236880990
  98.  66.        0.2850398020       -0.1479774862
  98.  67.       -0.3606638434       -0.0306419984
  98.  68.       -0.3775238885        0.1075721548
  98.  69.        0.0297155743        0.0364334700
  98.  70.        0.0686042857       -0.2187375007
  98.  71.       -0.0144632446       -0.4144203382
  98.  72.        0.2637536563       -0.6297887752
  98.  73.        0.1193861571        0.2443311251
  98.  74.       -0.3064574949       -0.3163372983
  98.  75.       -0.0483288793        0.1070973177
  98.  76.        0.3343264618       -0.5739866067
  98.  77.       -0.4834975247        0.1687730819
  98.  78.        0.3217965612       -0.6040088532
  98.  79.       -0.5395227619        0.0903366143
  98.  80.        0.0852254205       -0.7599545408
  98.  81.       -0.7650519622        0.5803346726
  98.  82.       -0.0982413606       -0.5123327518
  98.  83.       -0.5792026128       -0.2091731622
  98.  84.       -0.3212989112        0.2542057787
  98.  85.        0.8566527421        0.1001606577
  98.  86.       -0.2832421255        0.3916782309
  98.  87.        0.0286485912        0.7962402999
  98.  88.        0.2249786119        0.1198279687
  98.  89.        0.0241156241        0.2380227890
  98.  90.       -0.0244606434        0.3269480907
  98.  91.        0.1769814121        0.5773205258
  98.  92.        0.0320310727        0.0981676987
  98.  93.       -0.0604170963        0.5969480357
  98.  94.       -0.4610762715       -0.1359934937
  98.  95.       -0.2210670624        0.0673943989
  98.  96.        0.2665633139        0.8978562274
  98.  97.       -0.6867898549        0.2673331526
  98.  98.        0.2898363497        0.2883575108
  99.   0.        0.2403630947        0.0000000000
  99.   1.        0.0164931937       -0.4791528051
  99.   2.       -0.3301875312        0.1299381432
  99.   3.        0.5358782515        0.1910492103
  99.   4.       -0.1450808826        0.2273064391
  99.   5.        0.2212339487       -0.2058675693
  99.   6.       -0.1171239064        0.3630770907
  99.   7.       -0.1935941838       -0.0354833201
  99.   8.        0.2524432003       -0.0742354180
  99.   9.       -0.1093320117        0.3707520249
  99.  10.        0.1177570647       -0.0105933365
  99.  11.        0.2900179194       -0.2218816938
  99.  12.       -0.3532819413       -0.0134497159
  99.  13.       -0.1863508596        0.2412267527
  99.  14.        0.1404173918        0.2808545389
  99.  15.       -0.1157211901        0.2688903903
  99.  16.        0.2637347114       -0.0570552849
  99.  17.        0.0137912473        0.2123742144
  99.  18.       -0.0778626617       -0.5200791068
  99.  19.        0.1707222932        0.2033712349
  99.  20.        0.0205066193       -0.4920560644
  99.  21.        0.1778974793       -0.0130367252
  99.  22.        0.1493882810       -0.2494025043
  99.  23.       -0.0393453375        0.0930152812
  99.  24.       -0.2217702750        0.5588167074
  99.  25.       -0.0906529145        0.0049377366
  99.  26.        0.1959654685       -0.1416588286
  99.  27.        0.0389435004       -0.0085692708
  99.  28.        0.1537714810        0.2835302588
  99.  29.       -0.3158753243        0.1312748469
  99.  30.        0.1646491974        0.0558242395
  99.  31.        0.2205160137        0.0966100537
  99.  32.       -0.6101603337        0.1641192329
  99.  33.       -0.3246202521        0.1247821402
  99.  34.       -0.3659036220       -0.0830643843
  99.  35.        0.2583327766       -0.1161633146
  99.  36.        0.2513594252       -0.1041388189
  99.  37.        0.0286886455       -0.2602901745
  99.  38.        0.1309304892       -0.0853746508
  99.  39.       -0.1334056826        0.0385740823
  99.  40.       -0.3941559532       -0.6565589622
  99.  41.        0.1158146407        0.3754196074
  99.  42.       -0.2898658848        0.2567235309
  99.  43.        0.1442484983        0.1391677383
  99.  44.       -0.1406578371        0.2394074337
  99.  45.       -0.2807633523       -0.4499987649
  99.  46.        0.2414212292        0.0491854416
  99.  47.        0.3032864595        0.1611121933
  99.  48.       -0.1820838769       -0.2212150715
  99.  49.        0.3353882115        0.4655895289
  99.  50.        0.1502683099        0.3695516240
  99.  51.       -0.2827741621       -0.5328210060
  99.  52.        0.3213099294       -0.1358576182
  99.  53.       -0.0351708309        0.2034530061
  99.  54.       -0.1906343113        0.2217634317
  99.  55.        0.0757702407        0.4468663564
  99.  56.       -0.0223458606        0.2101926012
  99.  57.        0.4712628747        0.2411976849
  99.  58.        0.0161760676       -0.5183538638
  99.  59.       -0.2581471268       -0.4374081042
  99.  60.       -0.3225250039       -0.0037632194
  99.  61.        0.3718359027       -0.3063820907
  99.  62.       -0.5619618032        0.3152475083
  99.  63.        0.2642689456        0.0203477321
  99.  64.       -0.3604104953        0.1832222793
  99.  65.        0.1778012754       -0.0562947277
  99.  66.       -0.4389206792        0.1349787037
  99.  67.       -0.2628784441        0.3631890038
  99.  68.       -0.2896814798        0.2706611034
  99.  69.       -0.1463039507       -0.4087835589
  99.  70.       -0.5455694138       -0.4150803092
  99.  71.        0.2249802153        0.2140792853
  99.  72.        0.0105202718        0.6292526948
  99.  73.        0.1916636937        0.1514829007
  99.  74.        0.3916348028        0.2832014869
  99.  75.        0.2796863166       -0.2550956014
  99.  76.        0.6164694985       -0.4183683741
  99.  77.        0.5405353645       -0.8376786755
  99.  78.       -0.0920511737        0.1728376569
  99.  79.        0.6421944134        0.3870129722
  99.  80.        0.1198198910       -0.0947002630
  99.  81.       -0.3563436528       -0.6060088211
  99.  82.       -0.4839706242        0.8518377147
  99.  83.       -0.1878319507        0.4018466035
  99.  84.        0.0352566140        0.3187349623
  99.  85.       -0.0779390981        0.1816356344
  99.  86.       -0.0283947147        0.2306639645
  99.  87.       -0.2972435328       -0.1545475061
  99.  88.        0.6712139982       -0.4735298979
  99.  89.        0.1130667146        0.2677073908
  99.  90.       -0.1971380345        0.2188532959
  99.  91.       -0.3910852543       -0.2072179430
  99.  92.       -0.0488917495       -0.2604211553
  99.  93.       -0.0218777238       -0.2523742695
  99.  94.        0.2235051125       -0.5285141975
  99.  95.        0.4774745949       -0.0582152935
  99.  96.       -0.3784598944        0.1531035366
  99.  97.        0.3885478913        0.3399310577
  99.  98.        0.0526370163        0.8627853983
  99.  99.        1.0488513633        0.1956046601
 100.   0.       -0.1163499631        0.0000000000
 100.   1.       -0.5232113224        0.0254540267
 100.   2.        0.0984548836       -0.1479444317
 100.   3.       -0.1656362442        0.2424070453
 100.   4.       -0.3628432324       -0.0628592872
 100.   5.       -0.2668832870       -0.0267199567
 100.   6.       -0.3839515709       -0.0037513898
 100.   7.        0.3189815329       -0.2767312074
 100.   8.        0.0911815242       -0.1465548220
 100.   9.       -0.3606962737        0.0131086686
 100.  10.        0.0862560915        0.0028419710
 100.  11.       -0.0093259755       -0.0918311530
 100.  12.        0.1710959963       -0.2654285192
 100.  13.       -0.0979530889       -0.2393534549
 100.  14.        0.2143882466       -0.2217426181
 100.  15.       -0.1682286754        0.0473767910
 100.  16.       -0.4446050055       -0.1124657340
 100.  17.        0.3177088108       -0.4399694351
 100.  18.        0.3072377532       -0.4412347165
 100.  19.       -0.2479477132       -0.0319063625
 100.  20.       -0.2092096687       -0.2317708492
 100.  21.        0.6880824423        0.2674901253
 100.  22.        0.1262426159        0.3241654513
 100.  23.        0.3776216042        0.3047750149
 100.  24.       -0.0352330233        0.0386031954
 100.  25.       -0.0674130822        0.3830807820
 100.  26.        0.1878872414       -0.3522655668
 100.  27.       -0.0639489580       -0.2156063760
 100.  28.       -0.2635506602       -0.3475166881
 100.  29.       -0.3044821676       -0.0889679219
 100.  30.        0.1935498669        0.1079304065
 100.  31.       -0.0273001594        0.0284142394
 100.  32.        0.2003506262        0.2656008678
 100.  33.        0.4112991542        0.2103235786
 100.  34.        0.2012631027       -0.0417337971
 100.  35.        0.0990640763        0.4516922495
 100.  36.        0.5535073231        0.2333568532
 100.  37.        0.0449589443       -0.0757325731
 100.  38.        0.3946198525       -0.1595031343
 100.  39.        0.3350467686       -0.2037359114
 100.  40.        0.0886747233        0.3456487018
 100.  41.        0.3526077156       -0.1191798526
 100.  42.        0.0515223909        0.1793049083
 100.  43.       -0.1776723462       -0.1713079800
 100.  44.       -0.2519895202       -0.1980701388
 100.  45.       -0.6113058914        0.1719110004
 100.  46.       -0.1932915210        0.0479561649
 100.  47.        0.3019500304        0.2795210497
 100.  48.       -0.4234389544        0.1319635873
 100.  49.        0.1519842694        0.0265902469
 100.  50.       -0.7349207803       -0.6802463805
 100.  51.        0.2465064457        0.1260011195
 100.  52.       -0.2050738266       -0.0551749707
 100.  53.        0.4608456186       -0.3225129996
 100.  54.       -0.0827815261       -0.0144788279
 100.  55.       -0.5629489195       -0.5221629164
 100.  56.        0.0550630368       -0.1385090090
 100.  57.        0.1612483352        0.2939817611
 100.  58.        0.2555788730        0.0680309193
 100.  59.       -0.1230590385        0.0270368545
 100.  60.       -0.2174197347       -0.2526582605
 100.  61.        0.1136029822        0.4090252387
 100.  62.        0.4830716701        0.1691571338
 100.  63.       -0.1967613583       -0.0430602670
 100.  64.        0.0268705817        0.0464437662
 100.  65.        0.2871438604       -0.1483421757
 100.  66.        0.1289492270        0.2720195435
 100.  67.        0.7990050231        0.2322132869
 100.  68.       -0.2802150758        0.1862496104
 100.  69.        0.0096635547        0.2565190646
 100.  70.        0.1492453119        0.0820499252
 100.  71.       -0.1137542178        0.7426125690
 100.  72.        0.1431683354       -0.1114265018
 100.  73.       -0.0087845986        0.2699120283
 100.  74.       -0.1507242392        0.3086110190
 100.  75.        0.3583951533       -0.3065312940
 100.  76.       -0.1832912165       -0.4144625014
 100.  77.        0.3749455263       -0.0467891403
 100.  78.        0.0456085150       -0.0380672153
 100.  79.       -0.1633320733        0.0055383268
 100.  80.       -0.4308783838        0.4395704979
 100.  81.        0.2836527729        0.1464895017
 100.  82.        0.2140158181        0.1350761379
 100.  83.       -0.3391259808       -0.2104441199
 100.  84.        0.1038221449       -0.3302641353
 100.  85.        0.3555729234        0.3145238733
 100.  86.        0.2533347592        0.2723454948
 100.  87.        0.0934654217        1.1838370095
 100.  88.       -0.4039338519        0.3833631214
 100.  89.        0.6560711154        0.1135727336
 100.  90.        0.5297810245        0.3649366370
 100.  91.        1.0476818894       -0.1006688132
 100.  92.       -0.2152865135       -0.4936071536
 100.  93.        0.1156678177       -0.1697526878
 100.  94.       -0.1090190325        0.0137650301
 100.  95.       -0.0590386723       -0.1463345114
 100.  96.       -0.0421332959       -0.3338118832
 100.  97.        0.1452136881        0.3763041353
 100.  98.        0.3450547759       -0.3523004901
 100.  99.       -0.5198997480       -0.4224307418
 100. 100.        0.2043778615        0.4518981851
 101.   0.        0.0145509064        0.0000000000
 101.   1.        0.2486380396        0.4210701162
 101.   2.        0.6309564006       -0.3277440302
 101.   3.        0.1589424206        0.1405658257
 101.   4.        0.0085770343       -0.2139948934
 101.   5.        0.5436615196        0.3557987576
 101.   6.        0.3120773173        0.0803432336
 101.   7.       -0.2141557319        0.0798562408
 101.   8.        0.3844016138       -0.0185326293
 101.   9.        0.1898966709       -0.5654490580
 101.  10.        0.2620508181       -0.0017686915
 101.  11.       -0.1347450153       -0.2223693235
 101.  12.        0.4580876980        0.0188923364
 101.  13.       -0.1814652443        0.0209225920
 101.  14.       -0.3168083792       -0.1872643547
 101.  15.        0.1918368702       -0.5654571938
 101.  16.        0.1226943654        0.2861748355
 101.  17.       -0.5693485590       -0.0021838247
 101.  18.        0.1837203630        0.4840114384
 101.  19.        0.2097359175        0.3189520025
 101.  20.       -0.0299770723        0.0120650392
 101.  21.        0.3041895722        0.7283714447
 101.  22.       -0.3675973566       -0.0316645117
 101.  23.        0.1473632245       -0.0434701381
 101.  24.        0.2800712596       -0.3535864511
 101.  25.       -0.2155751211        0.0966235710
 101.  26.        0.0717093513       -0.2343539270
 101.  27.        0.5590151843        0.4023155270
 101.  28.       -0.0819367121        0.0863008424
 101.  29.        0.2656708038        0.3891555380
 101.  30.        0.1590403041        0.2156026543
 101.  31.        0.0665158839        0.0235015214
 101.  32.        0.1388542501        0.1573540877
 101.  33.        0.4537507911       -0.2502260142
 101.  34.        0.4226367526       -0.0915929145
 101.  35.       -0.0220484533        0.0865034217
 101.  36.       -0.0487549443        0.4307682950
 101.  37.        0.0298972274        0.1521745050
 101.  38.       -0.0049724269        0.3239586793
 101.  39.       -0.1470083085       -0.3547799132
 101.  40.        0.2309377584        0.2437315068
 101.  41.       -0.1408952862       -0.0167317485
 101.  42.       -0.5904811159       -0.1696620649
 101.  43.        0.2298624385       -0.2864039360
 101.  44.        0.0316892819       -0.2938438014
 101.  45.       -0.0958656750        0.2628206940
 101.  46.       -0.2088783558        0.0796734862
 101.  47.        0.0569256410       -0.0369170847
 101.  48.       -0.0854995644       -0.0209548334
 101.  49.       -0.0690572504       -0.1452551928
 101.  50.       -0.0164544435       -0.2850482792
 101.  51.        0.3033601245        0.2202156546
 101.  52.       -0.0229291555        0.2830177495
 101.  53.        0.3637463829       -0.6790184085
 101.  54.        0.3630712308        0.2756781164
 101.  55.        0.3282040506       -0.0988971295
 101.  56.        0.2454612022        0.3381039279
 101.  57.       -0.2839294198        0.0813264002
 101.  58.       -0.1203147436        0.4217844201
 101.  59.        0.2233334641        0.3210156038
 101.  60.        0.1590149742        0.0010318892
 101.  61.        0.2468787837        0.0832364282
 101.  62.       -0.1595773477        0.1753150900
 101.  63.        0.0947469285        0.4291183580
 101.  64.        0.0685052961       -0.0057596739
 101.  65.       -0.0325253229       -0.3208519711
 101.  66.       -0.0216625206       -0.2210293084
 101.  67.       -0.0381479477        0.7984518209
 101.  68.        0.2442419399       -0.1052898730
 101.  69.        0.7975199842        0.7680490711
 101.  70.        0.4194235029        0.3982726052
 101.  71.       -0.0119566954       -0.1050952939
 101.  72.        0.0593948725        0.0938881826
 101.  73.       -0.2373376521        0.4034753730
 101.  74.       -0.1701611187       -0.6160780608
 101.  75.       -0.0776953914        0.1304980448
 101.  76.        0.3200108040        0.1173926795
 101.  77.        0.0783046878        0.2521482450
 101.  78.       -0.0263705597        0.2718208115
 101.  79.       -0.0146553592        0.2967831326
 101.  80.       -0.1306218611       -0.1439615588
 101.  81.        0.4442300969        0.0025589273
 101.  82.        0.1285921988        0.2565091092
 101.  83.       -0.2055725437       -0.1891548093
 101.  84.       -0.5496183330       -0.6749338720
 101.  85.        0.0166321044       -0.0434517352
 101.  86.       -0.1869354156       -0.2125890227
 101.  87.        0.1570235134        0.1353298802
 101.  88.       -0.1118507714       -0.1766338749
 101.  89.        0.1487180660       -0.4005112605
 101.  90.        0.3374533955        0.3902975113
 101.  91.       -0.6723994357        0.2117067738
 101.  92.        0.4799277282       -0.1664372095
 101.  93.        0.2504740022        0.1987088882
 101.  94.        0.1714969518       -0.8343142872
 101.  95.        0.5019278412        0.2407619367
 101.  96.        0.1058442691        0.2034790830
 101.  97.        0.0762641460       -0.2314045664
 101.  98.        0.3528638781       -0.5490527066
 101.  99.        0.1799088144        0.6176927367
 101. 100.        0.5034459764       -0.6018958153
 101. 101.        0.2928221145        0.0863397440
 102.   0.        0.1521659700        0.0000000000
 102.   1.        0.3147400658        0.2073693603
 102.   2.        0.3949501627       -0.0793647038
 102.   3.        0.0240442620       -0.1946251797
 102.   4.        0.1006274850        0.3387789954
 102.   5.        0.0890162358       -0.1818922405
 102.   6.        0.1167840263        0.4586785736
 102.   7.        0.2360179219        0.5019257517
 102.   8.       -0.4022362412       -0.2730034701
 102.   9.        0.1452752120       -0.2591509912
 102.  10.        0.1613562654       -0.0219798991
 102.  11.       -0.0351789589       -0.0891821313
 102.  12.        0.2524796934       -0.1240096209
 102.  13.       -0.3585126911        0.1165792556
 102.  14.       -0.2946664389        0.2958806589
 102.  15.       -0.1365160813       -0.1861779087
 102.  16.        0.1996248758       -0.1066594318
 102.  17.       -0.0233032556        0.2046014618
 102.  18.       -0.4369948938        0.0550861591
 102.  19.       -0.2574812221        0.1266544963
 102.  20.        0.3923012839        0.2804616285
 102.  21.       -0.0159600655       -0.0932915427
 102.  22.       -0.2090142705       -0.2565067572
 102.  23.        0.0611261793       -0.4183506920
 102.  24.       -0.1864975354       -0.0993866413
 102.  25.        0.1377694442        0.1779215059
 102.  26.       -0.3707938351        0.0866809758
 102.  27.        0.0406092804        0.2318866055
 102.  28.       -0.3456869670        0.5654353120
 102.  29.       -0.0590211475        0.2119337909
 102.  30.        0.0436007617       -0.0865399873
 102.  31.       -0.0151060763        0.1840639580
 102.  32.       -0.1249201011       -0.6563757339
 102.  33.       -0.5283365481       -0.2981806755
 102.  34.       -0.2237247648       -0.3211757243
 102.  35.       -0.1734872104       -0.2332288324
 102.  36.       -0.2148498198        0.0613615805
 102.  37.       -0.0936077948       -0.2219375945
 102.  38.       -0.3680348476       -0.0408004219
 102.  39.       -0.1445206490        0.2242858573
 102.  40.       -0.0493516154        0.0183981096
 102.  41.        0.1246985571        0.2910737172
 102.  42.       -0.1205569270       -0.4110487707
 102.  43.       -0.0495530509        0.1030399293
 102.  44.       -0.0075305650       -0.3644240786
 102.  45.        0.5386848828        0.0131056208
 102.  46.        0.0907708858       -0.4916098254
 102.  47.       -0.2023321659       -0.0424346796
 102.  48.        0.2945460162        0.0965879867
 102.  49.        0.4998578242        0.2574986122
 102.  50.        0.0364791478        0.1751075502
 102.  51.       -0.1819788973        0.1965474130
 102.  52.        0.0595997426       -0.2199892849
 102.  53.       -0.3763758357        0.4136046465
 102.  54.        0.1329122962        0.3993307776
 102.  55.        0.1221371981        0.1035872693
 102.  56.        0.3243312626        0.5431856336
 102.  57.       -0.0716290697        0.0016578744
 102.  58.        0.0450228301       -0.1526874580
 102.  59.       -0.2604007329        0.6530473478
 102.  60.        0.6050723230        0.0025913129
 102.  61.        0.3912749845        0.0121940240
 102.  62.        0.1043835460       -0.3819565427
 102.  63.        0.5226432086        0.3280520801
 102.  64.        0.0965200808       -0.9956563372
 102.  65.       -0.3629971310       -0.0428433938
 102.  66.       -0.3690694149       -0.1244645929
 102.  67.       -0.0509007981       -0.4632152216
 102.  68.        0.5986130422       -0.4839018078
 102.  69.        0.1284925528        0.0057835937
 102.  70.        0.1408513914       -0.2809363793
 102.  71.       -0.0227185141       -0.1182533691
 102.  72.        0.0351587935        0.0532766266
 102.  73.        0.0816795983       -0.2898714405
 102.  74.        0.4346697336       -0.0300000535
 102.  75.       -0.6070874791        0.5303714713
 102.  76.       -0.4825454096       -0.1228755426
 102.  77.        0.0319919610       -0.4049898418
 102.  78.        0.3288721405        0.4973015242
 102.  79.        0.1401455086       -0.2293716534
 102.  80.       -0.1162607403        0.6558319755
 102.  81.       -0.4810441048       -0.4090907945
 102.  82.       -0.0395748845        0.1091606802
 102.  83.        0.3039246073        0.2558439693
 102.  84.       -0.4912264146        0.2391651586
 102.  85.        0.1133733719        0.2588283344
 102.  86.       -0.3677307432       -0.1918703185
 102.  87.        0.3255005295       -0.2448847803
 102.  88.       -0.1566447404        0.4343735117
 102.  89.        0.1335071842       -0.2005648356
 102.  90.        0.7827200953        0.2957182999
 102.  91.       -0.2397149650        0.3273198881
 102.  92.       -0.4621279679       -0.1965464495
 102.  93.        0.0739046880        0.2829786350
 102.  94.       -0.1857022011       -0.5808073827
 102.  95.        0.3541796989       -0.1471679902
 102.  96.        0.0934888614        0.4031801636
 102.  97.       -1.0601117397        0.6314704071
 102.  98.       -0.0787774182        0.2430702361
 102.  99.        0.0577486816        0.1890015102
 102. 100.        0.2273638243        0.5119788558
 102. 101.       -0.1883444520        0.6027801066
 102. 102.       -0.2501952393       -0.0404534252
 103.   0.       -0.0723280382        0.0000000000
 103.   1.       -0.5518384559       -0.0543106463
 103.   2.        0.0746977082        0.1833919917
 103.   3.       -0.6399782520       -0.2932292005
 103.   4.        0.0559390445       -0.6019752654
 103.   5.       -0.3840530330       -0.3128669272
 103.   6.       -0.1687878129       -0.2780747126
 103.   7.        0.6507696626        0.0693004888
 103.   8.       -0.4564077213        0.2228858166
 103.   9.        0.0273728678        0.0607627843
 103.  10.       -0.4570634581       -0.2075238496
 103.  11.        0.0119043496        0.0914890663
 103.  12.       -0.1564489901       -0.1048144761
 103.  13.       -0.0124392309       -0.1964562759
 103.  14.        0.0932401007        0.0724566672
 103.  15.        0.0576997373        0.4906869005
 103.  16.       -0.0939888290       -0.5947561790
 103.  17.        0.3598766579        0.0199664861
 103.  18.        0.0179609306       -0.4144805413
 103.  19.       -0.3694569504       -0.2805342851
 103.  20.       -0.2504611789        0.3821308912
 103.  21.       -0.2370618777       -0.5606297310
 103.  22.        0.1718517091        0.1894230456
 103.  23.       -0.1351386198        0.0425870009
 103.  24.       -0.3027567727       -0.0280027014
 103.  25.        0.0105618481       -0.2928747267
 103.  26.        0.1906845693        0.4711775023
 103.  27.       -0.3426984699        0.1627843298
 103.  28.       -0.3379454231       -0.2624191048
 103.  29.       -0.2101047966       -0.1220619600
 103.  30.       -0.0643288510       -0.3915680042
 103.  31.       -0.1773393226        0.2155308545
 103.  32.       -0.0197317578       -0.0707832203
 103.  33.       -0.1851971299       -0.3956428736
 103.  34.       -0.0259702757        0.2246668546
 103.  35.       -0.2791149716       -0.0756217464
 103.  36.       -0.1395986028       -0.7030600917
 103.  37.       -0.2535175039        0.2226674470
 103.  38.       -0.0344396872       -0.6509262903
 103.  39.       -0.0791394135        0.1172817243
 103.  40.       -0.0103253202        0.3529005669
 103.  41.       -0.0571672685       -0.2886767526
 103.  42.        0.6320313786        0.4728569875
 103.  43.        0.0791975639        0.0354860885
 103.  44.       -0.1577346494        0.2049115209
 103.  45.       -0.3517264352        0.3244620752
 103.  46.       -0.1293873640        0.1067429627
 103.  47.       -0.5175645703       -0.2396656231
 103.  48.        0.1385438002       -0.1304939889
 103.  49.        0.2418931823       -0.2274602574
 103.  50.       -0.2697437300        0.1897779673
 103.  51.        0.3334871427        0.1452558451
 103.  52.       -0.1506041081       -0.5326535147
 103.  53.       -0.0395758976        0.1428170444
 103.  54.        0.0541451670       -0.1955859370
 103.  55.       -0.0319969022       -0.1933431176
 103.  56.       -0.2522625718        0.4136891608
 103.  57.        0.2494714918        0.2855346920
 103.  58.        0.2475620995       -0.0956846774
 103.  59.       -0.1510444698        0.0608982407
 103.  60.       -0.1661718349       -0.1143871330
 103.  61.       -0.6486730953       -0.7446315652
 103.  62.       -0.2723185723       -0.1949347425
 103.  63.        0.0854352428       -0.1568598806
 103.  64.        0.3150306577        0.2764438110
 103.  65.       -0.0816586932        0.1792041505
 103.  66.        0.5922633685       -0.1112493842
 103.  67.        0.5880481460       -0.1401689243
 103.  68.       -0.2242672875       -0.1544965986
 103.  69.       -0.1221945380       -0.1277444645
 103.  70.       -0.2715112174       -0.2755472600
 103.  71.        0.1713947087       -0.1029930393
 103.  72.        0.4268293213        0.1726783866
 103.  73.        0.1444185898       -0.2711727391
 103.  74.        0.3559902433        0.0650312670
 103.  75.       -0.1623666426        0.2512965653
 103.  76.       -0.3379463933        0.2615384403
 103.  77.       -0.2068009818       -0.3936951117
 103.  78.        0.0976648092       -0.1470272439
 103.  79.        0.0668104306       -0.1972184181
 103.  80.       -0.3274419429       -0.3579257128
 103.  81.        0.1051940162        0.5267675513
 103.  82.       -0.5016148210       -0.4185546449
 103.  83.       -0.0846512733       -0.1045391406
 103.  84.        0.0585000114        0.2264944330
 103.  85.       -0.3062470392        0.3646767057
 103.  86.        0.2473166800       -0.3003519712
 103.  87.       -0.2876989767       -0.6166522741
 103.  88.       -0.0275946679       -0.6722893863
 103.  89.       -0.2134390568        0.4792598815
 103.  90.       -0.0958481647        0.2166045513
 103.  91.       -0.8099597932        0.0232264301
 103.  92.        1.0335864012        0.3590677687
 103.  93.       -0.4734284031        0.3532264019
 103.  94.        0.3495345694       -0.2859712072
 103.  95.        0.3069546632       -0.2322946367
 103.  96.        0.2908272957       -0.1292537155
 103.  97.       -0.3557800143        0.4746116768
 103.  98.       -0.4661136959       -0.1252140968
 103.  99.       -0.4997232257        0.0311143085
 103. 100.        0.6226674098        0.0142870715
 103. 101.        0.2572713786       -0.1879547428
 103. 102.       -0.0070095897       -0.1331462884
 103. 103.       -0.3160562488        0.1782109171
 104.   0.        0.4341099304        0.0000000000
 104.   1.       -0.4445450678       -0.3138918109
 104.   2.       -0.3235891923       -0.0247293274
 104.   3.        0.0771610226        0.0784857444
 104.   4.        0.2142423986       -0.2543255037
 104.   5.       -0.2593053710        0.0831306765
 104.   6.        0.1745958228       -0.2773354545
 104.   7.       -0.2045598206       -0.0624162240
 104.   8.        0.5409188088        0.2320253765
 104.   9.        0.2803654122        0.1058252157
 104.  10.       -0.4068838119       -0.1028850938
 104.  11.        0.3676001560        0.4102386767
 104.  12.       -0.1513104613        0.6143943599
 104.  13.        0.1756679785        0.1027443304
 104.  14.        0.0786687521       -0.1869497541
 104.  15.        0.2194894210        0.2587333447
 104.  16.       -0.2127007063        0.1434818470
 104.  17.       -0.3720584559        0.0114932396
 104.  18.       -0.0470260545        0.0602517231
 104.  19.        0.0936053338        0.2973846644
 104.  20.       -0.1729699167       -0.1200788479
 104.  21.       -0.4874358203        0.1643588062
 104.  22.       -0.0766359568       -0.0375505951
 104.  23.        0.4665959459       -0.1125166117
 104.  24.        0.1693595726       -0.0844866936
 104.  25.       -0.1719896241       -0.4176434508
 104.  26.        0.2007006331        0.1705273499
 104.  27.        0.2285846465        0.3223698118
 104.  28.        0.2823771475       -0.2592697219
 104.  29.       -0.1376828335       -0.0304467995
 104.  30.       -0.1389334684        0.0662036378
 104.  31.       -0.1412735729        0.0161219853
 104.  32.       -0.4164184971        0.3770363469
 104.  33.        0.2228106117       -0.2283653909
 104.  34.        0.5586479940        0.3365921741
 104.  35.       -0.0682437987       -0.0531344823
 104.  36.       -0.0847124244       -0.0917099782
 104.  37.        0.0546458058        0.3195171637
 104.  38.        0.3809259426       -0.0643624339
 104.  39.        0.2632438452       -0.2531510880
 104.  40.       -0.1854955750       -0.3670134419
 104.  41.       -0.1019217935       -0.0327606281
 104.  42.        0.1649783629        0.0182251665
 104.  43.        0.3547124013       -0.0541430297
 104.  44.       -0.0074444473       -0.0598787313
 104.  45.       -0.0906617751       -0.4717482424
 104.  46.        0.2512790716        0.1351245169
 104.  47.        0.0838645612       -0.0544519524
 104.  48.       -0.4355872296       -0.2008303626
 104.  49.       -0.4209421115       -0.3356437108
 104.  50.        0.2816322464        0.3822755370
 104.  51.        0.1429691854       -0.2847672395
 104.  52.        0.2360614965        0.4207590237
 104.  53.        0.0627370369       -0.0249005426
 104.  54.        0.0873307648       -0.0939283621
 104.  55.        0.5649420591        0.1860826900
 104.  56.        0.6497231894       -0.2226373100
 104.  57.       -0.1718957033        0.2584718760
 104.  58.       -0.3158868740        0.0420917919
 104.  59.        0.4290522791       -0.7689905701
 104.  60.       -0.1099448828       -0.4221256966
 104.  61.       -0.3435833179        0.3392770273
 104.  62.       -0.5254905651        0.3596239511
 104.  63.       -0.3646147999       -0.1197286336
 104.  64.       -0.2003771952        0.3965845584
 104.  65.        0.6020964981        0.1172280954
 104.  66.       -0.3657771593       -0.2647745277
 104.  67.        0.0827233877        0.0531554566
 104.  68.        0.1258146154        0.0658053482
 104.  69.       -0.2022293028        0.2999732871
 104.  70.       -0.3694954275        0.2602701661
 104.  71.        0.2754688302        0.0294099309
 104.  72.        0.2809497861        0.0350891338
 104.  73.        0.3413580044       -0.6134739234
 104.  74.       -0.1144206654       -0.2101379542
 104.  75.       -0.0097538300        0.2328534491
 104.  76.        0.2620583019        0.1186086134
 104.  77.       -0.1704859193        0.2622902059
 104.  78.        0.2651904960       -0.0912006705
 104.  79.       -0.4805355009        0.1044589427
 104.  80.        0.2921939764        0.8202459450
 104.  81.       -0.1641656472       -0.5893051527
 104.  82.        0.0861044973       -0.0015696957
 104.  83.       -0.1123819744        0.2924583248
 104.  84.        0.1156800889        0.2231669492
 104.  85.        0.3910085169       -0.3921757966
 104.  86.        0.6112254546       -0.1805291700
 104.  87.        0.3747443916       -0.3915189981
 104.  88.        0.5747100388        0.0997897422
 104.  89.       -0.8078404106        0.4683116507
 104.  90.        0.3113783741       -0.5139697185
 104.  91.        0.0470050219        0.4047840407
 104.  92.        0.0017753636       -0.3478210226
 104.  93.       -0.0178486724       -0.5704721001
 104.  94.       -0.3895906206       -0.2243138664
 104.  95.       -0.3022561943       -0.0034007428
 104.  96.       -1.0288750743        0.5600781655
 104.  97.       -0.4871972133        0.1360599732
 104.  98.       -0.3286527282        0.4023252824
 104.  99.        0.2017298812       -0.4748094376
 104. 100.       -0.2011250928       -0.3492175657
 104. 101.       -0.1189964166        0.2802467709
 104. 102.       -0.1228928725        0.4554893176
 104. 103.       -0.4310839609        0.2465931006
 104. 104.        0.1201626864        0.4728524903
 105.   0.        0.2052000939        0.0000000000
 105.   1.        0.3014596294       -0.0621324211
 105.   2.       -0.1198418175        0.0433832307
 105.   3.        0.2807433678        0.3176542621
 105.   4.        0.1452295667        0.7130844893
 105.   5.       -0.1499454046        0.1338668450
 105.   6.       -0.3818552071       -0.0224475908
 105.   7.       -0.4656967143       -0.1714504110
 105.   8.       -0.0766361421       -0.0559873231
 105.   9.       -0.2670929393        0.3706553072
 105.  10.        0.1433014783        0.1506362917
 105.  11.       -0.0763204689        0.2864302563
 105.  12.        0.2002573119        0.3866710093
 105.  13.        0.3331636552        0.3665441501
 105.  14.        0.0973355630        0.2130572207
 105.  15.       -0.1940764909       -0.0776655572
 105.  16.       -0.0316004552        0.1982345859
 105.  17.        0.1761540377       -0.0876624379
 105.  18.       -0.4013493193        0.2816723950
 105.  19.        0.0280751367       -0.2243161043
 105.  20.       -0.0687467349       -0.0544015599
 105.  21.        0.2334915040       -0.1829236543
 105.  22.        0.0019165456       -0.3113574465
 105.  23.        0.2593259096       -0.3116183052
 105.  24.        0.4253246513        0.0904141291
 105.  25.        0.3052799564        0.2321483119
 105.  26.        0.0044706583       -0.4468014319
 105.  27.       -0.0446897557        0.0588024299
 105.  28.        0.5309833732        0.2414349907
 105.  29.       -0.0893845389        0.1152786177
 105.  30.       -0.1201988970        0.1127187862
 105.  31.       -0.2589785411       -0.0980735718
 105.  32.       -0.3839306926       -0.1906704718
 105.  33.        0.4666281902        0.2131936563
 105.  34.        0.0070307755        0.1016636719
 105.  35.        0.1484030728        0.0682040189
 105.  36.        0.0646868905        0.1493548813
 105.  37.       -0.1663549358       -0.3695273151
 105.  38.        0.0045057268       -0.1707089719
 105.  39.        0.1609943729       -0.0814730734
 105.  40.       -0.4157798716       -0.4025401061
 105.  41.        0.2624667000       -0.0038464715
 105.  42.        0.0375602325        0.0057752417
 105.  43.        0.1780066882        0.0185663817
 105.  44.       -0.1794164319        0.0951904188
 105.  45.        0.1263207832       -0.3754881926
 105.  46.        0.1468632969       -0.0437313767
 105.  47.        0.2911922843        0.1994900909
 105.  48.        0.2575243370        0.6352696259
 105.  49.       -0.5006017060        0.0066786988
 105.  50.        0.0550019107       -0.1210350959
 105.  51.        0.1256101871       -0.2164813424
 105.  52.        0.3234701353        0.0036403669
 105.  53.       -0.1234287805       -0.2696507500
 105.  54.       -0.3640875264       -0.0238559851
 105.  55.        0.0027592121        0.3561998782
 105.  56.        0.5919509825       -0.4594284730
 105.  57.        0.2882272342       -0.1750183396
 105.  58.        0.1383572323       -0.0217095255
 105.  59.        0.3317432548        0.0496042702
 105.  60.       -0.1186018346       -0.1217932804
 105.  61.        0.4069847016       -0.4687771046
 105.  62.        0.3661871734       -0.5095272510
 105.  63.        0.0549186422       -0.5923131866
 105.  64.       -0.0610173226       -0.5568175640
 105.  65.       -0.6413870870       -0.2523256189
 105.  66.       -0.2262035652       -0.2609918782
 105.  67.        0.1506054744       -0.6929975783
 105.  68.        0.2217171158       -0.0152265308
 105.  69.        0.2028439340       -0.4601367556
 105.  70.        0.4461503091       -0.1825425116
 105.  71.       -0.6197798461       -0.1207460157
 105.  72.       -0.3952007519        0.2630113617
 105.  73.        0.2694846776        0.2245311035
 105.  74.       -0.3875846069        0.1895513839
 105.  75.       -0.1005458024       -0.1181909571
 105.  76.        0.0599083220       -0.4181668079
 105.  77.       -0.2340885592       -0.1904829827
 105.  78.        0.2076852928        0.4892011634
 105.  79.        0.0463471843       -0.0571361689
 105.  80.        0.2145413054        0.4121911876
 105.  81.       -0.3862041696        0.2922571535
 105.  82.        0.0166675741       -0.0102995333
 105.  83.       -0.0733428604        0.5517350130
 105.  84.        0.2937854226        0.0641213697
 105.  85.       -0.1964584548       -0.2976426637
 105.  86.        0.7466844496        0.6853041553
 105.  87.        0.1533328636       -0.2378081963
 105.  88.        0.5608546134        0.4156438558
 105.  89.        0.0615119033        0.2444834430
 105.  90.        0.0944169899       -0.3333291705
 105.  91.       -0.4122612113        0.3059480480
 105.  92.        0.6122722890       -0.1523546166
 105.  93.       -0.0898398658        0.2932111243
 105.  94.        0.1869291569       -0.2629399503
 105.  95.        0.5002063082       -0.4801635341
 105.  96.       -0.3658702425       -0.0430756187
 105.  97.        0.1812402124        0.3101946927
 105.  98.       -0.0019924171        0.0805126001
 105.  99.        0.1269847789        0.1716717166
 105. 100.       -0.3078022940        0.1410249681
 105. 101.        0.0818983577       -0.1176430406
 105. 102.        0.0895069570        0.1225588570
 105. 103.        0.0844586899        0.0987925690
 105. 104.        0.0799203683        0.1508881572
 105. 105.       -0.1670053928        0.4242597697
 106.   0.       -0.2023411789        0.0000000000
 106.   1.        0.3928737428       -0.0642651175
 106.   2.        0.1380215515       -0.0817512457
 106.   3.       -0.5031088101        0.0572528557
 106.   4.       -0.2223918685        0.0417797184
 106.   5.        0.4287576276        0.1003133339
 106.   6.       -0.1707094401       -0.3522527482
 106.   7.        0.0637084994       -0.5245636108
 106.   8.       -0.2608653737        0.1005427354
 106.   9.       -0.2142853361        0.3749668167
 106.  10.        0.0132563653        0.2045076120
 106.  11.       -0.2916327320       -0.5890279317
 106.  12.       -0.0065553397       -0.1516814628
 106.  13.        0.0613326493        0.1041531874
 106.  14.        0.0280754848        0.1624491890
 106.  15.        0.2373687624       -0.2872791268
 106.  16.        0.2181657047        0.0899196332
 106.  17.        0.1900029582        0.1615086610
 106.  18.        0.4134121580        0.3075982981
 106.  19.        0.3170987748       -0.3603772880
 106.  20.        0.0443604206       -0.0400070851
 106.  21.        0.3229829674       -0.1653033439
 106.  22.        0.0701762285       -0.0439446781
 106.  23.       -0.3862577218       -0.1825317764
 106.  24.        0.1691440317        0.0040231286
 106.  25.       -0.0488110268        0.3570920497
 106.  26.        0.3033412418       -0.2677043995
 106.  27.        0.2479744864       -0.0796531572
 106.  28.        0.3566757100       -0.2187927126
 106.  29.        0.1112699321        0.0068746233
 106.  30.       -0.3931586840        0.0313187093
 106.  31.        0.2194972645       -0.1477923645
 106.  32.        0.2640713807       -0.3237632138
 106.  33.        0.0574446272        0.3404334613
 106.  34.       -0.2247628795        0.2356466017
 106.  35.        0.0642401098       -0.1348453486
 106.  36.       -0.0871661682        0.1302540266
 106.  37.       -0.1038139063        0.2130903411
 106.  38.       -0.0150653691        0.3579964344
 106.  39.       -0.2902396634        0.6392589311
 106.  40.       -0.1548282867        0.3421478010
 106.  41.       -0.1052060732        0.1071123452
 106.  42.       -0.0719439855        0.3100938174
 106.  43.       -0.3845600835       -0.0944383610
 106.  44.       -0.1911772022        0.2727318795
 106.  45.        0.2536886955        0.1165379600
 106.  46.       -0.1535258511       -0.3114843462
 106.  47.        0.0649815404        0.1288305845
 106.  48.       -0.1398128497        0.2083307430
 106.  49.        0.0955286576        0.1302323720
 106.  50.       -0.5546526666       -0.4246836003
 106.  51.        0.1029937099       -0.0625135293
 106.  52.        0.2283306262       -0.0082913725
 106.  53.        0.1029772392       -0.1277814720
 106.  54.        0.1302334177        0.3219407642
 106.  55.       -0.3512011760       -0.1575539687
 106.  56.       -0.3499632993        0.2250528614
 106.  57.        0.7850702024        0.2665127008
 106.  58.        0.0066046898        0.2118640964
 106.  59.       -0.0768846897        0.2094564563
 106.  60.        0.2340740927        0.0876644945
 106.  61.       -0.1756194895       -0.1427690492
 106.  62.        0.0558282904        0.0926799095
 106.  63.        0.1868282345        0.0200019034
 106.  64.       -0.0215001072       -0.0204137111
 106.  65.       -0.2853137948       -0.6426293050
 106.  66.        0.1482430339       -0.3279566961
 106.  67.       -0.0817219959        0.0555895644
 106.  68.        0.4276511584       -0.3682758340
 106.  69.       -0.4511543087       -0.1175969117
 106.  70.       -0.5670866667        0.1286677701
 106.  71.       -0.0972378820       -0.3352276969
 106.  72.       -0.1800517272        0.2737879909
 106.  73.       -0.3976869022        0.0056861808
 106.  74.        0.2500816759        0.0508397536
 106.  75.        0.3641610144       -0.1216514755
 106.  76.        0.4585708785       -0.4103687763
 106.  77.        0.4957780555        0.5777822335
 106.  78.        0.1195492178        0.0507410256
 106.  79.        0.2008305247       -0.5666676498
 106.  80.       -0.1087525219       -0.1700281273
 106.  81.        0.6180045139        0.0619032569
 106.  82.       -0.7595445202       -0.4048791642
 106.  83.       -0.1699689014       -0.4462831194
 106.  84.       -0.4450372406       -0.1590992697
 106.  85.       -0.0271749142       -0.0603615316
 106.  86.       -0.2648051418       -0.1442387192
 106.  87.        0.0809811916       -0.0052937634
 106.  88.        0.1543159707       -0.3478737861
 106.  89.        0.0234028764       -0.4244477276
 106.  90.        0.0993890928        0.0415410822
 106.  91.       -0.6297748568        0.4346837387
 106.  92.        0.0079048287        0.5150988504
 106.  93.       -0.6961700656        0.1439111404
 106.  94.       -0.0649226529        0.3424425239
 106.  95.        0.2875856834        0.1102547720
 106.  96.       -0.0895346791       -0.4677070732
 106.  97.        0.1782160012       -0.1083596643
 106.  98.        0.1232025873       -0.2045726937
 106.  99.        0.3721887595        0.0722101171
 106. 100.        0.6401026420       -0.2411891634
 106. 101.       -0.6289491449        0.2509145490
 106. 102.        0.6055658249       -0.2176638777
 106. 103.        0.0668992260        0.2098349757
 106. 104.       -0.2172624414        0.5264020341
 106. 105.        0.0887375680        0.3429149966
 106. 106.        0.2361849427        0.7203032121
 107.   0.       -0.5901764727        0.0000000000
 107.   1.        0.1402902767       -0.1514018369
 107.   2.        0.0759043029        0.0109363153
 107.   3.        0.1579648857       -0.0841067192
 107.   4.       -0.3795041364       -0.1731703266
 107.   5.       -0.0493687949       -0.1813275847
 107.   6.        0.2480528695        0.3001609653
 107.   7.        0.3484261500        0.1962697920
 107.   8.        0.4409259593       -0.2470925895
 107.   9.        0.4199954412        0.2251512372
 107.  10.       -0.0733466753        0.2143197270
 107.  11.        0.0891538824       -0.1930234388
 107.  12.       -0.1251518685       -0.1565621299
 107.  13.        0.0223070885       -0.3619279835
 107.  14.        0.1282659192       -0.4206763229
 107.  15.        0.0768233830       -0.3509081083
 107.  16.       -0.1127867532       -0.0407109769
 107.  17.       -0.4146415574       -0.0084902520
 107.  18.        0.3096323357        0.0026925537
 107.  19.        0.1630053681        0.4852592742
 107.  20.        0.0796159490       -0.1219334496
 107.  21.       -0.4681229234       -0.1916146543
 107.  22.       -0.3459095154        0.1536364776
 107.  23.        0.0177581378        0.4277351445
 107.  24.        0.1661751207        0.2958990094
 107.  25.        0.0406282821        0.2587580479
 107.  26.       -0.4835663101       -0.1321731236
 107.  27.        0.2590860129        0.0138819455
 107.  28.       -0.0111556858       -0.2567689196
 107.  29.        0.0243462427       -0.1153186959
 107.  30.       -0.0900123063       -0.0376965444
 107.  31.        0.1224950849       -0.6484582328
 107.  32.        0.6559580501        0.2554626676
 107.  33.       -0.3460398108       -0.2087364649
 107.  34.       -0.2432787423        0.3551802455
 107.  35.        0.0014196284       -0.1235424196
 107.  36.       -0.0302552202       -0.3049668769
 107.  37.        0.5230622938       -0.0105858845
 107.  38.       -0.4488268404        0.2740952729
 107.  39.        0.0103452350        0.1599718631
 107.  40.        0.2232841047        0.1637187636
 107.  41.       -0.4805230872       -0.1314305317
 107.  42.        0.0544762603       -0.0911886065
 107.  43.       -0.3503701650       -0.3429009526
 107.  44.       -0.0487457412       -0.0962439897
 107.  45.        0.2051126398       -0.5874389259
 107.  46.       -0.0666218318        0.0027737808
 107.  47.        0.2411062660       -0.0953867454
 107.  48.        0.0053074073       -0.1488977149
 107.  49.       -0.2308751582        0.0097535324
 107.  50.       -0.2284649644        0.0809636304
 107.  51.       -0.5841356490       -0.6021670779
 107.  52.       -0.3446113853        0.0960114540
 107.  53.        0.3954132826        0.2085523336
 107.  54.       -0.1683934939       -0.1923474996
 107.  55.       -0.1719785256       -0.0126730130
 107.  56.       -0.1346233287        0.0696295890
 107.  57.       -0.5358908512       -0.3346096578
 107.  58.       -0.1093190075        0.2947778322
 107.  59.       -0.2124139511        0.1874714523
 107.  60.       -0.1377964442        0.1576219377
 107.  61.        0.1459072521        0.2682992297
 107.  62.       -0.1214567746        0.0225831809
 107.  63.       -0.3354976279       -0.1543699647
 107.  64.       -0.6624256401        0.2750318440
 107.  65.        0.1571891151       -0.6720310012
 107.  66.       -0.2474337885       -0.4158082159
 107.  67.        0.3491661634        0.2471289944
 107.  68.        0.1726591768       -0.1648995288
 107.  69.        0.2038662695        0.3014413678
 107.  70.        0.3875258698       -0.2091417186
 107.  71.        0.0156549253        0.1069681164
 107.  72.        0.4229527251        0.1047334622
 107.  73.       -0.1860334480        0.0299637055
 107.  74.       -0.0967601441       -0.4756940103
 107.  75.       -0.0793293622       -0.0013303340
 107.  76.        0.2139892739       -0.1845147235
 107.  77.        0.4554159694       -0.1209216174
 107.  78.       -0.2302409489        0.0006928241
 107.  79.        0.2764172807       -0.3769019152
 107.  80.        0.2638018950        0.0514204791
 107.  81.       -0.2549505562        0.4022503268
 107.  82.       -0.1528574044        0.5501968094
 107.  83.        0.0565002899       -0.4949721443
 107.  84.       -0.7648059528       -0.0835167930
 107.  85.       -0.2686743377        0.2691260198
 107.  86.        0.4757061252       -0.1713675127
 107.  87.       -0.1644084722        0.0183964040
 107.  88.        0.1040819589        0.9929767882
 107.  89.        0.3848560543       -0.0083903884
 107.  90.       -0.2567795356        0.1833777275
 107.  91.       -0.0462848651        0.2285677780
 107.  92.        0.1472080578       -0.2712309333
 107.  93.       -0.2600638125       -0.1061205171
 107.  94.        0.0588007209        0.1914173044
 107.  95.        0.2797418377        0.4303792785
 107.  96.       -0.1470547241       -0.1288578935
 107.  97.       -0.5887424859       -0.4425129026
 107.  98.        0.2411000687       -0.0683659414
 107.  99.        0.0101573105       -0.9924304356
 107. 100.        0.0074540735       -0.0646879572
 107. 101.       -0.0026311974        0.2374844065
 107. 102.        0.3899201604       -0.3198314597
 107. 103.        0.1919655237        0.1253517929
 107. 104.        0.2940402339        0.1803549385
 107. 105.       -0.4182310732        0.2787358151
 107. 106.        0.1134557872        0.0863343377
 107. 107.       -0.4093988934        0.2430773811
 108.   0.       -0.3254114031        0.0000000000
 108.   1.       -0.1057667198        0.2725981562
 108.   2.        0.0021138438        0.2915850870
 108.   3.        0.7597417351       -0.1088089032
 108.   4.        0.0502844754        0.1315702572
 108.   5.       -0.3089693434       -0.3610936774
 108.   6.       -0.2577014925        0.4872726142
 108.   7.       -0.1248007484        0.3103001223
 108.   8.       -0.2466206541       -0.1956159899
 108.   9.        0.2216818133       -0.3471984715
 108.  10.       -0.0966851927       -0.2182105185
 108.  11.       -0.1358596411        0.1738786487
 108.  12.       -0.0362069846       -0.0750036859
 108.  13.        0.1114573177       -0.1970579151
 108.  14.       -0.1019157882       -0.2486824422
 108.  15.       -0.5154028969        0.1481023643
 108.  16.        0.0426826343       -0.2477067283
 108.  17.       -0.1687693488       -0.0639753081
 108.  18.       -0.4912078060        0.0674914992
 108.  19.       -0.1967824104        0.1409578964
 108.  20.       -0.0304053061        0.2097098586
 108.  21.       -0.1124248832       -0.2626181764
 108.  22.        0.1888093918       -0.0649589724
 108.  23.        0.1287793098        0.5092352247
 108.  24.       -0.0498509406        0.0930808813
 108.  25.        0.2160406834        0.0110843795
 108.  26.       -0.2818897707       -0.1245231269
 108.  27.       -0.3856489642       -0.0896018943
 108.  28.       -0.3314762313        0.3792352682
 108.  29.       -0.1770612906        0.1784817185
 108.  30.        0.1436533225       -0.1356857034
 108.  31.       -0.2718686723       -0.0924889444
 108.  32.        0.0150481595        0.0927346001
 108.  33.        0.1395183482       -0.0232772775
 108.  34.        0.1456706552       -0.2808726816
 108.  35.        0.1677776436        0.5353920818
 108.  36.        0.1604540393       -0.0896166232
 108.  37.        0.0181067541       -0.1096073513
 108.  38.       -0.4399676476       -0.5598350387
 108.  39.        0.2801807416       -0.4602774802
 108.  40.        0.0225423559       -0.1655666300
 108.  41.       -0.4246093178        0.0825651106
 108.  42.       -0.2977030454        0.1833339811
 108.  43.        0.1046127788        0.1294791632
 108.  44.        0.1591961012        0.0080830962
 108.  45.       -0.3807219214        0.1597080545
 108.  46.        0.0001648718        0.5230678727
 108.  47.        0.4339684576       -0.1180615489
 108.  48.       -0.0616569609       -0.0217275924
 108.  49.       -0.0808727301       -0.3303485958
 108.  50.       -0.0018241613        0.1840753207
 108.  51.        0.4611069480       -0.0051977093
 108.  52.        0.0177293290        0.0750210989
 108.  53.        0.1320351730       -0.2566561156
 108.  54.        0.0627660589       -0.3537119083
 108.  55.        0.3802509786        0.0979137269
 108.  56.       -0.1758870270        0.1433557215
 108.  57.       -0.3118794957       -0.3441756868
 108.  58.       -0.0606226254       -0.2378064614
 108.  59.       -0.0174656133        0.0072869028
 108.  60.        0.2280860614        0.4129882135
 108.  61.       -0.0410367716        0.2266278913
 108.  62.       -0.1924408037       -0.2347601830
 108.  63.        0.9021722077        0.0141737077
 108.  64.       -0.0619627832        0.0154656374
 108.  65.       -0.2545493352        0.1490420585
 108.  66.        0.2936379766        0.2041688084
 108.  67.       -0.0173537808       -0.1617482231
 108.  68.       -0.3226356020        0.1350252932
 108.  69.       -0.3567437233        0.2647493091
 108.  70.        0.8651327639       -0.0402860061
 108.  71.        0.4483923842        0.1860910385
 108.  72.        0.3040843373       -0.5185740737
 108.  73.       -0.3766624268        0.0057035009
 108.  74.       -0.1652970159        0.4315397238
 108.  75.        0.1758518178       -0.2433741833
 108.  76.       -0.0210408908       -0.5069643968
 108.  77.       -0.1524749694       -0.0459672095
 108.  78.        0.5312503942        0.3366562481
 108.  79.        0.1334303240        0.0582496680
 108.  80.       -0.4430640228        0.2855868038
 108.  81.       -0.0853129962       -0.2869748120
 108.  82.        0.3974557806       -0.0738970643
 108.  83.       -0.3917074507        0.2191203853
 108.  84.       -0.1464427347        0.3356715603
 108.  85.        0.5420384748       -0.0497507704
 108.  86.       -0.5035149236       -0.0572939089
 108.  87.       -0.0683444089       -0.2048361869
 108.  88.       -0.6286129967        0.3381862006
 108.  89.       -0.0274542007        0.1843907331
 108.  90.        0.4341225050       -0.4289826101
 108.  91.       -0.4152170035        0.2260123227
 108.  92.       -0.1499364547        0.1091602665
 108.  93.       -0.1423221028       -0.2526412634
 108.  94.       -0.2955028340       -0.2059397237
 108.  95.       -0.4931210406        0.4310611817
 108.  96.       -0.8578359493        0.8899036801
 108.  97.        0.2694036903        0.2609873333
 108.  98.        0.2903368602       -0.3387052948
 108.  99.       -0.5450741316       -0.8294326782
 108. 100.       -0.0873688341        0.5885161025
 108. 101.        0.1334442814        0.0498426878
 108. 102.       -0.0967311343        0.0441170748
 108. 103.        0.4602488294        0.0904095275
 108. 104.        0.0088388443        0.5006596527
 108. 105.        0.1051811028        0.5707558948
 108. 106.       -0.0671798404        0.2360905327
 108. 107.       -0.3038933733        0.2872756433
 108. 108.       -0.3325362969        0.2000201379
 109.   0.        0.6186196521        0.0000000000
 109.   1.       -0.2370502460        0.3142256401
 109.   2.       -0.1925455021        0.2885494778
 109.   3.        0.0237188251       -0.2531696051
 109.   4.        0.5682182976        0.0113676689
 109.   5.        0.2589936441        0.0584413687
 109.   6.        0.1602003617       -0.3161665391
 109.   7.       -0.0564283814       -0.3382936766
 109.   8.       -0.3470286970        0.1556313294
 109.   9.       -0.0941436292       -0.6476637293
 109.  10.       -0.0427381619       -0.2358305942
 109.  11.       -0.0258969748       -0.1644020536
 109.  12.       -0.0809366767       -0.0155117114
 109.  13.       -0.2430523985        0.1111356244
 109.  14.       -0.3724106397        0.1515561389
 109.  15.        0.0811936293        0.5042887546
 109.  16.       -0.1199225670        0.2608514117
 109.  17.        0.1958470083        0.2283585779
 109.  18.       -0.1381037334        0.1799753732
 109.  19.        0.1203629813        0.0619642946
 109.  20.        0.2333758818        0.0285738854
 109.  21.        0.3901219929        0.5195700487
 109.  22.        0.3220543962       -0.1909053542
 109.  23.       -0.0206357922       -0.2683318014
 109.  24.       -0.0011560272       -0.1647734058
 109.  25.       -0.2930942181       -0.0946135831
 109.  26.        0.0194636372       -0.0777460020
 109.  27.       -0.3638333695       -0.2055163628
 109.  28.       -0.3288610842        0.1692101288
 109.  29.       -0.1419915213        0.3409177455
 109.  30.       -0.1713798632        0.0132696935
 109.  31.        0.2874350077        0.2682524403
 109.  32.        0.2691113752       -0.3224399878
 109.  33.        0.1045248445        0.0343699060
 109.  34.        0.2209316661       -0.2020280140
 109.  35.        0.1954236208        0.0387858263
 109.  36.        0.1465470237        0.4604622707
 109.  37.        0.0402000096        0.2261301234
 109.  38.        0.0339606867        0.2255122800
 109.  39.        0.1818805192        0.1122481316
 109.  40.        0.2022539652        0.3463270460
 109.  41.       -0.1842146330        0.2654274080
 109.  42.       -0.4097764735        0.1069924198
 109.  43.       -0.2016022289       -0.1562510020
 109.  44.       -0.0489576045       -0.0306875967
 109.  45.       -0.2270672071        0.2827920618
 109.  46.       -0.0161110852        0.4592015468
 109.  47.       -0.3013998845        0.0395839514
 109.  48.       -0.1030835750        0.0989203972
 109.  49.        0.2477725752       -0.1219812951
 109.  50.        0.3202505748       -0.1955245937
 109.  51.        0.1589104236        0.2263633599
 109.  52.       -0.1411619592        0.2124057193
 109.  53.        0.0775727802       -0.2471973244
 109.  54.        0.4437725988        0.0398469154
 109.  55.        0.0575555314        0.0554132463
 109.  56.       -0.0739218383        0.2437766522
 109.  57.       -0.3006643896        0.1856331702
 109.  58.       -0.1693776550       -0.1941160350
 109.  59.        0.4506493755        0.0178607052
 109.  60.       -0.1803491386        0.1724838195
 109.  61.        0.3730223707       -0.2777750462
 109.  62.        0.0258080515       -0.2002833935
 109.  63.        0.4384316896        0.0440527159
 109.  64.        0.8036821329        0.0190192413
 109.  65.        0.1520161983        0.2986623082
 109.  66.       -0.1892141216        0.1485634709
 109.  67.        0.0601674676        0.4047593943
 109.  68.       -0.3084850303        0.0684438274
 109.  69.       -0.2275618453       -0.6910232594
 109.  70.       -0.4129635429        0.5147495117
 109.  71.        0.3187441070        0.3036674104
 109.  72.        0.4619024825       -0.3042297217
 109.  73.        0.2259813029        0.1104915208
 109.  74.       -0.3148793741       -0.0941234851
 109.  75.       -0.2880737270       -0.5466018878
 109.  76.        0.0022308989       -0.0116951811
 109.  77.        0.5916784053       -0.0678540219
 109.  78.        0.2737357201       -0.0434938280
 109.  79.       -0.1708098375        0.1405327430
 109.  80.        0.1737103598        0.6087881585
 109.  81.       -0.3810344750       -0.2003300114
 109.  82.        0.1500875357       -0.0484837804
 109.  83.        0.0009596843        0.1031390773
 109.  84.        0.4099389067       -0.6698597266
 109.  85.       -0.1313346415       -0.1879691257
 109.  86.       -0.5614892335       -0.2582176071
 109.  87.        0.3874364649        0.0370469747
 109.  88.       -0.1053761270       -0.3667916035
 109.  89.       -0.2451202892        0.1301091326
 109.  90.        0.3263834166       -0.3860656272
 109.  91.       -0.0703452962       -0.4322299280
 109.  92.        0.1370538368       -0.2913094114
 109.  93.       -0.5215928744       -0.2618752498
 109.  94.        0.1911726818        0.4202196359
 109.  95.        0.9337135559        0.1904888844
 109.  96.       -0.0470925567        0.2988331041
 109.  97.       -0.1297492478        0.5205146673
 109.  98.        0.2248090843        0.3366021889
 109.  99.        0.1074873530       -0.0884744425
 109. 100.       -0.2514151713        0.2832445873
 109. 101.        0.4087474802        0.9534563749
 109. 102.        0.3223839350       -0.4243347891
 109. 103.       -0.0855168343        0.3617371909
 109. 104.        0.0823238477        0.0273174349
 109. 105.        0.6423841209        0.4851487786
 109. 106.       -0.1411680330        0.2764537066
 109. 107.        0.5785043919        0.0879201516
 109. 108.        0.2602768897       -0.1205336754
 109. 109.        0.0827968524        0.3325169443
 110.   0.       -0.0867198226        0.0000000000
 110.   1.       -0.0071597304       -0.2393424549
 110.   2.       -0.2450609213        0.1276714321
 110.   3.       -0.3035313089        0.2136969218
 110.   4.        0.0905575639       -0.2564037014
 110.   5.        0.3155273721        0.1349646395
 110.   6.        0.4445084372       -0.2244483952
 110.   7.        0.1785034880        0.0493783390
 110.   8.        0.0674465397        0.0248153578
 110.   9.       -0.2442622287        0.0825972817
 110.  10.        0.1126678853        0.1956936807
 110.  11.        0.1879452605        0.1718438750
 110.  12.        0.0236205558       -0.3134558411
 110.  13.       -0.0498034515        0.2386973490
 110.  14.        0.0290980042        0.2405200914
 110.  15.        0.3420355080        0.0012007057
 110.  16.       -0.1359282757        0.2934257607
 110.  17.       -0.0099115178       -0.1841283053
 110.  18.        0.2391192352       -0.2928068788
 110.  19.        0.2293392212        0.1143719877
 110.  20.       -0.2804370900        0.0108283304
 110.  21.        0.1262528456        0.5637511551
 110.  22.        0.1108302462       -0.1226588748
 110.  23.        0.0135478290       -0.0354469296
 110.  24.       -0.1978179174       -0.0692999843
 110.  25.        0.1551203062       -0.1596826639
 110.  26.        0.0720844382        0.1868804069
 110.  27.        0.4385372624        0.1657124158
 110.  28.        0.2831035386       -0.3427748204
 110.  29.        0.0485653609       -0.3749573964
 110.  30.        0.0741321179        0.1640527876
 110.  31.        0.0692457600        0.3657748481
 110.  32.       -0.0956168937        0.3242614053
 110.  33.        0.0047051984       -0.1550497527
 110.  34.       -0.1671418427        0.2141015548
 110.  35.       -0.2378005180       -0.0667958683
 110.  36.       -0.2048329991        0.2589870478
 110.  37.       -0.0316908238       -0.1935638142
 110.  38.        0.1505647445        0.3646522811
 110.  39.       -0.0580949722        0.0640295765
 110.  40.        0.0629273897        0.0550908395
 110.  41.        0.3946231663       -0.3391582973
 110.  42.       -0.0583097079       -0.0477561353
 110.  43.        0.2758621099        0.2855399153
 110.  44.        0.0423987977       -0.0598696245
 110.  45.        0.2851255274       -0.0973937804
 110.  46.        0.0563337939       -0.0076463939
 110.  47.        0.0676895136        0.0358512207
 110.  48.        0.0410664209        0.0471680523
 110.  49.        0.0577567078        0.1038068847
 110.  50.        0.3790545131        0.2117973446
 110.  51.        0.1679293390       -0.0083868036
 110.  52.       -0.4101080843        0.1920243073
 110.  53.        0.3591871822        0.2206481066
 110.  54.        0.1887230037       -0.0532062315
 110.  55.       -0.1288848591       -0.2697887969
 110.  56.        0.3201286742       -0.1398469419
 110.  57.        0.1763657892        0.0549503097
 110.  58.       -0.1651412504       -0.0355345096
 110.  59.       -0.1741778303       -0.6543830950
 110.  60.        0.0501296513       -0.1905967190
 110.  61.       -0.3244979766       -0.1790334673
 110.  62.       -0.0657808818        0.0532752170
 110.  63.       -0.4354389545       -0.5425439063
 110.  64.       -0.0175598444        0.4582408880
 110.  65.       -0.2958820117       -0.3024388497
 110.  66.       -0.0720551070        0.1236302984
 110.  67.        0.1404339006       -0.1082798530
 110.  68.       -0.2201660332        0.0767164911
 110.  69.       -0.1142837563       -0.0750305834
 110.  70.       -0.3042411115       -0.3176870792
 110.  71.       -0.8832878174        0.1511051039
 110.  72.       -0.1779716180        0.7054437959
 110.  73.        0.1150748838       -0.2862358599
 110.  74.        0.5093564049       -0.5317030477
 110.  75.       -0.0079988947        0.5989594492
 110.  76.        0.3806704694        0.1176908711
 110.  77.       -0.0603242733        0.1386570460
 110.  78.        0.1903687644        0.5362639710
 110.  79.        0.6536748985       -0.1797387782
 110.  80.       -0.2213242317        0.1715933860
 110.  81.       -0.4163511064        0.3308381010
 110.  82.        0.1359266704        0.7499400842
 110.  83.       -0.2916910037       -0.0014497178
 110.  84.        0.3240247245        0.0307527899
 110.  85.       -0.4497474750        0.3902699039
 110.  86.        0.6480206270       -0.2432659358
 110.  87.       -0.4027119090       -0.0287966215
 110.  88.       -0.1024763100        0.4965417756
 110.  89.        0.0097263401        0.4866092571
 110.  90.       -0.2922892924        0.0735944721
 110.  91.        0.4070296500        0.1982899140
 110.  92.       -0.6209724094        0.2021297554
 110.  93.        0.3698008949       -0.2864169701
 110.  94.       -0.2493467133       -0.2811765696
 110.  95.       -0.2642616700       -0.2439563975
 110.  96.        0.2641826690        0.0745601630
 110.  97.        0.1183454883       -0.1179017153
 110.  98.        0.0070521079       -0.4054464874
 110.  99.       -0.0036943350        0.1036120676
 110. 100.       -0.3877034914        0.0890323958
 110. 101.        0.2118365457        0.0762159159
 110. 102.        0.0236878799       -0.1003754057
 110. 103.        0.0066495079        0.4861337468
 110. 104.        0.0253952352       -0.0102876425
 110. 105.       -0.2185896689        0.5295299152
 110. 106.        0.2242617226       -0.4336041509
 110. 107.       -0.2280339955        0.2845898422
 110. 108.       -0.1231416662        0.1527476127
 110. 109.        0.1629491160       -0.2550180961
 110. 110.        0.6810658181        0.0044639349
 111.   0.       -0.0872753092        0.0000000000
 111.   1.        0.1099755073       -0.3529601412
 111.   2.       -0.0191700423       -0.3720786059
 111.   3.        0.0855958602        0.2590454478
 111.   4.       -0.5329712681        0.0197535518
 111.   5.       -0.0463002105       -0.0308309429
 111.   6.        0.0160019664        0.2059915825
 111.   7.       -0.0521756846        0.0578204493
 111.   8.       -0.1046928225        0.1240813493
 111.   9.       -0.2977778448        0.1514730190
 111.  10.       -0.2106179506       -0.1267774131
 111.  11.       -0.3420686303       -0.1135942432
 111.  12.        0.0311843778        0.0556472632
 111.  13.        0.3054481993        0.2821632154
 111.  14.       -0.0428062664        0.1379286440
 111.  15.       -0.3182091377       -0.0699156787
 111.  16.        0.3532976285       -0.1847515018
 111.  17.        0.1306415913       -0.2108936151
 111.  18.       -0.1716296010       -0.4463449243
 111.  19.       -0.6310036966       -0.2536590992
 111.  20.        0.1573562646        0.3049896668
 111.  21.        0.0476078363        0.2071762601
 111.  22.        0.1436364908        0.0199774717
 111.  23.       -0.6043355531       -0.0451215370
 111.  24.       -0.1806747137        0.0346304012
 111.  25.        0.4035218266       -0.1762230307
 111.  26.        0.2049999755       -0.0639889523
 111.  27.        0.0990839000        0.4613950170
 111.  28.       -0.1277083278       -0.1120876636
 111.  29.        0.1873277798        0.2654075690
 111.  30.       -0.1019857437       -0.1202945723
 111.  31.       -0.6437430731        0.2422547186
 111.  32.       -0.5272932372        0.2328782659
 111.  33.       -0.3273968093       -0.1954608419
 111.  34.        0.0576112084       -0.0028889390
 111.  35.        0.0488776389       -0.1723677736
 111.  36.        0.1406167337        0.0004155377
 111.  37.       -0.1185210327       -0.4176171841
 111.  38.        0.6483058997       -0.5602779622
 111.  39.       -0.2860029062       -0.4929420036
 111.  40.       -0.0957304708       -0.4888855196
 111.  41.        0.4972123282       -0.3618556814
 111.  42.        0.2740914926        0.0717049192
 111.  43.       -0.0932705083        0.4540482729
 111.  44.        0.0864564850       -0.6545398022
 111.  45.        0.0210871545        0.2660086486
 111.  46.       -0.0452694253       -0.2149617105
 111.  47.       -0.3992536409        0.1311309659
 111.  48.       -0.5082086058       -0.2237683364
 111.  49.       -0.2833957024        0.1085639081
 111.  50.       -0.0350815081       -0.0351400276
 111.  51.        0.0669174838        0.2957656175
 111.  52.        0.0849580538       -0.0216047899
 111.  53.       -0.0611581526       -0.1155040015
 111.  54.        0.1020655341        0.0538020234
 111.  55.        0.1117324997       -0.0366000287
 111.  56.       -0.4303705336       -0.6299625212
 111.  57.        0.2651485601        0.5913912722
 111.  58.       -0.1056709648        0.3429366993
 111.  59.       -0.2795609157       -0.4149149143
 111.  60.        0.1978594919       -0.0951199915
 111.  61.        0.2329648980        0.3716475675
 111.  62.       -0.3695662192        0.0933696895
 111.  63.        0.0699242261       -0.1934401099
 111.  64.       -0.1266693279        0.0253198330
 111.  65.       -0.5334181104        0.4748906450
 111.  66.        0.7302314525       -0.3654135988
 111.  67.       -0.1387994143       -0.2799662952
 111.  68.        0.0350088244       -0.2926902427
 111.  69.        0.0441237912        0.0425702755
 111.  70.       -0.1910254660        0.1404241619
 111.  71.        0.0236719740        0.2999395967
 111.  72.       -0.1648268490        0.1633372208
 111.  73.       -0.1945965187        0.1501092490
 111.  74.        0.1073057097        0.2593484795
 111.  75.       -0.0840928521       -0.0078085222
 111.  76.       -0.4075353005       -0.1962713594
 111.  77.       -0.1061206587       -0.1007974933
 111.  78.       -0.6817092786       -0.0455616002
 111.  79.        0.0739670352        0.5007651189
 111.  80.        0.0917051486        0.4115923626
 111.  81.       -0.0935148759        0.1879482875
 111.  82.       -0.4165474023       -0.4011414718
 111.  83.        0.3436468131        0.4986733857
 111.  84.        0.4514996709        0.6967641197
 111.  85.        0.1845459792       -0.0365346298
 111.  86.       -0.2940390739       -0.4569743881
 111.  87.       -0.0412201680        0.0393466830
 111.  88.        0.1295412218       -0.4489953270
 111.  89.       -0.1232055154       -0.2546333207
 111.  90.       -0.4146836639        0.0900609475
 111.  91.       -0.4578299582       -0.1303267363
 111.  92.       -0.3029298343        0.0320074672
 111.  93.       -0.3778119458       -0.1688578106
 111.  94.       -0.4552530780        0.3093495258
 111.  95.        0.4718282764       -0.0535239873
 111.  96.        0.3077864515       -0.1266402907
 111.  97.       -0.0952985274       -0.4568576708
 111.  98.        0.0069637696        0.1039134082
 111.  99.        0.8563205113       -0.8243063055
 111. 100.       -0.5623862256        0.4494155435
 111. 101.       -0.3733664388        0.0870455547
 111. 102.       -0.2507430039       -0.1530073969
 111. 103.       -0.4969084526        0.1772975607
 111. 104.        0.4750671139       -0.0843615216
 111. 105.        0.1499384195        0.0487554058
 111. 106.       -0.2486285381        0.2101245685
 111. 107.        0.6873517040       -0.1371971047
 111. 108.       -0.2012689347        0.6522739995
 111. 109.        0.7105362657        0.1862577320
 111. 110.       -0.4988428561        0.5779560881
 111. 111.       -0.6134743664        0.6456832892
 112.   0.        0.2640226317        0.0000000000
 112.   1.        0.0890034172        0.3939369343
 112.   2.        0.1249577308       -0.3344492621
 112.   3.       -0.0342807015       -0.1222908574
 112.   4.       -0.1248890314        0.2820033482
 112.   5.       -0.6667597058        0.1541785478
 112.   6.       -0.0550121827        0.0607201394
 112.   7.        0.2279844562       -0.1298455303
 112.   8.        0.2904948616        0.2125320911
 112.   9.       -0.0757653420       -0.1235521844
 112.  10.       -0.0837831515       -0.1476613463
 112.  11.        0.0458836775        0.0984028981
 112.  12.       -0.0651907629        0.5846043433
 112.  13.       -0.0342854658       -0.0560559808
 112.  14.        0.0063357280       -0.0541075146
 112.  15.       -0.0931447411        0.1884348617
 112.  16.       -0.0655701454       -0.1505081851
 112.  17.        0.3021136173        0.3088929587
 112.  18.        0.0469164011        0.1698552399
 112.  19.       -0.3022283886       -0.1618741058
 112.  20.        0.1685784312        0.0056440550
 112.  21.        0.0652507832       -0.1347647282
 112.  22.        0.0331283237        0.4058134256
 112.  23.       -0.1828990440       -0.4719822632
 112.  24.        0.1136982778       -0.0344903783
 112.  25.       -0.4171103899        0.2224518743
 112.  26.       -0.3852155932        0.1706375895
 112.  27.       -0.4230189651        0.0527383019
 112.  28.       -0.6438883318        0.0971364631
 112.  29.       -0.1822708350        0.1816771556
 112.  30.       -0.1473663372        0.0051545468
 112.  31.       -0.0438019853       -0.2516949949
 112.  32.        0.3986440215       -0.3689115430
 112.  33.       -0.1073793517        0.2934741090
 112.  34.        0.0171519088       -0.0632595443
 112.  35.        0.3684489006       -0.2836275361
 112.  36.       -0.3153249448       -0.2142298093
 112.  37.        0.1973892365        0.0393409052
 112.  38.        0.1010077737       -0.0580444720
 112.  39.        0.0285534084       -0.1590473762
 112.  40.       -0.0518565711        0.0652732601
 112.  41.       -0.3846307680        0.0208964211
 112.  42.        0.2944544325        0.1574178357
 112.  43.       -0.5445757177       -0.0578356282
 112.  44.       -0.0212540294       -0.2999021765
 112.  45.       -0.2497971706        0.0320575908
 112.  46.       -0.2391807672       -0.1890115298
 112.  47.       -0.1120896830       -0.2597957884
 112.  48.        0.2317558931       -0.3508974322
 112.  49.        0.2985341964       -0.0251836228
 112.  50.        0.2505090826       -0.3749028296
 112.  51.       -0.1091650398        0.0931572597
 112.  52.        0.2501507584        0.0518058223
 112.  53.        0.0555997824       -0.0035295156
 112.  54.       -0.2847781390       -0.0448026763
 112.  55.       -0.0649181319       -0.1070445255
 112.  56.        0.3203969977        0.4103488764
 112.  57.        0.1202920937       -0.3314288247
 112.  58.        0.2561617337        0.3766187263
 112.  59.       -0.0399769638        0.5951716043
 112.  60.        0.0499394678       -0.0345703651
 112.  61.        0.2023736103        0.3633539185
 112.  62.        0.5547329928        0.6640234236
 112.  63.        0.0388147327        0.2594709251
 112.  64.        0.0551977578       -0.1789143369
 112.  65.        0.5952504262       -0.2427422654
 112.  66.        0.2132812257       -0.3561496363
 112.  67.        0.1217660102        0.3071458736
 112.  68.        0.1378821449       -0.5031417480
 112.  69.       -0.5503463695        0.0076650759
 112.  70.        0.2018806656       -0.1690452507
 112.  71.        0.4086130195        0.0721450132
 112.  72.       -0.2928276523       -0.0680253175
 112.  73.       -0.3485390031        0.2408848796
 112.  74.       -0.0956460570       -0.0124583391
 112.  75.        0.0626531843       -0.4357023751
 112.  76.       -0.2800973837       -0.1439208967
 112.  77.        0.2363551647        0.0380214228
 112.  78.       -0.1589401255        0.0469130019
 112.  79.       -0.3520020777        0.1375950124
 112.  80.        0.4164179242        0.5258250233
 112.  81.        0.1790926040        0.0533369738
 112.  82.       -0.2440225041       -0.2471761047
 112.  83.       -0.0155859185       -0.3318609756
 112.  84.        0.2159307884       -0.3404117902
 112.  85.       -0.4414747736        0.3151352862
 112.  86.        0.1399771618        0.2740058223
 112.  87.       -0.2169662071       -0.0948071625
 112.  88.        0.0488692276        0.2154891299
 112.  89.       -0.2850874473       -0.5678162400
 112.  90.        0.1963592470       -0.4126087133
 112.  91.       -0.0991679004        0.6155543909
 112.  92.       -0.4633489083        0.0256802206
 112.  93.        0.3776790795        0.5214919664
 112.  94.        0.0422824954       -0.2599391194
 112.  95.       -0.6707884337        0.5491271451
 112.  96.       -0.0641347751       -0.1737521341
 112.  97.       -0.4572774017        0.0938039849
 112.  98.       -0.2960016238        0.0896517368
 112.  99.       -0.4114369041       -0.2681237171
 112. 100.        0.3024637124        0.1990038756
 112. 101.       -0.4134176416        0.2953802082
 112. 102.       -0.1659090859       -0.1283488452
 112. 103.        0.0815065592       -0.2888188483
 112. 104.        0.4933380983       -0.1948425933
 112. 105.        0.1475165793        0.1303096702
 112. 106.        0.3740718757        0.3448214113
 112. 107.        0.0170922523       -0.0492482939
 112. 108.        0.1860828488        0.3155351089
 112. 109.       -0.2977347657        0.0365302785
 112. 110.       -0.3175853614       -0.3632982558
 112. 111.        0.0026412308       -0.4806146736
 112. 112.        0.1574907908        0.2457401277
 113.   0.       -0.0252281457        0.0000000000
 113.   1.       -0.0306872939        0.4515685235
 113.   2.       -0.1262970438       -0.0792019847
 113.   3.       -0.4150394746       -0.0375089896
 113.   4.        0.0773998007        0.0131549997
 113.   5.        0.0107705098        0.4048170512
 113.   6.        0.0761522339       -0.2432433915
 113.   7.       -0.3414899029        0.1264016984
 113.   8.        0.0193064405       -0.1851866642
 113.   9.        0.1054166641       -0.0652231245
 113.  10.        0.2144792315        0.1197995301
 113.  11.        0.2965539551        0.3444998614
 113.  12.        0.0086537475        0.1152775837
 113.  13.       -0.5823369182       -0.0603093930
 113.  14.        0.3517966568       -0.1182054175
 113.  15.        0.4446721563       -0.4393352658
 113.  16.       -0.0080284872        0.2646334374
 113.  17.       -0.1635387686        0.0496116039
 113.  18.        0.3630813349        0.0801260914
 113.  19.        0.7826153443        0.0381307973
 113.  20.       -0.5196252862       -0.5432131223
 113.  21.       -0.2664761285       -0.3057854341
 113.  22.       -0.1407039838        0.1971488330
 113.  23.        0.0326511481        0.3884660965
 113.  24.        0.3434365908        0.3728622780
 113.  25.       -0.0985599273       -0.1476048538
 113.  26.        0.0512040741        0.3198329170
 113.  27.        0.0382144009        0.1132150553
 113.  28.       -0.0805363815        0.1702278828
 113.  29.       -0.1060252192       -0.2193599648
 113.  30.        0.0952148419        0.0982163506
 113.  31.        0.2310971635       -0.4153091954
 113.  32.       -0.0190963094       -0.0421019093
 113.  33.        0.3814794579        0.2660301086
 113.  34.        0.0316841461        0.2947459757
 113.  35.       -0.2831146533       -0.2070793008
 113.  36.       -0.3760896245       -0.1081861888
 113.  37.       -0.2089153620       -0.1950388022
 113.  38.        0.0166748816        0.1221689413
 113.  39.       -0.2894968374        0.2752979496
 113.  40.        0.0692478840        0.0114543216
 113.  41.       -0.4775727158        0.4546233373
 113.  42.       -0.0619272164        0.0405487498
 113.  43.        0.1376315928        0.0457643997
 113.  44.       -0.1990980716        0.0229865842
 113.  45.        0.1201380627       -0.1331782590
 113.  46.        0.1918439020        0.2377492939
 113.  47.        0.5219545760        0.1766197039
 113.  48.        0.1451612299        0.3700340094
 113.  49.        0.0769223705        0.3325987483
 113.  50.       -0.2024228976        0.2192394012
 113.  51.        0.2113096583       -0.3008188325
 113.  52.        0.1635621611        0.0561128535
 113.  53.       -0.1036781948        0.3406803756
 113.  54.        0.0894121169       -0.1113545700
 113.  55.       -0.1109901428       -0.4156339135
 113.  56.        0.1129631210        0.1669533181
 113.  57.        0.2071320096       -0.5918902885
 113.  58.        0.1566385460       -0.0674686339
 113.  59.        0.0540149928        0.5276777860
 113.  60.       -0.0573171726        0.1887988756
 113.  61.       -0.1307544480       -0.3010942937
 113.  62.        0.2795159141       -0.1748007947
 113.  63.       -0.2133403198        0.6427430656
 113.  64.        0.0549645909       -0.2859418850
 113.  65.        0.5413943122       -0.5455226368
 113.  66.        0.3143612862       -0.1817649842
 113.  67.        0.4269809665       -0.2818702643
 113.  68.       -0.0043506783        0.0910380075
 113.  69.       -0.0207114002        0.3542199170
 113.  70.        0.2696345271       -0.4793147524
 113.  71.        0.1597212704       -0.6639738998
 113.  72.       -0.5257372651       -0.0626417044
 113.  73.       -0.1624390223        0.3131682719
 113.  74.        0.2043784185       -0.2786134998
 113.  75.       -0.0081839240        0.3017726919
 113.  76.        0.6150667170       -0.1627222233
 113.  77.        0.0502006009        0.1013336341
 113.  78.       -0.4068730917        0.2238772333
 113.  79.       -0.0315376307        0.2075405176
 113.  80.       -0.5417379491       -0.1825822627
 113.  81.       -0.2795529588        0.2357052948
 113.  82.       -0.1827887102        0.1506962231
 113.  83.       -0.4181366723       -0.1443474514
 113.  84.       -0.2356372686       -0.4641232544
 113.  85.       -0.0783070283        0.4056695956
 113.  86.        0.1164201838        0.2061252920
 113.  87.       -0.0014880525        0.1274245983
 113.  88.       -0.4093166409       -0.2116829655
 113.  89.        0.3968842122        0.5209182793
 113.  90.        0.0084925473        0.1439747995
 113.  91.       -0.4173133330       -0.0673499458
 113.  92.       -0.7530143464       -0.1667480431
 113.  93.       -0.2424700898        0.1521438388
 113.  94.        0.0234332221        0.5201539896
 113.  95.        0.7502875758       -0.1857459617
 113.  96.       -0.6200189478       -0.3718065323
 113.  97.        0.6673093248       -0.1432334579
 113.  98.       -0.0620913286        0.2509689920
 113.  99.       -0.3956534792        0.7020501881
 113. 100.       -0.1152073330        0.0843779728
 113. 101.       -0.3883622054        0.1686502704
 113. 102.        0.3818625745        0.0742845476
 113. 103.       -0.0864897965       -0.1937060822
 113. 104.       -0.0472339202       -0.6479068062
 113. 105.       -0.2201680263       -0.3699353184
 113. 106.       -0.9284594376       -0.3765738366
 113. 107.       -0.6660197207        0.3093686950
 113. 108.       -0.2853214419       -0.3006874256
 113. 109.       -0.2016996838       -0.0193335151
 113. 110.        0.0371180705       -0.5833272301
 113. 111.       -0.1073881040       -0.1103699269
 113. 112.       -0.4142360106       -0.5942804229
 113. 113.       -0.1060144819        0.5019874399
 114.   0.        0.0710379655        0.0000000000
 114.   1.       -0.2614384621       -0.2657934017
 114.   2.       -0.0808947251       -0.0474286065
 114.   3.        0.0695600534        0.0007892087
 114.   4.       -0.1077638436       -0.3559453255
 114.   5.        0.4922201049        0.0912417897
 114.   6.       -0.0594806892       -0.1258475972
 114.   7.       -0.4404486969        0.1757547517
 114.   8.       -0.1126141809       -0.1558599001
 114.   9.        0.1274911910       -0.2620133913
 114.  10.       -0.0417978023        0.0021065938
 114.  11.       -0.2700016384       -0.1773724717
 114.  12.        0.2451046953       -0.2559435272
 114.  13.       -0.2387401095        0.1895271797
 114.  14.       -0.0078630946       -0.1257581786
 114.  15.        0.2098393160       -0.1322616024
 114.  16.        0.1402148556        0.2077031438
 114.  17.       -0.2142066694       -0.1371838569
 114.  18.        0.2008841242       -0.1292086873
 114.  19.        0.2647771599       -0.0592989913
 114.  20.        0.1714295832       -0.2954460044
 114.  21.       -0.1278326827       -0.3254534076
 114.  22.       -0.2906966192       -0.3325823724
 114.  23.        0.1609291423        0.3177328633
 114.  24.       -0.1698036737        0.1271391570
 114.  25.       -0.2511021174       -0.2466834374
 114.  26.        0.5525857426       -0.0787093787
 114.  27.       -0.0109290506        0.0022244276
 114.  28.        0.1457110280       -0.0791711496
 114.  29.        0.0541226939        0.2398505046
 114.  30.       -0.0838993980       -0.0922060349
 114.  31.       -0.0118686508        0.1526052768
 114.  32.       -0.3358246994        0.1224340605
 114.  33.        0.1959452866       -0.3220433512
 114.  34.        0.0934646385        0.2953859063
 114.  35.       -0.0392572361       -0.0139481512
 114.  36.        0.3721177325       -0.2037859332
 114.  37.       -0.1565091752       -0.0124711585
 114.  38.        0.0169817077       -0.0416852145
 114.  39.        0.0405489397       -0.0515655391
 114.  40.       -0.1008639595       -0.1692134748
 114.  41.        0.2203734633        0.2479091824
 114.  42.        0.2299410946       -0.1343019793
 114.  43.        0.1982530647       -0.0218783081
 114.  44.        0.1264545431        0.2983920983
 114.  45.        0.0576303818       -0.2468720745
 114.  46.        0.3368642866       -0.0001141107
 114.  47.        0.3069644747        0.1037829848
 114.  48.        0.1437613267        0.0976458990
 114.  49.       -0.2562534845       -0.0295096898
 114.  50.       -0.5139035267       -0.0250790604
 114.  51.       -0.2647232354       -0.2365296396
 114.  52.       -0.2962806011       -0.1025106378
 114.  53.        0.1316249839        0.0094625370
 114.  54.        0.0586430217        0.1943105790
 114.  55.        0.4048016465        0.1631130218
 114.  56.        0.3618138772       -0.2663240073
 114.  57.       -0.2417925913       -0.3328515251
 114.  58.        0.1039224068        0.0449652146
 114.  59.       -0.1089977406       -0.5515833247
 114.  60.       -0.0517429481        0.5094468000
 114.  61.       -0.0028929952       -0.1076487775
 114.  62.        0.1213749714       -0.5171485009
 114.  63.        0.2574106972        0.2907137021
 114.  64.       -0.0858063863       -0.2689165912
 114.  65.       -0.0115210927        0.6168821365
 114.  66.        0.0652616284        0.1167692990
 114.  67.       -0.1066030874        0.2324453407
 114.  68.        0.3483177912        0.4560463313
 114.  69.        0.4084930622        0.2734389885
 114.  70.        0.1463022789       -0.1314644947
 114.  71.        0.1649190083       -0.2577244399
 114.  72.       -0.0275631563       -0.4714506956
 114.  73.        0.1950940599        0.1239816293
 114.  74.       -0.4215551676        0.1143740097
 114.  75.       -0.0737041778        0.0202846560
 114.  76.        0.3799045812       -0.3374865247
 114.  77.        0.1643360309        0.0330970250
 114.  78.        0.1201976645       -0.3122014295
 114.  79.       -0.2192514126       -0.0376198806
 114.  80.        0.1454730302        0.0001187666
 114.  81.       -0.2692904781        0.2044473777
 114.  82.        0.2202197931       -0.0635278025
 114.  83.        0.1263736547       -0.3142733927
 114.  84.       -0.0151902342        0.1506530496
 114.  85.        0.3592149654       -0.1339346525
 114.  86.       -0.5577449347        0.2278544120
 114.  87.        0.1093505733        0.4943432454
 114.  88.        0.3934876561        0.0978500540
 114.  89.        0.0021982843       -0.4344671976
 114.  90.        0.0553699350        0.4421739191
 114.  91.        0.0948264880       -0.1954033543
 114.  92.       -0.2938032294       -0.6473023106
 114.  93.       -0.0392796411       -0.0581775556
 114.  94.        0.0840225211        0.1855071245
 114.  95.        0.0835925533       -0.3561597380
 114.  96.       -0.2131963606       -0.3672399419
 114.  97.       -0.2982877908       -0.0935716603
 114.  98.        0.3404907778       -0.2075720022
 114.  99.       -0.0855761766        0.3626444649
 114. 100.       -0.3723001658       -0.3994725139
 114. 101.        0.0773314834       -0.4611920273
 114. 102.       -0.5340855511        0.4230557017
 114. 103.       -0.1815907177       -0.1886444457
 114. 104.        0.4067059635       -0.1628924338
 114. 105.        0.1801710042       -0.3640535351
 114. 106.       -0.0973809117        0.2397697038
 114. 107.       -0.0264266415        0.3558451079
 114. 108.        0.3162187316        0.2055097863
 114. 109.       -0.3092289715        0.2050884336
 114. 110.        0.1075331582       -0.1906865854
 114. 111.       -0.0301104903        0.1813027555
 114. 112.       -0.0726081985       -0.0149868218
 114. 113.       -0.2350310281        0.5453039310
 114. 114.       -0.1072966855       -0.1697640733
 115.   0.       -0.3004275270        0.0000000000
 115.   1.       -0.2208979436       -0.2711624209
 115.   2.        0.2911795814        0.2129421149
 115.   3.       -0.0437314524        0.0677996036
 115.   4.        0.2092523216       -0.0367398277
 115.   5.       -0.0041394970       -0.5548628087
 115.   6.       -0.2473187961        0.1423023950
 115.   7.        0.4505343275        0.3681631698
 115.   8.        0.2713247088        0.1045768243
 115.   9.       -0.1997569988        0.2325619461
 115.  10.        0.2090688017        0.1167521526
 115.  11.       -0.1056483808       -0.0468602705
 115.  12.        0.0644482637       -0.4310476314
 115.  13.        0.3792128492       -0.0755180656
 115.  14.       -0.1447863928       -0.0491849593
 115.  15.       -0.2968497052        0.2853496334
 115.  16.       -0.0272909974       -0.1046210054
 115.  17.        0.0671782689        0.2168362598
 115.  18.       -0.2099046004       -0.1293704361
 115.  19.       -0.3701163414        0.1954991652
 115.  20.        0.1844583266        0.1585491191
 115.  21.        0.0196252947       -0.1412569605
 115.  22.        0.0832245400       -0.1051174866
 115.  23.        0.4416534782        0.1002322154
 115.  24.       -0.1923423363       -0.1684248197
 115.  25.        0.0612604338        0.0267590906
 115.  26.       -0.1854397900       -0.4348483445
 115.  27.       -0.1237558982       -0.3454809165
 115.  28.        0.6237644165       -0.0772732726
 115.  29.        0.0675705049       -0.1134767476
 115.  30.       -0.1473144440       -0.2253635102
 115.  31.        0.0002556725        0.1019495357
 115.  32.       -0.0512821288       -0.0006269872
 115.  33.       -0.1632904250       -0.1877850570
 115.  34.       -0.1129099642        0.0448668813
 115.  35.       -0.0155182608        0.3198574070
 115.  36.        0.0664404516       -0.5375032076
 115.  37.       -0.2308759515        0.6283712766
 115.  38.       -0.3388957300        0.1489368985
 115.  39.        0.3370897195        0.1349246563
 115.  40.       -0.2819162417        0.4686423702
 115.  41.       -0.3385675493       -0.2570393981
 115.  42.       -0.3613639651       -0.0981445235
 115.  43.       -0.0745203514       -0.1384143895
 115.  44.       -0.3568811745        0.4630807972
 115.  45.       -0.0224192086       -0.5050942963
 115.  46.       -0.1138035944       -0.1363812182
 115.  47.       -0.2024295617        0.1427589035
 115.  48.        0.3586063609       -0.0578714713
 115.  49.        0.1330956647        0.0602283705
 115.  50.       -0.0016956452        0.2914633648
 115.  51.        0.2221525014        0.3109438597
 115.  52.       -0.2863513506       -0.1081398419
 115.  53.        0.2658739254       -0.4978081636
 115.  54.        0.0281157732       -0.3522886380
 115.  55.       -0.1715327750        0.4823667239
 115.  56.        0.1937377690        0.1503911923
 115.  57.       -0.0727581001        0.0206812824
 115.  58.        0.0836315439       -0.2293615827
 115.  59.       -0.3105871892        0.0593836325
 115.  60.       -0.0566014202       -0.0906018511
 115.  61.       -0.1663548200        0.3863471676
 115.  62.        0.2240602910       -0.0398732792
 115.  63.        0.1149258083       -0.0805244854
 115.  64.       -0.0223950753        0.4262910188
 115.  65.        0.0490482602        0.3315092295
 115.  66.       -0.3869920143        0.1681117457
 115.  67.       -0.0424702795        0.0408129770
 115.  68.        0.2667171884        0.2718037739
 115.  69.       -0.2557595497       -0.3345927403
 115.  70.        0.0724635409        0.3387944405
 115.  71.        0.0802653541        0.2132276771
 115.  72.       -0.0848570886       -0.0752959609
 115.  73.        0.0758882953       -0.2036957984
 115.  74.       -0.6008700567       -0.4175016611
 115.  75.       -0.3452435481        0.0857414282
 115.  76.        0.1193868321        0.2093076683
 115.  77.        0.2352386118        0.1070107392
 115.  78.        0.7652897254       -0.3291455928
 115.  79.        0.0860290874       -0.1758890020
 115.  80.       -0.2883676689       -0.1418331605
 115.  81.       -0.0477174841       -0.3349538479
 115.  82.       -0.0059089543        0.2458732664
 115.  83.       -0.1048113521        0.2012625389
 115.  84.       -0.1455658931       -0.1894338617
 115.  85.        0.1791542861        0.1045323747
 115.  86.        0.3781527059        0.0604184855
 115.  87.       -0.1247920338       -0.3581613257
 115.  88.        0.0387209451        0.3458029622
 115.  89.       -0.1436259792        0.3945245168
 115.  90.       -0.1828952517       -0.3992272799
 115.  91.       -0.0338378839        0.0293075154
 115.  92.        0.3028963324        0.4326479404
 115.  93.        0.2683334221       -0.4072013515
 115.  94.       -0.3412906547       -0.5526497860
 115.  95.       -0.1647403607        0.4987416382
 115.  96.       -0.0166515796       -0.1018727151
 115.  97.        0.4052254837       -0.4487447383
 115.  98.       -0.4206964892       -0.3684083958
 115.  99.       -0.2368436119       -0.3956615752
 115. 100.       -0.1414272233        0.0778310845
 115. 101.       -0.4571488594        0.0536276361
 115. 102.        0.0090996275       -0.0710869741
 115. 103.       -0.3539771810       -0.0794831966
 115. 104.       -0.7092153357        0.0046455961
 115. 105.       -0.0476722804        0.0090549946
 115. 106.       -0.2932915738       -0.0706468815
 115. 107.       -0.0039378298        0.4478210317
 115. 108.       -0.0529357553        0.1464531545
 115. 109.       -0.2604316142        0.0665116932
 115. 110.       -0.1129491865       -0.2126964866
 115. 111.        0.1571963527       -0.1703171058
 115. 112.       -0.1793734114       -0.0474696382
 115. 113.        0.4886192639       -0.7219494887
 115. 114.        0.0923038484        0.4510877302
 115. 115.       -0.2393933247       -0.0325440384
 116.   0.        0.1632430267        0.0000000000
 116.   1.        0.3093447033       -0.2024312348
 116.   2.        0.1607325098        0.0289851740
 116.   3.       -0.2443606653       -0.1505662633
 116.   4.        0.2523587059        0.2422165420
 116.   5.        0.3840201200        0.0808750897
 116.   6.        0.0446589586        0.2124464216
 116.   7.        0.1127185561        0.0906970732
 116.   8.       -0.2346948430        0.0932388472
 116.   9.       -0.1034076325        0.3876214502
 116.  10.        0.2424859508        0.0176997247
 116.  11.        0.0715637117        0.0995518069
 116.  12.       -0.3530004966        0.0381595966
 116.  13.        0.0330633299       -0.1436012584
 116.  14.        0.0930944208        0.0318748282
 116.  15.       -0.3644937591       -0.0201627695
 116.  16.        0.2765532046       -0.1348296627
 116.  17.        0.1633397957        0.0701431896
 116.  18.       -0.2355292247       -0.0441823946
 116.  19.       -0.0986329315       -0.0969924284
 116.  20.       -0.1111621787       -0.0408304906
 116.  21.        0.1820165459        0.2522380984
 116.  22.        0.1280832723       -0.0062763267
 116.  23.       -0.1157476591       -0.1492559295
 116.  24.        0.0011387734        0.0700679204
 116.  25.        0.1474980397        0.0975459207
 116.  26.        0.1764401280       -0.0980956922
 116.  27.        0.1941352484       -0.0990621181
 116.  28.        0.0009726848       -0.2946055834
 116.  29.       -0.2016390610       -0.0207376451
 116.  30.        0.2852390219        0.0422649459
 116.  31.       -0.2066487298       -0.1873181004
 116.  32.       -0.2443334521        0.1002488641
 116.  33.       -0.0410469948        0.3769064900
 116.  34.       -0.1154082645       -0.0438560602
 116.  35.       -0.0133902283        0.4755612315
 116.  36.       -0.2151833240       -0.0766515978
 116.  37.       -0.2115489481        0.2193320142
 116.  38.        0.0674612366       -0.3677823455
 116.  39.        0.0250191761       -0.1659997880
 116.  40.       -0.3120649435        0.2610890313
 116.  41.       -0.2798190291       -0.2401957998
 116.  42.       -0.5368888052       -0.0848722893
 116.  43.        0.1663284063        0.0917763105
 116.  44.        0.1289261967       -0.2001347253
 116.  45.       -0.0407321389        0.3184235999
 116.  46.       -0.1862224768        0.0308758602
 116.  47.       -0.0052848189        0.0982829159
 116.  48.       -0.0895950106        0.0260983539
 116.  49.       -0.2655122071       -0.4512301054
 116.  50.       -0.0356150778        0.0704440498
 116.  51.        0.0865443651        0.2930579514
 116.  52.       -0.2146292435        0.1929084791
 116.  53.        0.0154049841       -0.2997294873
 116.  54.        0.4832050327        0.2052739324
 116.  55.       -0.2707426624        0.6048559247
 116.  56.       -0.4189294166       -0.2291209975
 116.  57.        0.0543437211        0.1126923542
 116.  58.        0.0220480217       -0.2713983436
 116.  59.       -0.1368553831       -0.1185107217
 116.  60.       -0.5961096994        0.0275979239
 116.  61.       -0.2957756457       -0.1691980048
 116.  62.       -0.4769802153        0.2707007732
 116.  63.       -0.1290817680       -0.2551881890
 116.  64.        0.1266824597        0.3036033190
 116.  65.        0.0660556355       -0.1403074849
 116.  66.       -0.1333016650        0.0432066694
 116.  67.        0.1209390119       -0.3013785487
 116.  68.       -0.0329971427       -0.2103476074
 116.  69.       -0.2889287220       -0.0409915948
 116.  70.        0.1941716176        0.1608533934
 116.  71.       -0.3303650137        0.4701354415
 116.  72.       -0.0692826869       -0.0611994348
 116.  73.        0.3588642069       -0.5515207393
 116.  74.        0.2423660818        0.0713439884
 116.  75.        0.0445252219        0.0737622458
 116.  76.       -0.7587647529        0.1183884052
 116.  77.       -0.0588094089       -0.1312854121
 116.  78.        0.3664540055        0.0962782171
 116.  79.        0.0635145223        0.0336876899
 116.  80.       -0.2575277949        0.3060801529
 116.  81.       -0.0084099770       -0.0964469900
 116.  82.        0.2235052776        0.0708279434
 116.  83.        0.0274564484       -0.3279421246
 116.  84.       -0.1402810624        0.0633815985
 116.  85.        0.2093444504        0.0379712527
 116.  86.       -0.3701025665       -0.2831606433
 116.  87.        0.0594949521        0.1123250499
 116.  88.       -0.0575868408       -0.1034874580
 116.  89.        0.0230776956        0.1727066972
 116.  90.       -0.0331101147        0.5721200409
 116.  91.       -0.0832814219       -0.1372645313
 116.  92.        0.0554306891        0.2728723659
 116.  93.        0.2298579874       -0.4067197088
 116.  94.       -0.5915477766        0.2478785986
 116.  95.        0.1437683307       -0.2497916711
 116.  96.        0.7025771039        0.0300954840
 116.  97.        0.3894689878        0.0572303666
 116.  98.        0.2930257082        0.1712121859
 116.  99.       -0.1728399383        0.0983378090
 116. 100.        0.1918759797       -0.0767034450
 116. 101.        0.2353601074       -0.0376557522
 116. 102.       -0.0537415433       -0.6753244933
 116. 103.        0.1132318678       -0.2844122410
 116. 104.       -0.0859409282        0.2835839195
 116. 105.        0.1278286951        0.4071239719
 116. 106.        0.1249450561        0.1421386177
 116. 107.        0.1213259061       -0.1835349136
 116. 108.       -0.4096911733       -0.6757909947
 116. 109.       -0.9513968198       -0.0945601816
 116. 110.        0.3089475620        0.0785409961
 116. 111.        0.0977605290        0.3411501050
 116. 112.        0.2331246042       -0.0154432321
 116. 113.        0.3676972314       -0.2575385569
 116. 114.       -0.1155223676       -0.7744251040
 116. 115.       -0.0912924499        0.0415502748
 116. 116.        0.6242630245       -0.6119689884
 117.   0.        0.0982880174        0.0000000000
 117.   1.        0.4373485011        0.2062856138
 117.   2.       -0.1323521377       -0.0086654263
 117.   3.        0.4923876585       -0.2737493852
 117.   4.       -0.0449054115       -0.1439482712
 117.   5.       -0.2678283927        0.4271745674
 117.   6.        0.0082731820        0.0469056183
 117.   7.       -0.2469532024       -0.3242616776
 117.   8.        0.0106166422       -0.0576133023
 117.   9.        0.3512289425        0.0054156909
 117.  10.       -0.2919307916        0.1663440666
 117.  11.        0.0478848253        0.1778370998
 117.  12.       -0.1064482071        0.4056104110
 117.  13.        0.0945732106        0.0170128645
 117.  14.        0.0687966035        0.1740325895
 117.  15.       -0.1135828122        0.2834515116
 117.  16.        0.1513998513       -0.1243920539
 117.  17.        0.2968589440       -0.1613939824
 117.  18.        0.0789212011        0.4207770586
 117.  19.       -0.3026651863       -0.1988890711
 117.  20.        0.0137892909        0.0892068754
 117.  21.        0.2614412454        0.1710040051
 117.  22.       -0.5346138831       -0.2708149599
 117.  23.       -0.1516996700       -0.4604718986
 117.  24.       -0.0909206693        0.3017476787
 117.  25.       -0.2094298349        0.2736086155
 117.  26.        0.3110862265        0.0447414549
 117.  27.       -0.0109852991        0.4012250546
 117.  28.       -0.5748725903       -0.0771942409
 117.  29.       -0.0047942362        0.3292165618
 117.  30.       -0.1977074006        0.4575316861
 117.  31.       -0.2039323268        0.3729122905
 117.  32.        0.2811779784        0.0626751787
 117.  33.       -0.2431501475       -0.0675523026
 117.  34.       -0.1171928494       -0.3744751819
 117.  35.        0.4298376700       -0.0017845190
 117.  36.        0.0204908764        0.0683480994
 117.  37.        0.4724841278       -0.4663761923
 117.  38.        0.2554538966       -0.1171265913
 117.  39.        0.1846150565        0.0939322074
 117.  40.        0.0464486528       -0.2889719843
 117.  41.        0.1877826356        0.1378722328
 117.  42.       -0.0757225748        0.2271078175
 117.  43.        0.0761308012        0.4196819277
 117.  44.        0.1221949534       -0.0415198526
 117.  45.        0.1188976937        0.0698180120
 117.  46.       -0.2578392363       -0.1737267496
 117.  47.       -0.1407211351       -0.1880288440
 117.  48.        0.1324240724        0.0853026486
 117.  49.        0.1993081177       -0.1955341413
 117.  50.       -0.1233327190       -0.1499587034
 117.  51.       -0.2164869184       -0.3321056943
 117.  52.       -0.1120019259       -0.0269182169
 117.  53.        0.0166540259       -0.1600172809
 117.  54.       -0.3936380727        0.2846397034
 117.  55.       -0.1188909942       -0.0824299016
 117.  56.        0.0098875142        0.2979515807
 117.  57.        0.1657188759        0.0060171222
 117.  58.       -0.3532611074       -0.0424680093
 117.  59.        0.4016800744        0.0825153261
 117.  60.       -0.1470367805        0.1509384745
 117.  61.       -0.2432282642       -0.5142203571
 117.  62.        0.1395326586        0.1629182838
 117.  63.       -0.0032947835        0.0502542994
 117.  64.        0.0814905259       -0.5506215881
 117.  65.       -0.5368498645        0.5917358380
 117.  66.        0.1999019301       -0.5580169346
 117.  67.       -0.0904231306       -0.1988286867
 117.  68.        0.3804966630       -0.2932023356
 117.  69.        0.6029221815        0.2115677630
 117.  70.        0.1003990460        0.5662470681
 117.  71.        0.0636053240       -0.1854166462
 117.  72.       -0.5038001019        0.3324490837
 117.  73.       -0.3121353505       -0.0786941663
 117.  74.        0.6575661166       -0.1218063205
 117.  75.        0.5719422220       -0.0620621064
 117.  76.       -0.0939430505       -0.2105598958
 117.  77.       -0.1738993353       -0.2470280899
 117.  78.       -0.4438638573        0.5346508649
 117.  79.        0.3917876454        0.1420558539
 117.  80.        0.3625630418        0.0641068890
 117.  81.        0.7470202982       -0.4111434061
 117.  82.       -0.1986889920       -0.1497451067
 117.  83.        0.6345317578       -0.2647799415
 117.  84.        0.3225941543       -0.6788330203
 117.  85.       -0.4321811731       -0.1769391425
 117.  86.        0.1085607214        0.1227539389
 117.  87.       -0.3869253464       -0.4713131366
 117.  88.       -0.1735960711        0.3648793929
 117.  89.       -0.3092605812        0.1362919716
 117.  90.        0.6520008206        0.3656256721
 117.  91.       -0.1480273972       -0.1803344497
 117.  92.        0.2831419165       -0.3836051066
 117.  93.        0.1936830256        0.1569189590
 117.  94.       -0.0419488060        0.5202710555
 117.  95.       -0.3553033323       -0.0089990610
 117.  96.        0.1946894223       -0.3894777213
 117.  97.       -0.0143490702       -0.1973856067
 117.  98.       -0.9268615710        0.3171937407
 117.  99.        0.0411640222       -0.4347761565
 117. 100.       -0.4381066022       -0.0651365916
 117. 101.        0.2605170075        0.0653172447
 117. 102.       -0.2698989751       -0.2256600380
 117. 103.        0.1660675571       -0.2720472977
 117. 104.       -0.2324322299        0.6417764819
 117. 105.       -0.0572359374        0.4432996443
 117. 106.       -0.1803431773       -0.0670765256
 117. 107.       -0.0835853189        0.2320821568
 117. 108.       -0.0003988268        0.2708337280
 117. 109.       -0.0184124369       -0.3704995254
 117. 110.        0.1649095093        0.2232532318
 117. 111.       -0.4183452268       -0.0162252941
 117. 112.       -0.0395434676        0.0156036735
 117. 113.        0.1092141742        0.1411323288
 117. 114.       -0.0165299393        0.0408993064
 117. 115.        0.1519246060        0.1554072485
 117. 116.       -0.6894675824        0.5395925848
 117. 117.        0.3474308409       -0.2675349821
 118.   0.       -0.1876796408        0.0000000000
 118.   1.       -0.3997348166        0.4344868410
 118.   2.       -0.1363419100        0.4104286200
 118.   3.        0.2202449997        0.1399396322
 118.   4.        0.1111740802        0.2620410846
 118.   5.       -0.5916864970       -0.2691045879
 118.   6.        0.0330037241       -0.0823728486
 118.   7.       -0.1125640272       -0.1292007520
 118.   8.        0.1747677464       -0.2223359739
 118.   9.        0.1899463005        0.1890927946
 118.  10.       -0.1045467577        0.1800439795
 118.  11.        0.1412319112       -0.2254351412
 118.  12.        0.3397403965       -0.0520223385
 118.  13.        0.4739340571       -0.1507784695
 118.  14.       -0.1328526292        0.0896473003
 118.  15.        0.0428991819       -0.0121892058
 118.  16.       -0.3637397889       -0.0103489350
 118.  17.       -0.0286265025        0.0416238800
 118.  18.       -0.0484833198        0.0084477017
 118.  19.       -0.2987553834        0.3853211159
 118.  20.       -0.1069528955        0.1355962452
 118.  21.       -0.1028578516        0.1036051975
 118.  22.       -0.0670959609       -0.0299483731
 118.  23.        0.2311547417        0.1075924037
 118.  24.       -0.0409464549        0.0097070870
 118.  25.        0.1082784547       -0.0434440557
 118.  26.       -0.3129168588        0.0780289443
 118.  27.        0.0805164159        0.1594634298
 118.  28.        0.2590660793        0.2767216946
 118.  29.        0.0712412271       -0.6582900035
 118.  30.       -0.4309389545        0.5156558359
 118.  31.       -0.2561606469        0.2024144759
 118.  32.        0.4986731494        0.1662076848
 118.  33.       -0.0592155614       -0.1253124873
 118.  34.       -0.0191850493        0.1101023916
 118.  35.       -0.0960571694       -0.1710504331
 118.  36.        0.1591035999        0.2022753345
 118.  37.       -0.2135110212       -0.2137099983
 118.  38.       -0.4259796503        0.3694739128
 118.  39.       -0.2987790287        0.3740549429
 118.  40.       -0.1259969218        0.0045482027
 118.  41.       -0.0396238799        0.3746075781
 118.  42.        0.1632593489        0.3227641916
 118.  43.       -0.4582062434       -0.0838259400
 118.  44.       -0.4378742532       -0.2373234060
 118.  45.        0.0529732981       -0.2019745298
 118.  46.        0.1608448203        0.0687181857
 118.  47.       -0.7595644639        0.1852387908
 118.  48.       -0.2482541578       -0.1554597400
 118.  49.        0.2530137960        0.1728032000
 118.  50.        0.1091052664       -0.1733395515
 118.  51.       -0.1974361382        0.0906660801
 118.  52.        0.4790689120        0.0551114371
 118.  53.        0.2823505607       -0.1357151825
 118.  54.       -0.1044691090       -0.3860896866
 118.  55.       -0.1798983214       -0.7071051220
 118.  56.        0.1113164293        0.3826353574
 118.  57.        0.2627947341       -0.1272113361
 118.  58.       -0.3393340108       -0.2572014628
 118.  59.       -0.0849363025        0.0653200462
 118.  60.        0.7473342386       -0.3413083161
 118.  61.        0.2237912566        0.1685467299
 118.  62.        0.2990665206       -0.1293994766
 118.  63.        0.0810743227        0.3228118118
 118.  64.        0.2099121679       -0.3017374698
 118.  65.       -0.2807706046        0.0479136688
 118.  66.       -0.1260473149       -0.1347824738
 118.  67.       -0.1244343139        0.4114752327
 118.  68.        0.0437843285       -0.4015281291
 118.  69.        0.4624712641        0.0263699951
 118.  70.        0.0786282733       -0.0283235415
 118.  71.       -0.0652773507       -0.4319020924
 118.  72.       -0.0271550693       -0.0879624268
 118.  73.        0.2030207862        0.0714553219
 118.  74.        0.1857901595        0.2065537154
 118.  75.        0.4854167730       -0.0622918580
 118.  76.       -0.1875124446        0.4839084742
 118.  77.       -0.0608476993       -0.3443511173
 118.  78.       -0.2870337991        0.0573056725
 118.  79.       -0.0316561127        0.6500688020
 118.  80.        0.8463521209       -0.3626164548
 118.  81.        0.2831675876       -0.0593690644
 118.  82.        0.1243269854        0.0541254849
 118.  83.        0.0970244682       -0.1452814774
 118.  84.        0.3046595110        0.0371709094
 118.  85.        0.2560377035       -0.4917080695
 118.  86.       -0.0869231839        0.2340012892
 118.  87.        0.1097286866        0.4912515352
 118.  88.       -0.5706981964        0.4110489939
 118.  89.        0.1374828886        0.1929585134
 118.  90.        0.4900867277        0.7310922215
 118.  91.        0.4563983099       -0.0816191384
 118.  92.       -0.0799034481       -0.0430813466
 118.  93.        0.8480126873       -0.2544146276
 118.  94.       -0.1343262327        0.5627002592
 118.  95.        0.1895213285        0.6687485146
 118.  96.       -0.2957216952       -0.5023115261
 118.  97.       -0.0318000692       -0.1897420666
 118.  98.        0.4143364129       -0.0584579509
 118.  99.       -0.0005759229       -0.0025840682
 118. 100.       -0.3880884774        0.2111614027
 118. 101.        0.0728547368        0.3146367184
 118. 102.       -0.5455491844        0.1606688492
 118. 103.        0.3030854545       -0.1648932490
 118. 104.       -0.1787382228        0.2396074252
 118. 105.        0.1631858754       -0.0728368701
 118. 106.        0.0242503222        0.2812386098
 118. 107.       -0.4977993779       -0.1248780371
 118. 108.        0.4004323542        0.0529889971
 118. 109.        0.0574088263        0.3866737196
 118. 110.       -0.1414218673        0.0748505647
 118. 111.        0.1935227499       -0.0784338469
 118. 112.        0.0820085279        0.1912399660
 118. 113.       -0.0178912479       -0.0948909643
 118. 114.        0.0278206197        0.1525238266
 118. 115.        0.2903153189       -0.2054358821
 118. 116.        0.2814315797       -0.0722292407
 118. 117.       -0.1976956660        0.3063632474
 118. 118.        0.2596556442        0.4057408095
 119.   0.        0.2100330665        0.0000000000
 119.   1.       -0.2141466083       -0.3511739081
 119.   2.        0.1700974994       -0.0230601912
 119.   3.       -0.3345961709        0.1576374833
 119.   4.        0.0716360345        0.0357124499
 119.   5.        0.1801962725       -0.1423380496
 119.   6.        0.1957759990        0.2826511226
 119.   7.        0.2592946911       -0.2244960908
 119.   8.       -0.1952132855        0.1649833356
 119.   9.       -0.0377150859       -0.0453430961
 119.  10.        0.1128438222       -0.2427996401
 119.  11.        0.0814995217       -0.4423905257
 119.  12.        0.2515921509       -0.0948992985
 119.  13.       -0.1379139023        0.0061049124
 119.  14.        0.0002198018       -0.1871780825
 119.  15.        0.3534585993       -0.3571068514
 119.  16.       -0.5959553736        0.0848508199
 119.  17.       -0.6492448136       -0.0635812362
 119.  18.       -0.2546058434       -0.2682423957
 119.  19.        0.3427658300        0.1900589975
 119.  20.       -0.2403777578       -0.1864043021
 119.  21.       -0.1369142112       -0.1027115714
 119.  22.        0.5902966120        0.1909808068
 119.  23.       -0.1200741964        0.3283410832
 119.  24.        0.1286575984       -0.2280596082
 119.  25.       -0.0264802776       -0.2110185708
 119.  26.       -0.5236607665       -0.2246489979
 119.  27.       -0.1357695498       -0.3410498149
 119.  28.       -0.0518975821        0.0832229082
 119.  29.       -0.0343094527        0.1079553841
 119.  30.        0.6001590023       -0.2294060498
 119.  31.        0.0347335611       -0.2170111528
 119.  32.        0.0365039919        0.0477448067
 119.  33.        0.1739380120        0.2095808744
 119.  34.       -0.3358419721        0.5105139691
 119.  35.       -0.4232902786       -0.1752076691
 119.  36.       -0.0404768909       -0.3226319653
 119.  37.       -0.4531924499       -0.1306383960
 119.  38.       -0.3045151700       -0.1629252613
 119.  39.       -0.0876062285       -0.0801453804
 119.  40.       -0.1906655424       -0.1134538894
 119.  41.        0.0644618627        0.2439057260
 119.  42.        0.0304051360        0.2170791032
 119.  43.       -0.5362430896       -0.5385237703
 119.  44.        0.3100657703        0.0409321953
 119.  45.       -0.2439598408        0.0325722995
 119.  46.        0.2409942938       -0.0347963949
 119.  47.        0.0797728581        0.0363367547
 119.  48.       -0.1013537693        0.0011882883
 119.  49.        0.0607787784       -0.1603978497
 119.  50.       -0.1656156077        0.2395899020
 119.  51.        0.1988782344        0.3418445248
 119.  52.        0.3058944116        0.1926839130
 119.  53.       -0.2376318169       -0.1248715558
 119.  54.       -0.0683806442       -0.2014043379
 119.  55.       -0.2017156630       -0.0289075868
 119.  56.        0.0481710648       -0.0755830765
 119.  57.       -0.4002912819       -0.2075359439
 119.  58.        0.4592205101        0.4681702251
 119.  59.       -0.1748611526        0.1216607616
 119.  60.       -0.7645772845       -0.1424564205
 119.  61.       -0.0311112417        0.5337078769
 119.  62.       -0.0287542686       -0.3636086105
 119.  63.       -0.1212034555        0.1515273809
 119.  64.       -0.2351247663       -0.2700312418
 119.  65.       -0.0503475642       -0.3071366399
 119.  66.        0.0976053026       -0.0062229109
 119.  67.        0.3725610029        0.0419539075
 119.  68.        0.0411669993       -0.0212843769
 119.  69.        0.0937343809        0.0564230283
 119.  70.        0.0219090858       -0.2851860962
 119.  71.       -0.2428000145       -0.4044425679
 119.  72.        0.2338720512       -0.0262085163
 119.  73.       -0.0637249562        0.0511446144
 119.  74.       -0.6506791350        0.2389475280
 119.  75.        0.4226510644       -0.1434596525
 119.  76.       -0.1312485381       -0.0643451781
 119.  77.       -0.2595858369        0.3761371853
 119.  78.        0.3441159755       -0.3115925177
 119.  79.        0.0086486595       -0.3896657258
 119.  80.       -0.0303049974       -0.0346879229
 119.  81.        0.0981850463       -0.0313770537
 119.  82.        0.4965608120       -0.1572398133
 119.  83.        0.5933853930        0.2108832135
 119.  84.       -0.0474095025        0.3089864965
 119.  85.        0.2853098637        0.1203409055
 119.  86.       -0.1010244740       -0.2323575654
 119.  87.        0.3568765323       -0.3326399607
 119.  88.        0.1944712030       -0.0097470457
 119.  89.       -0.1876367092       -0.5399757557
 119.  90.       -0.4277177519        0.4439905296
 119.  91.        0.0793430680       -0.1189245605
 119.  92.       -0.0397806974        0.2986387687
 119.  93.       -0.0860184115        0.2266134989
 119.  94.       -0.0950275684        0.3656064412
 119.  95.       -0.5033502307       -0.2517125088
 119.  96.       -0.7052469731        0.3040763465
 119.  97.        0.2331175269       -0.5017754064
 119.  98.       -0.2390754066        0.5605841101
 119.  99.       -0.2677036579        0.1905445162
 119. 100.        0.1675834804       -0.3067993059
 119. 101.       -0.1039947126        0.3655750412
 119. 102.        0.1427234187        0.2507824566
 119. 103.        0.6224795236        0.0683705026
 119. 104.        0.4172621209        0.0648071226
 119. 105.        0.2460814212        0.2567391266
 119. 106.        0.1488566253        0.3958029252
 119. 107.       -0.0290884761       -0.2278104395
 119. 108.        0.0476518017        0.3829419816
 119. 109.       -0.1158317630        0.3118505784
 119. 110.        0.2311487696       -0.1939715635
 119. 111.        0.2454159474        0.1846538910
 119. 112.        0.1492441611        0.1520751335
 119. 113.        0.3264664449        0.2626062217
 119. 114.        0.1680018073        0.0945830571
 119. 115.        0.2169550918        0.5389740305
 119. 116.       -0.1258192848       -0.1166343675
 119. 117.       -0.2581301248        0.1472993046
 119. 118.       -0.0706018205       -0.0265926155
 119. 119.        0.5334051131        0.2647322556
 120.   0.       -0.4389477688        0.0000000000
 120.   1.        0.1872078074       -0.0734107857
 120.   2.        0.0799417837       -0.5107959910
 120.   3.        0.0787181043       -0.0363877250
 120.   4.       -0.2308439748       -0.4350797578
 120.   5.        0.0006035818       -0.0942378559
 120.   6.       -0.2468622101        0.0405396352
 120.   7.        0.3014631637       -0.1964180488
 120.   8.       -0.0076009467        0.2051479847
 120.   9.       -0.3564683186       -0.1935634030
 120.  10.        0.1388171788       -0.2029016006
 120.  11.       -0.0766344008        0.2814864212
 120.  12.       -0.3230213191       -0.1311370440
 120.  13.       -0.3593895933        0.0263947470
 120.  14.        0.1793138879       -0.1174603545
 120.  15.        0.1923854963        0.1437682580
 120.  16.        0.0012503343       -0.1446738466
 120.  17.       -0.2301975378       -0.0043460747
 120.  18.        0.0327247414        0.0997659283
 120.  19.        0.6827410722        0.0437882605
 120.  20.        0.1534329212        0.1793507099
 120.  21.        0.0275714728       -0.3053490000
 120.  22.        0.2245594033       -0.2126569417
 120.  23.       -0.0455722036       -0.0420164288
 120.  24.       -0.1886185764       -0.4168903173
 120.  25.       -0.0651933436        0.3862757080
 120.  26.       -0.0656655110        0.2193331804
 120.  27.       -0.0826867079        0.1220305825
 120.  28.       -0.3198651322        0.1070274603
 120.  29.       -0.1240705097        0.4913883022
 120.  30.        0.2565688466       -0.2194195896
 120.  31.        0.3320450392        0.3376787564
 120.  32.       -0.0264197957        0.1464460291
 120.  33.       -0.1676922340       -0.0399705420
 120.  34.       -0.0532752644        0.0942824184
 120.  35.       -0.2712515846       -0.1687083613
 120.  36.        0.0079314777       -0.3242357524
 120.  37.        0.1943585661       -0.1923994920
 120.  38.       -0.0649416406       -0.1286191214
 120.  39.        0.3865639951       -0.4816981536
 120.  40.        0.3229621286       -0.2394602259
 120.  41.        0.0364492797        0.0255583549
 120.  42.        0.3072067112       -0.1517121930
 120.  43.        0.4186095939        0.0519558393
 120.  44.        0.1122770075        0.1982613293
 120.  45.       -0.2124664266        0.0189621904
 120.  46.       -0.3385422744        0.0147442174
 120.  47.        0.3604135404        0.0401993063
 120.  48.        0.1641407304        0.5016820656
 120.  49.       -0.0928072640        0.2785945188
 120.  50.        0.1226610364       -0.1667997599
 120.  51.        0.2444140303       -0.2080351540
 120.  52.       -0.2247059294       -0.1992474969
 120.  53.       -0.4181315457       -0.0483887980
 120.  54.       -0.3396342797        0.3062741583
 120.  55.       -0.0002242503        0.0100296295
 120.  56.       -0.1589056318       -0.1691711911
 120.  57.        0.3378543902       -0.1290003372
 120.  58.        0.0363689215       -0.0048384216
 120.  59.       -0.3638015988        0.4309482619
 120.  60.       -0.0190609848        0.0846625932
 120.  61.        0.1377534679       -0.1981022367
 120.  62.        0.1833542002        0.1759257081
 120.  63.        0.2408559129       -0.0492093798
 120.  64.       -0.1488266599        0.2609922118
 120.  65.        0.0080880381        0.1541270418
 120.  66.        0.4783972736       -0.2087062488
 120.  67.        0.4581336386       -0.0792004531
 120.  68.       -0.1978062536        0.1574457917
 120.  69.       -0.1602324381        0.1299717646
 120.  70.        0.0567677080        0.6375568977
 120.  71.       -0.2634999826        0.2894276556
 120.  72.        0.2262007288       -0.0239664560
 120.  73.        0.1136216699        0.2284062972
 120.  74.       -0.0877263868        0.1166518545
 120.  75.       -0.4733487908       -0.7203018982
 120.  76.        0.0759432188        0.1815711626
 120.  77.        0.1574270188       -0.0077605503
 120.  78.       -0.3367211338        0.1655804572
 120.  79.        0.4919690393       -0.2690539738
 120.  80.       -0.1809651233       -0.1622866357
 120.  81.       -0.6939725202       -0.0043477804
 120.  82.        0.2949753681        0.2285339397
 120.  83.       -0.1421683006        0.3639069550
 120.  84.       -0.0733126166       -0.5521889184
 120.  85.        0.1429444669        0.5052510010
 120.  86.        0.2226152226       -0.0006782153
 120.  87.        0.3121673438       -0.1301296312
 120.  88.        0.3609102614       -0.3123174619
 120.  89.       -0.0114045260       -0.1134960011
 120.  90.        0.0664136327        0.0566722259
 120.  91.       -0.1221967492        0.4781454961
 120.  92.        0.8549246418        0.5753199428
 120.  93.       -0.0487909673       -0.0546521235
 120.  94.       -0.1027736493       -0.4339530713
 120.  95.        0.1341723995        0.8926639187
 120.  96.       -0.3216631286       -0.1174923074
 120.  97.       -0.0726991171       -0.0610250634
 120.  98.        0.1170780472       -0.2896395240
 120.  99.       -0.5210572253        0.1920107086
 120. 100.        0.1558405016       -0.4955441675
 120. 101.        0.5051424983       -0.3219904110
 120. 102.        0.0901001185        0.3578906554
 120. 103.        0.2305929280       -0.4921521130
 120. 104.       -0.0694701043        0.1031575710
 120. 105.       -0.3327172217       -0.1460086652
 120. 106.        0.0007969975        0.1645394167
 120. 107.       -0.1190363767       -0.5545739662
 120. 108.       -0.0023350042       -0.0095610185
 120. 109.       -0.1205497620       -0.1866264574
 120. 110.        0.3438031221        0.2169948177
 120. 111.       -0.2190789742        0.2013661423
 120. 112.        0.4022042716        0.0366786885
 120. 113.        0.0546025835        0.3431293856
 120. 114.       -0.3145733921        0.2734332686
 120. 115.        0.2035573134        0.0723961815
 120. 116.        0.1131867240        0.3460829262
 120. 117.       -0.1962263708       -0.3605952510
 120. 118.       -0.3414474597        0.4859498811
 120. 119.       -0.6379323406       -0.3629558572
 120. 120.        0.0646771074        0.3095876043
 121.   0.        0.1040658443        0.0000000000
 121.   1.       -0.1151631223       -0.0747142446
 121.   2.       -0.2788378564       -0.0350415793
 121.   3.        0.2448140222       -0.0674068790
 121.   4.       -0.1387511560        0.3326132301
 121.   5.        0.1232819193        0.0218889677
 121.   6.       -0.1159015838       -0.3315313917
 121.   7.       -0.2356486621        0.0854651889
 121.   8.       -0.0236246414       -0.3631119510
 121.   9.       -0.4250430295       -0.0502380583
 121.  10.        0.0074172963       -0.0112737441
 121.  11.       -0.1730639271        0.0905031177
 121.  12.       -0.1936742121        0.0456369749
 121.  13.        0.0312088507       -0.2288001344
 121.  14.       -0.1816500927       -0.0415907310
 121.  15.       -0.1492991935        0.3682052753
 121.  16.        0.2880453046       -0.2925543385
 121.  17.        0.1821972385        0.1950848789
 121.  18.        0.1559194309       -0.2506199556
 121.  19.        0.2212935192        0.0070524099
 121.  20.        0.3080210400        0.2907890202
 121.  21.        0.2846500435        0.0338719946
 121.  22.       -0.3830701827       -0.0717778451
 121.  23.       -0.1349025316       -0.2680715571
 121.  24.       -0.0028623568       -0.0169303773
 121.  25.        0.3300719083       -0.0583945659
 121.  26.        0.1928027896        0.1213571602
 121.  27.       -0.1551308802        0.1226816716
 121.  28.        0.2854922820       -0.0132604373
 121.  29.       -0.0725340485       -0.1403207321
 121.  30.       -0.1104340924        0.1143117094
 121.  31.        0.0535141151       -0.5437922049
 121.  32.       -0.2091147350       -0.0348023275
 121.  33.        0.2283360838       -0.0878990530
 121.  34.        0.5155561245       -0.1342435749
 121.  35.        0.0034779698        0.3187283210
 121.  36.        0.2062627597        0.5151239691
 121.  37.        0.1409840936       -0.2722344539
 121.  38.        0.1098433014        0.0921621369
 121.  39.       -0.0323757720        0.0521081140
 121.  40.        0.2118773460       -0.0897244779
 121.  41.       -0.2085016820       -0.4933264981
 121.  42.       -0.2915471153        0.0967762564
 121.  43.        0.3638733566        0.4331484748
 121.  44.       -0.2973497615       -0.4953786176
 121.  45.       -0.0730327618       -0.2524688595
 121.  46.        0.3366252414       -0.0722177726
 121.  47.       -0.0406646405       -0.0300148329
 121.  48.       -0.0857587475       -0.4214217224
 121.  49.       -0.1389531029        0.4342776462
 121.  50.        0.1739745438       -0.1443734401
 121.  51.       -0.0442900213        0.0189822905
 121.  52.       -0.1100642097       -0.2573969200
 121.  53.       -0.0349728814        0.3997729319
 121.  54.        0.1260510670       -0.1331281571
 121.  55.        0.4002953506        0.0222572803
 121.  56.       -0.1745073442        0.0906729465
 121.  57.        0.1710227540        0.4974769415
 121.  58.       -0.1310335620       -0.4326167238
 121.  59.       -0.2020184381        0.1673053045
 121.  60.        0.0351241921        0.2615815438
 121.  61.        0.4880803352       -0.1050782455
 121.  62.        0.0022523929       -0.1418178642
 121.  63.        0.1458142670       -0.2492899144
 121.  64.        0.0808770269       -0.0684867349
 121.  65.        0.0069760610        0.3106277028
 121.  66.        0.2259784962        0.3353137419
 121.  67.       -0.0193767362       -0.0876847911
 121.  68.       -0.2000498348       -0.1319434978
 121.  69.       -0.1901306463       -0.2941136811
 121.  70.        0.2292650985        0.1142276330
 121.  71.       -0.1030277861       -0.1274607669
 121.  72.       -0.2654460657        0.1096490409
 121.  73.        0.1639167297       -0.1117511096
 121.  74.        0.1016275338       -0.1089084990
 121.  75.       -0.3580244651        0.2263292986
 121.  76.        0.1176563625        0.0421806046
 121.  77.       -0.2097265309       -0.2824491919
 121.  78.        0.4153593885       -0.3398335929
 121.  79.       -0.3339528687       -0.1078684915
 121.  80.       -0.1186997505        0.5617201105
 121.  81.       -0.5077391927        0.2367059084
 121.  82.        0.1220247999        0.6962300141
 121.  83.       -0.0592221776       -0.1249220787
 121.  84.        0.1671963076        0.0929792036
 121.  85.       -0.2265933807        0.1168997301
 121.  86.        0.0028720575        0.2058948859
 121.  87.       -0.3337955950        0.1068365950
 121.  88.       -0.3549746614        0.1488204260
 121.  89.        0.3537206475       -0.2621875467
 121.  90.       -0.3368405524       -0.0540020782
 121.  91.        0.6768564597        0.1143802404
 121.  92.       -0.0261342953        0.2819185297
 121.  93.       -0.1078713311        0.1504007863
 121.  94.       -0.2404223867        0.1027542255
 121.  95.       -0.0249850640       -0.1272583864
 121.  96.       -0.0239795209        0.1261936790
 121.  97.       -0.1278181516       -0.5384960317
 121.  98.       -0.0372059377        0.1241351743
 121.  99.       -0.3645113089        0.3353723850
 121. 100.        0.2019128219        0.0818914307
 121. 101.       -0.4143358404        0.2976670142
 121. 102.       -0.1298848841        0.2128647278
 121. 103.       -0.0813544157        0.0575637184
 121. 104.       -0.1821354930       -0.2547182511
 121. 105.       -0.5336064137        0.0004274898
 121. 106.        0.1366854497        0.2508498962
 121. 107.        0.4819820567       -0.3522773796
 121. 108.       -0.1566436693        0.0922287432
 121. 109.        0.0595851209        0.0393968650
 121. 110.       -0.1119953320        0.4620306315
 121. 111.       -0.0167249549       -0.0752505581
 121. 112.       -0.0357893826        0.1977581511
 121. 113.        0.2930081921        0.1547637406
 121. 114.        0.3191189616        0.2363895233
 121. 115.        0.3896448167        0.1799507525
 121. 116.       -0.0408761206       -0.4329601466
 121. 117.       -0.0207044148       -0.3337505610
 121. 118.        0.0063497764       -0.1368023878
 121. 119.        0.5703697072       -0.3351864649
 121. 120.       -0.4273124788        0.0872948861
 121. 121.        0.2467749838        0.5020455232
 122.   0.        0.3049165882        0.0000000000
 122.   1.        0.2005736343       -0.4989196950
 122.   2.        0.1165747165        0.2245149593
 122.   3.       -0.1533138641       -0.0799440262
 122.   4.        0.0070478851       -0.0817184210
 122.   5.        0.1936173732        0.2951887958
 122.   6.        0.2532852740        0.0560526009
 122.   7.       -0.1815566679        0.0518812255
 122.   8.        0.1894598711       -0.1427989526
 122.   9.        0.3287867559       -0.2078758829
 122.  10.       -0.3039954210       -0.0104870795
 122.  11.        0.0233680122       -0.1085187084
 122.  12.        0.3915665807        0.2155947254
 122.  13.       -0.0004922248       -0.0827054885
 122.  14.       -0.1477992171       -0.0135858619
 122.  15.        0.1716554678       -0.0588098722
 122.  16.       -0.0600140826       -0.0604825936
 122.  17.        0.1198369570       -0.0588559515
 122.  18.        0.0626901726       -0.0935143081
 122.  19.       -0.1126421269       -0.0788262116
 122.  20.       -0.1667507497        0.1890966242
 122.  21.        0.1485469772        0.2258932690
 122.  22.       -0.2013348775        0.4180062094
 122.  23.       -0.0568883933       -0.2655317318
 122.  24.        0.3663129464        0.1743034968
 122.  25.       -0.2679972366       -0.4759804211
 122.  26.        0.2853633011       -0.0216183735
 122.  27.       -0.1316343420       -0.2997270267
 122.  28.       -0.0124833112       -0.4454273840
 122.  29.       -0.0725120721       -0.1560887559
 122.  30.        0.0549369294        0.1253443117
 122.  31.       -0.1891417928       -0.4368714890
 122.  32.       -0.1972673053       -0.2553205471
 122.  33.        0.2543953615       -0.0301481739
 122.  34.       -0.2607038923       -0.1232091472
 122.  35.        0.2481187508        0.2807357418
 122.  36.       -0.2186223843        0.0102780761
 122.  37.        0.2452116057        0.3452229464
 122.  38.        0.0657882074       -0.0190540802
 122.  39.        0.2251246856        0.2408724563
 122.  40.       -0.0280458588        0.0115696708
 122.  41.       -0.0190105651       -0.2085757938
 122.  42.       -0.4097429003       -0.4080265730
 122.  43.       -0.2835490929        0.3137106523
 122.  44.       -0.0870852371        0.1640240620
 122.  45.       -0.0026066815        0.2596208828
 122.  46.        0.3344135828       -0.2620104674
 122.  47.        0.1745296463        0.1554803036
 122.  48.        0.0069714202       -0.4316453195
 122.  49.        0.2647344480       -0.2687687729
 122.  50.       -0.0691113274        0.4132222101
 122.  51.       -0.2045323163       -0.2104964836
 122.  52.        0.1373147557       -0.1157012353
 122.  53.        0.0744486644        0.1900723871
 122.  54.        0.2971191863        0.2269695054
 122.  55.       -0.3075513973       -0.2852192661
 122.  56.       -0.3101822291        0.3190261394
 122.  57.       -0.1480765851       -0.0237763132
 122.  58.       -0.1701526352        0.3929444311
 122.  59.        0.0651954147       -0.3683684388
 122.  60.       -0.3695727124       -0.3356337397
 122.  61.       -0.2801099840       -0.0039750727
 122.  62.       -0.2296486440       -0.0911229248
 122.  63.       -0.4246043637        0.0422798070
 122.  64.        0.1194491886       -0.6944035926
 122.  65.        0.0140296155       -0.5163718875
 122.  66.       -0.2396945056        0.4071044964
 122.  67.       -0.0312254328        0.1005412867
 122.  68.        0.1068329039        0.0117471972
 122.  69.        0.4627522212       -0.2431635628
 122.  70.        0.0657048407       -0.0201267468
 122.  71.        0.2809860334        0.0186984192
 122.  72.        0.0586459803        0.2498290804
 122.  73.       -0.4210937501       -0.0908124098
 122.  74.        0.0326783466        0.1971797694
 122.  75.        0.3245126953       -0.2412412576
 122.  76.        0.2604520142        0.0234411318
 122.  77.       -0.4722661233       -0.4400529947
 122.  78.       -0.0044728022       -0.2221121443
 122.  79.        0.2084322851       -0.1615021883
 122.  80.       -0.3458375395       -0.1581148035
 122.  81.        0.0454155165       -0.4490813275
 122.  82.        0.4417802683       -0.3442770098
 122.  83.       -0.0821598539       -0.4045434412
 122.  84.       -0.2140201428        0.1780457354
 122.  85.       -0.0361302374        0.3080312050
 122.  86.        0.4613010450        0.2238163705
 122.  87.        0.3234257865       -0.0685471371
 122.  88.        0.2178868743        0.1323792719
 122.  89.       -0.0512300073        0.1620781367
 122.  90.        0.1031645233       -0.1643034099
 122.  91.        0.3065029218       -0.2372575320
 122.  92.        0.2295379928        0.0471893302
 122.  93.        0.2055463601        0.0329476703
 122.  94.       -0.6738974376       -0.2491470872
 122.  95.        0.0411378765        0.0625695681
 122.  96.        0.4766791782        0.3562700136
 122.  97.        0.3604395457        0.1836750498
 122.  98.       -0.4044286747       -0.6742514621
 122.  99.       -0.0272644560       -0.1704056396
 122. 100.       -0.3503108302       -0.2196409191
 122. 101.       -0.2544781713       -0.1865271654
 122. 102.       -0.4876412495        0.6229113078
 122. 103.        0.2123081127       -0.0279210638
 122. 104.       -0.1999396843        0.2280418535
 122. 105.        0.1836150347       -0.4645698760
 122. 106.       -0.5827616450       -0.0652610191
 122. 107.        0.0224987876        0.0388258233
 122. 108.       -0.2151090885        0.1140149360
 122. 109.       -0.2636672457        0.1447876023
 122. 110.       -0.3671717242       -0.1671247816
 122. 111.        0.1237728578       -0.1296196473
 122. 112.        0.1139779837       -0.4824109518
 122. 113.       -0.3927251541        0.0895538950
 122. 114.       -0.3729259873        0.1465637416
 122. 115.        0.2075430948       -0.1821190335
 122. 116.        0.2930326993        0.0960453092
 122. 117.        0.3322175950        0.0823609667
 122. 118.       -0.0539938011        0.1948507917
 122. 119.        0.2084671181        0.2520695564
 122. 120.        0.0296595635        0.0739037758
 122. 121.       -0.1926972813       -0.2438586285
 122. 122.        0.2575468176        0.1925174328
 123.   0.       -0.4117689892        0.0000000000
 123.   1.        0.2435695056        0.4609636594
 123.   2.        0.0066146901       -0.0518369115
 123.   3.       -0.1930681679        0.1221874404
 123.   4.       -0.0057979365       -0.3851048129
 123.   5.        0.0775825083       -0.1278062618
 123.   6.       -0.0531813301       -0.1649461050
 123.   7.       -0.0885358776        0.1430367998
 123.   8.        0.0794367760        0.4007341301
 123.   9.        0.3717963840        0.1042996106
 123.  10.       -0.1127130077       -0.0372632608
 123.  11.       -0.0151686721        0.2697603373
 123.  12.       -0.1183125702        0.0260551147
 123.  13.        0.1208959219        0.2872749470
 123.  14.        0.1119818371       -0.0239432007
 123.  15.       -0.0058605266       -0.4282883657
 123.  16.        0.1281999312        0.0900114516
 123.  17.        0.2886410359       -0.0787828459
 123.  18.        0.1027112208        0.2309631749
 123.  19.       -0.4381456838        0.1046416130
 123.  20.        0.0601476889        0.2012771238
 123.  21.       -0.1234233545        0.1844516375
 123.  22.        0.4227600014        0.0705232307
 123.  23.        0.3469484951        0.1534786180
 123.  24.        0.1854359379        0.1286317775
 123.  25.       -0.3026946119       -0.2067054270
 123.  26.        0.2581533486        0.0057348432
 123.  27.        0.1849741928        0.1004566373
 123.  28.        0.1220258832        0.2406409003
 123.  29.        0.1744359286       -0.0851356397
 123.  30.       -0.0029406202        0.0742654233
 123.  31.       -0.2739321635       -0.1428339216
 123.  32.       -0.0579900941        0.0218639858
 123.  33.       -0.4130456142        0.0987226751
 123.  34.       -0.4527959124       -0.3126617896
 123.  35.       -0.0319706708       -0.4643097599
 123.  36.       -0.1525925020       -0.4582405511
 123.  37.        0.2337610015        0.7601832399
 123.  38.        0.1785743439       -0.0276541803
 123.  39.        0.1565807265       -0.4066802832
 123.  40.       -0.0208928146        0.0163418232
 123.  41.        0.3703727718        0.6077692943
 123.  42.        0.4008019521       -0.5074299536
 123.  43.        0.0169483301        0.0216383104
 123.  44.       -0.1114034118        0.5437419075
 123.  45.       -0.0460730496        0.0838620083
 123.  46.       -0.1832158427       -0.0231202460
 123.  47.        0.4092635465        0.0952123270
 123.  48.        0.3526003659        0.2640772217
 123.  49.       -0.1048725037       -0.3428212770
 123.  50.       -0.0831638081        0.0221314919
 123.  51.       -0.1020311078       -0.2573021987
 123.  52.        0.0775137322       -0.2240004644
 123.  53.        0.2441843697       -0.3624588400
 123.  54.       -0.4170111810       -0.2151471194
 123.  55.       -0.4576994174        0.0146194493
 123.  56.        0.0243742998        0.1380786761
 123.  57.        0.0375196204       -0.1432386583
 123.  58.       -0.1028347349       -0.0303084604
 123.  59.        0.2642572529       -0.1849980800
 123.  60.        0.0311026582       -0.0266079870
 123.  61.        0.0085183715        0.3630133608
 123.  62.        0.3501138440        0.1081310517
 123.  63.        0.1111240637       -0.1861211533
 123.  64.       -0.1424057926       -0.0407616753
 123.  65.        0.0981439548       -0.2423911221
 123.  66.       -0.1001449665       -0.3048838553
 123.  67.       -0.3469410743       -0.4908713553
 123.  68.        0.2506738743        0.0625689544
 123.  69.       -0.2635486991       -0.0964988829
 123.  70.        0.2912061098        0.0564571203
 123.  71.        0.0498684996        0.3768588977
 123.  72.        0.2864227624        0.0994931760
 123.  73.        0.0512655358        0.6086078923
 123.  74.        0.0020864776       -0.0827480098
 123.  75.       -0.2251137655        0.1461038366
 123.  76.        0.2361849239       -0.0835757423
 123.  77.        0.4509475288        0.1786014182
 123.  78.       -0.5378268448        0.0958403605
 123.  79.        0.1867503289        0.0563227224
 123.  80.        0.0046674057        0.2182997645
 123.  81.       -0.1041560875       -0.2089898379
 123.  82.        0.2993723439       -0.2398214599
 123.  83.        0.0482401989        0.0916279750
 123.  84.       -0.2168332953       -0.0207772670
 123.  85.       -0.4204170995        0.4412756425
 123.  86.        0.0932659832        0.4233770284
 123.  87.       -0.0324650803       -0.5346463412
 123.  88.        0.1432249440        0.5732546889
 123.  89.        0.1679836166        0.1512551293
 123.  90.        0.0741320100       -0.0290450805
 123.  91.       -0.2392923064        0.4382752669
 123.  92.        0.1410106355        0.3769716650
 123.  93.        0.3909661653        0.4352581860
 123.  94.        0.3269712947       -0.2362558110
 123.  95.        0.0434590968        0.4486065122
 123.  96.        0.0553270403       -0.3790305916
 123.  97.        0.0105834800        0.2895781721
 123.  98.        0.1098163452       -0.1293704113
 123.  99.        0.1267094778       -0.9230057376
 123. 100.       -0.3423080601        0.0025070728
 123. 101.       -0.1493586817        0.0506579865
 123. 102.        0.0871565572       -0.2750415680
 123. 103.       -0.0586480737        0.1736413260
 123. 104.        0.2160472708        0.0044555080
 123. 105.        0.2253128627        0.0635948032
 123. 106.       -0.4909047908       -0.0859565903
 123. 107.       -0.1531422517        0.0742325149
 123. 108.        0.0160745623        0.6715801834
 123. 109.       -0.2744684131       -0.4149346538
 123. 110.        0.7872395176       -0.3292055605
 123. 111.       -0.1621977951        0.4520514884
 123. 112.       -0.6485523364        0.4534262379
 123. 113.        0.0135287608       -0.1619688879
 123. 114.        0.0423796918        0.2855743509
 123. 115.        0.0455894888       -0.3838823431
 123. 116.        0.2449082740        0.4470112510
 123. 117.       -0.4469589402        0.2594569753
 123. 118.       -0.2466989849        0.3082553570
 123. 119.       -0.1647538137        0.0243587523
 123. 120.       -0.4029979248       -0.2650246181
 123. 121.       -0.0557683985       -0.0717811087
 123. 122.        0.0046720091       -0.3717975233
 123. 123.       -0.3798481624        0.1004503632
 124.   0.        0.2990899681        0.0000000000
 124.   1.       -0.0258559054        0.4526731670
 124.   2.       -0.2788051627        0.0500739147
 124.   3.        0.2151712724        0.2152508422
 124.   4.       -0.0947717863        0.5828420858
 124.   5.        0.0019118834       -0.0737425863
 124.   6.       -0.1681922441       -0.4212788321
 124.   7.        0.1274272488        0.2116038049
 124.   8.       -0.4374832933        0.0872921539
 124.   9.       -0.1112076599        0.2696104033
 124.  10.        0.2011366039        0.0199957651
 124.  11.       -0.1352730951       -0.0275561141
 124.  12.       -0.3215803101       -0.0045208371
 124.  13.       -0.0073737692        0.2868397832
 124.  14.        0.0390473219        0.1080964077
 124.  15.       -0.4224816526        0.0209988415
 124.  16.       -0.0651144097        0.2744921363
 124.  17.       -0.1883707262       -0.1015651294
 124.  18.       -0.0850095560       -0.1181479350
 124.  19.       -0.3976402435       -0.2107440107
 124.  20.       -0.1513738062       -0.4490976946
 124.  21.       -0.3736119867       -0.2091241714
 124.  22.        0.1159201401       -0.1132857578
 124.  23.        0.1128037607        0.1968340964
 124.  24.       -0.1758017366        0.0840797913
 124.  25.       -0.0240314231       -0.0321233991
 124.  26.       -0.3978479343       -0.0303149360
 124.  27.        0.2066858407       -0.0962992643
 124.  28.        0.1937704116        0.2129066565
 124.  29.       -0.3181722377       -0.0319285717
 124.  30.        0.0924361885       -0.1897945513
 124.  31.        0.0472688313       -0.1168023117
 124.  32.       -0.0555836507        0.1573044735
 124.  33.        0.0612010897        0.2884186901
 124.  34.        0.3296553233        0.0765805804
 124.  35.        0.1521246925       -0.0487564071
 124.  36.        0.2141144169       -0.0089339138
 124.  37.       -0.1987431909       -0.1477347765
 124.  38.        0.0347160648       -0.1479452068
 124.  39.       -0.3869964718       -0.1656739815
 124.  40.       -0.0765257404       -0.0013231387
 124.  41.        0.0974839058        0.1534443595
 124.  42.        0.0838680631        0.8487045089
 124.  43.       -0.1615287565       -0.0869061141
 124.  44.        0.6054562683       -0.2419434897
 124.  45.        0.1981845804       -0.3761274044
 124.  46.       -0.0261727463       -0.2671757306
 124.  47.        0.0598982584       -0.0253918467
 124.  48.        0.0901231953        0.0292725344
 124.  49.       -0.0070886343        0.1074297898
 124.  50.        0.2137936283       -0.1223046746
 124.  51.        0.3003617856       -0.0176142155
 124.  52.        0.0069718949       -0.3178192355
 124.  53.       -0.0506529117        0.2289347984
 124.  54.        0.0567513663       -0.1358312130
 124.  55.        0.4240819376        0.4087095084
 124.  56.        0.1693686795       -0.0135418030
 124.  57.       -0.0347961136        0.1356035636
 124.  58.        0.1147808335        0.2445166937
 124.  59.       -0.1058612465        0.1148037485
 124.  60.        0.5960130002        0.2085851102
 124.  61.       -0.0407182093       -0.0806487258
 124.  62.       -0.0136304373       -0.0927363911
 124.  63.        0.3689712122       -0.4678391340
 124.  64.        0.1240102584        0.1171564079
 124.  65.        0.5212412336        0.0272520948
 124.  66.       -0.3231258766       -0.1511135009
 124.  67.       -0.0237834640       -0.3672334091
 124.  68.       -0.0507690146       -0.1428769015
 124.  69.       -0.0845946116        0.2591901125
 124.  70.       -0.1790893665       -0.1686556726
 124.  71.       -0.3686431540        0.0545664485
 124.  72.       -0.4607569185       -0.2839009800
 124.  73.       -0.0025116064        0.1960105148
 124.  74.        0.5859329070       -0.0061326588
 124.  75.       -0.1114851884        0.3772258794
 124.  76.       -0.4609298732        0.2390298394
 124.  77.        0.0093004271        0.4210391447
 124.  78.        0.3562368555        0.1141582364
 124.  79.       -0.6104219116       -0.6070071292
 124.  80.       -0.1192817308       -0.2415476454
 124.  81.        0.3039685506        0.0426697529
 124.  82.        0.0074989279       -0.2337506954
 124.  83.        0.1950744746        0.0851561977
 124.  84.        0.1626496304       -0.3845574343
 124.  85.        0.2700648839       -0.1803389557
 124.  86.       -0.1800632167       -0.4731901741
 124.  87.       -0.0442758539        0.5617878818
 124.  88.       -0.1411158504       -0.2858165902
 124.  89.        0.0840202802        0.1546545446
 124.  90.       -0.3743946706        0.1875599796
 124.  91.        0.2171048219       -0.4161578855
 124.  92.        0.0224296505        0.1664884778
 124.  93.       -0.2156283823       -0.0712906907
 124.  94.        0.4175312418        0.3488392885
 124.  95.       -0.2228572000       -0.4089567045
 124.  96.        0.1478289721        0.0794700168
 124.  97.       -0.0267399547       -0.2963346944
 124.  98.       -0.2540437601       -0.1592505220
 124.  99.        0.2665264473        0.7832020650
 124. 100.        0.2876588171       -0.1772238346
 124. 101.       -0.2877912074       -0.0346786526
 124. 102.       -0.2433330191        0.2202598478
 124. 103.       -0.3059972691        0.1091756964
 124. 104.       -0.4940220728       -0.2175193412
 124. 105.        0.1487128203        0.4235525553
 124. 106.       -0.2969458850        0.5780931841
 124. 107.        0.2866154650        0.2716290563
 124. 108.        0.1626257142       -0.1908544200
 124. 109.       -0.0807549480       -0.0526611801
 124. 110.        0.0839709587       -0.1100208527
 124. 111.        0.4168031355       -0.3669972526
 124. 112.       -0.2206398698       -0.3980487976
 124. 113.       -0.0526977036       -0.0705432052
 124. 114.       -0.0701301131       -0.1344909341
 124. 115.       -0.0570329548        0.0395490620
 124. 116.        0.2574607754       -0.1827316166
 124. 117.        0.0625619426        0.3486119163
 124. 118.        0.1292162879        0.2924153532
 124. 119.       -0.4167059804       -0.1607441432
 124. 120.        0.1452486372       -0.2680874413
 124. 121.        0.1766739527       -0.0334250828
 124. 122.       -0.4351946934       -0.1137185262
 124. 123.       -0.0968124692       -0.2729369141
 124. 124.       -0.3297698302        0.0348165714
 125.   0.        0.0469465197        0.0000000000
 125.   1.       -0.1736622776       -0.1102038699
 125.   2.        0.3070349455        0.2152377187
 125.   3.        0.1648939473       -0.0270951185
 125.   4.       -0.0279715961        0.0397806035
 125.   5.       -0.3486077312        0.1487502897
 125.   6.       -0.0507011881        0.2374506586
 125.   7.        0.3193105876        0.0974862231
 125.   8.       -0.0564136953       -0.2691506915
 125.   9.       -0.0693018701       -0.0844570592
 125.  10.       -0.0034789310        0.0440692488
 125.  11.        0.2992327876       -0.0529552961
 125.  12.        0.1556468776       -0.2973565442
 125.  13.       -0.5268197114       -0.1220621822
 125.  14.       -0.1883476567        0.1139702615
 125.  15.        0.0156010642        0.1256426464
 125.  16.       -0.1336802640        0.1755027166
 125.  17.       -0.1785129113       -0.2804946152
 125.  18.       -0.2555281238       -0.0409340425
 125.  19.        0.3360776867       -0.0262258752
 125.  20.       -0.2210059896       -0.2227191486
 125.  21.       -0.1542025797       -0.4728477878
 125.  22.        0.0372636162        0.1971817077
 125.  23.       -0.2361112554        0.0242137249
 125.  24.       -0.0269975253        0.0712205641
 125.  25.        0.7169127495        0.1085436967
 125.  26.       -0.1679235357       -0.2700870981
 125.  27.        0.0194312831       -0.0265014164
 125.  28.        0.0394870077       -0.1292044287
 125.  29.       -0.1860573113        0.3204229320
 125.  30.        0.1275323889       -0.0505672212
 125.  31.        0.0067209664        0.2527808934
 125.  32.        0.0395092456       -0.2467501233
 125.  33.        0.2806406479       -0.0471732113
 125.  34.        0.1662811398       -0.0968867291
 125.  35.       -0.1957218771        0.0419640211
 125.  36.       -0.1278379406        0.2028784082
 125.  37.        0.0361042818       -0.1083788319
 125.  38.        0.2278875154       -0.0665527917
 125.  39.       -0.0248132412        0.3856995290
 125.  40.        0.1173976644       -0.1244437157
 125.  41.       -0.1188022490       -0.4648995655
 125.  42.       -0.4409319462        0.0971997418
 125.  43.       -0.2928309441       -0.1936764530
 125.  44.        0.2265689701       -0.1675253363
 125.  45.        0.4504033543       -0.0488862284
 125.  46.       -0.1289696970       -0.0222919987
 125.  47.        0.1442387357       -0.1695562305
 125.  48.       -0.0732762546        0.3923721657
 125.  49.        0.4396929321       -0.0194365105
 125.  50.        0.2530791945        0.1487498243
 125.  51.       -0.1612995715       -0.0212406782
 125.  52.       -0.0838109941        0.0159910491
 125.  53.       -0.1378019057        0.1832279252
 125.  54.        0.1769540894        0.1656439722
 125.  55.       -0.0910990684        0.2492818377
 125.  56.        0.3676695674        0.1789015012
 125.  57.        0.0205258231       -0.0639856891
 125.  58.       -0.1469574534       -0.0349055774
 125.  59.       -0.0527161164       -0.0913939224
 125.  60.       -0.3327079271       -0.3507796436
 125.  61.       -0.6287115091        0.1557389546
 125.  62.        0.1671312033       -0.0801483653
 125.  63.        0.1302553586        0.5621100747
 125.  64.       -0.0800730995        0.0091836111
 125.  65.        0.1701670775       -0.1051465689
 125.  66.        0.2516729615        0.0716847126
 125.  67.       -0.0465398339        0.1946552660
 125.  68.       -0.1667845913        0.1530077922
 125.  69.        0.1274481891       -0.1978579383
 125.  70.       -0.2072777458       -0.1062534331
 125.  71.        0.1955410905       -0.1903510272
 125.  72.        0.5379357527        0.2503195983
 125.  73.        0.1725483887       -0.2409754358
 125.  74.       -0.1029163789       -0.2197893066
 125.  75.        0.1463011083        0.0781526882
 125.  76.        0.0953107454        0.3042175111
 125.  77.       -0.0219956836       -0.3675818374
 125.  78.        0.1567403475        0.1711470767
 125.  79.       -0.2398650336       -0.0390688057
 125.  80.        0.2056754960       -0.1296934569
 125.  81.        0.1656876842        0.0070399854
 125.  82.        0.1623303526        0.1506448080
 125.  83.        0.6500565720       -0.1001794335
 125.  84.        0.0926041131       -0.3277785527
 125.  85.        0.1816874826        0.1838240585
 125.  86.        0.0128777801       -0.3348865952
 125.  87.        0.1243019653        0.0204938458
 125.  88.        0.2528468571        0.3336637877
 125.  89.        0.2401572092        0.0590799673
 125.  90.        0.2756500376       -0.3283103780
 125.  91.        0.0357171915        0.0949154180
 125.  92.        0.0809975320       -0.1833174018
 125.  93.       -0.0613723535        0.1588889547
 125.  94.        0.2122258819       -0.0461621470
 125.  95.        0.4947925314       -0.7282648010
 125.  96.        0.0022914229       -0.1423290141
 125.  97.        0.1161068871        0.0344605006
 125.  98.        0.0299019239       -0.0361537264
 125.  99.       -0.5100153133       -0.1972578426
 125. 100.       -0.0331255641       -0.3126885237
 125. 101.        0.0858396148       -0.5383763910
 125. 102.       -0.0060322901       -0.3413652195
 125. 103.       -0.0531411617        0.0540074605
 125. 104.        0.3083974626        0.1024456933
 125. 105.       -0.3942888704       -0.1277685043
 125. 106.       -0.0876862328        0.1522523891
 125. 107.       -0.7063700186        0.1690205760
 125. 108.       -0.0578583189        0.1725091439
 125. 109.       -0.3247326774        0.6768850117
 125. 110.        0.0814405351       -0.3200881654
 125. 111.        0.0765710490       -0.1461630641
 125. 112.       -0.0879711784       -0.3794267521
 125. 113.        0.1831913202        0.1149631090
 125. 114.        0.0310173460       -0.2739965794
 125. 115.        0.1350057133       -0.4746933721
 125. 116.        0.2640014131       -0.1895663734
 125. 117.       -0.2068012818        0.0308749663
 125. 118.       -0.0713899535       -0.1222226895
 125. 119.        0.5886166882       -0.3408115114
 125. 120.        0.2756080437       -0.0636713701
 125. 121.        0.0119227551       -0.4270704378
 125. 122.        0.2436482693       -0.2148470894
 125. 123.       -0.0182475975       -0.3648808463
 125. 124.       -0.0366193394       -0.2356779626
 125. 125.        0.0475935769        0.0587172409
 126.   0.       -0.1467415022        0.0000000000
 126.   1.       -0.0738921686       -0.0055821970
 126.   2.        0.2369767288       -0.1552629231
 126.   3.       -0.2010088287       -0.0475130547
 126.   4.        0.2261947214       -0.6297518222
 126.   5.       -0.0184353069       -0.0515709857
 126.   6.       -0.0611976062        0.3920733399
 126.   7.        0.0346985896        0.0319444314
 126.   8.        0.2485257187        0.2106158249
 126.   9.       -0.0429920970        0.0320966258
 126.  10.       -0.2303562902        0.1371429944
 126.  11.        0.0488218605       -0.0680901716
 126.  12.        0.2557150007       -0.0855654739
 126.  13.        0.0823824308       -0.0410918579
 126.  14.        0.0791696139       -0.2066173783
 126.  15.        0.1306824116        0.1134672731
 126.  16.        0.3173561753       -0.1052031418
 126.  17.        0.1093719033       -0.1693732317
 126.  18.       -0.1729690796        0.1067089025
 126.  19.        0.4695067696        0.2387903709
 126.  20.        0.3735676463        0.1788914726
 126.  21.        0.5206186862        0.1456926459
 126.  22.        0.0689721864       -0.0188266309
 126.  23.       -0.0363851782       -0.0237444780
 126.  24.       -0.2162538578        0.0438796654
 126.  25.        0.3525542682        0.1823745498
 126.  26.        0.4096333951        0.1162017483
 126.  27.        0.1896019891        0.1713224182
 126.  28.       -0.1861995998       -0.1377371017
 126.  29.       -0.1099868746       -0.2855938360
 126.  30.       -0.4021881644        0.5037862600
 126.  31.       -0.1647862747        0.3211957109
 126.  32.       -0.0190974146        0.0488472141
 126.  33.        0.0162773397       -0.0371779762
 126.  34.        0.2804585653       -0.3658357831
 126.  35.       -0.1909211032        0.0915207419
 126.  36.        0.1906485680        0.1513161768
 126.  37.       -0.0905928101        0.2598319379
 126.  38.        0.0194678067       -0.1741856533
 126.  39.        0.4558088449        0.2195027576
 126.  40.        0.0432165363        0.0879406038
 126.  41.        0.0424807251       -0.2258281204
 126.  42.        0.1132831634       -0.4294907736
 126.  43.        0.1175086037       -0.1465911181
 126.  44.       -0.3312081025        0.1902019909
 126.  45.        0.1862484491        0.1691429039
 126.  46.       -0.1732917361        0.2762684430
 126.  47.       -0.1492652870       -0.1490448752
 126.  48.       -0.0329814648        0.2407034151
 126.  49.       -0.1994468323        0.0822742413
 126.  50.        0.1408791678        0.0701993078
 126.  51.       -0.2793617043        0.3788687863
 126.  52.        0.1367922537        0.4586171585
 126.  53.        0.2224002195       -0.5245095281
 126.  54.       -0.0101813935       -0.1054711056
 126.  55.       -0.3354623460       -0.1433448234
 126.  56.        0.1751542990        0.0726368026
 126.  57.       -0.0439619780        0.0716281589
 126.  58.        0.2621221195       -0.3203274967
 126.  59.        0.0643234716        0.2965285398
 126.  60.       -0.5448246398       -0.1234549925
 126.  61.        0.1797700833        0.0234118598
 126.  62.       -0.0915315255        0.3500058650
 126.  63.        0.1281422091        0.5731069410
 126.  64.        0.1938153750        0.1976014169
 126.  65.       -0.3246519755        0.0186208760
 126.  66.        0.5414093599        0.5182215689
 126.  67.       -0.2280361521        0.0130446642
 126.  68.       -0.2665151909        0.2574687053
 126.  69.        0.0137722685        0.1405831317
 126.  70.       -0.3890828639        0.1763152761
 126.  71.        0.0229774207        0.3683296655
 126.  72.       -0.1520665613        0.0567590804
 126.  73.       -0.0218640002        0.1444138393
 126.  74.        0.0234327983        0.2395917724
 126.  75.        0.1708781971       -0.0741859142
 126.  76.       -0.0953919750        0.3443749033
 126.  77.        0.2085042387        0.2798868053
 126.  78.       -0.2623664526       -0.2672031164
 126.  79.       -0.4785512807        0.0359875464
 126.  80.        0.0053220912        0.2517881203
 126.  81.        0.3423895528        0.1668757520
 126.  82.        0.0826550277       -0.2191769365
 126.  83.        0.0903678095        0.5498692884
 126.  84.       -0.1510177332        0.4727851067
 126.  85.        0.2477902590        0.0402953360
 126.  86.        0.2108564145       -0.1193864437
 126.  87.        0.0169096775       -0.1320581693
 126.  88.       -0.2244359889       -0.0231786262
 126.  89.       -0.0912023849        0.1362971940
 126.  90.        0.0905502583        0.3586265745
 126.  91.       -0.4182572961        0.3522464930
 126.  92.        0.2786486294       -0.0016010508
 126.  93.       -0.6684825418       -0.1544782278
 126.  94.       -0.3103082776        0.2916174377
 126.  95.       -0.0421571647        0.5161165169
 126.  96.        0.0569691213        0.3439370022
 126.  97.        0.0861661835       -0.0123662114
 126.  98.       -0.0232087506       -0.1432193648
 126.  99.        0.3077375508        0.3596187011
 126. 100.       -0.4708712894       -0.2264056984
 126. 101.        0.6047795076        0.0511080180
 126. 102.        0.1701765311       -0.0035444356
 126. 103.        0.6371969514        0.1757544205
 126. 104.       -0.1388461995       -0.1060602140
 126. 105.       -0.1157792491       -0.3357674296
 126. 106.       -0.2842941848        0.2019158735
 126. 107.        0.5826711130       -0.3884039835
 126. 108.       -0.0197062654       -0.1591933789
 126. 109.       -0.0094927676        0.4046913382
 126. 110.       -0.1347364406        0.2241133734
 126. 111.        0.2417716004        0.6515143565
 126. 112.        0.2255984164        0.1720829956
 126. 113.        0.5139802885       -0.5517123682
 126. 114.       -0.7689777531       -0.1043117895
 126. 115.       -0.5364520778       -0.4549654705
 126. 116.        0.2830588800        0.1741505772
 126. 117.        0.0413891711        0.3493210160
 126. 118.       -0.3666860713       -0.3224590107
 126. 119.        0.1787774664        0.1120439735
 126. 120.       -0.2807717901        0.2459369771
 126. 121.        0.2066154449        0.0194785453
 126. 122.        0.2542891318        0.2189277395
 126. 123.        0.5271213425        0.1516342148
 126. 124.        0.2643705601        0.5809906635
 126. 125.        0.1443573560        0.6988880006
 126. 126.       -0.3246243152       -0.0909286814
 127.   0.        0.3674100166        0.0000000000
 127.   1.        0.0146176913       -0.2691710604
 127.   2.       -0.2702374525       -0.4652282397
 127.   3.       -0.0781585230        0.0042541352
 127.   4.        0.0940744984        0.2279175094
 127.   5.        0.1429806056       -0.0824285114
 127.   6.        0.1359959815       -0.2084356723
 127.   7.       -0.1606966530       -0.0001994818
 127.   8.       -0.1345356985        0.2152266468
 127.   9.        0.0522272279        0.1162994999
 127.  10.        0.2322631528        0.0037355103
 127.  11.       -0.2457207405       -0.2705192759
 127.  12.        0.3288070258        0.3091053703
 127.  13.        0.5646429420        0.0572584980
 127.  14.        0.3826274377       -0.0076144958
 127.  15.       -0.1396650828        0.2098956567
 127.  16.       -0.1762876062       -0.0449750685
 127.  17.       -0.1888148767        0.1450008926
 127.  18.       -0.0836503673        0.0060385541
 127.  19.       -0.1439052379       -0.0863986729
 127.  20.       -0.1394958594       -0.0332133302
 127.  21.        0.0117805266        0.3132092813
 127.  22.       -0.4233061236       -0.4108448948
 127.  23.        0.0214613037        0.0014237329
 127.  24.       -0.1377937778        0.1697288810
 127.  25.       -0.3950545342        0.1860918082
 127.  26.       -0.0824006279        0.3271531028
 127.  27.       -0.0954202740        0.0110329518
 127.  28.       -0.1274737131       -0.0835893214
 127.  29.        0.2273277650       -0.3965046655
 127.  30.       -0.1983237939       -0.1231853131
 127.  31.       -0.2485559708        0.1500275896
 127.  32.       -0.3159226627        0.2212640225
 127.  33.       -0.0857305002        0.1239606754
 127.  34.        0.0736472552        0.3779708379
 127.  35.        0.6860734941        0.3956340897
 127.  36.        0.2925505064        0.0053777809
 127.  37.       -0.1411719505       -0.3871176984
 127.  38.       -0.4095571981       -0.3115625549
 127.  39.        0.1556189374       -0.0174160496
 127.  40.        0.0153956729        0.1161578359
 127.  41.       -0.1736086783        0.1625395143
 127.  42.        0.1673386542        0.3070286261
 127.  43.        0.3344744956        0.1394987226
 127.  44.       -0.2353894070       -0.4936190749
 127.  45.       -0.2012430205       -0.2081586033
 127.  46.       -0.0580202821        0.0331929878
 127.  47.       -0.0302220245        0.0680939055
 127.  48.        0.0380830469       -0.4412096605
 127.  49.       -0.3891258033       -0.0243565282
 127.  50.        0.3837176597        0.1241911826
 127.  51.        0.1870111216        0.2599102506
 127.  52.        0.0533884663       -0.0813805702
 127.  53.       -0.1976279954       -0.0776430125
 127.  54.        0.0294845345        0.1008769404
 127.  55.       -0.0828951512       -0.1189561456
 127.  56.        0.1250739292        0.0938352611
 127.  57.        0.0317199643        0.1236979604
 127.  58.        0.1827332387       -0.0837597578
 127.  59.       -0.0176382007        0.1406925687
 127.  60.        0.0049742699        0.3800971561
 127.  61.        0.1630502866       -0.8117009840
 127.  62.       -0.0742446662        0.0721472033
 127.  63.       -0.2636016082        0.1005796499
 127.  64.        0.0595620653        0.0201138605
 127.  65.       -0.1729680876       -0.1669209857
 127.  66.       -0.1496064795       -0.2993161297
 127.  67.        0.0109899519        0.2076749953
 127.  68.        0.1883152943       -0.2714492296
 127.  69.       -0.0397280448       -0.3901424383
 127.  70.       -0.2030272729       -0.1588891476
 127.  71.       -0.3433439802       -0.1093665373
 127.  72.       -0.0105966722       -0.2651531422
 127.  73.        0.1259516484       -0.1582261000
 127.  74.        0.2218554007        0.0728455343
 127.  75.        0.0084197155       -0.3189863796
 127.  76.       -0.1679005290       -0.1053375571
 127.  77.        0.1579512171        0.1175001748
 127.  78.        0.4851251245        0.0454499085
 127.  79.       -0.0579768550       -0.1006190900
 127.  80.        0.1759051582       -0.0540895746
 127.  81.        0.0089106677       -0.3752291959
 127.  82.        0.1396467387       -0.0322505458
 127.  83.       -0.5012837989       -0.3514695117
 127.  84.        0.5280530715        0.1035877455
 127.  85.        0.0540529363        0.0526488404
 127.  86.        0.0966811555        0.3526323721
 127.  87.       -0.1326531823        0.1515378745
 127.  88.       -0.1127120132       -0.0926030364
 127.  89.       -0.0908962025       -0.0617752948
 127.  90.        0.1005651203        0.4400920577
 127.  91.       -0.1515164460       -0.2225671447
 127.  92.       -0.1196273942        0.1730211593
 127.  93.       -0.2708756941        0.1013534872
 127.  94.       -0.2413336335        0.4500088352
 127.  95.       -0.4261967054        0.3582556680
 127.  96.       -0.3572010913       -0.4450961118
 127.  97.       -0.0531387090       -0.0737177802
 127.  98.        0.0157364345       -0.1763416307
 127.  99.       -0.1042580052       -0.2583208262
 127. 100.        0.0864988503       -0.1470086995
 127. 101.       -0.4868418409       -0.2950551065
 127. 102.        0.0357399035        0.1150032727
 127. 103.        0.0927635544        0.3404158657
 127. 104.        0.2832584521        0.1479729149
 127. 105.       -0.1190782322       -0.0297532434
 127. 106.       -0.2852721155        0.1861394638
 127. 107.        0.1685553510       -0.0712650738
 127. 108.        0.1335781952        0.0109469006
 127. 109.        0.0385165024       -0.4000693503
 127. 110.        0.0027454405       -0.6790371562
 127. 111.       -0.6857133093       -0.1147218715
 127. 112.        0.4216364002        0.0995875613
 127. 113.       -0.0555976653        0.1533662497
 127. 114.       -0.0182117860       -0.4589227928
 127. 115.        0.0036840592        0.4397682422
 127. 116.       -0.0121566471       -0.2914350225
 127. 117.        0.2150166800        0.0606700114
 127. 118.        0.4235969361       -0.1467756016
 127. 119.        0.0381738461        0.1241121218
 127. 120.       -0.0662653505        0.3265826954
 127. 121.        0.1790221295        0.5762204404
 127. 122.       -0.0617139981       -0.0053162382
 127. 123.        0.2158832713       -0.1215153172
 127. 124.       -0.1129510816        0.0754644079
 127. 125.        0.0732547566       -0.2547630367
 127. 126.       -0.1125369757       -0.0866496741
 127. 127.        0.3413304152       -0.3343555685
 128.   0.        0.0610553749        0.0000000000
 128.   1.       -0.0428684580       -0.1137748143
 128.   2.       -0.2271992513       -0.0383580857
 128.   3.       -0.2367699107       -0.1100860054
 128.   4.       -0.1069558873        0.3173089639
 128.   5.        0.0244563839       -0.2065634732
 128.   6.        0.0390900344       -0.1164073611
 128.   7.       -0.3214431693       -0.2548997377
 128.   8.        0.0521717964       -0.3421406604
 128.   9.        0.0469323527       -0.1267168977
 128.  10.        0.1479800677       -0.2061454712
 128.  11.        0.1002278631        0.1910533241
 128.  12.       -0.0209287113        0.1819107045
 128.  13.       -0.1337183821        0.0098456361
 128.  14.       -0.1104100103        0.0690887043
 128.  15.        0.2360950342       -0.2981703140
 128.  16.       -0.1477912805       -0.0306348700
 128.  17.        0.2085032332        0.2954740243
 128.  18.        0.3320108918       -0.0116174103
 128.  19.       -0.3872055543       -0.0626228887
 128.  20.       -0.3291679741        0.1719450648
 128.  21.       -0.2019957066       -0.0669466879
 128.  22.       -0.1924179357       -0.0980316914
 128.  23.       -0.2817340774        0.0982771525
 128.  24.        0.2861561560       -0.0581234700
 128.  25.       -0.3796934986        0.1872143829
 128.  26.       -0.1859449066       -0.2556443030
 128.  27.       -0.1636974490       -0.2555565723
 128.  28.        0.1511909396        0.1864537095
 128.  29.        0.3495919316        0.1858597071
 128.  30.        0.1584051998       -0.2490556998
 128.  31.        0.2288425369        0.1588138653
 128.  32.       -0.1244390132       -0.1074097296
 128.  33.        0.0302333539       -0.1328762965
 128.  34.       -0.1845302801        0.2214952299
 128.  35.       -0.0954378373       -0.2543010254
 128.  36.       -0.5327453691        0.1795954471
 128.  37.       -0.0460820468       -0.1128519065
 128.  38.        0.0772119609       -0.1571734682
 128.  39.       -0.0946852982       -0.4965478031
 128.  40.       -0.3818426579        0.0841658705
 128.  41.       -0.2266503470        0.5141636114
 128.  42.        0.0874186477       -0.0117869788
 128.  43.       -0.0336599998        0.0374764740
 128.  44.       -0.1526255808       -0.2274376956
 128.  45.        0.0433155178        0.1349223040
 128.  46.        0.1555755330        0.1099184567
 128.  47.       -0.2360045810        0.0500695678
 128.  48.       -0.1427947885       -0.0501684216
 128.  49.        0.1288725121       -0.0878676117
 128.  50.       -0.1355410727       -0.0033259036
 128.  51.        0.1783031232        0.1558702062
 128.  52.        0.0814768848        0.2705824131
 128.  53.       -0.0259540395        0.5550823136
 128.  54.       -0.0160583987       -0.1466196065
 128.  55.        0.0676592079        0.1216176156
 128.  56.       -0.0752390358       -0.1007739448
 128.  57.       -0.0420981743        0.0102991938
 128.  58.       -0.3064602471        0.2922971952
 128.  59.       -0.0620947193       -0.1586966552
 128.  60.        0.1774461952        0.2240408502
 128.  61.        0.1655495091       -0.1084621140
 128.  62.       -0.0639058776       -0.3206709658
 128.  63.        0.0908602558        0.0896747346
 128.  64.       -0.5183124904       -0.1621492039
 128.  65.       -0.3667178178       -0.0541732130
 128.  66.        0.0972417420       -0.1107406531
 128.  67.        0.1022495932       -0.1005777821
 128.  68.        0.0357073929       -0.1157721294
 128.  69.        0.0490953606       -0.1845996039
 128.  70.        0.3738411191       -0.2036672467
 128.  71.        0.1478669484       -0.2671608859
 128.  72.        0.2987463661        0.4610906024
 128.  73.        0.0765441139       -0.0052967912
 128.  74.        0.5820603985        0.0786894156
 128.  75.        0.4177660631       -0.0570847263
 128.  76.        0.0062690246       -0.0997788167
 128.  77.       -0.1446508681        0.1386384041
 128.  78.       -0.1368637617        0.0147093913
 128.  79.        0.4815508586       -0.0520766113
 128.  80.        0.1922876705       -0.0965743247
 128.  81.       -0.3643178249       -0.4464527034
 128.  82.        0.1164124538        0.6156021091
 128.  83.        0.1946548261        0.3747598783
 128.  84.        0.2801302136        0.6758188986
 128.  85.       -0.2346821476        0.2620556960
 128.  86.       -0.2097196206       -0.0500186269
 128.  87.        0.0590822258        0.2373842058
 128.  88.       -0.2756629945        0.3298573428
 128.  89.        0.0759134947        0.1713352930
 128.  90.        0.4909874568       -0.0051508564
 128.  91.        0.0895027598       -0.0997201969
 128.  92.       -0.2160074498        0.2653227061
 128.  93.       -0.2584948239       -0.0857527026
 128.  94.       -0.1805036187       -0.2375545055
 128.  95.        0.2030270040        0.0427313229
 128.  96.        0.3330558944       -0.2585556180
 128.  97.       -0.3648225933        0.0664453002
 128.  98.        0.2096793870        0.2145973071
 128.  99.       -0.5163319400        0.0515152094
 128. 100.        0.1363766401       -0.1924859242
 128. 101.       -0.4110150234       -0.1861427312
 128. 102.        0.0286384448        0.1005231393
 128. 103.        0.1779650627       -0.3994285450
 128. 104.       -0.5648113098       -0.1730080358
 128. 105.       -0.2631548896       -0.0433222224
 128. 106.        0.0885572282       -0.4873491374
 128. 107.       -0.2056634306       -0.0031211320
 128. 108.       -0.2195402196       -0.3965750262
 128. 109.       -0.2734203997        0.2900809964
 128. 110.       -0.0962739297        0.0415408293
 128. 111.       -0.1422246704       -0.0291308802
 128. 112.        0.0850190186        0.0669001384
 128. 113.        0.0122955007       -0.0059180649
 128. 114.       -0.3332793464       -0.0143849349
 128. 115.        0.1403925661       -0.5036703444
 128. 116.       -0.3644128294        0.1194054027
 128. 117.       -0.1690347294        0.0369860794
 128. 118.       -0.1670359079       -0.0670272589
 128. 119.        0.2490146007       -0.0877944457
 128. 120.        0.0699186561       -0.0253900372
 128. 121.        0.1932428654        0.0911231621
 128. 122.        0.0959680438       -0.0034988519
 128. 123.       -0.4724365110       -0.7238590806
 128. 124.        0.1677630246        0.0731774516
 128. 125.       -0.2856391684       -0.3619328624
 128. 126.       -0.3479995651       -0.3303637844
 128. 127.        0.1813604933       -0.0778779037
 128. 128.       -0.0041075558        0.3778789820
 129.   0.       -0.1133427174        0.0000000000
 129.   1.        0.1754407968        0.1152866941
 129.   2.        0.0089072372        0.5551286450
 129.   3.       -0.1847203870        0.0921647944
 129.   4.        0.0011665489       -0.1534710285
 129.   5.        0.1182133548       -0.0129454316
 129.   6.       -0.1189062872        0.2286323205
 129.   7.       -0.0170090803       -0.3457788958
 129.   8.        0.2001107745       -0.1311721150
 129.   9.        0.0605525313       -0.1954462745
 129.  10.       -0.1196940209       -0.0300553592
 129.  11.       -0.1609100714        0.2880489982
 129.  12.       -0.4398292656        0.1781681920
 129.  13.       -0.1194416623        0.0863840122
 129.  14.       -0.0559074413        0.0816897883
 129.  15.        0.1639140431       -0.2714053275
 129.  16.        0.2400739229        0.1999915924
 129.  17.        0.0623306428        0.2970347880
 129.  18.        0.4786925603        0.1038773099
 129.  19.        0.0130225807        0.1163739616
 129.  20.        0.0379180505       -0.0113148418
 129.  21.        0.1190035841        0.0579749706
 129.  22.        0.2761486991        0.2547004874
 129.  23.        0.1429650291       -0.0190003555
 129.  24.        0.0372189283       -0.4963196337
 129.  25.       -0.4655375791       -0.3426146797
 129.  26.        0.0356441282       -0.2714707660
 129.  27.        0.0492671944       -0.1251063374
 129.  28.        0.3571934530       -0.0104635992
 129.  29.        0.1116327824        0.3300640385
 129.  30.        0.1284951583        0.1055053662
 129.  31.        0.2526515033       -0.1175234704
 129.  32.       -0.0423820618       -0.0216618086
 129.  33.       -0.4868101594       -0.3627377766
 129.  34.       -0.0307283936       -0.1410643060
 129.  35.       -0.3790946269       -0.4359479434
 129.  36.       -0.1429411824       -0.0733557611
 129.  37.        0.1846476643       -0.1674715069
 129.  38.        0.2144187478        0.0770314005
 129.  39.        0.1198809997        0.0345646450
 129.  40.       -0.4095320382        0.1467591761
 129.  41.       -0.2802342110        0.6636039688
 129.  42.       -0.0937885170       -0.1266216794
 129.  43.       -0.1181828459        0.2840884032
 129.  44.        0.0674461801        0.6244844386
 129.  45.        0.0242056465       -0.0673077132
 129.  46.       -0.0056387440        0.1231163145
 129.  47.       -0.3113644412        0.1243751019
 129.  48.       -0.0086101395        0.3349658234
 129.  49.        0.3237794531       -0.0240096062
 129.  50.       -0.1914902433       -0.4071375032
 129.  51.       -0.1563784647       -0.1631713564
 129.  52.       -0.2929513230        0.2857660234
 129.  53.        0.1350696171        0.1587355174
 129.  54.        0.0611106183        0.2663617184
 129.  55.       -0.0860429578       -0.0231326471
 129.  56.       -0.0693759798        0.1427359662
 129.  57.       -0.1430774791        0.3509698040
 129.  58.        0.0044745099        0.0381091313
 129.  59.       -0.1739218912        0.2730106534
 129.  60.        0.3964349077        0.1225301178
 129.  61.       -0.0128691052        0.3922257535
 129.  62.        0.4305434962        0.3865939030
 129.  63.        0.2022489465       -0.2076462519
 129.  64.        0.0388043924        0.2009476033
 129.  65.       -0.3227091079       -0.0439765326
 129.  66.        0.0869002408        0.1909652880
 129.  67.       -0.1824545854       -0.2241467739
 129.  68.       -0.1207522592       -0.0906371070
 129.  69.       -0.0798377333        0.2587572826
 129.  70.       -0.3799856393       -0.1563704693
 129.  71.        0.4929356644       -0.1370789583
 129.  72.       -0.0321735463       -0.4482609708
 129.  73.       -0.1296768888       -0.1190826518
 129.  74.       -0.0775148252       -0.0374359489
 129.  75.        0.0344259782        0.1748722703
 129.  76.        0.0354559626       -0.0906626843
 129.  77.       -0.0005303474        0.5143825834
 129.  78.       -0.1221990711       -0.2119060985
 129.  79.       -0.3359131828        0.1237453204
 129.  80.       -0.2484749904        0.5531383284
 129.  81.       -0.0469680806       -0.0972958472
 129.  82.        0.0281383710        0.1584310214
 129.  83.       -0.0418334939       -0.0964182142
 129.  84.       -0.0264529525        0.5909649014
 129.  85.        0.2048859499        0.4703231993
 129.  86.       -0.2174405853       -0.2688256413
 129.  87.       -0.3855415454       -0.6948205696
 129.  88.       -0.0258490717       -0.3354178091
 129.  89.       -0.4723836104       -0.2528841308
 129.  90.        0.0493955876        0.1249743584
 129.  91.        0.1974421927        0.1623954568
 129.  92.       -0.1792326081        0.2513761770
 129.  93.       -0.0322978683       -0.1958066891
 129.  94.        0.2297315333       -0.1574359200
 129.  95.       -0.0152163186       -0.1792862628
 129.  96.       -0.0070596624        0.2772168434
 129.  97.       -0.1669747925        0.2574287730
 129.  98.        0.5352168946       -0.2167744242
 129.  99.       -0.5760963509        0.4062579109
 129. 100.        0.0221756181        0.3820097076
 129. 101.        0.1241249992        0.1888158874
 129. 102.       -0.0589198024        0.3038721685
 129. 103.        0.2527968251       -0.3847128674
 129. 104.       -0.0009122806        0.4988990127
 129. 105.       -0.1798417187       -0.2756980289
 129. 106.       -0.4174116401        0.2164260492
 129. 107.       -0.2333255767       -0.1944635859
 129. 108.        0.2743880091       -0.1722056189
 129. 109.        0.2074752924       -0.0841940561
 129. 110.       -0.0909075884       -0.0405550071
 129. 111.       -0.2110117179       -0.1353082560
 129. 112.        0.1525546658       -0.3118347183
 129. 113.       -0.1573983357        0.3170275699
 129. 114.       -0.1902145707        0.0309021129
 129. 115.        0.2084572485        0.2224985926
 129. 116.        0.2288463513       -0.4836746568
 129. 117.       -0.4101491871       -0.3341796038
 129. 118.       -0.2385402618       -0.0847720623
 129. 119.        0.2552273054       -0.0427509551
 129. 120.       -0.5963717402       -0.0010155331
 129. 121.       -0.2512625425       -0.1033985277
 129. 122.       -0.2579733445        0.4063260407
 129. 123.        0.1165872725       -0.2709601002
 129. 124.       -0.2830135009        0.2330306083
 129. 125.       -0.6194138090        0.2891033290
 129. 126.        0.2197441069        0.1011542403
 129. 127.       -0.3977322097        0.0078551732
 129. 128.       -0.0741408137        0.0123005782
 129. 129.       -0.3183071340       -0.3194543543
 130.   0.       -0.2963581271        0.0000000000
 130.   1.       -0.1660711423       -0.0038999692
 130.   2.        0.1426285872        0.1288178034
 130.   3.        0.3990781540        0.0584267546
 130.   4.        0.0451662195        0.0113822049
 130.   5.       -0.2128616365        0.4234778365
 130.   6.        0.3323838200        0.0594663916
 130.   7.        0.1518333280        0.0677333785
 130.   8.       -0.1889945025        0.2037406908
 130.   9.        0.0401345205        0.0210514521
 130.  10.        0.0887967601        0.1385976000
 130.  11.       -0.0713356716       -0.2966544262
 130.  12.       -0.2165938901       -0.3210632334
 130.  13.        0.0519886770       -0.2271706028
 130.  14.       -0.0771283788        0.3745953742
 130.  15.       -0.1772195461        0.1105462830
 130.  16.       -0.1243436341       -0.0955204319
 130.  17.       -0.3055722826        0.1580467096
 130.  18.       -0.2893671553        0.2249966541
 130.  19.        0.1888390226        0.2585599805
 130.  20.        0.2503571057       -0.3098540229
 130.  21.       -0.0522015819       -0.0983840688
 130.  22.        0.1426353319       -0.0655950055
 130.  23.        0.3410586502       -0.0752425152
 130.  24.       -0.1471806919       -0.0475707670
 130.  25.       -0.0320450724       -0.3076238495
 130.  26.        0.0343063666        0.2816878207
 130.  27.       -0.0951907385        0.2677292497
 130.  28.       -0.1612113334       -0.1355348274
 130.  29.       -0.3737719777       -0.2357161164
 130.  30.       -0.2033186532        0.0135672378
 130.  31.       -0.0716714726        0.1234228271
 130.  32.        0.3799779961        0.2954128032
 130.  33.       -0.2677322319       -0.1507805051
 130.  34.       -0.3024049123       -0.1482044525
 130.  35.        0.0063270751        0.4172683899
 130.  36.        0.4165400087       -0.1049429513
 130.  37.        0.0905564084       -0.2822909003
 130.  38.        0.2161955309        0.1182511146
 130.  39.        0.0178670705        0.1143275042
 130.  40.        0.2389722967        0.2400467810
 130.  41.       -0.0651499060        0.0695707337
 130.  42.       -0.2002985365        0.0147822466
 130.  43.       -0.2687271275        0.0622498980
 130.  44.        0.2822154082       -0.0920815157
 130.  45.       -0.1802308324       -0.0085557459
 130.  46.        0.0590351645       -0.2642472246
 130.  47.        0.1225926835        0.2846523720
 130.  48.        0.3335636707       -0.1536052564
 130.  49.        0.0051835404       -0.0282103503
 130.  50.        0.4566430677       -0.1918111333
 130.  51.       -0.1375069387       -0.1934797720
 130.  52.       -0.2119319624       -0.1187851814
 130.  53.       -0.0062765151       -0.0972174724
 130.  54.        0.0493576378        0.4126307983
 130.  55.        0.3697177433        0.2674842985
 130.  56.       -0.3980003888       -0.1336857546
 130.  57.        0.0854032451        0.0435017942
 130.  58.        0.0945759943        0.0631455491
 130.  59.       -0.1462304252        0.0881283278
 130.  60.       -0.0700698680        0.1979596383
 130.  61.       -0.2349946225       -0.1004846681
 130.  62.       -0.1241220370       -0.3277260461
 130.  63.       -0.2739832689       -0.0461065141
 130.  64.       -0.1311107800        0.1468636546
 130.  65.       -0.0709609052       -0.1507844520
 130.  66.       -0.2204756757        0.2132113384
 130.  67.       -0.0907655142       -0.0772005744
 130.  68.        0.2200889308       -0.1987670450
 130.  69.        0.1707054518        0.3602942689
 130.  70.        0.2043422256       -0.0127718550
 130.  71.       -0.3349875917        0.0265475207
 130.  72.       -0.1642777093       -0.1242795751
 130.  73.       -0.0823317158        0.0235422313
 130.  74.       -0.4799623765       -0.0970742084
 130.  75.       -0.2004247432        0.3465955936
 130.  76.        0.0722920979        0.2596039263
 130.  77.        0.0991599589        0.0498570365
 130.  78.       -0.0850242158       -0.3935623443
 130.  79.       -0.1012666710       -0.1394846598
 130.  80.       -0.1691249409       -0.4225235757
 130.  81.       -0.4335939351        0.0205026006
 130.  82.        0.0127113760       -0.0373192887
 130.  83.        0.1505646321       -0.1297103553
 130.  84.       -0.1456142264       -0.2971577738
 130.  85.       -0.0730357590        0.0911128367
 130.  86.        0.2592586569        0.3359901086
 130.  87.        0.0750414953        0.0972278554
 130.  88.        0.1243596959       -0.2389320458
 130.  89.       -0.0840032356        0.1309471000
 130.  90.        0.1881988120       -0.3281808535
 130.  91.        0.2569598303        0.1140264302
 130.  92.        0.0753121708        0.0530583276
 130.  93.       -0.1242897527       -0.1389036246
 130.  94.        0.4937395663       -0.2805772193
 130.  95.        0.0321101137       -0.1437174499
 130.  96.       -0.3205280002        0.5912576928
 130.  97.       -0.1774870126       -0.0612507907
 130.  98.        0.0913788895       -0.4087807390
 130.  99.       -0.2689900352       -0.0524855318
 130. 100.       -0.4131009020       -0.4019338518
 130. 101.        0.0006379174        0.0020131444
 130. 102.       -0.1222838143        0.1124409447
 130. 103.       -0.4314628924       -0.1652134634
 130. 104.        0.1774638404       -0.2396712572
 130. 105.       -0.3500650147        0.1709078225
 130. 106.       -0.0076553889        0.2783284098
 130. 107.       -0.1955670631       -0.0935810389
 130. 108.       -0.5135104632        0.1306517035
 130. 109.       -0.5750935651        0.7318322862
 130. 110.        0.0760807525        0.0611024596
 130. 111.       -0.2833798071       -0.1055244178
 130. 112.       -0.5399375083       -0.2620175027
 130. 113.        0.1868592579       -0.0997507021
 130. 114.        0.0060856159       -0.2727034421
 130. 115.       -0.3585342557        0.0825853290
 130. 116.       -0.2256347234        0.0326286674
 130. 117.        0.0572784913       -0.0740950576
 130. 118.        0.0846907815        0.0030162744
 130. 119.        0.1402971255       -0.2227071824
 130. 120.        0.1814101092       -0.4665767382
 130. 121.        0.2444924062        0.2139631659
 130. 122.        0.0601846091       -0.2760562617
 130. 123.       -0.0484463552       -0.3514555130
 130. 124.        0.1591171660       -0.4124263493
 130. 125.       -0.0352223252       -0.1032975806
 130. 126.       -0.0926874910       -0.1340507485
 130. 127.        0.1032851962       -0.5646654575
 130. 128.        0.6235515118        0.1470361825
 130. 129.       -0.2737549623       -0.3152883221
 130. 130.        0.3536299465        0.3333313050
 131.   0.       -0.1366401814        0.0000000000
 131.   1.       -0.2283946232        0.2367532835
 131.   2.        0.1883025047       -0.3158061474
 131.   3.        0.1063322524       -0.3237896364
 131.   4.        0.0596059855       -0.0825331156
 131.   5.       -0.1572463374        0.0627529024
 131.   6.        0.1025031038       -0.0134812258
 131.   7.        0.1185486827        0.2875981517
 131.   8.        0.1251216692        0.0508972463
 131.   9.       -0.2160885753        0.2435965685
 131.  10.       -0.1901124244        0.0415797537
 131.  11.        0.1673590980       -0.2809112476
 131.  12.        0.2142227015       -0.2661345445
 131.  13.       -0.3549043951       -0.0490714407
 131.  14.       -0.3694370931       -0.0455115772
 131.  15.        0.1327181310        0.3012521836
 131.  16.        0.1318997908       -0.3441380682
 131.  17.        0.2744070386       -0.1764045441
 131.  18.       -0.1944826957       -0.1612795975
 131.  19.        0.0026570143       -0.1830221195
 131.  20.        0.0437857497        0.2321686004
 131.  21.       -0.1235547452       -0.1006446158
 131.  22.       -0.0348128314       -0.1608019891
 131.  23.       -0.0600371873       -0.0692876325
 131.  24.        0.0626392306        0.4535284785
 131.  25.        0.4174467276        0.2259575427
 131.  26.       -0.0364851220       -0.1493196234
 131.  27.       -0.2250321505        0.0054788727
 131.  28.       -0.3648235989        0.1521312631
 131.  29.       -0.1235873004        0.1623434460
 131.  30.        0.2507691569        0.0701283850
 131.  31.       -0.0905630683       -0.2285442014
 131.  32.        0.3779602245        0.1267833629
 131.  33.        0.6345343242        0.1881930520
 131.  34.       -0.1637741430       -0.0830947536
 131.  35.       -0.2589261079       -0.1062760137
 131.  36.        0.0158647482        0.0529968212
 131.  37.       -0.2709065549        0.6535487986
 131.  38.        0.4480980370        0.2658653091
 131.  39.       -0.0510390115       -0.1969494910
 131.  40.        0.2312490135       -0.3374003384
 131.  41.        0.3349363034       -0.4283739502
 131.  42.       -0.3929721542        0.1140614884
 131.  43.        0.1268984617       -0.5155043148
 131.  44.       -0.0792966153       -0.2706257519
 131.  45.       -0.0269262467        0.1652597814
 131.  46.        0.1362358436       -0.1330915752
 131.  47.        0.1689371680        0.1045252797
 131.  48.        0.0443990654        0.0764424891
 131.  49.        0.0031695062        0.2916416154
 131.  50.       -0.0653538605        0.3960554348
 131.  51.       -0.0836003270        0.1346843133
 131.  52.        0.5819495251        0.0683233040
 131.  53.       -0.0772878073       -0.0861981861
 131.  54.       -0.0631876797       -0.1859953630
 131.  55.        0.0117326521        0.2661777914
 131.  56.       -0.1474440275        0.1765141683
 131.  57.        0.1967738228       -0.4745822500
 131.  58.        0.1642202470        0.1523843796
 131.  59.        0.1630976940       -0.0539087635
 131.  60.       -0.2195673671       -0.4076263667
 131.  61.       -0.1598901807       -0.2003184454
 131.  62.       -0.0965655101        0.3004416714
 131.  63.       -0.0122096718        0.2576577312
 131.  64.       -0.0697407606       -0.1084198420
 131.  65.        0.1396731176       -0.0382315590
 131.  66.        0.2526857593       -0.2312051294
 131.  67.       -0.0147173777       -0.2558052346
 131.  68.        0.0580721182       -0.1475761408
 131.  69.        0.2092040157       -0.3030046583
 131.  70.        0.2647453163        0.0704804222
 131.  71.       -0.1356757262       -0.0819370599
 131.  72.       -0.0113250476        0.3184163026
 131.  73.       -0.1039578239        0.2128905926
 131.  74.       -0.1635837998       -0.0884649674
 131.  75.        0.1641227867       -0.0316888715
 131.  76.       -0.5772660514        0.2510454440
 131.  77.       -0.1190209481        0.3360331575
 131.  78.        0.3505399185       -0.3113688923
 131.  79.       -0.3485276524       -0.2410074369
 131.  80.        0.1339155150       -0.0288692666
 131.  81.       -0.1460373820        0.2116160452
 131.  82.       -0.2592173146       -0.0230201655
 131.  83.       -0.2859077706        0.3393714724
 131.  84.        0.2243117173       -0.7962495094
 131.  85.        0.0930440276       -0.3666527192
 131.  86.       -0.2892964417       -0.2592155223
 131.  87.       -0.2269765275        0.6958946961
 131.  88.        0.3504487295       -0.0341990844
 131.  89.        0.1293161212       -0.1258419913
 131.  90.       -0.3127556644        0.1372608295
 131.  91.        0.1363074713        0.3678697487
 131.  92.        0.4021270164       -0.0154312088
 131.  93.        0.3536230971        0.0524738750
 131.  94.        0.2032892432       -0.1225609952
 131.  95.        0.7280128135       -0.0166386892
 131.  96.        0.1646931423       -0.4414245010
 131.  97.       -0.0428952178        0.3069465710
 131.  98.        0.2069446395       -0.1497727638
 131.  99.        0.1331061453       -0.4926253283
 131. 100.        0.1982586454        0.0113706997
 131. 101.        0.1218443378        0.0745767660
 131. 102.        0.3497474292       -0.1421594475
 131. 103.        0.3056364393        0.0524042201
 131. 104.        0.3272295973        0.0170014997
 131. 105.        0.1062421951       -0.3109069385
 131. 106.       -0.2737842590       -0.3456546765
 131. 107.       -0.2205885519        0.2227716405
 131. 108.       -0.0346244632        0.1387592769
 131. 109.        0.2376943330       -0.0791191391
 131. 110.       -0.2433937338        0.1435734196
 131. 111.        0.2455546892        0.4892329217
 131. 112.        0.1883397976        0.4021411075
 131. 113.       -0.1310272008       -0.1990432899
 131. 114.        0.0234103836        0.1541895500
 131. 115.        0.1284850231        0.3976534125
 131. 116.       -0.0323139438        0.0410138630
 131. 117.        0.0750162026       -0.3020805771
 131. 118.       -0.1592370665       -0.7466367321
 131. 119.        0.2667979465        0.0773984348
 131. 120.       -0.1425212652        0.1877515518
 131. 121.       -0.2783240806       -0.0768461705
 131. 122.       -0.0079305097        0.1632717538
 131. 123.        0.7092849043       -0.1934417674
 131. 124.        0.3923143363        0.0856173711
 131. 125.       -0.3977767158       -0.0890406197
 131. 126.       -0.2588937116        0.2441255018
 131. 127.       -0.4526091805       -0.2772184827
 131. 128.       -0.1798333209        0.6300616936
 131. 129.       -0.0957315134        0.1767651299
 131. 130.        0.4958356803       -0.2036157322
 131. 131.        0.0677778681        0.7851251678
 132.   0.        0.1907034012        0.0000000000
 132.   1.        0.2556256018        0.0552439576
 132.   2.        0.1765918709        0.2163386928
 132.   3.       -0.0130275662       -0.2433366868
 132.   4.        0.0327160579       -0.1022825950
 132.   5.        0.1391965299       -0.2871518182
 132.   6.       -0.3823616262       -0.0939895857
 132.   7.        0.1211214412        0.1101371935
 132.   8.        0.2545931631       -0.1395833151
 132.   9.       -0.1224456374       -0.3184262213
 132.  10.       -0.1133402886        0.1523608338
 132.  11.       -0.0328572808        0.3172980075
 132.  12.        0.3286889576        0.4297278054
 132.  13.        0.0644351583        0.1627756344
 132.  14.        0.0514774416       -0.3845997789
 132.  15.       -0.0827708273        0.1074548141
 132.  16.        0.3013951278        0.2549371869
 132.  17.        0.3226270287       -0.1272397267
 132.  18.       -0.0267262535       -0.3606849005
 132.  19.       -0.0505653976       -0.3011050887
 132.  20.       -0.2723998658        0.3317100548
 132.  21.       -0.2661238997        0.1884278709
 132.  22.        0.0388141079        0.0583940938
 132.  23.        0.0496892387       -0.0224792236
 132.  24.        0.0666231540       -0.0052303847
 132.  25.        0.2480546565        0.0606515534
 132.  26.        0.0693693491       -0.0047137506
 132.  27.        0.1307062483       -0.1922222038
 132.  28.        0.1279755548       -0.1350995507
 132.  29.       -0.1036320251        0.1925912270
 132.  30.        0.2594996828        0.2112295565
 132.  31.       -0.0981871213       -0.0406656036
 132.  32.       -0.1244333052       -0.2443916614
 132.  33.        0.2818872867        0.0924018558
 132.  34.        0.2235611209        0.4575847206
 132.  35.        0.0638667503       -0.4293779747
 132.  36.       -0.1116556379       -0.2442415177
 132.  37.       -0.0467269147        0.2152833303
 132.  38.       -0.0053450896       -0.0137734609
 132.  39.       -0.0910603495        0.2224069952
 132.  40.       -0.1711511712       -0.0569691064
 132.  41.       -0.0037293152       -0.1881963038
 132.  42.        0.1630383111        0.2045866217
 132.  43.        0.1525950136        0.2005678913
 132.  44.        0.1768473565        0.1065573907
 132.  45.        0.3631727017       -0.0027581371
 132.  46.       -0.0512036542       -0.0216762793
 132.  47.        0.1484258316       -0.0767433562
 132.  48.       -0.2025960216        0.3231390139
 132.  49.        0.0580876562        0.4550358685
 132.  50.       -0.2870954281        0.1642484902
 132.  51.       -0.0841200216        0.0079029701
 132.  52.        0.0732381759        0.1305700314
 132.  53.       -0.0962272761        0.1864779932
 132.  54.       -0.0053411150       -0.1425511630
 132.  55.       -0.0372638162       -0.5748149206
 132.  56.        0.0951753721        0.0747397809
 132.  57.       -0.1940306822        0.1271516541
 132.  58.       -0.2512023743        0.2279688914
 132.  59.        0.0050441447        0.0274715810
 132.  60.        0.3198414041       -0.2507739527
 132.  61.       -0.1434711030       -0.2768079287
 132.  62.        0.2053932131        0.3446537277
 132.  63.        0.3129010337        0.1092064159
 132.  64.        0.4855488249       -0.0437487892
 132.  65.        0.1014919991        0.3159610514
 132.  66.       -0.4116669396       -0.2152897049
 132.  67.       -0.1251784230        0.0988284152
 132.  68.       -0.2664224810        0.2593777577
 132.  69.       -0.2268820142        0.1684197823
 132.  70.       -0.2148154214        0.2595856709
 132.  71.        0.0645432414        0.3466109024
 132.  72.       -0.4253257552        0.0031744329
 132.  73.        0.3278540985       -0.0145389186
 132.  74.        0.3929304685        0.0943910598
 132.  75.        0.0795668259        0.1203756881
 132.  76.       -0.3896290232       -0.1770851132
 132.  77.       -0.0833267897       -0.1586551771
 132.  78.       -0.0545173069        0.4515924123
 132.  79.        0.1682144396       -0.0542666354
 132.  80.        0.3994843798       -0.0505899647
 132.  81.       -0.1080329459        0.0905133450
 132.  82.       -0.0692469174        0.4811553401
 132.  83.       -0.0541744072        0.2267062018
 132.  84.        0.3457832797        0.2357418212
 132.  85.        0.0770984323       -0.2240316328
 132.  86.        0.3187817970       -0.3474902465
 132.  87.        0.0228582934        0.1690302809
 132.  88.       -0.0989002165        0.2427108574
 132.  89.       -0.0994440539        0.4987309020
 132.  90.       -0.2663225696        0.0944305372
 132.  91.        0.2506598443        0.0713923413
 132.  92.       -0.2207440456        0.0375287071
 132.  93.        0.0915509384        0.3360079134
 132.  94.        0.0600238552        0.3434155190
 132.  95.        0.0109180579       -0.3629311243
 132.  96.       -0.2035186785       -0.0812047209
 132.  97.        0.0478017522        0.3210111173
 132.  98.        0.3864873579       -0.0654990794
 132.  99.       -0.0564867013        0.2115040694
 132. 100.        0.3585595971       -0.1752369989
 132. 101.        0.2546828213        0.3570692253
 132. 102.       -0.0424248286        0.3470290383
 132. 103.       -0.1494398864        0.4006864636
 132. 104.       -0.0023125145       -0.0600937401
 132. 105.       -0.0235560533        0.3534025838
 132. 106.        0.2542043888        0.1143884836
 132. 107.       -0.5352797089        0.1050494650
 132. 108.       -0.1244130066       -0.4894870682
 132. 109.        0.1485026878        0.6435609398
 132. 110.       -0.0697056919        0.1821105096
 132. 111.        0.0348741350        0.0129706378
 132. 112.        0.1500776772       -0.1025258955
 132. 113.        0.0586392624       -0.1588439523
 132. 114.        0.4032455896       -0.5711484341
 132. 115.       -0.0062393668       -0.2122846569
 132. 116.       -0.3252208028       -0.1034107544
 132. 117.       -0.2992013349        0.3136490708
 132. 118.        0.1872082768       -0.2481185731
 132. 119.        0.0563897260       -0.4731980264
 132. 120.       -0.2761520903       -0.5319205030
 132. 121.       -0.1113158001       -0.1298651310
 132. 122.        0.3309817366        0.1447901803
 132. 123.       -0.1247345806        0.1491869263
 132. 124.        0.4316089547       -0.1995701191
 132. 125.       -0.1961209470       -0.1036887110
 132. 126.        0.1711393913       -0.0111481027
 132. 127.       -0.3431098377        0.0965099345
 132. 128.       -0.0121956369        0.0026025853
 132. 129.       -0.1232000016        0.0083851997
 132. 130.       -0.3914044482       -0.0355388047
 132. 131.        0.0629310601        0.2396762923
 132. 132.       -0.1088862199        0.3389568687
 133.   0.       -0.0751067247        0.0000000000
 133.   1.        0.1186199174       -0.2978861977
 133.   2.       -0.0762508037        0.2793676412
 133.   3.        0.0534559979        0.2910449024
 133.   4.       -0.1893512470        0.2376412623
 133.   5.        0.0763739025        0.0599923109
 133.   6.        0.1394774889       -0.0805802245
 133.   7.       -0.4136388561       -0.0877510329
 133.   8.        0.0073472324       -0.0319659622
 133.   9.       -0.1058961327       -0.3607280343
 133.  10.        0.0675469025        0.0698126452
 133.  11.        0.0290580056        0.1892889657
 133.  12.       -0.1321341070       -0.0714958113
 133.  13.        0.4865064041       -0.1713847897
 133.  14.        0.2674279000       -0.2235661208
 133.  15.       -0.2340901667       -0.2067531512
 133.  16.       -0.2751333830        0.1291272309
 133.  17.       -0.1245582687        0.0408932863
 133.  18.       -0.3926851876        0.2166762292
 133.  19.       -0.1524130191        0.3076564912
 133.  20.        0.2613715625       -0.1400171211
 133.  21.        0.2314094120       -0.0920011506
 133.  22.        0.0075550578       -0.1798511229
 133.  23.       -0.0118732569       -0.1542184478
 133.  24.       -0.0202079697       -0.2722429910
 133.  25.        0.0739534315       -0.0054752251
 133.  26.        0.1422001161        0.0959306338
 133.  27.       -0.0727534081        0.1378574415
 133.  28.        0.2631664167       -0.0652632709
 133.  29.        0.1087320800        0.0453643019
 133.  30.       -0.1284787487       -0.3346395538
 133.  31.       -0.1394498048        0.0990238056
 133.  32.       -0.2231016990       -0.0845292790
 133.  33.       -0.3546424341       -0.0479021243
 133.  34.       -0.1315822051        0.1200677844
 133.  35.        0.0578697789        0.2008709988
 133.  36.       -0.0020093517        0.1472137837
 133.  37.        0.1262340918       -0.2579485707
 133.  38.       -0.2190303173       -0.0298833531
 133.  39.       -0.0301469902        0.0704688293
 133.  40.        0.0138542452        0.6496361421
 133.  41.        0.1584471248        0.2823513722
 133.  42.        0.3225664596        0.0594447161
 133.  43.       -0.2208762590        0.1672047218
 133.  44.        0.2693609380       -0.1272450900
 133.  45.        0.3141252169        0.0235748674
 133.  46.       -0.0392085115       -0.0217463139
 133.  47.       -0.2329404295       -0.1050864926
 133.  48.       -0.0505541076       -0.0220004257
 133.  49.       -0.2942974832       -0.1231714824
 133.  50.        0.2031815914       -0.1266934207
 133.  51.        0.1312295824       -0.1245236678
 133.  52.       -0.4665590994       -0.3015495159
 133.  53.       -0.1066994504        0.4453822095
 133.  54.       -0.0771006497        0.1249095101
 133.  55.        0.2943136576       -0.5744254733
 133.  56.       -0.1589837244       -0.1631769322
 133.  57.       -0.0826688681        0.1286999824
 133.  58.        0.0937817455       -0.1325612464
 133.  59.       -0.0729811587        0.1073738743
 133.  60.       -0.0163420654        0.0791746650
 133.  61.        0.2155934829        0.0533437448
 133.  62.        0.0571916068       -0.0374287618
 133.  63.       -0.0722961455       -0.3737330490
 133.  64.        0.0341132440        0.0267258344
 133.  65.        0.2627175783       -0.0394714717
 133.  66.       -0.1018802066        0.4246357020
 133.  67.        0.3407614669        0.1508065917
 133.  68.        0.1447044091        0.0200816812
 133.  69.       -0.0145068077       -0.2725329609
 133.  70.        0.0163970278       -0.1403576987
 133.  71.       -0.3204381798        0.0372377575
 133.  72.        0.1300127652       -0.1561052811
 133.  73.       -0.1663748873       -0.2503229473
 133.  74.       -0.1682378306       -0.3354693507
 133.  75.        0.0936435523        0.1797590485
 133.  76.        0.0344351516       -0.3278598072
 133.  77.       -0.1469047647       -0.3964635148
 133.  78.       -0.1293170605       -0.1244827657
 133.  79.        0.0378529826       -0.1860836108
 133.  80.        0.2674690453       -0.1496442832
 133.  81.        0.3626853410        0.1316312897
 133.  82.        0.0439546813        0.4193150075
 133.  83.        0.0499200262       -0.3377986763
 133.  84.        0.1738244061       -0.0192013189
 133.  85.       -0.0133882767        0.4903513920
 133.  86.        0.2880383316        0.2776640311
 133.  87.       -0.1698089585        0.1971889810
 133.  88.       -0.3181501283        0.0339915219
 133.  89.       -0.0941371544       -0.1542406789
 133.  90.       -0.0044388744       -0.0976738034
 133.  91.        0.2227454902       -0.5252532491
 133.  92.       -0.1690880940       -0.0684158061
 133.  93.        0.1152483794       -0.3187081242
 133.  94.       -0.4781484897        0.0195841418
 133.  95.       -0.0913429856        0.1384494284
 133.  96.        0.2173601753        0.1923225331
 133.  97.       -0.3164009012       -0.1151461122
 133.  98.       -0.0584908106        0.1339360888
 133.  99.       -0.0143824629        0.1951903041
 133. 100.        0.2647906326       -0.0139522116
 133. 101.       -0.6280208046       -0.0871764149
 133. 102.        0.1212597279       -0.2337021584
 133. 103.       -0.0579710571        0.3904321941
 133. 104.       -0.1622681964        0.2816662634
 133. 105.        0.4441726153       -0.0169859867
 133. 106.        0.1147451267        0.4898045886
 133. 107.       -0.3014136709       -0.3049911201
 133. 108.        0.1091117233       -0.0012260769
 133. 109.       -0.5882343700       -0.1907338645
 133. 110.        0.0173504326        0.0893671306
 133. 111.        0.0633086262        0.2444746057
 133. 112.       -0.4587456796        0.0553362864
 133. 113.       -0.0292866727        0.2203910152
 133. 114.       -0.1516446584       -0.1600052571
 133. 115.       -0.0311439513       -0.0798129979
 133. 116.        0.1605004537       -0.2712015272
 133. 117.        0.1303644434       -0.0636274852
 133. 118.        0.1957693453        0.0867919785
 133. 119.       -0.2281242521        0.5970493270
 133. 120.        0.3271365105        0.3598381482
 133. 121.        0.2111241242        0.4317078027
 133. 122.        0.1369918784        0.1983756764
 133. 123.        0.5987923188        0.1434689789
 133. 124.       -0.2297403202       -0.1697116821
 133. 125.        0.0480474858        0.2895646137
 133. 126.        0.2036733859        0.1662721002
 133. 127.       -0.5351585705       -0.4007776608
 133. 128.        0.0398370184        0.3601158450
 133. 129.        0.3502020856        0.2907516728
 133. 130.       -0.7081084982       -0.1630833716
 133. 131.        0.5856236005        0.0721420267
 133. 132.       -0.3054910162        0.0339549938
 133. 133.       -0.2206390273        0.2008323608
 134.   0.       -0.2061489752        0.0000000000
 134.   1.       -0.0991302440        0.0166378788
 134.   2.       -0.1081891776       -0.1863356068
 134.   3.       -0.3024734923        0.4040052961
 134.   4.       -0.3459924455        0.1608442574
 134.   5.        0.1039766801        0.0800955777
 134.   6.        0.1470338523        0.1560092600
 134.   7.       -0.0507646757        0.1283408181
 134.   8.        0.0337343524        0.0159585480
 134.   9.        0.0371796487        0.4711014795
 134.  10.        0.0160469679       -0.2540579853
 134.  11.       -0.0515217314       -0.1986159622
 134.  12.       -0.1755688476       -0.0673856644
 134.  13.        0.0768145418        0.1201905419
 134.  14.        0.1136351147       -0.1158153794
 134.  15.        0.0725105028       -0.0275858429
 134.  16.       -0.2913258196       -0.1458511999
 134.  17.       -0.1585846537        0.0270547505
 134.  18.        0.2476787116        0.2419338590
 134.  19.       -0.1169541405       -0.1775448059
 134.  20.        0.0975654138       -0.1693073328
 134.  21.        0.4229768433       -0.0587688000
 134.  22.       -0.0471655025       -0.1713123622
 134.  23.       -0.1135551227       -0.2199608836
 134.  24.       -0.0641390888        0.1499445991
 134.  25.       -0.2814197091        0.0965618849
 134.  26.       -0.0257065500        0.0406238318
 134.  27.        0.0431707096        0.0108900264
 134.  28.        0.2291757508       -0.1217256381
 134.  29.        0.0750141073        0.1288140643
 134.  30.       -0.1434737560       -0.0955305041
 134.  31.       -0.2218216373        0.0661267735
 134.  32.       -0.0154581411        0.4580338253
 134.  33.       -0.0770627184       -0.0366397611
 134.  34.        0.4104455608       -0.1793937946
 134.  35.       -0.2599114414        0.0361039150
 134.  36.       -0.0809213246        0.1604286946
 134.  37.       -0.2188813383        0.3240570436
 134.  38.        0.0913292425       -0.2827436646
 134.  39.        0.1643142200       -0.1384248557
 134.  40.        0.0577133603        0.0054077247
 134.  41.        0.0119671670        0.1756988871
 134.  42.        0.2503112890       -0.1431263667
 134.  43.        0.1623730399       -0.2836556186
 134.  44.       -0.3511505515       -0.0352079231
 134.  45.       -0.0075920634       -0.0812815774
 134.  46.       -0.0561702308        0.1663744409
 134.  47.       -0.2265364356        0.0654892537
 134.  48.        0.0018571042       -0.0451454009
 134.  49.        0.1070165169       -0.2012965127
 134.  50.        0.0448456741       -0.3786070807
 134.  51.        0.2272470060        0.2002483310
 134.  52.       -0.0046777840       -0.0727069933
 134.  53.        0.0833596952       -0.2382646575
 134.  54.       -0.2372863076       -0.1274952755
 134.  55.       -0.1169231333       -0.0513790380
 134.  56.        0.1264709085       -0.1572685980
 134.  57.       -0.0481227021       -0.3702752594
 134.  58.       -0.1209923116        0.1731300009
 134.  59.       -0.1584135405        0.1702305180
 134.  60.       -0.0703490819       -0.0985714828
 134.  61.       -0.1586777076        0.3405996319
 134.  62.       -0.1483374832       -0.0095353804
 134.  63.       -0.0339042104       -0.0337341039
 134.  64.        0.0959076008       -0.4235661288
 134.  65.        0.1257470330       -0.2034358758
 134.  66.        0.3746277099       -0.0472982510
 134.  67.        0.0770369422       -0.1576203805
 134.  68.        0.4639447917        0.0346192723
 134.  69.        0.4050174329       -0.2397759026
 134.  70.        0.0215891379       -0.3382706458
 134.  71.        0.5076246662       -0.0846190651
 134.  72.        0.1801746970        0.3598556037
 134.  73.        0.3043255432        0.3468194116
 134.  74.       -0.1157294725        0.1625627729
 134.  75.       -0.1055717451       -0.0223942496
 134.  76.        0.1108317076        0.2710314660
 134.  77.       -0.2717234355       -0.2020995609
 134.  78.        0.1037367093        0.4205947042
 134.  79.       -0.1438757745       -0.4763639559
 134.  80.       -0.3424128276        0.4774648244
 134.  81.       -0.3035357582       -0.0022293229
 134.  82.        0.3103420650       -0.1109073605
 134.  83.        0.3032328172       -0.2555949781
 134.  84.       -0.2267898590        0.0104054349
 134.  85.        0.2055365273       -0.1194119681
 134.  86.        0.1369782079       -0.0207888798
 134.  87.        0.1383147815        0.1087833301
 134.  88.        0.1724622901       -0.2004012324
 134.  89.       -0.0992759529        0.2050446740
 134.  90.        0.0410123643        0.1627663211
 134.  91.       -0.0532417491       -0.2876950082
 134.  92.        0.1667067276       -0.1579601190
 134.  93.        0.1108408309        0.0043882545
 134.  94.       -0.0576946222        0.2265330526
 134.  95.        0.2371868519       -0.1194346511
 134.  96.       -0.1301292237       -0.1257754194
 134.  97.        0.2532360671       -0.1187605283
 134.  98.        0.0146067266       -0.2519071684
 134.  99.        0.6525182596       -0.3298594225
 134. 100.        0.4632358240       -0.1092762303
 134. 101.        0.1099532231       -0.0562037283
 134. 102.        0.1623458200        0.3866240859
 134. 103.       -0.1900947549        0.2039042434
 134. 104.       -0.4614107953       -0.0943643771
 134. 105.        0.2262922677       -0.5670249914
 134. 106.        0.3142554527       -0.2251283087
 134. 107.       -0.0177609780        0.4461501748
 134. 108.       -0.3218152165        0.4586437549
 134. 109.       -0.2504249756        0.2343138106
 134. 110.        0.0135629557        0.0580141967
 134. 111.        0.3048804823        0.0262246431
 134. 112.       -0.5580086245       -0.0928685745
 134. 113.       -0.2162437782       -0.2018578305
 134. 114.       -0.0183123956       -0.0250691966
 134. 115.       -0.1692064568       -0.4302803322
 134. 116.       -0.9336523894       -0.1283322639
 134. 117.       -0.2012836994        0.0404440780
 134. 118.        0.1238648755        0.0642962971
 134. 119.       -0.3116728599        0.0113210122
 134. 120.       -0.2134140654       -0.2514293273
 134. 121.        0.1286566134        0.3781421181
 134. 122.        0.3167714072       -0.4637724952
 134. 123.       -0.1800314928       -0.4915717423
 134. 124.       -0.1254042739        0.2754182568
 134. 125.       -0.3906428341       -0.0211573542
 134. 126.        0.1987800252        0.0849123227
 134. 127.       -0.1111548005        0.1956366937
 134. 128.        0.4219146122        0.1444032998
 134. 129.       -0.4063652693       -0.0014418384
 134. 130.        0.4137216445        0.2350567955
 134. 131.       -0.2801516838       -0.2147529286
 134. 132.       -0.3581192197        0.2936611394
 134. 133.       -0.3358003095       -0.0797028651
 134. 134.        0.3281933865       -0.4042161901
 135.   0.        0.1033540510        0.0000000000
 135.   1.       -0.1299048121        0.2924665046
 135.   2.       -0.0457180270       -0.3159836107
 135.   3.       -0.0089531027       -0.1876063751
 135.   4.        0.1232747377       -0.0326920342
 135.   5.        0.0210994897       -0.2121434652
 135.   6.       -0.1938844978       -0.0126921169
 135.   7.        0.5404233982        0.0691371646
 135.   8.       -0.3767933521       -0.0458288447
 135.   9.        0.3772965997        0.2280235885
 135.  10.        0.0283813356        0.1381292720
 135.  11.       -0.0854293170        0.0403758803
 135.  12.        0.0818743033        0.3313631163
 135.  13.       -0.0474466963        0.1892021710
 135.  14.       -0.0063678208        0.2223487549
 135.  15.       -0.0096721075        0.0853946289
 135.  16.       -0.0701777843        0.0448726748
 135.  17.        0.0308548008       -0.0563512861
 135.  18.        0.3219390183       -0.1762527516
 135.  19.        0.0969345319       -0.1624035644
 135.  20.       -0.2191096073       -0.0594644218
 135.  21.       -0.1715308387       -0.0965736794
 135.  22.        0.1258747939        0.2258885436
 135.  23.       -0.0424690693        0.1301789620
 135.  24.        0.1310007625       -0.0563108262
 135.  25.       -0.1540937217       -0.1258148680
 135.  26.       -0.2201634599        0.1224582306
 135.  27.        0.3020258365        0.0691673145
 135.  28.        0.1891800777        0.1201276412
 135.  29.        0.2178420567       -0.1166371698
 135.  30.        0.0150590022        0.0835314371
 135.  31.        0.0589383933       -0.1324593668
 135.  32.        0.1487086815       -0.0304672774
 135.  33.       -0.1399660723        0.1257391475
 135.  34.        0.4334581222       -0.0570289575
 135.  35.        0.3990301106       -0.0150656039
 135.  36.        0.2820588494       -0.3046376887
 135.  37.       -0.0774820326       -0.2768822672
 135.  38.       -0.0120392602       -0.3259200859
 135.  39.        0.1068027344        0.0316285899
 135.  40.        0.1997471492       -0.3543291202
 135.  41.       -0.0712285406        0.0626958850
 135.  42.       -0.0035767455       -0.0233016662
 135.  43.        0.1273088050       -0.0034183795
 135.  44.        0.0061981170        0.0194517337
 135.  45.        0.0046826899        0.0849562798
 135.  46.        0.0824677689        0.0057041767
 135.  47.        0.0166869278        0.3058603119
 135.  48.        0.0379174948        0.0468807125
 135.  49.        0.0841308109        0.1158052732
 135.  50.        0.0931821993       -0.2956482265
 135.  51.        0.0637392813       -0.3942664771
 135.  52.        0.0216441788       -0.0987977900
 135.  53.        0.2601522207       -0.0978138128
 135.  54.        0.0247310117        0.0189014411
 135.  55.        0.0709660961        0.3596769016
 135.  56.       -0.0260266023        0.1350793752
 135.  57.       -0.0201472972       -0.0530714386
 135.  58.       -0.1359025903       -0.1775329466
 135.  59.       -0.1144349099        0.1599904152
 135.  60.       -0.2934943668       -0.1829878107
 135.  61.       -0.2559781770        0.0562493645
 135.  62.       -0.0387160504        0.1754325197
 135.  63.        0.0678669210       -0.0949462944
 135.  64.       -0.2178402900        0.1348512928
 135.  65.        0.1195471409       -0.0790530474
 135.  66.       -0.3968274716       -0.1501378685
 135.  67.       -0.1571440345       -0.0979321011
 135.  68.       -0.3979232727       -0.0029012492
 135.  69.       -0.1847906887        0.2651261298
 135.  70.       -0.3192431806        0.1090044643
 135.  71.       -0.1758102836       -0.2242644002
 135.  72.       -0.4553118649        0.1716412336
 135.  73.       -0.0437340690        0.1168823224
 135.  74.        0.2621689330        0.1916380187
 135.  75.        0.1539281542        0.1389652934
 135.  76.        0.1694353259        0.1060790983
 135.  77.       -0.0209456423        0.0235409046
 135.  78.       -0.4410220292        0.2749631614
 135.  79.        0.0084056331        0.0666976542
 135.  80.       -0.0186817977       -0.2329812223
 135.  81.        0.1590770673       -0.2383523551
 135.  82.       -0.0636786539        0.0338256765
 135.  83.        0.1663070465       -0.2536375755
 135.  84.       -0.2173101056        0.2108940171
 135.  85.        0.0775496369        0.0193951138
 135.  86.       -0.1126557024       -0.0467295524
 135.  87.       -0.0977646768       -0.0129579683
 135.  88.        0.0949157463        0.0262119108
 135.  89.        0.4392714305        0.0765195121
 135.  90.        0.2195963064       -0.1436332934
 135.  91.       -0.1138165149        0.0287760558
 135.  92.        0.2108389110        0.2783827513
 135.  93.       -0.3064255620        0.1116371247
 135.  94.        0.1741736281        0.0360871629
 135.  95.       -0.0676234213        0.1176139757
 135.  96.       -0.1660185007       -0.0995555674
 135.  97.       -0.0147806475        0.4425512856
 135.  98.       -0.2628257359       -0.3305152786
 135.  99.       -0.3310613978        0.1253230460
 135. 100.        0.0439286842       -0.1377777390
 135. 101.        0.0998944014       -0.0083646909
 135. 102.       -0.3080157775        0.5484500597
 135. 103.       -0.0867106589       -0.1078131768
 135. 104.       -0.6424449406       -0.1681781658
 135. 105.       -0.3883484815        0.3216428053
 135. 106.        0.1322866485        0.1365530091
 135. 107.        0.1977955141        0.3109385149
 135. 108.        0.0351007966        0.1165390752
 135. 109.        0.2504530002        0.1043118033
 135. 110.        0.0323395420       -0.1381852448
 135. 111.        0.0664702810       -0.0299451437
 135. 112.        0.0239289267        0.0574061594
 135. 113.       -0.0132060995        0.1925262595
 135. 114.        0.0170950530        0.1021626474
 135. 115.        0.1156451264       -0.4328116003
 135. 116.        0.0888338100       -0.0189019521
 135. 117.       -0.2121552748       -0.1205045896
 135. 118.       -0.1968859699       -0.0255887062
 135. 119.        0.3721724490        0.0145442675
 135. 120.        0.4312717554        0.5141816799
 135. 121.       -0.0778779462       -0.4761166228
 135. 122.        0.2154959636       -0.4366220570
 135. 123.       -0.2687207947       -0.2373750869
 135. 124.       -0.0723586233       -0.2945990246
 135. 125.       -0.1684237784        0.0774292674
 135. 126.        0.4839230853        0.5622785700
 135. 127.       -0.4282515930        0.0850626357
 135. 128.       -0.0947961910        0.0658903743
 135. 129.        0.0306687717       -0.0893148552
 135. 130.        0.0835389747        0.0010802292
 135. 131.       -0.1745484771       -0.0339890006
 135. 132.       -0.2183135151       -0.0653676420
 135. 133.       -0.3019033849        0.3145134749
 135. 134.       -0.4556851747       -0.3429469250
 135. 135.        0.0018212411       -0.0638325661
 136.   0.        0.1490843899        0.0000000000
 136.   1.        0.1177176441       -0.1952382961
 136.   2.       -0.2240262660       -0.1531032058
 136.   3.        0.3196455838       -0.0891082248
 136.   4.        0.4875392437       -0.1523459729
 136.   5.        0.0255980809        0.0219257588
 136.   6.       -0.0016414729       -0.1135236235
 136.   7.        0.0370476044       -0.3539657063
 136.   8.       -0.2606434620        0.1745059398
 136.   9.       -0.0706141626       -0.1004945737
 136.  10.       -0.0431050883        0.0538712798
 136.  11.        0.0273456649       -0.1325878015
 136.  12.       -0.1405217990       -0.3068441478
 136.  13.       -0.0850191835       -0.0479773530
 136.  14.       -0.0718452302        0.4038515408
 136.  15.        0.0964131516        0.0818376119
 136.  16.       -0.2625503687        0.0476075909
 136.  17.       -0.0326001808       -0.2028806399
 136.  18.       -0.0985293464       -0.1183306535
 136.  19.        0.2911842664        0.5710317672
 136.  20.        0.3147423668        0.0013793837
 136.  21.       -0.0718524235       -0.1601442891
 136.  22.        0.0276818708        0.2679384175
 136.  23.       -0.2064910619        0.1734590100
 136.  24.        0.0647775661       -0.2989114417
 136.  25.        0.1784382273       -0.0874605516
 136.  26.       -0.0680012736        0.0007960851
 136.  27.       -0.0349813390        0.0048571615
 136.  28.        0.0088362486        0.2096563712
 136.  29.       -0.1148510865       -0.4124935211
 136.  30.        0.1928096662        0.0511483832
 136.  31.        0.1996169742        0.0487873677
 136.  32.        0.0770970320       -0.0039574891
 136.  33.        0.0904371178       -0.0833645190
 136.  34.       -0.3444570595       -0.1440157209
 136.  35.        0.1908321848        0.3140768792
 136.  36.        0.2803585832        0.1359580578
 136.  37.        0.0222721082       -0.3484594929
 136.  38.       -0.0027406376       -0.0044953885
 136.  39.        0.0694944960        0.0652783643
 136.  40.       -0.1095852867        0.0676666112
 136.  41.        0.1179340347        0.1076478083
 136.  42.        0.0763384882        0.3259233458
 136.  43.        0.0854018625       -0.1621183501
 136.  44.        0.1581732892       -0.0693144076
 136.  45.       -0.0993519693       -0.1035656030
 136.  46.        0.2634208304        0.0732557796
 136.  47.       -0.0232776208        0.0728922504
 136.  48.       -0.1108655148       -0.0307107524
 136.  49.       -0.0799016578        0.0318887866
 136.  50.        0.1176253626        0.1490935850
 136.  51.       -0.0747442276       -0.4761284031
 136.  52.        0.0041923299        0.0924576827
 136.  53.       -0.1486167531        0.2606694199
 136.  54.        0.1583396293        0.0640365819
 136.  55.       -0.0350412251        0.0862625805
 136.  56.        0.0136261130        0.2117159327
 136.  57.       -0.1417028611        0.0938901284
 136.  58.        0.5149339163        0.1376240479
 136.  59.        0.1570082720       -0.2883352207
 136.  60.       -0.4020648900        0.1451013649
 136.  61.        0.0151254421       -0.0595894259
 136.  62.       -0.0142380737       -0.0621828617
 136.  63.       -0.3721696504        0.2033449621
 136.  64.       -0.1435761303        0.2862884185
 136.  65.       -0.0714053730       -0.0676489038
 136.  66.       -0.2085838157       -0.2089531872
 136.  67.        0.0441845453        0.1459054398
 136.  68.       -0.1046372276       -0.1384650064
 136.  69.       -0.0943933918        0.3643708219
 136.  70.       -0.0673835573       -0.1526007031
 136.  71.        0.1094967107       -0.0281006746
 136.  72.        0.1295223914        0.2431555618
 136.  73.        0.0608357009       -0.2122699134
 136.  74.       -0.1688907155       -0.2708120101
 136.  75.       -0.2918743175       -0.2929530818
 136.  76.       -0.1407643772       -0.2013669948
 136.  77.       -0.1592597888        0.2572539827
 136.  78.        0.2857940691       -0.1565896447
 136.  79.        0.0347579325        0.0646735074
 136.  80.       -0.1776769300        0.0292653038
 136.  81.        0.3285961316       -0.0484051136
 136.  82.        0.1206880607        0.0410124405
 136.  83.       -0.3009509370        0.4871870088
 136.  84.       -0.4195636686        0.3774385667
 136.  85.       -0.1808958327        0.3104452365
 136.  86.        0.1029837847        0.5098450331
 136.  87.        0.1359387998       -0.0930663803
 136.  88.        0.0966583995       -0.1821492726
 136.  89.        0.4524082857       -0.1962745131
 136.  90.        0.4493729114       -0.4167832831
 136.  91.       -0.1217115032        0.1387458489
 136.  92.       -0.0280933661       -0.0891836319
 136.  93.        0.0325966661       -0.3375939191
 136.  94.        0.1221047847       -0.0187001972
 136.  95.       -0.0567320410       -0.1108644015
 136.  96.       -0.1282155049        0.1199455426
 136.  97.       -0.1529043743       -0.2557551913
 136.  98.       -0.0828302745        0.0738454275
 136.  99.        0.2656821221       -0.0652177658
 136. 100.       -0.0309503785       -0.1850304773
 136. 101.        0.1769340926        0.1232249387
 136. 102.       -0.4096120568       -0.3696296915
 136. 103.       -0.2766874047        0.3648985294
 136. 104.       -0.1158578610       -0.2100696253
 136. 105.        0.2790022352        0.0609917355
 136. 106.       -0.1033021235        0.0619515713
 136. 107.       -0.2641861672       -0.1241658357
 136. 108.       -0.3251387219        0.1419696348
 136. 109.        0.0472842820       -0.6402929646
 136. 110.       -0.1642376036       -0.2696383877
 136. 111.        0.2227591424       -0.4738239919
 136. 112.       -0.0316810889        0.0354455752
 136. 113.       -0.0335993327       -0.1597968282
 136. 114.        0.2602528402       -0.2792326284
 136. 115.       -0.5020735820        0.1471451765
 136. 116.        0.2106105775        0.1156681828
 136. 117.        0.0485911075       -0.0625003144
 136. 118.       -0.1254859857       -0.3501491556
 136. 119.       -0.2939545456       -0.0582112680
 136. 120.       -0.1268100629        0.2205609140
 136. 121.       -0.2482781031        0.2015648186
 136. 122.       -0.3930227850       -0.1792964085
 136. 123.       -0.5725170800        0.3983187598
 136. 124.        0.1392455644        0.1518892383
 136. 125.        0.0465432179       -0.1681904177
 136. 126.       -0.3538644982       -0.2556408232
 136. 127.        0.0279919573       -0.0873769710
 136. 128.        0.2809457049        0.0024804963
 136. 129.       -0.0507931060        0.1474488848
 136. 130.       -0.2289916062       -0.0270914332
 136. 131.       -0.3001022040       -0.4976974113
 136. 132.       -0.1199389619        0.1646944762
 136. 133.        0.2336472540       -0.0860532329
 136. 134.        0.1229530573       -0.0968460282
 136. 135.       -0.1330609520        0.6648588633
 136. 136.       -0.1145001591        0.1582382582
 137.   0.        0.0244384853        0.0000000000
 137.   1.       -0.0436777092       -0.3253263607
 137.   2.        0.1342816686        0.1335565980
 137.   3.        0.0938547430        0.3122990206
 137.   4.        0.0094519107       -0.3076756466
 137.   5.       -0.1879854075        0.2149600561
 137.   6.       -0.0805831250        0.1854271340
 137.   7.       -0.1099907622       -0.0125125579
 137.   8.        0.2540759447        0.0009833414
 137.   9.       -0.2258068541        0.0483110682
 137.  10.        0.2166868505       -0.3103991846
 137.  11.       -0.0761103063       -0.2533073987
 137.  12.        0.0749793832       -0.3932217719
 137.  13.       -0.2357109705        0.0707128029
 137.  14.       -0.1451991254        0.0487801967
 137.  15.        0.0565098318       -0.0605861903
 137.  16.        0.1172435679       -0.1448103814
 137.  17.       -0.1005184770        0.0773057169
 137.  18.        0.2040791924       -0.0526309853
 137.  19.        0.2472500743        0.1101848450
 137.  20.        0.0671657816        0.0219889912
 137.  21.        0.0993608265        0.2725429790
 137.  22.       -0.2472892186        0.0264911265
 137.  23.        0.0151645021        0.1176212574
 137.  24.       -0.3762907421        0.1102002639
 137.  25.        0.1083302488        0.0891921788
 137.  26.        0.2141999504       -0.0434699509
 137.  27.       -0.1808975206       -0.2099389202
 137.  28.       -0.0643094452       -0.0906192886
 137.  29.       -0.1261363425        0.0216509562
 137.  30.        0.3812245901       -0.0154992048
 137.  31.       -0.1388177885       -0.1498176788
 137.  32.       -0.3164791948       -0.0790704626
 137.  33.        0.1620091621       -0.0675908258
 137.  34.       -0.1416555017        0.1670606526
 137.  35.        0.0049348866       -0.0323908858
 137.  36.       -0.2415213660        0.3895465770
 137.  37.        0.0745406983        0.3547201226
 137.  38.        0.1492900296       -0.0736546734
 137.  39.       -0.0443522987       -0.2866101813
 137.  40.       -0.1696182805       -0.1028013432
 137.  41.       -0.0293209078        0.1831228839
 137.  42.       -0.2507157653        0.1982020752
 137.  43.        0.3064083666       -0.0594243387
 137.  44.       -0.1895043020       -0.3204406715
 137.  45.       -0.1057258945       -0.0145469562
 137.  46.       -0.2588191359       -0.2053641154
 137.  47.        0.0598758292       -0.0490278745
 137.  48.       -0.0547789965       -0.1608384269
 137.  49.        0.0404511122        0.2819889819
 137.  50.       -0.1382434884        0.1891869580
 137.  51.       -0.2623070553        0.2774356639
 137.  52.       -0.1120166106        0.5557880706
 137.  53.       -0.0897219326       -0.1002528894
 137.  54.        0.1490095276       -0.1198007798
 137.  55.       -0.2023942553       -0.0517330457
 137.  56.        0.0544168136       -0.1134823373
 137.  57.        0.0056703444       -0.0225116590
 137.  58.       -0.0271329576        0.4391087657
 137.  59.        0.1126662379       -0.0679833405
 137.  60.       -0.0213708971        0.2685191591
 137.  61.       -0.1465154246       -0.3245006552
 137.  62.        0.1470299446       -0.3658883246
 137.  63.        0.1441898372        0.3212731464
 137.  64.       -0.0097491128        0.0104409351
 137.  65.       -0.3411059316        0.0320082646
 137.  66.        0.5912782453        0.1061633939
 137.  67.       -0.1183046844       -0.2086397533
 137.  68.       -0.1220012370        0.1216177580
 137.  69.        0.2668085291        0.2300896700
 137.  70.        0.1941008417       -0.2014894332
 137.  71.        0.0761362768        0.2238665551
 137.  72.        0.1355514576        0.0347300621
 137.  73.       -0.2521591880        0.1802731597
 137.  74.        0.2722713445        0.1693894040
 137.  75.       -0.1765992686        0.2870241988
 137.  76.       -0.2072768247        0.3349729587
 137.  77.        0.1080290283        0.1365393936
 137.  78.        0.4311638063        0.1210620872
 137.  79.       -0.3292763646       -0.0290605168
 137.  80.       -0.1657661657        0.1272271347
 137.  81.       -0.1638326086       -0.0241005493
 137.  82.        0.2822353729       -0.3254916431
 137.  83.       -0.5778144372        0.1384289622
 137.  84.        0.0101937038       -0.0776967880
 137.  85.        0.0340364068        0.2498882935
 137.  86.        0.2240824005       -0.1560891381
 137.  87.        0.1824408594        0.1898554396
 137.  88.        0.1075064230       -0.0424330494
 137.  89.        0.0665523841        0.1652194229
 137.  90.        0.2423246860       -0.0870109219
 137.  91.        0.3360981659       -0.0232767056
 137.  92.        0.3388877475        0.1809336393
 137.  93.        0.5641346151        0.2777492352
 137.  94.        0.0477789089        0.0222908734
 137.  95.        0.1647665269       -0.0972073710
 137.  96.       -0.1109360372       -0.1521729375
 137.  97.        0.1209950544        0.0163245109
 137.  98.       -0.0215079803        0.2995537003
 137.  99.       -0.2657707696        0.2188349588
 137. 100.       -0.0156967761        0.3848145937
 137. 101.        0.2481687756       -0.3737839336
 137. 102.       -0.0886949702       -0.0694166866
 137. 103.        0.0047721381       -0.3152584048
 137. 104.        0.3957356226       -0.1101976939
 137. 105.        0.3251125745       -0.0538115568
 137. 106.        0.1890047314       -0.2024246244
 137. 107.        0.1076196798       -0.2358059755
 137. 108.        0.0503537981       -0.1125934711
 137. 109.       -0.0190619173       -0.3204444786
 137. 110.        0.1962665760        0.4048860229
 137. 111.       -0.1544127584        0.0444230350
 137. 112.        0.3796756581       -0.4246551099
 137. 113.       -0.1660744833       -0.2952094952
 137. 114.        0.1270213180        0.1692995889
 137. 115.        0.1595320937        0.7198918415
 137. 116.       -0.0766529760       -0.5017896169
 137. 117.       -0.2057629929       -0.4292204218
 137. 118.       -0.1106483245       -0.0217099909
 137. 119.        0.0247874019        0.3824812980
 137. 120.        0.8252053456       -0.0769252831
 137. 121.        0.0694978298       -0.0462213881
 137. 122.        0.0907834104        0.0845759346
 137. 123.       -0.1020305721        0.0141997219
 137. 124.        0.3706525612        0.2618982834
 137. 125.        0.0990084931       -0.3395975252
 137. 126.        0.1509459701        0.1646948706
 137. 127.        0.2657704816       -0.0933079392
 137. 128.        0.0537667312       -0.0413644728
 137. 129.       -0.0403563869        0.0423946939
 137. 130.        0.2969328801        0.3629271807
 137. 131.        0.0703256682        0.4005713526
 137. 132.       -0.2751038153       -0.0506115519
 137. 133.        0.0412080024       -0.1373335541
 137. 134.        0.0826966923        0.6174321272
 137. 135.       -0.4074121658       -0.2094216040
 137. 136.       -0.5949916662       -0.0909603870
 137. 137.        0.4634340475        0.2447427820
 138.   0.        0.3428334724        0.0000000000
 138.   1.       -0.2222497414        0.2304676788
 138.   2.        0.0936165272       -0.0085850699
 138.   3.       -0.1848808886       -0.2119100716
 138.   4.       -0.0896041010        0.0131465390
 138.   5.       -0.2353815077       -0.0605401262
 138.   6.        0.1111813060       -0.0733852291
 138.   7.       -0.1157043989        0.0516540460
 138.   8.       -0.0024217894       -0.0634367099
 138.   9.        0.4060713865       -0.0852769070
 138.  10.        0.0046061381        0.0036915017
 138.  11.       -0.0710273865        0.3607224162
 138.  12.        0.1293581688        0.2482979364
 138.  13.        0.0431948677       -0.1825001745
 138.  14.       -0.0007218495       -0.5285630728
 138.  15.       -0.2078681555       -0.2775890910
 138.  16.        0.4443032421       -0.2543608537
 138.  17.        0.0104651739        0.3047263407
 138.  18.        0.0002653577        0.1275400410
 138.  19.       -0.2222507341       -0.1673091364
 138.  20.       -0.3378925426       -0.0957495259
 138.  21.       -0.0218329397       -0.0067656768
 138.  22.        0.1345781975       -0.1838283574
 138.  23.        0.1749759241        0.0492308475
 138.  24.       -0.1997173206       -0.0914513387
 138.  25.        0.0809400335       -0.0659764304
 138.  26.        0.1888009760       -0.1045446407
 138.  27.        0.1006985223       -0.1495037897
 138.  28.       -0.2579531513        0.0478482300
 138.  29.       -0.1096848351        0.2133772324
 138.  30.       -0.1996380326       -0.1004592891
 138.  31.        0.0232924972        0.1764057559
 138.  32.        0.0058332279       -0.0737954931
 138.  33.       -0.0786233474       -0.0124125708
 138.  34.       -0.1376765529        0.0025951735
 138.  35.       -0.0969076393       -0.5071984855
 138.  36.       -0.1949569780       -0.0605910999
 138.  37.        0.1495590478        0.2400019838
 138.  38.       -0.0178034887        0.0758361945
 138.  39.        0.2580986081       -0.1027403505
 138.  40.        0.1301647847       -0.2772574991
 138.  41.        0.0422965195       -0.2770960264
 138.  42.       -0.2494534799       -0.1319821191
 138.  43.       -0.2922810829        0.3040541962
 138.  44.        0.0890451149       -0.1075093406
 138.  45.        0.1242914145        0.3471384232
 138.  46.       -0.0849992720        0.0489888274
 138.  47.       -0.0848212714       -0.0109074071
 138.  48.       -0.2302506859       -0.0033474952
 138.  49.        0.1949969532        0.0668969839
 138.  50.        0.0299169809       -0.1967244085
 138.  51.       -0.0619174863       -0.0444520120
 138.  52.       -0.0815486247        0.0797982090
 138.  53.       -0.0176732801        0.1218516534
 138.  54.       -0.1346428538        0.1633741709
 138.  55.        0.2050095356       -0.1825348553
 138.  56.        0.0080573032       -0.0401436411
 138.  57.       -0.2785688045       -0.1256107085
 138.  58.       -0.0596257568        0.2026189200
 138.  59.       -0.1291677172        0.0476148816
 138.  60.        0.5417052199        0.2732820989
 138.  61.       -0.0888100663       -0.0841380459
 138.  62.       -0.0258679923       -0.0803240516
 138.  63.        0.4150239225       -0.1801462994
 138.  64.        0.1254142538        0.2948131553
 138.  65.        0.0391489664        0.2114757927
 138.  66.       -0.2403321666       -0.0339812869
 138.  67.       -0.2878283927       -0.1615765913
 138.  68.       -0.0613113407        0.0124972605
 138.  69.       -0.0615286394       -0.3513153238
 138.  70.       -0.0439651147        0.3415752881
 138.  71.       -0.2673288038       -0.2364526075
 138.  72.        0.0066643434       -0.1774181601
 138.  73.       -0.0952680069       -0.0643798437
 138.  74.       -0.3206233838       -0.0648133174
 138.  75.        0.2228091671        0.3657112954
 138.  76.       -0.3163949570        0.3496888830
 138.  77.        0.1680917960        0.1981472473
 138.  78.       -0.3982680533       -0.0949907039
 138.  79.        0.2268150627       -0.2263129224
 138.  80.        0.1349347634        0.1799587740
 138.  81.       -0.0147616196        0.0013341136
 138.  82.        0.1225185655        0.0236656671
 138.  83.       -0.0114967137       -0.0797994190
 138.  84.        0.2229782388       -0.3689811351
 138.  85.       -0.1618699620        0.2473119644
 138.  86.        0.2981599754       -0.2204191352
 138.  87.       -0.2491548337        0.1289447396
 138.  88.       -0.1390120038        0.3029831340
 138.  89.        0.3123673960        0.3213777944
 138.  90.       -0.1838859520       -0.0311061838
 138.  91.       -0.1873901585       -0.1543665929
 138.  92.        0.0462663583        0.2033501323
 138.  93.       -0.0917779857        0.4858416174
 138.  94.       -0.1127648523        0.3332834564
 138.  95.       -0.0401293218        0.1262772138
 138.  96.       -0.0128776899       -0.0691226837
 138.  97.       -0.0769724951       -0.0092246946
 138.  98.       -0.3038756830        0.0255255741
 138.  99.        0.0973592411        0.0115431929
 138. 100.       -0.5358675609        0.0599545286
 138. 101.       -0.2119256388       -0.2534175230
 138. 102.       -0.4335137423       -0.0309215223
 138. 103.       -0.2799841258       -0.3968661148
 138. 104.       -0.0617731571        0.2660770022
 138. 105.       -0.4208408020       -0.1432298509
 138. 106.        0.0286175973       -0.4426583765
 138. 107.       -0.2449634984       -0.0708838089
 138. 108.        0.0078347879       -0.2352587445
 138. 109.        0.2004561393        0.0550957908
 138. 110.        0.5063119256        0.2889466364
 138. 111.        0.2345390213        0.5486859160
 138. 112.        0.0790018183        0.0090707759
 138. 113.        0.0517307615        0.3834872690
 138. 114.       -0.2522811884       -0.1330217746
 138. 115.        0.1275526251        0.1377555510
 138. 116.        0.1774221140       -0.2522441894
 138. 117.        0.4013158438        0.3010374813
 138. 118.       -0.0575148250       -0.4230716988
 138. 119.        0.0596597040       -0.2106567159
 138. 120.       -0.6328313898       -0.0089835763
 138. 121.        0.2614433953       -0.1784952919
 138. 122.       -0.0914902862        0.3797928624
 138. 123.       -0.1641961163        0.7744202156
 138. 124.        0.2787790144       -0.5815260515
 138. 125.       -0.0571340618        0.1256658354
 138. 126.        0.0881006683       -0.6525877124
 138. 127.       -0.3701274405       -0.0541454005
 138. 128.       -0.5208390821        0.1418243803
 138. 129.       -0.0280076344       -0.0955096599
 138. 130.       -0.0715091586       -0.0546968147
 138. 131.        0.4958857239       -0.1765750056
 138. 132.       -0.2128946209       -0.1675959516
 138. 133.       -0.2467906740        0.3273973129
 138. 134.       -0.1420599197       -0.0563069205
 138. 135.        0.0463742641        0.1778600128
 138. 136.       -0.0588611084       -0.4434655861
 138. 137.       -0.4652939318       -0.2789176218
 138. 138.        0.0946205016       -0.2746913483
 139.   0.        0.1545866143        0.0000000000
 139.   1.        0.3574488371        0.1469164530
 139.   2.       -0.3030366871       -0.0620330635
 139.   3.       -0.0124624488       -0.3583117028
 139.   4.        0.0906432657        0.2051481284
 139.   5.        0.4097247925       -0.1074269308
 139.   6.        0.1440840889       -0.4149018286
 139.   7.       -0.1943414319       -0.1539847319
 139.   8.        0.0577812764        0.2239345500
 139.   9.        0.0318961379        0.0232748538
 139.  10.       -0.1511039988       -0.0922548664
 139.  11.        0.1221796508        0.0746418128
 139.  12.       -0.2859057637        0.4652518895
 139.  13.       -0.0256805401       -0.0882789413
 139.  14.        0.1667288930       -0.3390940361
 139.  15.        0.1740877530        0.0279163598
 139.  16.       -0.0659996992        0.0086514091
 139.  17.       -0.0230187875        0.0403034183
 139.  18.       -0.1780474841        0.2804738413
 139.  19.       -0.3289645499       -0.0027454736
 139.  20.       -0.2270152926       -0.1652694066
 139.  21.       -0.0112489759       -0.2749920574
 139.  22.        0.3496991850       -0.0773377732
 139.  23.        0.1288449728       -0.1854493395
 139.  24.        0.0774527808       -0.1783962188
 139.  25.       -0.0751896786       -0.1087772441
 139.  26.        0.0012865955       -0.1581264422
 139.  27.       -0.1096868699        0.0136316894
 139.  28.       -0.0531374632        0.0534133811
 139.  29.        0.0674148693        0.1390069104
 139.  30.        0.0213715611       -0.1657103945
 139.  31.        0.3642996360        0.0049419084
 139.  32.       -0.0058853025        0.0018389999
 139.  33.       -0.0930579042       -0.1757853857
 139.  34.       -0.2184222433       -0.1369803262
 139.  35.       -0.3096287498       -0.2150872822
 139.  36.        0.3245017290       -0.1042371199
 139.  37.       -0.3096306677        0.0750704278
 139.  38.       -0.0055543447        0.2015101375
 139.  39.        0.4047740743        0.1549971183
 139.  40.       -0.0155078668        0.1050240699
 139.  41.        0.2024116462       -0.2700084014
 139.  42.        0.2833102151        0.0219230062
 139.  43.       -0.3555747848        0.0642444328
 139.  44.       -0.0198207079        0.0534010559
 139.  45.       -0.1690247159       -0.1171902424
 139.  46.       -0.1007532870        0.5724358205
 139.  47.        0.2103943503       -0.0828106309
 139.  48.       -0.1888392685        0.1952105275
 139.  49.       -0.0105289424       -0.4382334405
 139.  50.       -0.1617237850       -0.1637170108
 139.  51.       -0.0437102104       -0.0116795848
 139.  52.        0.1672961955       -0.3729524028
 139.  53.        0.1698244088       -0.1052406425
 139.  54.        0.3555877080       -0.0235182490
 139.  55.        0.0254859319        0.0498503061
 139.  56.        0.0547108662        0.1807704907
 139.  57.       -0.0653112267       -0.1625058825
 139.  58.       -0.1424887136       -0.0861319181
 139.  59.       -0.1647311737        0.0855328671
 139.  60.        0.1565111862        0.2852282264
 139.  61.        0.1024838925       -0.0166150277
 139.  62.       -0.2544573509       -0.1133133002
 139.  63.       -0.3592233891       -0.5090988328
 139.  64.        0.3479232009        0.0353628513
 139.  65.        0.1480840490       -0.0344520361
 139.  66.       -0.2820152299       -0.0808878731
 139.  67.        0.1123896598       -0.0067193637
 139.  68.       -0.0421077258        0.1030184155
 139.  69.       -0.0497078022       -0.4672536731
 139.  70.        0.3025566424       -0.0525821104
 139.  71.        0.2828779462        0.0239365057
 139.  72.       -0.2069302034        0.0036682644
 139.  73.        0.2750130070       -0.0493093887
 139.  74.       -0.0828620288       -0.4145661270
 139.  75.        0.1069442061       -0.1273428052
 139.  76.        0.1467179676        0.4222826827
 139.  77.        0.0075382374       -0.1823309562
 139.  78.        0.0927924840        0.0288660310
 139.  79.        0.3065289144       -0.0922708499
 139.  80.       -0.1553654030        0.0740482683
 139.  81.       -0.1245350812        0.1807362808
 139.  82.       -0.1346359798       -0.0937621169
 139.  83.       -0.0636425787       -0.0953275935
 139.  84.       -0.1517948715       -0.0939219810
 139.  85.       -0.0845954952       -0.1789553610
 139.  86.       -0.2976851237       -0.0316784490
 139.  87.       -0.0564256249       -0.1071009106
 139.  88.       -0.2016290164       -0.1107208010
 139.  89.       -0.3252798541       -0.0165694095
 139.  90.        0.3145412540        0.0736346031
 139.  91.       -0.2185510662       -0.0180130633
 139.  92.       -0.4390346319       -0.1388147146
 139.  93.       -0.1385199681        0.0120404491
 139.  94.       -0.0933744748        0.0947897927
 139.  95.       -0.2138458523        0.2195645080
 139.  96.       -0.0142489369       -0.0691668293
 139.  97.        0.2378315621        0.0073951895
 139.  98.        0.2180541502       -0.1630594708
 139.  99.       -0.0992701254        0.0709256131
 139. 100.       -0.0894713792       -0.2396780514
 139. 101.        0.4044492256        0.0117133951
 139. 102.       -0.0361676533        0.1808469429
 139. 103.        0.1897545462        0.4565452944
 139. 104.       -0.2707795367        0.3386268434
 139. 105.        0.1614280403       -0.3156771654
 139. 106.        0.1863944740       -0.3989525436
 139. 107.       -0.1708509886        0.0631925336
 139. 108.       -0.0458954929        0.0016955909
 139. 109.        0.0443684489       -0.3231347940
 139. 110.       -0.2585096969       -0.1990507668
 139. 111.        0.5621006528        0.1403539612
 139. 112.        0.1150226801        0.2829101870
 139. 113.       -0.2887166201       -0.5436320844
 139. 114.       -0.0201300984        0.2289371269
 139. 115.        0.2271326419       -0.6476818864
 139. 116.       -0.1390121277       -0.1733471433
 139. 117.       -0.2165043473        0.2454541766
 139. 118.       -0.1560620880        0.2072508947
 139. 119.        0.2547612240        0.0309665928
 139. 120.       -0.3294352746        0.0351591703
 139. 121.        0.5062455747        0.0976893766
 139. 122.        0.0539626477        0.2937967678
 139. 123.       -0.1573311361       -0.4630122271
 139. 124.        0.0109098298       -0.1673297286
 139. 125.       -0.3755838472       -0.1092452488
 139. 126.       -0.0956645847       -0.1819659749
 139. 127.        0.1354082625        0.2546053362
 139. 128.        0.0051886472       -0.3166827565
 139. 129.       -0.0961438209       -0.1627934054
 139. 130.       -0.2057569145       -0.0683025221
 139. 131.       -0.2539714032       -0.0510681971
 139. 132.        0.0273580675        0.2796580908
 139. 133.       -0.3641444728        0.1099574966
 139. 134.        0.3386563941        0.0969385107
 139. 135.        0.2829843628       -0.0752474611
 139. 136.        0.2258038660        0.2971400401
 139. 137.        0.6271022279       -0.6764313706
 139. 138.        0.2066168549       -0.0951728011
 139. 139.        0.0985398028       -0.2672125734
 140.   0.       -0.4474598120        0.0000000000
 140.   1.        0.0814726271       -0.0608958058
 140.   2.        0.1139544174        0.2631723058
 140.   3.        0.0978082267        0.2717449021
 140.   4.       -0.3467832977        0.0051986696
 140.   5.        0.1638258517        0.0490458864
 140.   6.       -0.1273772239        0.1393828014
 140.   7.        0.1945950217        0.1473233751
 140.   8.        0.0019481994       -0.1304879298
 140.   9.       -0.4975655590        0.1124384341
 140.  10.        0.1677910211       -0.0547032753
 140.  11.        0.1984197756       -0.1748593820
 140.  12.       -0.0233550458       -0.0147703328
 140.  13.       -0.3767589062        0.0550745264
 140.  14.       -0.0422849758        0.3915578195
 140.  15.        0.2725463208        0.2135824842
 140.  16.        0.0371798421        0.4009924551
 140.  17.       -0.0391220771       -0.3061892218
 140.  18.       -0.0625124776       -0.2455475641
 140.  19.        0.1160240263        0.0816866399
 140.  20.       -0.0482933335       -0.0355470499
 140.  21.       -0.0892922494        0.1527384952
 140.  22.       -0.2186538653        0.1361267832
 140.  23.        0.0419977991        0.0256826745
 140.  24.        0.1141979666        0.3998261945
 140.  25.       -0.1760753647        0.0683598324
 140.  26.       -0.0077542823        0.0622012975
 140.  27.       -0.2188041057        0.2012575534
 140.  28.       -0.0425696102       -0.1372050710
 140.  29.       -0.1929795536        0.0342218141
 140.  30.        0.0234706594       -0.0573668522
 140.  31.       -0.0987979507        0.1982471707
 140.  32.        0.1510850895       -0.0499176659
 140.  33.        0.1830903349       -0.0989034374
 140.  34.        0.0220155696       -0.0077835069
 140.  35.       -0.0272214957        0.5717430551
 140.  36.        0.0607376739        0.1793009363
 140.  37.       -0.4193106919        0.1688988965
 140.  38.       -0.0953815209       -0.2916778545
 140.  39.       -0.1405851726       -0.1003898361
 140.  40.        0.0699421446        0.4380564091
 140.  41.       -0.2403638419        0.2296018771
 140.  42.        0.0343306294        0.0025432457
 140.  43.       -0.0513594434       -0.1445846903
 140.  44.        0.1131440141       -0.2997676292
 140.  45.       -0.2278703768       -0.1462256788
 140.  46.       -0.1624693053        0.2097629955
 140.  47.        0.0687597416        0.1836231551
 140.  48.        0.0503809288        0.2523061033
 140.  49.       -0.2486318378        0.1459051057
 140.  50.       -0.1466464339       -0.0081383916
 140.  51.       -0.1139451476        0.3711754298
 140.  52.       -0.2032888976       -0.0255798301
 140.  53.        0.0516407739        0.1131162392
 140.  54.        0.0944900715       -0.0208820900
 140.  55.       -0.1987827508        0.2236532605
 140.  56.       -0.0818079905       -0.2532008085
 140.  57.        0.2657925621        0.0263901451
 140.  58.       -0.2765644321       -0.1038078693
 140.  59.        0.1582623563       -0.1908411999
 140.  60.       -0.3068833989       -0.0145669643
 140.  61.       -0.3609366142        0.1422576695
 140.  62.        0.0981814178       -0.2295044125
 140.  63.        0.1969744039       -0.1164971405
 140.  64.        0.2552752888       -0.2889766601
 140.  65.        0.0859723894        0.1242477872
 140.  66.        0.5280682099        0.1448810353
 140.  67.       -0.2295889442       -0.0521644644
 140.  68.        0.0414324896       -0.0508956810
 140.  69.        0.0432950539        0.0969226849
 140.  70.        0.3637606832       -0.2589043585
 140.  71.        0.3886725983        0.5338101282
 140.  72.       -0.0011067925       -0.1869789161
 140.  73.       -0.2721123318       -0.0658292687
 140.  74.        0.6150258666        0.1875415441
 140.  75.       -0.0163756716       -0.1107938428
 140.  76.       -0.1259660190       -0.0396810524
 140.  77.        0.1916302745        0.1395540243
 140.  78.       -0.2778785321       -0.1421598812
 140.  79.       -0.0524297012        0.5275248946
 140.  80.        0.2540213349        0.0798453892
 140.  81.        0.2055170729        0.0434964560
 140.  82.        0.0185694885        0.1737638223
 140.  83.       -0.4014807519       -0.1917022667
 140.  84.        0.0079076774        0.3481991803
 140.  85.        0.1111646373        0.3238711914
 140.  86.       -0.1742117880       -0.3372486696
 140.  87.        0.2191106417        0.0998913331
 140.  88.        0.1632041045        0.2229154592
 140.  89.       -0.2436317014       -0.2245733135
 140.  90.       -0.1777890239        0.0331229819
 140.  91.        0.7668636253       -0.4873200216
 140.  92.       -0.1327053688       -0.0594967645
 140.  93.        0.1152558965        0.2385203476
 140.  94.        0.0447682551        0.1855515167
 140.  95.        0.2172134232       -0.4228467283
 140.  96.       -0.0101261237        0.1474087872
 140.  97.        0.0503513762       -0.2756283223
 140.  98.        0.2056596987       -0.0696623116
 140.  99.        0.2574607538        0.1144040392
 140. 100.       -0.0016844012       -0.1414385160
 140. 101.        0.0961561276        0.2777362490
 140. 102.       -0.1288632702        0.6673447730
 140. 103.        0.2137622824       -0.1525099462
 140. 104.        0.1836306254        0.2548621391
 140. 105.        0.4494507218        0.1716968030
 140. 106.        0.1956845579       -0.5316744560
 140. 107.       -0.1520540155        0.3416819863
 140. 108.        0.0919821640       -0.2644395041
 140. 109.       -0.0587919468        0.4978220382
 140. 110.        0.3063616276       -0.1522900965
 140. 111.       -0.4507048204       -0.0590748587
 140. 112.        0.5135829032        0.1720208838
 140. 113.       -0.3812123311        0.0922388900
 140. 114.        0.0449643679       -0.2051483376
 140. 115.        0.0194301022        0.3862387423
 140. 116.       -0.2098663365       -0.3335356487
 140. 117.        0.2051978592        0.0388854091
 140. 118.        0.1163967257       -0.3299957857
 140. 119.        0.2323644125       -0.2464458882
 140. 120.       -0.1570847718       -0.0734065620
 140. 121.       -0.1432531530        0.5892024547
 140. 122.       -0.4263667860        0.3533312206
 140. 123.        0.6228850942        0.1057315131
 140. 124.        0.3080667486        0.2052663938
 140. 125.        0.1374174322       -0.0213134542
 140. 126.        0.1839251137       -0.3710702826
 140. 127.       -0.0156949177       -0.0560931403
 140. 128.       -0.0445070471        0.1012113311
 140. 129.       -0.1343739007        0.1949965265
 140. 130.       -0.0338203795       -0.5735529866
 140. 131.        0.2181778775        0.2838815514
 140. 132.        0.0770601974        0.0587695458
 140. 133.       -0.0623842489        0.3970496110
 140. 134.       -0.2424127612       -0.1627597542
 140. 135.        0.0388449083        0.0144009987
 140. 136.       -0.0682658068        0.1192186333
 140. 137.        0.3566737483       -0.0347500181
 140. 138.       -0.0796086911       -0.2745955583
 140. 139.        0.2940512796       -0.2263818632
 140. 140.        0.4776986839        0.3174419620
 141.   0.       -0.2470108652        0.0000000000
 141.   1.       -0.2381917294       -0.0421011060
 141.   2.        0.1427348471       -0.0992054647
 141.   3.       -0.1951927824        0.0485252447
 141.   4.       -0.2723257643        0.0607171842
 141.   5.       -0.3730440284        0.0493997407
 141.   6.        0.0697001887        0.2421751641
 141.   7.        0.0889714140        0.0839680874
 141.   8.       -0.2327349430       -0.3364900543
 141.   9.       -0.1648083724       -0.0199031903
 141.  10.       -0.3402004049        0.2396584036
 141.  11.        0.0422131800        0.3911445256
 141.  12.        0.2930774712       -0.2944227550
 141.  13.        0.0340005676       -0.0542125797
 141.  14.       -0.0629595571        0.1369625699
 141.  15.       -0.4036665040        0.0923028512
 141.  16.        0.2842463243        0.2794910101
 141.  17.       -0.0245538531       -0.1884624514
 141.  18.       -0.1204422636       -0.3844538242
 141.  19.        0.2451192348       -0.0433421319
 141.  20.        0.0753804646        0.2115554801
 141.  21.        0.0646608258        0.1832816031
 141.  22.       -0.1189471862        0.0067583359
 141.  23.       -0.2389331285        0.1332016602
 141.  24.       -0.0352495084        0.1912220453
 141.  25.       -0.0076363906        0.2223482314
 141.  26.        0.0182769396       -0.1325433062
 141.  27.        0.1167555811       -0.0367186618
 141.  28.        0.0635162324        0.0208600187
 141.  29.        0.0699120335        0.1197278134
 141.  30.       -0.1499318128       -0.0145209233
 141.  31.       -0.3426622704       -0.0029238771
 141.  32.       -0.1830023632       -0.0037944597
 141.  33.        0.1195160877        0.3369768277
 141.  34.       -0.0235626624        0.0152151980
 141.  35.        0.1456762044        0.0041652832
 141.  36.       -0.1897298944        0.0429373333
 141.  37.        0.0446114883        0.0696502107
 141.  38.        0.1316178541       -0.0286017682
 141.  39.       -0.0342356436       -0.0583024759
 141.  40.       -0.0068635477        0.0725489029
 141.  41.        0.0774165678        0.0408518775
 141.  42.       -0.2242513607       -0.0084497149
 141.  43.       -0.0321029456       -0.1003073399
 141.  44.        0.0475153587       -0.2088291053
 141.  45.        0.0572836037        0.0120276506
 141.  46.        0.2035774922       -0.0673519415
 141.  47.       -0.1685764697        0.1655999013
 141.  48.       -0.0595199435       -0.2172143988
 141.  49.       -0.0051510529        0.0903676307
 141.  50.        0.0749505743        0.0527396431
 141.  51.        0.1725516047       -0.1626763558
 141.  52.       -0.0879400859        0.1499726740
 141.  53.       -0.1829243277        0.2786564213
 141.  54.       -0.4098843823       -0.0842406875
 141.  55.        0.2623260058        0.0187145393
 141.  56.       -0.4599431497       -0.3734174384
 141.  57.        0.1558464853        0.2955014396
 141.  58.        0.1443492070        0.1565116220
 141.  59.       -0.0471479845       -0.2143832363
 141.  60.       -0.1785071747       -0.2434363123
 141.  61.       -0.0160368570        0.2712952234
 141.  62.       -0.0002335172        0.1140502895
 141.  63.        0.3203640259        0.3419451846
 141.  64.        0.1499747628       -0.2848060024
 141.  65.        0.2225945584       -0.0310373034
 141.  66.       -0.0497374852       -0.0962221435
 141.  67.       -0.0109896622       -0.0519329955
 141.  68.       -0.3536549174       -0.0065568097
 141.  69.       -0.2932732307        0.1839202435
 141.  70.       -0.3463102946       -0.1688621673
 141.  71.       -0.1613170752       -0.1616008201
 141.  72.       -0.3972168751       -0.0236131790
 141.  73.       -0.1973606124        0.0423529669
 141.  74.       -0.0392109204       -0.0012160154
 141.  75.       -0.2765458670        0.0418574501
 141.  76.        0.1134672053        0.1556841008
 141.  77.        0.0768975797        0.0522440191
 141.  78.       -0.0741144118       -0.0262118116
 141.  79.       -0.0155780813       -0.4102854974
 141.  80.        0.2977558564        0.1111325371
 141.  81.        0.0125585379       -0.0899869099
 141.  82.        0.1777324848       -0.3058432080
 141.  83.        0.0952439469        0.4413425865
 141.  84.        0.1925626266       -0.3123315228
 141.  85.        0.3445774411       -0.1216573493
 141.  86.       -0.1864085207        0.3436255885
 141.  87.        0.2645352301        0.0705612175
 141.  88.       -0.1237576040        0.1218132026
 141.  89.       -0.1950027824        0.3291136912
 141.  90.       -0.0234413869       -0.1797388833
 141.  91.       -0.1280940980       -0.0167079253
 141.  92.       -0.0149456934       -0.0333078558
 141.  93.       -0.1449505290       -0.3221149562
 141.  94.       -0.1444103780       -0.1518611473
 141.  95.        0.0460439160        0.3907948492
 141.  96.       -0.3044751646        0.0452164981
 141.  97.       -0.3018955547       -0.0962252757
 141.  98.       -0.1440081441        0.2799461222
 141.  99.        0.2030394046       -0.1349828179
 141. 100.       -0.1373782161        0.2159269754
 141. 101.       -0.3603328289        0.2165589778
 141. 102.       -0.0814984554       -0.5805184060
 141. 103.        0.0762926609       -0.1593548034
 141. 104.        0.0364409072       -0.3463083897
 141. 105.       -0.0734208484       -0.4975148258
 141. 106.       -0.3488016503        0.1064008106
 141. 107.       -0.0698149679       -0.1968706909
 141. 108.       -0.2196633566       -0.2640585262
 141. 109.       -0.5297528900       -0.2020636455
 141. 110.       -0.3810868111        0.1609204342
 141. 111.       -0.1256458218        0.3410645721
 141. 112.        0.2284926030       -0.1467257542
 141. 113.       -0.1311191220        0.6634995874
 141. 114.       -0.2827005227       -0.0174748870
 141. 115.       -0.0918898983        0.1387584110
 141. 116.        0.1491410376       -0.1373761414
 141. 117.       -0.2682072731        0.0428636549
 141. 118.       -0.1198606177       -0.0025895287
 141. 119.       -0.0494296360       -0.0780114502
 141. 120.       -0.2544646327        0.2839751848
 141. 121.        0.1180415327       -0.1671915449
 141. 122.       -0.2468781647        0.0170644999
 141. 123.       -0.4012004540       -0.0838769056
 141. 124.       -0.2531963780        0.1355072950
 141. 125.       -0.2756716906       -0.1508999479
 141. 126.        0.3971307209        0.2982579486
 141. 127.        0.2645911858       -0.3057267308
 141. 128.        0.2564330571       -0.4269028989
 141. 129.       -0.1033093279       -0.0722941022
 141. 130.        0.2280523479        0.0236127111
 141. 131.       -0.0016950185       -0.1207393729
 141. 132.        0.1961775600       -0.0299901771
 141. 133.       -0.3616138681        0.2303165573
 141. 134.        0.1704185935       -0.0123350211
 141. 135.        0.0687889509        0.0724953688
 141. 136.       -0.2421485718       -0.0107828993
 141. 137.       -0.3126978583       -0.2336710225
 141. 138.        0.0696224136        0.8151928859
 141. 139.        0.1901865839        0.1771285263
 141. 140.        0.0789115088       -0.3528467320
 141. 141.       -0.0419195268       -0.1120736924
 142.   0.        0.1203155481        0.0000000000
 142.   1.        0.1066911953        0.0066609058
 142.   2.       -0.1410958322       -0.2521609430
 142.   3.       -0.0949119463       -0.4045665281
 142.   4.        0.3270940323       -0.0628706795
 142.   5.       -0.0555552180        0.1215072948
 142.   6.       -0.1790082161       -0.1301627137
 142.   7.       -0.2369171834        0.0576197444
 142.   8.        0.2884812747        0.0549837350
 142.   9.       -0.0259606547       -0.1285333269
 142.  10.       -0.3417736664        0.0582325169
 142.  11.       -0.1801661015       -0.1127005081
 142.  12.        0.1604265708        0.0159424968
 142.  13.        0.3533446527        0.3827426915
 142.  14.        0.1771888664       -0.0767480538
 142.  15.       -0.1636753544        0.1019664224
 142.  16.       -0.2938249645       -0.3626979278
 142.  17.       -0.1219836312        0.3187657103
 142.  18.        0.0914852385        0.0325303043
 142.  19.       -0.1728199283       -0.1653704910
 142.  20.        0.0193615654        0.1683897113
 142.  21.        0.1144166491        0.0356872498
 142.  22.        0.1105801887       -0.1656672806
 142.  23.       -0.2374591286        0.1260665550
 142.  24.        0.0227196409       -0.3976992671
 142.  25.       -0.0409122552        0.2009786429
 142.  26.       -0.1095246760       -0.0492747073
 142.  27.        0.0365434478        0.0022371053
 142.  28.        0.0546793200        0.0124814247
 142.  29.        0.1654844671       -0.2800968441
 142.  30.        0.0044065982        0.1619528372
 142.  31.        0.2631448024       -0.1369957879
 142.  32.        0.0126740660       -0.0583290009
 142.  33.        0.0442484225        0.1266923042
 142.  34.        0.1110456075       -0.0138480680
 142.  35.       -0.0427021247       -0.4792283293
 142.  36.        0.0450044203       -0.2241693107
 142.  37.       -0.0802419040       -0.2623574599
 142.  38.        0.2945721156        0.1547382226
 142.  39.       -0.2545686535        0.0783062927
 142.  40.        0.0289038433       -0.0871974319
 142.  41.        0.2219355899       -0.0282513280
 142.  42.       -0.0277515248        0.3388776815
 142.  43.        0.2617246544       -0.0101227620
 142.  44.        0.2049613119       -0.0959329755
 142.  45.        0.0976134877       -0.0775190906
 142.  46.        0.2026494815       -0.0524431103
 142.  47.        0.1471590526       -0.0748247041
 142.  48.        0.1070381456       -0.1252072683
 142.  49.        0.1146748119       -0.2891088490
 142.  50.        0.2095119938        0.1393839116
 142.  51.        0.2310057185       -0.2978177321
 142.  52.        0.0857834834       -0.2231112164
 142.  53.       -0.1373395760       -0.2977457941
 142.  54.       -0.2278049902        0.1365030708
 142.  55.       -0.0879135379       -0.0176315742
 142.  56.       -0.0792082149       -0.3140665911
 142.  57.       -0.0138628084       -0.2771227787
 142.  58.        0.1886146852        0.1886175351
 142.  59.       -0.2373441585        0.0495380859
 142.  60.        0.1905280069        0.0024410810
 142.  61.        0.1135445213       -0.0033400643
 142.  62.        0.0248074507        0.3013735745
 142.  63.       -0.6614081926        0.0687592752
 142.  64.       -0.0731184230        0.0374556243
 142.  65.        0.3429468668       -0.0526514814
 142.  66.       -0.1154168184        0.0649797013
 142.  67.       -0.0371950314       -0.1655760012
 142.  68.       -0.0187497835        0.0427519587
 142.  69.        0.1051263929       -0.1515932881
 142.  70.       -0.1532766252        0.1539085205
 142.  71.       -0.0868508730       -0.1414549752
 142.  72.        0.1613047844        0.3147874357
 142.  73.        0.0595301109        0.4734886534
 142.  74.        0.1001400961        0.0714102288
 142.  75.       -0.1397647469        0.0593605523
 142.  76.        0.3278434558       -0.1547265177
 142.  77.        0.0776870543        0.0432109192
 142.  78.        0.0159397910        0.1066504721
 142.  79.        0.0627448319        0.4389816891
 142.  80.        0.4966462175        0.3584285351
 142.  81.        0.0180802821       -0.1708433234
 142.  82.        0.3122686064       -0.2935429543
 142.  83.        0.2355607668        0.2962985324
 142.  84.       -0.2745289383       -0.1229814630
 142.  85.        0.4574186321        0.0411695214
 142.  86.       -0.1793189261        0.0002170686
 142.  87.       -0.2269194236        0.1048530254
 142.  88.       -0.0626002837       -0.1629794895
 142.  89.       -0.1260704363       -0.0872541946
 142.  90.        0.0120852645        0.0159068235
 142.  91.       -0.0926260943       -0.0642699249
 142.  92.        0.2199091160       -0.4564302845
 142.  93.       -0.5764669927       -0.0554066559
 142.  94.       -0.2048843599       -0.0017040559
 142.  95.        0.1182980066        0.0957443036
 142.  96.       -0.2619198379        0.0775595611
 142.  97.       -0.1150679174        0.2186387377
 142.  98.       -0.3249412423       -0.2029942928
 142.  99.        0.1007818333       -0.8074722016
 142. 100.       -0.1055790324       -0.2144738608
 142. 101.       -0.1601748173       -0.1693567341
 142. 102.        0.0975845105        0.0286954951
 142. 103.       -0.2184524039        0.1477257591
 142. 104.       -0.2272075909        0.1202114963
 142. 105.        0.1486884476       -0.0847373194
 142. 106.        0.2993695544       -0.4743172599
 142. 107.        0.2103706023       -0.1365910412
 142. 108.        0.2730015480       -0.3427488517
 142. 109.        0.0170742182       -0.0541308700
 142. 110.        0.4392115242       -0.4229413253
 142. 111.        0.2620898141        0.0055072173
 142. 112.        0.0360109049       -0.1546961867
 142. 113.        0.0686250668       -0.1556972558
 142. 114.       -0.8363381914        0.2438443204
 142. 115.        0.2762707904       -0.0324310024
 142. 116.       -0.0208971516       -0.0140216022
 142. 117.        0.0870764375       -0.4439092624
 142. 118.        0.1248345154       -0.1072961933
 142. 119.        0.0105834457        0.0183510537
 142. 120.       -0.3385139194        0.0097862173
 142. 121.       -0.0563983135       -0.5147211217
 142. 122.        0.2411215299        0.0990003404
 142. 123.       -0.1989808520       -0.3365577967
 142. 124.       -0.2128472758       -0.1696667408
 142. 125.        0.2638002191       -0.0381090565
 142. 126.       -0.0481685005       -0.0744207073
 142. 127.       -0.1525055506        0.1305809064
 142. 128.        0.1878119775       -0.3933467322
 142. 129.        0.1382076922        0.1703282538
 142. 130.        0.1418089622       -0.2803658356
 142. 131.       -0.1485746410       -0.2376818894
 142. 132.        0.3735073918       -0.0808989930
 142. 133.        0.0358337397        0.0402965248
 142. 134.        0.4135284376       -0.3642510227
 142. 135.        0.1960684877        0.3477602835
 142. 136.        0.1908191509       -0.3224379010
 142. 137.        0.3355594667        0.5656122909
 142. 138.       -0.0454764672        0.5025051332
 142. 139.        0.4712203090        0.2432945669
 142. 140.        0.2950628879        0.2973571482
 142. 141.        0.2397455821        0.1809887067
 142. 142.        0.1579593407        0.0444349620
 143.   0.       -0.0084842919        0.0000000000
 143.   1.       -0.0366747658        0.0416142341
 143.   2.        0.0680171967        0.3783611855
 143.   3.        0.0728031313        0.2925947103
 143.   4.        0.1231164307        0.0155383422
 143.   5.       -0.0078043034       -0.0449832528
 143.   6.       -0.1806877840        0.1551112581
 143.   7.       -0.0634916326        0.1723283982
 143.   8.        0.0207540441        0.0578105145
 143.   9.        0.2749463814       -0.1275184964
 143.  10.        0.3643204518        0.1570173742
 143.  11.       -0.2131584080       -0.3547698145
 143.  12.        0.0712676147        0.0087386033
 143.  13.        0.0442678744        0.0573367339
 143.  14.       -0.0693465104        0.2586486923
 143.  15.        0.3317671602       -0.0475517266
 143.  16.       -0.1996830044       -0.4420946287
 143.  17.        0.0758068232        0.1491133337
 143.  18.       -0.1128939193       -0.0291990317
 143.  19.       -0.3325278617        0.0520967396
 143.  20.        0.1998899375        0.0425092776
 143.  21.       -0.0914512236        0.0616556078
 143.  22.       -0.2136543811       -0.0433989789
 143.  23.        0.2611302800       -0.1699103159
 143.  24.        0.1292376309       -0.1520172679
 143.  25.        0.0096585656       -0.1564236191
 143.  26.       -0.4028020599        0.2233837014
 143.  27.       -0.2263525022        0.3900060887
 143.  28.        0.1981169154       -0.0337639772
 143.  29.        0.0528864698       -0.0875626000
 143.  30.        0.1242899245       -0.1181423096
 143.  31.       -0.0619235990       -0.0166561215
 143.  32.        0.1745547251       -0.2743708954
 143.  33.       -0.2391611553       -0.0319104493
 143.  34.        0.1052704764        0.1863491432
 143.  35.        0.0626850077        0.0087383937
 143.  36.        0.1951976451       -0.2317961712
 143.  37.       -0.0178753700       -0.1426249426
 143.  38.       -0.1704403752       -0.3177854144
 143.  39.       -0.3433120243       -0.0289567686
 143.  40.        0.3155427396       -0.2911048077
 143.  41.       -0.0016984016       -0.1359966173
 143.  42.        0.0611700455       -0.0315195807
 143.  43.        0.0677906685        0.1313811823
 143.  44.        0.1501995200       -0.1078796266
 143.  45.        0.1930256386       -0.1517058774
 143.  46.       -0.0909006298       -0.0594947965
 143.  47.        0.1400483115       -0.0052175838
 143.  48.        0.1254157495        0.1555887411
 143.  49.       -0.0880711812        0.1450508859
 143.  50.        0.0212733980       -0.0557869869
 143.  51.       -0.2333241977        0.2048862034
 143.  52.       -0.3154771291       -0.2266087709
 143.  53.       -0.0887280158       -0.1310645193
 143.  54.        0.1750447309       -0.1193063174
 143.  55.       -0.0923608353        0.4291293349
 143.  56.       -0.0190070091       -0.0102758506
 143.  57.        0.0890505857       -0.0018658659
 143.  58.       -0.0809398791       -0.0024463235
 143.  59.        0.1391771717        0.2077710946
 143.  60.        0.0534429858       -0.0175313762
 143.  61.        0.0736875075       -0.1082302719
 143.  62.        0.3050778702       -0.0085705224
 143.  63.        0.1067080578        0.0637382355
 143.  64.       -0.0203481353        0.0882304982
 143.  65.       -0.0762904907        0.0925667086
 143.  66.        0.4136894018        0.0688069049
 143.  67.       -0.1065414470       -0.0035850822
 143.  68.       -0.0954345400       -0.0281796634
 143.  69.        0.2799205517       -0.0572632758
 143.  70.       -0.0384757324        0.0709806561
 143.  71.        0.0789488574        0.1397702907
 143.  72.       -0.1190789733        0.3682038344
 143.  73.       -0.0321385346        0.2507233510
 143.  74.       -0.0801007993        0.2533296798
 143.  75.       -0.0860177837        0.0777464248
 143.  76.       -0.1297523399       -0.3684043573
 143.  77.        0.2711038845       -0.0210202011
 143.  78.       -0.0163586139        0.0851116899
 143.  79.       -0.4235938694        0.0373796662
 143.  80.       -0.1731320974        0.2400319520
 143.  81.       -0.3372165593        0.0734608714
 143.  82.        0.0238302045        0.1195215041
 143.  83.       -0.0422779751       -0.0382199583
 143.  84.       -0.2619385298        0.2998969145
 143.  85.       -0.2895679402        0.3726999306
 143.  86.        0.1054076506        0.1729159121
 143.  87.        0.0531352374       -0.0987498307
 143.  88.       -0.0877333158       -0.2483593700
 143.  89.        0.2578654668        0.1740335039
 143.  90.       -0.1603243792        0.3251171908
 143.  91.        0.1283513102       -0.0060190109
 143.  92.        0.3122487380        0.1341396966
 143.  93.        0.2800291980        0.3546167827
 143.  94.        0.1025115806        0.1876483055
 143.  95.        0.0135765106       -0.0388650329
 143.  96.        0.0068755337        0.2794895760
 143.  97.       -0.1888542763       -0.2300087748
 143.  98.       -0.0720234382        0.1060378361
 143.  99.        0.0441635229       -0.0534385934
 143. 100.        0.3996612819        0.2058933961
 143. 101.        0.1935460261        0.1609630679
 143. 102.       -0.3488983332        0.2088267620
 143. 103.        0.0664413839       -0.0705985102
 143. 104.       -0.0192794358       -0.3574883472
 143. 105.        0.1715571730        0.0162419708
 143. 106.       -0.2252775489       -0.2259400626
 143. 107.       -0.2133606905        0.0155970472
 143. 108.       -0.4613548997        0.1300276309
 143. 109.        0.2008452569        0.3983610058
 143. 110.       -0.1389669705       -0.6182446794
 143. 111.       -0.3202679497       -0.1950546129
 143. 112.       -0.2755621033        0.0783746050
 143. 113.        0.1994202866        0.0354242221
 143. 114.       -0.0582550817        0.1107621210
 143. 115.       -0.3010822120       -0.1618410408
 143. 116.       -0.1878275027        0.2042708901
 143. 117.       -0.1029563687       -0.4530989794
 143. 118.        0.5442613487        0.2732572264
 143. 119.        0.0676027159       -0.0181857673
 143. 120.       -0.0908986388        0.0996213019
 143. 121.        0.3541225231        0.0050823491
 143. 122.       -0.2759041321        0.1898602756
 143. 123.       -0.0831455340        0.0104114420
 143. 124.       -0.6289912012        0.1622685532
 143. 125.        0.0291578613       -0.0808615421
 143. 126.        0.1795223103        0.3607605126
 143. 127.       -0.2216995392        0.6998060846
 143. 128.        0.2127924736       -0.4211727359
 143. 129.       -0.0526831541       -0.2951710299
 143. 130.        0.0037871590        0.2294756100
 143. 131.       -0.5633557824        0.1017337529
 143. 132.       -0.2483035096       -0.0009924563
 143. 133.        0.5177156819       -0.1506770723
 143. 134.        0.3017375169        0.3911390647
 143. 135.        0.2980224920       -0.0617528816
 143. 136.       -0.0759461956       -0.5354322106
 143. 137.        0.4955786211       -0.2159381251
 143. 138.       -0.2237283115        0.3056260961
 143. 139.        0.3354002771       -0.0056305809
 143. 140.        0.0213763694        0.0697107641
 143. 141.       -0.2032773533        0.2452598188
 143. 142.       -0.3322134767        0.0025672751
 143. 143.        0.6024583122        0.1007190032
 144.   0.        0.0444814317        0.0000000000
 144.   1.       -0.1460344325       -0.1212509699
 144.   2.        0.1668319514        0.1588026815
 144.   3.        0.1381086011        0.3237414938
 144.   4.       -0.1339511762        0.1655920478
 144.   5.       -0.1425246110       -0.3815682343
 144.   6.        0.2429035223        0.0553575246
 144.   7.        0.1844367526        0.0883097004
 144.   8.       -0.4015591720       -0.0140015966
 144.   9.        0.3656568894       -0.1085140103
 144.  10.        0.1142870937        0.1575430127
 144.  11.       -0.0838866116        0.2234080584
 144.  12.       -0.0501429728       -0.0766319473
 144.  13.        0.0383777006       -0.4275513736
 144.  14.       -0.2825176223       -0.1096541962
 144.  15.       -0.0808327570       -0.0792842420
 144.  16.        0.1690618522        0.1096503522
 144.  17.        0.2732009522       -0.2432127261
 144.  18.       -0.0820291700        0.0216149871
 144.  19.        0.0165586678       -0.0220605383
 144.  20.        0.0656856601       -0.0077819891
 144.  21.        0.0145772291        0.0370535077
 144.  22.       -0.0601642229       -0.0017531205
 144.  23.        0.1692390315       -0.1794524439
 144.  24.        0.0118582758        0.3140936641
 144.  25.        0.2091746308       -0.2430043659
 144.  26.       -0.0875283733       -0.0492425665
 144.  27.        0.1113676931       -0.0679154426
 144.  28.        0.1339372261        0.0703166771
 144.  29.       -0.0567247620        0.1038025071
 144.  30.       -0.1156232051       -0.1211457367
 144.  31.        0.0108240282        0.2311186757
 144.  32.       -0.2895064619       -0.0355063057
 144.  33.        0.1950450588       -0.1229417737
 144.  34.       -0.1940810429        0.0985375506
 144.  35.       -0.0607852809        0.1251947380
 144.  36.        0.1139867340       -0.0886401898
 144.  37.        0.3446174013        0.2793522346
 144.  38.       -0.2245414846       -0.2173652739
 144.  39.        0.2683149780        0.0460332783
 144.  40.       -0.0157600980       -0.0930206996
 144.  41.        0.2647846805       -0.2314459323
 144.  42.        0.2744855389       -0.0219214140
 144.  43.       -0.4043793238        0.0052811784
 144.  44.       -0.1621277741       -0.0699879543
 144.  45.       -0.0209945843       -0.0259056294
 144.  46.       -0.1230960302        0.1859918580
 144.  47.       -0.0169608721       -0.0290776418
 144.  48.       -0.0276339649        0.0266278454
 144.  49.        0.3097034735        0.1467335764
 144.  50.       -0.3482106620       -0.1942206805
 144.  51.       -0.2536511810       -0.0478592544
 144.  52.       -0.0701882880        0.1678610621
 144.  53.        0.3661509402        0.3576350997
 144.  54.        0.0667153278       -0.0321532648
 144.  55.       -0.0041444774       -0.0575965388
 144.  56.       -0.0470717135        0.2412595105
 144.  57.       -0.1853149569        0.0459081900
 144.  58.        0.1998869022       -0.0589228034
 144.  59.        0.1212399577        0.2492043641
 144.  60.        0.0848335059        0.0019316935
 144.  61.        0.1639391944       -0.0735554774
 144.  62.       -0.5020217568       -0.2086191601
 144.  63.        0.3942207974       -0.0638458630
 144.  64.       -0.0236910107       -0.0619356102
 144.  65.       -0.0640722138       -0.0533252362
 144.  66.        0.2342480716       -0.1675126397
 144.  67.       -0.1722359431        0.3259889906
 144.  68.       -0.1056244480       -0.0553596176
 144.  69.       -0.2906011672       -0.0227551364
 144.  70.        0.2518177030        0.4263070903
 144.  71.        0.1041173828       -0.0520920721
 144.  72.       -0.4729796024        0.1039415724
 144.  73.        0.2347367226       -0.1044963983
 144.  74.        0.0015286544       -0.1435907408
 144.  75.        0.4324660748        0.1279641895
 144.  76.        0.0361948888        0.0484682929
 144.  77.       -0.0218786561       -0.0011667153
 144.  78.        0.1113029960        0.2186874264
 144.  79.       -0.2280277633        0.1134374139
 144.  80.       -0.2493460825       -0.2282792868
 144.  81.        0.2417864922        0.2050889643
 144.  82.       -0.0377639429        0.0611604733
 144.  83.        0.1988220057        0.1359334621
 144.  84.       -0.0096416885        0.0551331009
 144.  85.       -0.1331775307       -0.2839542410
 144.  86.        0.0262750624       -0.0817766408
 144.  87.       -0.2196728228       -0.3630970834
 144.  88.        0.2003685081       -0.2519596245
 144.  89.       -0.2849867374        0.3496875466
 144.  90.        0.0438661396       -0.0464848171
 144.  91.       -0.1007704113       -0.1033735675
 144.  92.        0.1612680687       -0.1740287817
 144.  93.        0.3425496454        0.1056855853
 144.  94.        0.0107397589        0.0685799206
 144.  95.        0.1030538740        0.5526832939
 144.  96.        0.0075613032       -0.3251301974
 144.  97.        0.2266038926        0.0990621595
 144.  98.       -0.2325388616       -0.3058222403
 144.  99.        0.2467314772       -0.0502763690
 144. 100.        0.3023233609       -0.4501553656
 144. 101.        0.2034555193        0.0584369147
 144. 102.        0.2634695157       -0.2333028928
 144. 103.       -0.1212980390       -0.0301474219
 144. 104.        0.0693423711       -0.4375571197
 144. 105.        0.4022564567       -0.1221328781
 144. 106.        0.0837296345        0.1481458424
 144. 107.       -0.0121595963       -0.0174133769
 144. 108.       -0.0127958378       -0.2952330862
 144. 109.       -0.5704468076       -0.2923794368
 144. 110.       -0.2086371528       -0.3366768851
 144. 111.       -0.0000812005       -0.0658069263
 144. 112.       -0.1807963599        0.1761574136
 144. 113.       -0.0816310535       -0.0706506299
 144. 114.        0.0925133768        0.0009469729
 144. 115.        0.0510729393        0.1229853381
 144. 116.       -0.1517965852        0.4436038665
 144. 117.        0.0780938719        0.3777410977
 144. 118.       -0.1915435143       -0.3102587046
 144. 119.       -0.0871017431       -0.1777344804
 144. 120.        0.2188014714        0.0468139137
 144. 121.       -0.0059145960       -0.2737166012
 144. 122.        0.6371971958       -0.0285605786
 144. 123.       -0.1057668740       -0.3773342812
 144. 124.       -0.0270360566        0.0759146457
 144. 125.       -0.2413381781       -0.3627271851
 144. 126.       -0.2818104101       -0.2460127484
 144. 127.       -0.1078221537       -0.0597717203
 144. 128.       -0.0554850621       -0.0262906246
 144. 129.        0.2483394850       -0.1243112341
 144. 130.        0.4512966902       -0.0949670931
 144. 131.        0.1797906639        0.5947279294
 144. 132.       -0.1089504967       -0.1601144880
 144. 133.       -0.5145918793       -0.2615237399
 144. 134.        0.5292810896        0.3137559190
 144. 135.       -0.1445785692        0.1407187899
 144. 136.        0.3114336337        0.0965406257
 144. 137.       -0.0608832239       -0.0747253319
 144. 138.        0.0230877120       -0.0234987882
 144. 139.        0.1633259852       -0.1215960136
 144. 140.       -0.1142039290       -0.2299871324
 144. 141.        0.3808434489        0.5455988029
 144. 142.       -0.1287931962        0.1210705244
 144. 143.       -0.3014645516        0.1310819122
 144. 144.        0.0777175631       -0.2410661407
 145.   0.        0.1931653035        0.0000000000
 145.   1.        0.1451347321       -0.0045776182
 145.   2.       -0.0999994339       -0.2023082800
 145.   3.        0.0757947754       -0.2317563925
 145.   4.        0.1590602532       -0.1449570268
 145.   5.        0.1129420081       -0.0750594791
 145.   6.       -0.0818097321       -0.2951351440
 145.   7.        0.0769919782       -0.1253060891
 145.   8.        0.0801622001        0.2747338928
 145.   9.       -0.2406957236        0.0660278286
 145.  10.       -0.0312081278       -0.2332696700
 145.  11.        0.1499906712        0.0101443388
 145.  12.       -0.2623354478        0.1434545865
 145.  13.        0.1541367494       -0.0388386995
 145.  14.        0.1537287801       -0.3485266950
 145.  15.        0.0090644996       -0.2144300777
 145.  16.       -0.1366757343        0.2596961951
 145.  17.       -0.1337892794        0.0547404667
 145.  18.        0.3219554095        0.2418265657
 145.  19.        0.2506357473        0.0128987256
 145.  20.       -0.0337490680       -0.1120900511
 145.  21.       -0.0414470053       -0.0826848894
 145.  22.        0.0922730305       -0.0469336611
 145.  23.       -0.3753045856        0.3205776257
 145.  24.        0.0169253382       -0.0766294103
 145.  25.       -0.1114634169       -0.0976065243
 145.  26.        0.2249847771        0.1306915205
 145.  27.        0.2110886475       -0.3517608829
 145.  28.       -0.2104086998        0.1132280467
 145.  29.       -0.0210959468       -0.1442825457
 145.  30.       -0.0194824534        0.0547294153
 145.  31.        0.3033684409       -0.1246692427
 145.  32.       -0.3642856591       -0.0278650343
 145.  33.       -0.0358395125       -0.0508240484
 145.  34.       -0.1613241675        0.0018293912
 145.  35.        0.0431368303        0.1548317701
 145.  36.        0.0467803778        0.1751464992
 145.  37.        0.0770059759       -0.0850616136
 145.  38.        0.0853987678        0.4410563626
 145.  39.        0.1548629808        0.1398734595
 145.  40.       -0.0787338764        0.0672562698
 145.  41.       -0.0655017606       -0.0678394408
 145.  42.        0.0741411713        0.2089216829
 145.  43.        0.1172842899        0.1574216797
 145.  44.       -0.2493092930        0.0181669645
 145.  45.       -0.3361810568       -0.0663516336
 145.  46.       -0.0939077308        0.1886412707
 145.  47.        0.1450685393        0.0746221822
 145.  48.        0.0070485137        0.0920189898
 145.  49.        0.2579649700       -0.0380844673
 145.  50.        0.0872114360       -0.0285721333
 145.  51.        0.0526897269       -0.2121663392
 145.  52.        0.2406111363       -0.0008107401
 145.  53.        0.2616175530        0.0025659158
 145.  54.        0.1627491513        0.3707581651
 145.  55.        0.1946074407       -0.2975701451
 145.  56.        0.2490437842        0.1137814209
 145.  57.        0.0107178762       -0.1914408384
 145.  58.        0.1432128220       -0.1730718612
 145.  59.        0.1062612028       -0.1493587899
 145.  60.       -0.1891483072       -0.0439388450
 145.  61.       -0.0242276154        0.2371092695
 145.  62.       -0.0469374325        0.1785348021
 145.  63.        0.1291146524       -0.2797357107
 145.  64.       -0.0813509577       -0.0923410718
 145.  65.       -0.0862505036       -0.1186448423
 145.  66.       -0.0600814653        0.1214467714
 145.  67.        0.1806288734        0.0173982578
 145.  68.        0.3003505272        0.3391384381
 145.  69.        0.0704694078        0.3389184112
 145.  70.        0.1470094844       -0.1069181059
 145.  71.        0.0450227789        0.2264528817
 145.  72.        0.1275071587       -0.1394570839
 145.  73.        0.1520422239       -0.4211446362
 145.  74.        0.0938082870        0.4683472383
 145.  75.        0.0863824082        0.0166520649
 145.  76.        0.0653512922       -0.0691252357
 145.  77.        0.0254354610        0.2239891869
 145.  78.       -0.0660938505        0.0868422626
 145.  79.        0.1170618734        0.0995624322
 145.  80.       -0.0737263623       -0.4375332498
 145.  81.       -0.1317490234       -0.0560249484
 145.  82.       -0.1678848087        0.1214575095
 145.  83.        0.2878733711        0.1572640189
 145.  84.       -0.0303142581        0.2287762095
 145.  85.        0.1254006561       -0.2524286106
 145.  86.       -0.0658732376       -0.0065301319
 145.  87.        0.2175779406       -0.2748679281
 145.  88.       -0.0917135423        0.3201609750
 145.  89.       -0.1142529455       -0.0875214694
 145.  90.       -0.3403577627       -0.0734484486
 145.  91.       -0.0270123946       -0.0029009849
 145.  92.        0.1819250845        0.0020542082
 145.  93.       -0.2307205178       -0.2942795823
 145.  94.       -0.1801520800        0.2459549934
 145.  95.        0.4412531978       -0.2880958610
 145.  96.       -0.1382774347        0.0386088195
 145.  97.        0.1261066340       -0.1199946866
 145.  98.        0.2078451028       -0.2970445512
 145.  99.        0.1978292389       -0.0295896944
 145. 100.        0.1006917113        0.0002296084
 145. 101.       -0.0658508155       -0.2986163508
 145. 102.       -0.0360569849        0.1027862608
 145. 103.        0.1987555253        0.1582220138
 145. 104.        0.0358044776       -0.2752881645
 145. 105.       -0.0393864654       -0.0822892021
 145. 106.        0.3730441660        0.2184106167
 145. 107.        0.3920412318       -0.5189270897
 145. 108.       -0.2623622316       -0.1038543188
 145. 109.        0.0561293603        0.1260500056
 145. 110.        0.1213719513       -0.6969772049
 145. 111.        0.0397387061        0.0209518947
 145. 112.        0.0015446298        0.0611228164
 145. 113.        0.2421808422        0.1202134640
 145. 114.        0.2803477150       -0.0148931330
 145. 115.        0.2492292924       -0.1286698724
 145. 116.        0.0764993444        0.1475991295
 145. 117.       -0.0530399959        0.0218491164
 145. 118.        0.0431104013        0.3594331754
 145. 119.       -0.3099236204       -0.3445594255
 145. 120.        0.2179879574       -0.0778429808
 145. 121.        0.1974398658       -0.2663676390
 145. 122.        0.3711028868       -0.1108810268
 145. 123.        0.0438612998        0.0744219285
 145. 124.        0.0229635024        0.1124803286
 145. 125.       -0.0726000416       -0.1825284429
 145. 126.        0.4168654701       -0.0993895490
 145. 127.        0.1570945337       -0.2748703193
 145. 128.        0.1722615845        0.3743459585
 145. 129.       -0.0757741759        0.1702295677
 145. 130.       -0.2045987239       -0.4712089735
 145. 131.        0.3838195078       -0.0666798863
 145. 132.        0.1611117481        0.3656407491
 145. 133.       -0.1861913583        0.2501580284
 145. 134.        0.1832908703       -0.5666662790
 145. 135.        0.0960179998        0.1631376854
 145. 136.       -0.1557296357        0.2045169206
 145. 137.        0.2139335856       -0.0077760496
 145. 138.        0.0359650868        0.4508867158
 145. 139.        0.0258423357       -0.1554253363
 145. 140.       -0.0498891811       -0.0467175313
 145. 141.        0.2052295019       -0.0206510041
 145. 142.        0.0542226167        0.2081295577
 145. 143.        0.4046744289        0.0748893883
 145. 144.       -0.5009734231        0.1436687994
 145. 145.        0.4570894161        0.3390212036
 146.   0.       -0.1862317125        0.0000000000
 146.   1.        0.1872475059        0.1318685654
 146.   2.       -0.2049375035        0.0630945607
 146.   3.       -0.2192230235        0.0763018735
 146.   4.        0.0654140330       -0.0605668881
 146.   5.        0.2807125260        0.3495021506
 146.   6.       -0.1255908763       -0.0449810506
 146.   7.       -0.0106179163       -0.3143066920
 146.   8.        0.1864670032        0.0420666276
 146.   9.       -0.2455036068        0.3062606770
 146.  10.        0.2999406852       -0.0835630539
 146.  11.        0.2448813148       -0.1418951977
 146.  12.       -0.0017023729       -0.0050428279
 146.  13.       -0.0210985701        0.0679918258
 146.  14.        0.1569391910        0.0897338135
 146.  15.        0.1804610453       -0.0820774347
 146.  16.       -0.0395495043        0.1180790832
 146.  17.       -0.2677674554        0.1631285067
 146.  18.       -0.0084305104        0.0702276003
 146.  19.        0.1167161535        0.0315279969
 146.  20.        0.1271529698       -0.0032135134
 146.  21.       -0.1016187146       -0.2033247142
 146.  22.        0.0798550668       -0.0235850605
 146.  23.       -0.0409013308       -0.0857497776
 146.  24.       -0.1225719762       -0.1785786036
 146.  25.       -0.1852916537        0.0085768143
 146.  26.        0.1296903192       -0.0815793814
 146.  27.       -0.1065022299        0.2262782265
 146.  28.       -0.1208202087       -0.1879016281
 146.  29.       -0.1134666692        0.0355318784
 146.  30.        0.1992542311        0.1023821632
 146.  31.       -0.4263093700        0.1252552299
 146.  32.        0.3096874816        0.1069642978
 146.  33.       -0.1752589339        0.0545962067
 146.  34.        0.1661747189       -0.0575969755
 146.  35.       -0.0883579530        0.0164263363
 146.  36.       -0.1999270466        0.2479788489
 146.  37.       -0.2379923073       -0.2246672764
 146.  38.        0.0104197920        0.2121244416
 146.  39.       -0.2798451629        0.1553150340
 146.  40.       -0.0116357123        0.1718086009
 146.  41.       -0.3530778096        0.1114578442
 146.  42.        0.1107809755       -0.1484588433
 146.  43.        0.2708544533        0.1572184820
 146.  44.        0.0871680183        0.0100515199
 146.  45.       -0.1606110044       -0.0559522066
 146.  46.        0.1318135652       -0.2969814419
 146.  47.       -0.1713536194       -0.0013598783
 146.  48.        0.2319198948        0.0230593727
 146.  49.       -0.4318229724       -0.2302717495
 146.  50.        0.1843220845       -0.1143218657
 146.  51.       -0.1515129721        0.0361726282
 146.  52.        0.0518452456        0.0936444325
 146.  53.       -0.0420313286       -0.2112240819
 146.  54.       -0.1231939882        0.3396222232
 146.  55.       -0.1230927148        0.2771760773
 146.  56.        0.1909980990       -0.1964310076
 146.  57.       -0.3381188840       -0.0312528185
 146.  58.        0.0272513786       -0.2366909025
 146.  59.       -0.4155994015       -0.4097379669
 146.  60.       -0.1184715115        0.1085032740
 146.  61.       -0.1560924614        0.2821059335
 146.  62.        0.0737213469        0.0186510539
 146.  63.       -0.0141867194        0.2276402963
 146.  64.       -0.1000938283       -0.0300488257
 146.  65.       -0.1529999918        0.0628911077
 146.  66.        0.1774735369        0.1254088515
 146.  67.        0.2189095847       -0.2088726241
 146.  68.        0.3620384520       -0.2594981125
 146.  69.        0.0857896474        0.1383598180
 146.  70.        0.0048544221       -0.0824225473
 146.  71.       -0.0718005884        0.2717836701
 146.  72.        0.1131747101       -0.0553878698
 146.  73.       -0.0890437346        0.2965654236
 146.  74.       -0.3131797450        0.0382383729
 146.  75.       -0.2244177097       -0.1156485802
 146.  76.       -0.4000138525        0.0438868183
 146.  77.        0.0716335465        0.1804766286
 146.  78.        0.3368425147       -0.2841619663
 146.  79.        0.1866767547        0.1916894002
 146.  80.        0.2477020870       -0.2762289483
 146.  81.        0.0527078189        0.3376888505
 146.  82.        0.0157088890       -0.0230530239
 146.  83.        0.1224752868       -0.1890375670
 146.  84.        0.1874629696        0.2630709968
 146.  85.       -0.2903535173        0.0683974749
 146.  86.       -0.1391140529       -0.3369503379
 146.  87.        0.1345979734        0.1221908903
 146.  88.        0.1410454298        0.0883315516
 146.  89.        0.1882715753       -0.1452547543
 146.  90.        0.0749294066        0.1788114388
 146.  91.        0.3536319061       -0.1116091962
 146.  92.        0.0846244485        0.2637309103
 146.  93.        0.2795426299        0.5520081937
 146.  94.        0.2018959274        0.1653903714
 146.  95.        0.0888716115        0.1677255471
 146.  96.        0.1822953479       -0.0469217000
 146.  97.        0.0464773760        0.0134041954
 146.  98.        0.0945987280       -0.4486664593
 146.  99.        0.1952245023       -0.2486264518
 146. 100.       -0.2256729345       -0.1387998908
 146. 101.       -0.0459041625        0.5980720797
 146. 102.       -0.1419620845       -0.0698344851
 146. 103.        0.1374867897        0.2851169086
 146. 104.        0.0827443821       -0.1813043111
 146. 105.        0.1403930902       -0.0246659049
 146. 106.        0.2808902639        0.0872854194
 146. 107.       -0.3490780420        0.1148969717
 146. 108.        0.1313589335       -0.1388820035
 146. 109.       -0.2837400020       -0.2186807359
 146. 110.       -0.1007281318        0.0418000984
 146. 111.        0.1532086972        0.1118138763
 146. 112.        0.0949855269       -0.1291343109
 146. 113.        0.2307580110        0.0875888992
 146. 114.        0.1846521335        0.0162155970
 146. 115.        0.1062720310       -0.2615298479
 146. 116.        0.2740938713        0.0966613147
 146. 117.        0.1511392491        0.0165953265
 146. 118.       -0.3263549925        0.1591752721
 146. 119.        0.0629791140       -0.0102548909
 146. 120.        0.1851425819       -0.0797005667
 146. 121.        0.3013933520       -0.0026689064
 146. 122.       -0.2288241215        0.1445333887
 146. 123.        0.2623929719       -0.3795095094
 146. 124.        0.3118638919       -0.0858368139
 146. 125.       -0.0390784517        0.1163289569
 146. 126.       -0.0544480915        0.0296564368
 146. 127.        0.4320271642       -0.2930303840
 146. 128.        0.2863689088        0.6348692164
 146. 129.        0.2126869491        0.1143586305
 146. 130.        0.0673352955        0.0363074237
 146. 131.        0.1275122571        0.0210032636
 146. 132.        0.3906840967       -0.3230028235
 146. 133.       -0.4372768785       -0.3493442312
 146. 134.       -0.0401623469        0.4521409570
 146. 135.        0.2851464239        0.0604835202
 146. 136.        0.5248347172        0.1049573218
 146. 137.        0.0992369389       -0.0874030566
 146. 138.        0.3869754695       -0.0334258535
 146. 139.        0.1703840387        0.0191213427
 146. 140.        0.1538239325       -0.3500725144
 146. 141.       -0.2504551918       -0.2372392690
 146. 142.       -0.1001108394        0.4391121411
 146. 143.       -0.0279491427        0.3841295207
 146. 144.       -0.1570463999       -0.0605574102
 146. 145.        0.2061012683       -0.3425780329
 146. 146.        0.0293416489        0.3190704871
 147.   0.       -0.1579540389        0.0000000000
 147.   1.       -0.0984661405        0.0306749195
 147.   2.        0.1126593791       -0.1839076275
 147.   3.       -0.0261566978       -0.0257392630
 147.   4.       -0.0348295050        0.0462880391
 147.   5.        0.1532318051        0.2108848865
 147.   6.        0.3731535676        0.1607507723
 147.   7.        0.1138121762       -0.1298794233
 147.   8.        0.0619721626       -0.1019161395
 147.   9.        0.1877060721       -0.0885881046
 147.  10.       -0.0310428061        0.0504459680
 147.  11.       -0.0381565096        0.0001725605
 147.  12.        0.2749821361       -0.0927552783
 147.  13.       -0.1774188208        0.1926427954
 147.  14.       -0.1645298238        0.1962124502
 147.  15.       -0.1585525760        0.3089535733
 147.  16.        0.1247433115        0.1117910367
 147.  17.        0.2858281140       -0.1225102253
 147.  18.       -0.3283947467        0.0326033821
 147.  19.        0.0792955265       -0.1836878790
 147.  20.       -0.1887673331       -0.0042907911
 147.  21.        0.0759657859       -0.0319261075
 147.  22.        0.1569065020        0.0270531036
 147.  23.        0.4294150087       -0.2773692453
 147.  24.       -0.1770527926        0.0114103030
 147.  25.        0.1088765479        0.0556134031
 147.  26.        0.3865130454       -0.1673473443
 147.  27.       -0.0967107007        0.3226469187
 147.  28.       -0.0971745024       -0.1227029834
 147.  29.       -0.1050685809        0.1611796846
 147.  30.        0.1547795356       -0.1425258089
 147.  31.       -0.0021691358       -0.1265976001
 147.  32.        0.0840525104        0.0435832250
 147.  33.        0.0277197446        0.1288220352
 147.  34.        0.2820181511       -0.1062867261
 147.  35.        0.2274061084       -0.1699689932
 147.  36.       -0.0125925167       -0.0594814380
 147.  37.        0.2157257316        0.1233644344
 147.  38.        0.2777386708       -0.0792006954
 147.  39.        0.1087234468        0.0012363890
 147.  40.       -0.4378626860        0.1364551094
 147.  41.        0.2137440593        0.0758197446
 147.  42.       -0.1098616436       -0.1054018887
 147.  43.        0.0127502748       -0.3071190418
 147.  44.       -0.0589943650       -0.2010748561
 147.  45.        0.1781824535        0.2113741446
 147.  46.        0.0394632560       -0.0957332556
 147.  47.       -0.1604536905       -0.0357088930
 147.  48.        0.0872885116       -0.4305378412
 147.  49.       -0.0151238557       -0.1986017305
 147.  50.       -0.3186711882       -0.0288455031
 147.  51.       -0.0273777502       -0.0729212066
 147.  52.       -0.2093306689        0.0122255379
 147.  53.       -0.2531402491        0.0195360778
 147.  54.       -0.2079367865       -0.2021136344
 147.  55.       -0.3629646802        0.2911812655
 147.  56.       -0.1843737830       -0.1450238036
 147.  57.        0.1701876209        0.1570837412
 147.  58.       -0.2207435919       -0.2325842721
 147.  59.       -0.0773243880       -0.3151425844
 147.  60.        0.2833277501        0.3284536047
 147.  61.       -0.1093316304       -0.0568217635
 147.  62.       -0.0856789958       -0.2801924864
 147.  63.       -0.1660028219        0.0419921536
 147.  64.       -0.0284520941       -0.0193504374
 147.  65.        0.0414866131        0.2195536771
 147.  66.        0.0055095641       -0.0488738585
 147.  67.       -0.2641887880       -0.1324593251
 147.  68.        0.0509795573       -0.2768451729
 147.  69.       -0.0750546257        0.1838005134
 147.  70.        0.0808987697       -0.0798905572
 147.  71.        0.2249351185       -0.2801698972
 147.  72.        0.0277989622       -0.0157939133
 147.  73.       -0.1507596708       -0.0570072455
 147.  74.       -0.1342095367       -0.1883328060
 147.  75.       -0.2047336474       -0.2326625203
 147.  76.       -0.1582265197        0.1880553346
 147.  77.        0.0652291380       -0.1525719482
 147.  78.        0.3759849643       -0.1231572379
 147.  79.       -0.0226651795       -0.1471733756
 147.  80.       -0.1729359161       -0.0207219286
 147.  81.       -0.0915201397       -0.3362025863
 147.  82.        0.2524580138        0.3326834245
 147.  83.        0.0603475445       -0.0553055084
 147.  84.        0.1806204250        0.2270620952
 147.  85.        0.2533756301       -0.1021104577
 147.  86.       -0.0355010284       -0.1049447467
 147.  87.        0.0776026612        0.1866273674
 147.  88.       -0.0662684906       -0.1974866105
 147.  89.        0.1137807078       -0.1653160435
 147.  90.        0.0753562319       -0.2922566856
 147.  91.        0.0218230643       -0.0016505443
 147.  92.        0.0753509130       -0.1402748144
 147.  93.       -0.4636231509       -0.2693662430
 147.  94.        0.2626687182       -0.0327047324
 147.  95.       -0.2095927003       -0.1656107853
 147.  96.       -0.2422324968       -0.0156748025
 147.  97.       -0.1115639793       -0.0589599459
 147.  98.       -0.1848977079       -0.0575971470
 147.  99.       -0.2930126041       -0.3603219548
 147. 100.       -0.0012052372       -0.2065502953
 147. 101.        0.1901408646       -0.1103614857
 147. 102.        0.2763776847        0.2129116031
 147. 103.        0.2291462485       -0.0445609162
 147. 104.        0.0074699182        0.0488309046
 147. 105.        0.1433508546        0.1141303022
 147. 106.       -0.0465417899        0.1507276196
 147. 107.        0.1178607947        0.0380477781
 147. 108.       -0.3115618509        0.1474617409
 147. 109.        0.0703462574       -0.4941523326
 147. 110.       -0.5553516202       -0.4826775849
 147. 111.       -0.2562077674        0.4245614463
 147. 112.        0.8843632509       -0.4875484275
 147. 113.       -0.0081218812       -0.0808677428
 147. 114.       -0.1742502621        0.2641986815
 147. 115.       -0.2458533852        0.2455018574
 147. 116.       -0.1363003141       -0.1099545695
 147. 117.       -0.4211155676       -0.0919281132
 147. 118.       -0.2084450719        0.0712436374
 147. 119.       -0.1039833358        0.3738167276
 147. 120.        0.4942462511        0.0478341225
 147. 121.       -0.3143863991        0.0198855328
 147. 122.       -0.0399498875        0.0591185009
 147. 123.        0.3493018264        0.0824844382
 147. 124.        0.1737793063        0.1838585426
 147. 125.        0.3232024636        0.0964782903
 147. 126.        0.3322747473       -0.6041141329
 147. 127.        0.5462911959       -0.0671014828
 147. 128.        0.4041636342        0.2560478606
 147. 129.       -0.4582235369       -0.0457485326
 147. 130.       -0.1152287217       -0.0243044826
 147. 131.        0.2616844859        0.1671421573
 147. 132.       -0.0959329253        0.0118108565
 147. 133.        0.3864164601        0.0066003299
 147. 134.        0.0092354490        0.2775289943
 147. 135.        0.3485248971       -0.2968607067
 147. 136.        0.3512303831       -0.2007806794
 147. 137.       -0.0963105282        0.1658698110
 147. 138.       -0.0581473031        0.1306831497
 147. 139.        0.4748839515       -0.0643363078
 147. 140.       -0.3327818213        0.0693954117
 147. 141.        0.0350179615        0.1254778532
 147. 142.       -0.2050955798       -0.0319211327
 147. 143.        0.1545313792        0.3120047643
 147. 144.       -0.2404695131       -0.1302151821
 147. 145.       -0.3487050539       -0.1108225667
 147. 146.       -0.1930132509       -0.4995927179
 147. 147.        0.2266310011       -0.2444333860
 148.   0.        0.1377062292        0.0000000000
 148.   1.       -0.0208204717       -0.0607812814
 148.   2.        0.1482213980       -0.2098352068
 148.   3.        0.0944461870       -0.2603286976
 148.   4.       -0.0327178046       -0.0218337955
 148.   5.        0.0194404955        0.0718088329
 148.   6.        0.1615896279        0.0453711000
 148.   7.       -0.0671173942        0.0024444205
 148.   8.        0.0515521729       -0.0445572232
 148.   9.        0.1757982524       -0.1269850987
 148.  10.       -0.2720970723       -0.1822042752
 148.  11.       -0.1104691227        0.0017670959
 148.  12.       -0.0863901307        0.1293791936
 148.  13.       -0.1019997826        0.1639422897
 148.  14.        0.0412374820       -0.0736164581
 148.  15.       -0.0381581954       -0.0664263216
 148.  16.       -0.1072257539       -0.1747067293
 148.  17.        0.2451846379       -0.0454768679
 148.  18.       -0.0905741540        0.1248456058
 148.  19.       -0.1214430948        0.0488618535
 148.  20.       -0.0987705157       -0.1076902187
 148.  21.        0.2650961034        0.0501646503
 148.  22.       -0.1138254409        0.1222985445
 148.  23.        0.1831957351        0.1014540830
 148.  24.        0.0461239992       -0.0698693344
 148.  25.        0.1327039943       -0.1577433865
 148.  26.        0.0467252709        0.1967634850
 148.  27.        0.1374793894       -0.0982072679
 148.  28.       -0.0223834816        0.1445761125
 148.  29.       -0.0979667463       -0.0532916149
 148.  30.       -0.0684646331        0.0674169956
 148.  31.        0.0971974359       -0.0551419423
 148.  32.        0.1323799755       -0.0562727962
 148.  33.       -0.0133800386       -0.3058730331
 148.  34.       -0.0314999435       -0.0811228111
 148.  35.        0.0911456122       -0.0929930995
 148.  36.        0.0444271547       -0.2679759462
 148.  37.       -0.1042755854       -0.1385478208
 148.  38.        0.0311242525        0.0056172064
 148.  39.        0.3349142358        0.0083199359
 148.  40.       -0.1580076483       -0.0211033161
 148.  41.        0.0900895631       -0.2198773912
 148.  42.       -0.2196056996       -0.0932392509
 148.  43.       -0.2154740548       -0.0899742314
 148.  44.        0.0328583051       -0.1984879088
 148.  45.        0.1438240345       -0.0790262576
 148.  46.        0.0655655407        0.2513794852
 148.  47.        0.2399709041        0.2366383426
 148.  48.       -0.1282406244       -0.0502512568
 148.  49.        0.1629284328        0.0295790019
 148.  50.       -0.1196940099       -0.0929639884
 148.  51.       -0.1442752748        0.0098242231
 148.  52.        0.0455581061       -0.1188293460
 148.  53.       -0.0544803253        0.3429028843
 148.  54.        0.1086725141        0.0847560416
 148.  55.       -0.0787670353       -0.2494329291
 148.  56.       -0.2077492991        0.1675983072
 148.  57.        0.0157656254       -0.0523553997
 148.  58.        0.0942488199        0.0675631801
 148.  59.        0.3504858952        0.2951819662
 148.  60.        0.1852558120       -0.0192082117
 148.  61.        0.2854868680        0.0710459825
 148.  62.        0.0368041054       -0.0055498747
 148.  63.        0.2304625753       -0.1936845258
 148.  64.        0.2278788633        0.1826444101
 148.  65.        0.1050269592       -0.0089355439
 148.  66.       -0.0049469288       -0.0793351120
 148.  67.       -0.1049417647       -0.1956465862
 148.  68.       -0.0663838422       -0.0065948251
 148.  69.        0.0247291727       -0.1288051393
 148.  70.       -0.0288640274       -0.2470962686
 148.  71.       -0.1414234678        0.0081505683
 148.  72.       -0.1364935479       -0.2093707945
 148.  73.        0.2212110247       -0.1034227499
 148.  74.        0.1977796076       -0.1855473466
 148.  75.        0.0032094874        0.2056777719
 148.  76.        0.2928335233        0.1259327199
 148.  77.        0.2271963761       -0.2373532476
 148.  78.        0.0251350891       -0.2704069646
 148.  79.        0.0103919386        0.1809977766
 148.  80.        0.1104410612        0.1649891410
 148.  81.       -0.0770263196        0.1234750883
 148.  82.        0.2373928522       -0.1627589508
 148.  83.       -0.2806418713       -0.1332098278
 148.  84.       -0.3277676591       -0.2540138039
 148.  85.        0.3550525486        0.0836012535
 148.  86.        0.1013321918        0.1402506145
 148.  87.       -0.1288836716        0.3905619651
 148.  88.        0.0591401184        0.1531269524
 148.  89.        0.0402694737       -0.5372238292
 148.  90.        0.1433585851        0.2483804284
 148.  91.        0.0498923277        0.1267168395
 148.  92.        0.2841355474       -0.1689488569
 148.  93.       -0.0340299845        0.1336903417
 148.  94.       -0.0390524095        0.1664768072
 148.  95.        0.2743691338       -0.2185861971
 148.  96.        0.1819755812        0.0148904494
 148.  97.       -0.0905227684       -0.0959751383
 148.  98.        0.0696529122        0.1385683689
 148.  99.        0.2047545552       -0.0836037989
 148. 100.        0.2795518741       -0.0132706821
 148. 101.       -0.0840097408        0.2158753979
 148. 102.        0.3058982592       -0.2288135277
 148. 103.        0.0790940648        0.1421889962
 148. 104.       -0.1210503677        0.0257558472
 148. 105.        0.3993840692       -0.2888326135
 148. 106.        0.0813334002        0.0958259705
 148. 107.       -0.2475960067        0.3036309156
 148. 108.        0.1560286465       -0.0674867287
 148. 109.        0.0160920899        0.0212827526
 148. 110.        0.1810040093        0.0395935519
 148. 111.       -0.2920825492       -0.0038639274
 148. 112.        0.0204827211       -0.2014577695
 148. 113.        0.1125306093       -0.0968428176
 148. 114.       -0.1225223443        0.2364051852
 148. 115.       -0.2241840034       -0.2020888372
 148. 116.       -0.2545151174        0.1482459782
 148. 117.       -0.1022520751        0.1196410024
 148. 118.        0.0860490391        0.4594170534
 148. 119.        0.2426545288        0.2498550314
 148. 120.       -0.2575196569        0.5850784742
 148. 121.        0.1260311587        0.1175336877
 148. 122.       -0.0850610452       -0.3590041598
 148. 123.       -0.3226031185       -0.0598495016
 148. 124.        0.2226580138       -0.2182206654
 148. 125.        0.2520129287        0.2679732360
 148. 126.       -0.8131693662        0.2059764375
 148. 127.        0.1515221020        0.2407137604
 148. 128.       -0.2196758630        0.0440917526
 148. 129.        0.0278214194        0.5406686788
 148. 130.       -0.0790287996        0.1352050490
 148. 131.       -0.0651433892       -0.0042035325
 148. 132.       -0.0451002012       -0.0643759260
 148. 133.       -0.0957422215       -0.0414421898
 148. 134.       -0.0637040651       -0.0384344908
 148. 135.        0.1092215571        0.2484047784
 148. 136.       -0.0662718523       -0.1132251067
 148. 137.        0.1390719685        0.0703993976
 148. 138.       -0.0054913727        0.3893014798
 148. 139.       -0.3245094174       -0.4383526125
 148. 140.        0.3451595706        0.0437809183
 148. 141.       -0.1587609376       -0.0229006832
 148. 142.       -0.0768513136        0.1356731161
 148. 143.       -0.1658130010        0.0068150169
 148. 144.        0.1482463496        0.1596159406
 148. 145.        0.0656056235       -0.1885494434
 148. 146.        0.2871095603        0.5177120850
 148. 147.        0.1520595769        0.4640226680
 148. 148.        0.1587785864        0.3291420220
 149.   0.        0.1484678143        0.0000000000
 149.   1.       -0.0723767294       -0.0716447858
 149.   2.        0.1009292567        0.3297516501
 149.   3.       -0.1167595429        0.0269324517
 149.   4.       -0.3483167758        0.0289912416
 149.   5.       -0.0949973619        0.0145151157
 149.   6.       -0.3031393343        0.1343738101
 149.   7.       -0.2344512197        0.2352155370
 149.   8.        0.0248096014       -0.1474945693
 149.   9.       -0.0121776828        0.3456183569
 149.  10.        0.0253440648        0.0134020815
 149.  11.       -0.0528530188       -0.0765453179
 149.  12.       -0.0998278701       -0.0440050228
 149.  13.        0.1072435840       -0.2098261456
 149.  14.        0.0978698228       -0.0439905331
 149.  15.        0.1470231542       -0.1421068509
 149.  16.       -0.0591077538       -0.2320156101
 149.  17.       -0.3180732130        0.0407692579
 149.  18.        0.2733686304       -0.0410500774
 149.  19.       -0.1475584648        0.3398410192
 149.  20.        0.1665940130        0.0144570425
 149.  21.        0.1216605410        0.0009871457
 149.  22.       -0.2001035080        0.0225148532
 149.  23.       -0.0218400494       -0.0964889075
 149.  24.        0.0579157049        0.2012293330
 149.  25.       -0.1774621483        0.1384309424
 149.  26.       -0.2923118057       -0.2573208706
 149.  27.        0.1700838081       -0.1025050835
 149.  28.        0.1379543958        0.2259200973
 149.  29.        0.0926147274        0.0633073050
 149.  30.        0.0469396723        0.0883926888
 149.  31.       -0.2609575516        0.1682386262
 149.  32.       -0.0130109196       -0.2756451852
 149.  33.        0.0986039497        0.0207517959
 149.  34.       -0.1241919378        0.5699215916
 149.  35.       -0.0380307703       -0.1543164811
 149.  36.        0.1997660558       -0.0696396968
 149.  37.       -0.2605928129        0.0268713729
 149.  38.       -0.1082048535       -0.4270602362
 149.  39.        0.0851546568       -0.0941761862
 149.  40.        0.3948846306        0.0780693375
 149.  41.       -0.0576382681       -0.1770504886
 149.  42.       -0.0670636613       -0.1930509598
 149.  43.        0.0432516463        0.0502883654
 149.  44.        0.1340835068       -0.0109437727
 149.  45.        0.1349244941       -0.0391522485
 149.  46.       -0.0664285966        0.0932147920
 149.  47.        0.2529326672        0.2080060078
 149.  48.       -0.3247617363        0.2811060593
 149.  49.       -0.2049763756       -0.0993699859
 149.  50.        0.0688466782        0.0356767677
 149.  51.        0.1229107661       -0.0980639491
 149.  52.       -0.0103968355       -0.1287104147
 149.  53.        0.0951171072        0.1952835877
 149.  54.       -0.0727797506        0.0368639070
 149.  55.       -0.2598921049        0.0495580982
 149.  56.       -0.0769320704        0.0531216810
 149.  57.       -0.2504642009       -0.2417957431
 149.  58.       -0.4123382712        0.0637016618
 149.  59.       -0.0793025543        0.0973760461
 149.  60.       -0.1888364104       -0.2112077262
 149.  61.        0.2825755657        0.1867953992
 149.  62.        0.0071813953        0.3082236081
 149.  63.        0.0778363508       -0.1950856139
 149.  64.        0.1455750826       -0.0363925508
 149.  65.        0.0430006897       -0.2419701916
 149.  66.        0.0931235248       -0.0567330392
 149.  67.        0.2786216767        0.1124513910
 149.  68.        0.0929539618       -0.1767493667
 149.  69.       -0.1058555282       -0.3420627690
 149.  70.        0.0282984708       -0.4701341795
 149.  71.       -0.0487974223       -0.1272353255
 149.  72.        0.0565192898       -0.0358919159
 149.  73.       -0.1294229969        0.1789639953
 149.  74.        0.0699413758       -0.1155564397
 149.  75.       -0.1717853261        0.1413140660
 149.  76.       -0.0756514283        0.3207260376
 149.  77.       -0.0720745872        0.0525019723
 149.  78.       -0.0876666920        0.3432293855
 149.  79.        0.0158181736        0.1027046156
 149.  80.       -0.0564059128        0.1040035355
 149.  81.       -0.4359266622       -0.4196913070
 149.  82.       -0.1134119002       -0.0711681164
 149.  83.       -0.0634257949        0.0815669906
 149.  84.       -0.0534991530        0.2654636322
 149.  85.       -0.1625600306        0.0027043118
 149.  86.       -0.2223974511        0.1744013865
 149.  87.       -0.4016707901        0.0555404944
 149.  88.       -0.0833857140       -0.1833417498
 149.  89.       -0.1672809392       -0.0354892288
 149.  90.       -0.0046263217        0.0626636264
 149.  91.       -0.0779359019       -0.0977608449
 149.  92.       -0.0935287450       -0.0702673019
 149.  93.        0.2459027981       -0.0894873257
 149.  94.       -0.0216586071        0.4733242707
 149.  95.       -0.3432942895        0.1095021698
 149.  96.        0.1603989298       -0.1173002831
 149.  97.       -0.1791578640       -0.1648589110
 149.  98.        0.1379667461       -0.0137034135
 149.  99.        0.3245711031       -0.2259004147
 149. 100.       -0.0414298437        0.1133121955
 149. 101.       -0.1954725616        0.0334127194
 149. 102.       -0.2170499611        0.0713315456
 149. 103.       -0.2023897247       -0.1997136043
 149. 104.       -0.0018414828       -0.2145815531
 149. 105.        0.0166181454        0.2031183538
 149. 106.       -0.1314264726       -0.2060237680
 149. 107.       -0.3651011826        0.3972846020
 149. 108.        0.1343595010       -0.2124204107
 149. 109.       -0.1038119333        0.0829363209
 149. 110.       -0.1203088075        0.0407550000
 149. 111.        0.0143669719        0.1079557715
 149. 112.        0.2120947603        0.0746387021
 149. 113.        0.0717055469       -0.0120813353
 149. 114.        0.4617514555        0.3670086390
 149. 115.        0.0768800850        0.0050020879
 149. 116.       -0.1003448140       -0.2799956432
 149. 117.       -0.4533222013       -0.0394811523
 149. 118.        0.1739561991        0.2161610155
 149. 119.        0.2190237735        0.1636886880
 149. 120.        0.1307248794        0.0160362133
 149. 121.       -0.0220953422       -0.4194904762
 149. 122.        0.1579899392       -0.0935725803
 149. 123.       -0.0255806228        0.0340846526
 149. 124.       -0.3484896628       -0.0750258025
 149. 125.       -0.1288976380       -0.1161640794
 149. 126.       -0.0558928763       -0.1036801984
 149. 127.       -0.1591437908        0.1342235020
 149. 128.        0.3040803887        0.0893433432
 149. 129.       -0.4008596310       -0.0869176481
 149. 130.        0.2453225740       -0.5140148951
 149. 131.        0.0193522172        0.2764924499
 149. 132.        0.1051982306       -0.2755325243
 149. 133.        0.2434829823       -0.1202797377
 149. 134.        0.1748218716        0.1306863176
 149. 135.       -0.1327997754       -0.1987141873
 149. 136.        0.2394670972       -0.6376192516
 149. 137.       -0.0855114905       -0.0774697443
 149. 138.        0.0436825469        0.2952687027
 149. 139.       -0.0997206028       -0.0546455109
 149. 140.       -0.0094255562        0.2197826394
 149. 141.        0.3648820427        0.0484824661
 149. 142.       -0.1198911809       -0.3386405189
 149. 143.       -0.3301921434       -0.0077920217
 149. 144.        0.2747338862       -0.3485438000
 149. 145.        0.4807240965        0.1283050918
 149. 146.       -0.2212934980        0.0063853239
 149. 147.       -0.3107547923       -0.0003595042
 149. 148.       -0.0623131917        0.3976755417
 149. 149.       -0.0018618017        0.0621000039
 150.   0.        0.1365045857        0.0000000000
 150.   1.       -0.3139176794        0.1368769353
 150.   2.        0.1203076026        0.1351231792
 150.   3.        0.0997930353        0.1939907244
 150.   4.        0.0715505566       -0.0106276210
 150.   5.       -0.3899082986       -0.3138876048
 150.   6.       -0.1206969251        0.0785661576
 150.   7.       -0.0562709549        0.2899068779
 150.   8.        0.1687123652        0.1583378893
 150.   9.       -0.0712580839       -0.0865605860
 150.  10.       -0.0067447171        0.0790176526
 150.  11.       -0.1275785694       -0.0365114082
 150.  12.       -0.0223672573        0.0284113910
 150.  13.       -0.0278709772       -0.0922466606
 150.  14.       -0.1581461365        0.0271096126
 150.  15.       -0.1032967114        0.2681994384
 150.  16.        0.2803807934        0.1874268323
 150.  17.       -0.2211516816       -0.0415412091
 150.  18.        0.0413437112       -0.1719969154
 150.  19.        0.2014117340        0.1009701977
 150.  20.       -0.0892775180        0.1558625847
 150.  21.       -0.2820602104       -0.0044945840
 150.  22.        0.0699939366       -0.0053506096
 150.  23.       -0.1699564101       -0.0610993808
 150.  24.        0.2447139076        0.0851246815
 150.  25.       -0.1195125814        0.2110653363
 150.  26.       -0.1401332356       -0.1647261280
 150.  27.       -0.1890853249       -0.0843900474
 150.  28.        0.1445644765        0.1279147469
 150.  29.       -0.1019139944       -0.0772364240
 150.  30.       -0.1138131211       -0.1451716972
 150.  31.        0.1716745092        0.3315549349
 150.  32.        0.0217613612        0.0807755596
 150.  33.        0.1209460115        0.1297465173
 150.  34.       -0.0365569882        0.1220915522
 150.  35.       -0.3034501119        0.1193011706
 150.  36.        0.3438943234       -0.0257291044
 150.  37.        0.1649711090        0.1958436670
 150.  38.        0.0390173669       -0.3861174892
 150.  39.       -0.0655969923       -0.0671279620
 150.  40.        0.2318640982       -0.0770513417
 150.  41.        0.0621230479        0.0939681011
 150.  42.       -0.0862712966        0.0312433178
 150.  43.        0.2354490290        0.0454706585
 150.  44.       -0.0483374545        0.0760134830
 150.  45.       -0.2799445534        0.1954033905
 150.  46.       -0.1723439269        0.0053598052
 150.  47.       -0.0295041755       -0.0889158249
 150.  48.        0.0475098332        0.0504338964
 150.  49.        0.1049959738       -0.0434007643
 150.  50.       -0.0454049108        0.1007651449
 150.  51.        0.0699341157        0.0498608431
 150.  52.        0.1044051488        0.1068674736
 150.  53.        0.2734947242       -0.2041887944
 150.  54.       -0.1921414227       -0.2592308546
 150.  55.       -0.1168819621       -0.0092162380
 150.  56.       -0.1305256353       -0.1618522650
 150.  57.        0.0435525000        0.0469788500
 150.  58.        0.1554451720       -0.2484143427
 150.  59.        0.0029850811       -0.0674625665
 150.  60.        0.1318766857       -0.0812548179
 150.  61.        0.0853479359        0.2542440866
 150.  62.        0.1655324856       -0.0607211964
 150.  63.       -0.0327792826       -0.0282211073
 150.  64.       -0.2259838694       -0.2265365371
 150.  65.        0.0537782706       -0.2058256730
 150.  66.        0.1155006487        0.2462777096
 150.  67.        0.0071207737        0.2693106417
 150.  68.       -0.0481192368       -0.1338269467
 150.  69.       -0.0136837749        0.0992559196
 150.  70.       -0.0320718598        0.0750007420
 150.  71.        0.0921268955       -0.0678425174
 150.  72.       -0.0665506956        0.0822846692
 150.  73.       -0.0399034772        0.1926370761
 150.  74.       -0.1410705736        0.1219563074
 150.  75.        0.5680779904       -0.1464355792
 150.  76.       -0.0137553357       -0.0980537723
 150.  77.       -0.4310695119        0.2351730352
 150.  78.       -0.3291821023       -0.0294466180
 150.  79.       -0.0247029045        0.2208247448
 150.  80.       -0.0476942715       -0.1243635138
 150.  81.        0.4191887575       -0.0880863100
 150.  82.       -0.0742431604        0.0098425106
 150.  83.        0.3207287252        0.0505695728
 150.  84.        0.4145250617       -0.0003521876
 150.  85.       -0.6093415583        0.0807576846
 150.  86.       -0.0870172410        0.1759237983
 150.  87.        0.2035277066       -0.2369617852
 150.  88.       -0.1892286362        0.2640276357
 150.  89.        0.4668465597        0.0005778133
 150.  90.        0.0096887737       -0.0365536656
 150.  91.       -0.0869545460       -0.0495080076
 150.  92.       -0.0919464179        0.1241198064
 150.  93.       -0.0761369122       -0.0461785037
 150.  94.       -0.1394662077       -0.2587617245
 150.  95.        0.3377560700       -0.2315239491
 150.  96.        0.0023185387       -0.3397000386
 150.  97.       -0.2489522785        0.0713411727
 150.  98.        0.1388203065        0.0968275866
 150.  99.        0.2693203382       -0.0784386030
 150. 100.        0.0320723571       -0.0826470475
 150. 101.        0.4449995105       -0.3060998706
 150. 102.       -0.1482315642       -0.0653549503
 150. 103.       -0.4213413086       -0.0181086780
 150. 104.        0.4892697329       -0.0535797802
 150. 105.        0.2150991122        0.0342264158
 150. 106.        0.3351870911        0.1100345443
 150. 107.        0.3001531390        0.1585996029
 150. 108.       -0.2865114580        0.1535131282
 150. 109.        0.0768970828        0.1943907777
 150. 110.        0.1189469021       -0.2006655033
 150. 111.        0.2191266064        0.1548928155
 150. 112.       -0.0297408852       -0.1830393787
 150. 113.       -0.2147693221       -0.0605394767
 150. 114.       -0.1536036554       -0.2200710477
 150. 115.        0.4541875156        0.0730162516
 150. 116.       -0.1091585305        0.1814001063
 150. 117.       -0.1964833082        0.0670950303
 150. 118.        0.0697033178        0.1392585709
 150. 119.       -0.1134957095        0.0689244746
 150. 120.       -0.0270769607        0.0139058896
 150. 121.        0.2359297276       -0.2570816226
 150. 122.       -0.3449581210       -0.2859293891
 150. 123.       -0.3709602267        0.1788256470
 150. 124.        0.2901643526        0.1917534695
 150. 125.        0.5430700450        0.3677938865
 150. 126.       -0.1048896978        0.1784159417
 150. 127.        0.0590145302        0.2276096043
 150. 128.       -0.0605739265       -0.3937567249
 150. 129.        0.3186900158        0.1861208711
 150. 130.       -0.4299031481       -0.1148538511
 150. 131.       -0.0294559558        0.1587463426
 150. 132.        0.1001006605       -0.2792999339
 150. 133.        0.2265234709        0.3631787267
 150. 134.        0.1021027777       -0.2146885424
 150. 135.       -0.0176342299       -0.1176904900
 150. 136.       -0.0643618778        0.0790662340
 150. 137.        0.1716205164       -0.1792802720
 150. 138.       -0.6279012967       -0.0663315433
 150. 139.        0.1644773845       -0.1070675210
 150. 140.        0.0210960100       -0.3489725829
 150. 141.       -0.2174240470       -0.1978808737
 150. 142.        0.2908568621        0.0222671866
 150. 143.       -0.1961751781        0.1465837431
 150. 144.        0.0158171823       -0.0501041969
 150. 145.       -0.2684534260        0.0162887344
 150. 146.       -0.0119386844       -0.0989036512
 150. 147.       -0.2171772123        0.1606020243
 150. 148.       -0.3914060042       -0.3698309091
 150. 149.        0.1527694167       -0.0990038127
 150. 150.       -0.1924458226        0.2969474237
 151.   0.       -0.2134318987        0.0000000000
 151.   1.        0.1124616377        0.0287674982
 151.   2.       -0.1345673326       -0.2834438241
 151.   3.        0.2019332560        0.0150820856
 151.   4.        0.4436441127       -0.0131854913
 151.   5.       -0.1385866755       -0.2736804093
 151.   6.        0.0961952594       -0.3678466570
 151.   7.        0.0848175058       -0.1922645442
 151.   8.        0.0656186709        0.0542621240
 151.   9.       -0.0042993143       -0.3229504984
 151.  10.       -0.0443381253       -0.1852585534
 151.  11.        0.0916031389        0.1572376378
 151.  12.       -0.3058174562        0.1848346353
 151.  13.       -0.1347601699        0.1170048597
 151.  14.       -0.0348878198       -0.0254940022
 151.  15.       -0.0889636425        0.1850200108
 151.  16.        0.0535610995        0.1055828834
 151.  17.        0.0860142872        0.0337097587
 151.  18.       -0.2574483543       -0.1195618205
 151.  19.       -0.0551591368       -0.1077769424
 151.  20.       -0.2125868094        0.0295350453
 151.  21.       -0.0691743070       -0.1947723798
 151.  22.        0.1212228484       -0.0300622887
 151.  23.       -0.2497555550        0.1575289414
 151.  24.        0.2114883900       -0.1568092260
 151.  25.        0.2721034370       -0.1422664742
 151.  26.       -0.1618484054        0.3522370525
 151.  27.       -0.2152954176       -0.1548947569
 151.  28.       -0.0410689211       -0.1566589762
 151.  29.        0.1039071103       -0.0689020783
 151.  30.       -0.0185663720        0.1060510988
 151.  31.        0.1882589582       -0.0455210822
 151.  32.       -0.0800105165        0.2144893871
 151.  33.        0.0121305971        0.0618932934
 151.  34.        0.2140159072       -0.3620657047
 151.  35.       -0.0661674042        0.2056903754
 151.  36.       -0.0214224215        0.1647206748
 151.  37.       -0.0786938360       -0.1146550554
 151.  38.        0.0820576185        0.0929384921
 151.  39.        0.0842006506       -0.1411497768
 151.  40.        0.0874420437       -0.3123305054
 151.  41.       -0.0188127417        0.0517464865
 151.  42.        0.0680934199        0.1309521052
 151.  43.        0.0762654282       -0.0035879022
 151.  44.        0.1135871667        0.0240558821
 151.  45.       -0.1045847063       -0.0029594723
 151.  46.        0.0446043934        0.0461079903
 151.  47.        0.1560950598       -0.3471792333
 151.  48.        0.3413274796        0.1043875768
 151.  49.        0.1898639978        0.1920013126
 151.  50.       -0.1375036381        0.0596103414
 151.  51.       -0.2559310162        0.0456204524
 151.  52.        0.0022384026        0.2058555443
 151.  53.        0.2889963996        0.1642404341
 151.  54.        0.2834622438       -0.0619347343
 151.  55.        0.3119562454       -0.0670042250
 151.  56.       -0.0463248386       -0.0037594626
 151.  57.        0.0502723261        0.0953111113
 151.  58.        0.3748232866        0.2338103982
 151.  59.        0.2981532325        0.0497360302
 151.  60.        0.0171489022       -0.2047742890
 151.  61.       -0.1887605373       -0.1312207781
 151.  62.       -0.1699653029        0.0758063066
 151.  63.       -0.0953588316        0.3562240111
 151.  64.        0.1079579726        0.1352799078
 151.  65.       -0.2276410081       -0.2266378263
 151.  66.       -0.1779199199       -0.1398048796
 151.  67.        0.0000487534        0.0044316903
 151.  68.       -0.1458890838       -0.0139670886
 151.  69.       -0.0988600019        0.0271001412
 151.  70.        0.1376951196       -0.0022940557
 151.  71.        0.0774326209        0.0994347149
 151.  72.       -0.2601695875       -0.1363126245
 151.  73.        0.2585320256       -0.1548319987
 151.  74.        0.2636727915        0.4488023025
 151.  75.        0.0063030935       -0.1276839305
 151.  76.        0.0891761399        0.1286713134
 151.  77.        0.0031198295       -0.1024701677
 151.  78.       -0.0922977446       -0.3625608297
 151.  79.       -0.4346393057        0.0386787691
 151.  80.        0.4821527350        0.1462674930
 151.  81.        0.1460779529        0.1961792354
 151.  82.       -0.0646680801       -0.0124301623
 151.  83.       -0.1524523357        0.2757023813
 151.  84.       -0.0013493438       -0.3262342877
 151.  85.        0.0465566304        0.1943675522
 151.  86.       -0.0068512322        0.1123320241
 151.  87.       -0.1187368711       -0.0255986477
 151.  88.        0.1192946154       -0.0609124030
 151.  89.        0.0769737662        0.0847251126
 151.  90.        0.0078836645       -0.2165173413
 151.  91.        0.0417318420        0.0630850349
 151.  92.        0.0392322612       -0.1541240516
 151.  93.        0.0533924270        0.3492384863
 151.  94.        0.1554927701       -0.0516819371
 151.  95.       -0.2252804110       -0.3232949348
 151.  96.       -0.0291160270       -0.1502724911
 151.  97.       -0.1189763470        0.1784332139
 151.  98.        0.2671959081       -0.4748341812
 151.  99.       -0.1579019246        0.2157353202
 151. 100.        0.7987515177        0.0242295750
 151. 101.        0.0610858715       -0.0518068852
 151. 102.        0.1127043507        0.1243138200
 151. 103.       -0.1871127872        0.4046371783
 151. 104.        0.0408189030        0.0442536304
 151. 105.        0.0574528385       -0.1354456753
 151. 106.        0.1919948616        0.1328223283
 151. 107.        0.0928779850        0.1862266182
 151. 108.        0.2629399656        0.0871687464
 151. 109.        0.3407143183        0.4401685209
 151. 110.       -0.0856018962        0.0442213103
 151. 111.       -0.1141088543        0.2092900379
 151. 112.        0.1743369746       -0.0491518085
 151. 113.        0.0070382813       -0.1902944856
 151. 114.       -0.6397793721        0.0468593722
 151. 115.       -0.1892464491       -0.4528940997
 151. 116.        0.2199840372        0.0878084692
 151. 117.        0.0862052726       -0.0855392624
 151. 118.       -0.1035154646        0.1764753475
 151. 119.       -0.0595165432        0.2052303903
 151. 120.       -0.0663429491        0.1696201505
 151. 121.       -0.0177105138        0.0570874681
 151. 122.       -0.1392122644        0.2991843290
 151. 123.        0.4098577271        0.0494873111
 151. 124.       -0.1754995606       -0.0116132981
 151. 125.        0.1087095905        0.1568665170
 151. 126.       -0.1440290568        0.0850669571
 151. 127.       -0.3667736602        0.1355829346
 151. 128.       -0.1598039901       -0.1227759659
 151. 129.       -0.2175569051       -0.2846985313
 151. 130.        0.4681618296        0.2670817032
 151. 131.       -0.4222369179        0.1563562106
 151. 132.       -0.3402036919        0.2423850511
 151. 133.        0.0683399009        0.1262017356
 151. 134.        0.2161213019       -0.1157742343
 151. 135.        0.0614345327       -0.2311156780
 151. 136.        0.0444654299        0.1690655864
 151. 137.       -0.1274837425       -0.0161416590
 151. 138.       -0.2082877270        0.0790648066
 151. 139.       -0.3247859707        0.0065884424
 151. 140.       -0.3255653931       -0.0006448405
 151. 141.       -0.0490705530        0.0279027545
 151. 142.        0.0203988823        0.1308612600
 151. 143.       -0.3080226552        0.4314025396
 151. 144.       -0.2176252270        0.1379002644
 151. 145.        0.2909330694       -0.3590755235
 151. 146.       -0.1384369451        0.2387776594
 151. 147.       -0.0977170301        0.0836725227
 151. 148.       -0.1801718480       -0.2214109251
 151. 149.        0.8093955418       -0.0851406735
 151. 150.       -0.1683555046        0.1543888884
 151. 151.       -0.0938114919        0.5525627905
 152.   0.        0.0406489444        0.0000000000
 152.   1.        0.2358501682       -0.2174844926
 152.   2.       -0.0278513594        0.0265212253
 152.   3.       -0.1013499998       -0.1700040283
 152.   4.       -0.1484425781       -0.0134031694
 152.   5.        0.2789692255        0.1531979719
 152.   6.        0.0770184699       -0.0688928947
 152.   7.        0.1329397025       -0.1358479307
 152.   8.       -0.3841433666       -0.1711970048
 152.   9.       -0.0708654218        0.0484448453
 152.  10.        0.0762413367        0.1419605637
 152.  11.        0.0450665004       -0.0010985745
 152.  12.        0.1694124540       -0.0936433267
 152.  13.        0.0629770976       -0.0031618301
 152.  14.        0.2292171280        0.1123794274
 152.  15.        0.0211611541       -0.2633489301
 152.  16.       -0.3804138284       -0.1315964045
 152.  17.        0.2110538559        0.0769484755
 152.  18.        0.0738394289       -0.1119138083
 152.  19.       -0.0657249792       -0.0304083190
 152.  20.        0.0946512124       -0.0891142740
 152.  21.        0.0963203904       -0.0613323783
 152.  22.        0.2053295387       -0.1374333265
 152.  23.        0.0235771886        0.0115922013
 152.  24.       -0.3117962677       -0.0539193896
 152.  25.        0.0612523364        0.0516885795
 152.  26.        0.2051567134        0.2047275868
 152.  27.        0.1507623763        0.0010955749
 152.  28.       -0.1467606157       -0.2468886063
 152.  29.        0.1273427895       -0.0504898666
 152.  30.        0.0929495145        0.1955619374
 152.  31.        0.0687361190       -0.2419797494
 152.  32.       -0.1366137836        0.1330602030
 152.  33.        0.4574545705        0.3588356355
 152.  34.        0.1271724480       -0.2275688069
 152.  35.        0.1805048149       -0.2352799745
 152.  36.       -0.3398641773        0.2669507117
 152.  37.       -0.1728129277       -0.1603680892
 152.  38.        0.2108744375        0.2467515093
 152.  39.        0.0184358284        0.0745454776
 152.  40.       -0.0908432839        0.2479592506
 152.  41.       -0.0122103899       -0.1044708122
 152.  42.       -0.0488633335        0.4282177059
 152.  43.       -0.1577771073       -0.0549812812
 152.  44.        0.0661208839       -0.0736343300
 152.  45.        0.1659666631        0.0490294921
 152.  46.        0.1912223744       -0.0175325090
 152.  47.        0.0527795069        0.0489999293
 152.  48.       -0.1201573225       -0.1821541286
 152.  49.        0.0088075974        0.0816112853
 152.  50.       -0.0884494212        0.2177104669
 152.  51.       -0.1639687165       -0.1448477258
 152.  52.        0.0357382005        0.0533021658
 152.  53.        0.1445443020        0.0733224350
 152.  54.        0.2232114163        0.0349871980
 152.  55.       -0.0685630475        0.0553661242
 152.  56.        0.0103234060       -0.1971528952
 152.  57.       -0.0914867131        0.1402296750
 152.  58.       -0.4016157454        0.1950473587
 152.  59.       -0.0139459417       -0.2655392600
 152.  60.       -0.1099560189        0.1249738309
 152.  61.       -0.0199351447       -0.2298399480
 152.  62.       -0.2613647114       -0.0533409935
 152.  63.        0.0533290220       -0.0043880137
 152.  64.       -0.3675673722       -0.0920472755
 152.  65.       -0.1554969128       -0.0274371248
 152.  66.        0.0125624641       -0.1530197872
 152.  67.        0.1881994669       -0.2718688806
 152.  68.        0.0165192531        0.1696908333
 152.  69.       -0.0168916496        0.1332840660
 152.  70.        0.0957145944        0.0913712503
 152.  71.        0.0790119328        0.0086442499
 152.  72.       -0.3982728286       -0.2158313570
 152.  73.       -0.0647218460        0.2664311487
 152.  74.       -0.0271764631        0.2971050601
 152.  75.       -0.3385182678        0.0683365463
 152.  76.       -0.1757682363        0.0462622449
 152.  77.        0.1041368512        0.0376666196
 152.  78.        0.2442008235       -0.4023998463
 152.  79.       -0.1499544156        0.0949535553
 152.  80.       -0.0173879759       -0.2480322924
 152.  81.       -0.0867723471        0.0667522793
 152.  82.        0.1086898218       -0.0203563132
 152.  83.        0.0495938851       -0.4689719918
 152.  84.       -0.2060765886       -0.2715808061
 152.  85.       -0.0681337266       -0.2637919770
 152.  86.        0.2589486048        0.0475217913
 152.  87.       -0.0342685536       -0.0089191623
 152.  88.        0.0800483033       -0.2656528383
 152.  89.        0.1499403637        0.1054880764
 152.  90.       -0.0442167822       -0.0040601694
 152.  91.       -0.0947266675        0.0340176288
 152.  92.        0.2519015266       -0.2173925553
 152.  93.        0.1236300167        0.1010081445
 152.  94.        0.0723504222       -0.1812817627
 152.  95.        0.0848811645       -0.2282096491
 152.  96.        0.0034846934        0.1978486207
 152.  97.       -0.0525812175       -0.0244629968
 152.  98.       -0.0038433338        0.1634402100
 152.  99.       -0.1358129138       -0.2036931488
 152. 100.        0.2671292989       -0.1307370745
 152. 101.        0.0218587358        0.2380137404
 152. 102.        0.5005990821       -0.4324601312
 152. 103.        0.1015915867        0.0640480989
 152. 104.       -0.1746668050       -0.1306600588
 152. 105.       -0.1502412750       -0.5327802531
 152. 106.       -0.1228718130       -0.0998442942
 152. 107.        0.0422521009       -0.0084953474
 152. 108.        0.0289005710        0.0401354027
 152. 109.       -0.5182100220        0.1884645757
 152. 110.       -0.0070710239       -0.0983470511
 152. 111.        0.1336964919        0.3905504139
 152. 112.        0.1656963251       -0.1550168519
 152. 113.       -0.0995284630        0.5103248565
 152. 114.        0.0774083832        0.3239110701
 152. 115.        0.1316519316       -0.2207634775
 152. 116.       -0.1439316061       -0.1947705375
 152. 117.        0.0274058844       -0.1767186619
 152. 118.       -0.2894266691        0.0987353832
 152. 119.       -0.2464484013       -0.4248236811
 152. 120.        0.3730622471       -0.0563787512
 152. 121.       -0.2111736806        0.1758378695
 152. 122.        0.2283216396       -0.3370666196
 152. 123.        0.4438494284       -0.0032192231
 152. 124.       -0.1626706878       -0.3504950658
 152. 125.        0.3725109639       -0.4527273761
 152. 126.       -0.0069199134       -0.0011310068
 152. 127.       -0.1398507446        0.0031816361
 152. 128.        0.2755201052        0.0553374860
 152. 129.       -0.0959670260        0.1327721936
 152. 130.       -0.2925245749        0.1391509026
 152. 131.       -0.2809035824       -0.0350599966
 152. 132.       -0.3119282764       -0.0848301324
 152. 133.       -0.0307316800        0.1772043035
 152. 134.        0.0986131480        0.1935329771
 152. 135.        0.1385999131        0.2693837159
 152. 136.        0.0535791149       -0.2366993568
 152. 137.        0.1881724916        0.2516796720
 152. 138.        0.1960079466        0.3660881242
 152. 139.       -0.0821169464        0.1454729341
 152. 140.       -0.1146138300       -0.0582389071
 152. 141.       -0.1297898734        0.0357080710
 152. 142.        0.3164519460        0.2092460243
 152. 143.        0.4135321961        0.4052482425
 152. 144.        0.2074082583       -0.2825443102
 152. 145.       -0.1944794676        0.1854240006
 152. 146.       -0.2728818688       -0.2250459754
 152. 147.       -0.2545254322        0.2671004786
 152. 148.       -0.0757334274       -0.0926794001
 152. 149.       -0.1478068684       -0.0574010296
 152. 150.        0.3235236608       -0.0149129435
 152. 151.        0.2449586418        0.3144039803
 152. 152.       -0.1332402490        0.1338307409
 153.   0.        0.0502094282        0.0000000000
 153.   1.       -0.1427104686        0.0225624296
 153.   2.       -0.0896924262       -0.0040482958
 153.   3.       -0.1267779472        0.0582036292
 153.   4.       -0.1275038061        0.1293084599
 153.   5.        0.0207146725        0.1446333079
 153.   6.        0.1294443680        0.2351940724
 153.   7.        0.2033947206        0.0091662782
 153.   8.       -0.3063480656        0.1065299740
 153.   9.       -0.0880345316       -0.1315712384
 153.  10.       -0.0796164489        0.2584250302
 153.  11.       -0.1061263867        0.1470222858
 153.  12.        0.4192935342       -0.1080775842
 153.  13.       -0.0224998258       -0.0594587160
 153.  14.       -0.0634317166        0.0582071637
 153.  15.       -0.1729540770       -0.2097297179
 153.  16.       -0.0470826123       -0.1738506985
 153.  17.        0.1147576766        0.1568076575
 153.  18.        0.1850206284       -0.0137665811
 153.  19.        0.0824850202       -0.0911471187
 153.  20.        0.2035288119       -0.0629880519
 153.  21.       -0.1149956625        0.3422256024
 153.  22.        0.2724461110        0.0248619920
 153.  23.        0.0716023070       -0.0307427430
 153.  24.       -0.1718490587       -0.1662181087
 153.  25.       -0.2094897420       -0.0629331192
 153.  26.        0.2784834515       -0.0437856955
 153.  27.        0.1391701577        0.2187019807
 153.  28.       -0.1519787471        0.0020159772
 153.  29.       -0.2478221470       -0.0431410707
 153.  30.        0.1532911231       -0.2809379090
 153.  31.        0.0177241989       -0.1571810338
 153.  32.       -0.0747452045       -0.0397559714
 153.  33.       -0.1951631400        0.0371102254
 153.  34.       -0.2103367132        0.1004643590
 153.  35.        0.2892443496       -0.1387780402
 153.  36.        0.1948655745        0.0229524807
 153.  37.        0.1035517130        0.1472274281
 153.  38.        0.0200765162        0.1434869871
 153.  39.        0.0248240753        0.1238961510
 153.  40.       -0.2795673044        0.2290157841
 153.  41.        0.2439421210       -0.0337804666
 153.  42.       -0.1160573416       -0.0864627836
 153.  43.       -0.1437423529        0.1702886753
 153.  44.       -0.0442687878       -0.0721263183
 153.  45.       -0.0751635230        0.0608905738
 153.  46.        0.0890925717        0.0000005625
 153.  47.       -0.0489754670        0.3046923337
 153.  48.       -0.1452409939       -0.0002391628
 153.  49.        0.0170645997       -0.3071863888
 153.  50.       -0.0942370017        0.1811594999
 153.  51.       -0.0701797600        0.0329400059
 153.  52.        0.1840356135       -0.1754464978
 153.  53.        0.0581071350       -0.1769768566
 153.  54.       -0.0837844149       -0.1729649575
 153.  55.        0.0501359170       -0.0359125720
 153.  56.        0.0172089862        0.0335797801
 153.  57.       -0.1732049874       -0.1525251633
 153.  58.       -0.2205127676       -0.2419184053
 153.  59.       -0.2000688931        0.0657917135
 153.  60.        0.0596728857        0.1790553591
 153.  61.        0.1580519550       -0.3330647769
 153.  62.        0.2322869588       -0.0998999490
 153.  63.        0.0953155484       -0.1398013078
 153.  64.       -0.0060717821       -0.2445425201
 153.  65.        0.1222809247        0.1460667114
 153.  66.       -0.0411263451        0.1697265731
 153.  67.        0.1036376167       -0.0673507178
 153.  68.        0.1989676631        0.3274386837
 153.  69.       -0.0263326482        0.0279082132
 153.  70.        0.1756339887       -0.0909264599
 153.  71.       -0.1717194368        0.1834093753
 153.  72.       -0.2569361614       -0.2591017246
 153.  73.       -0.1617348630        0.1262412777
 153.  74.       -0.0184415731       -0.3047555041
 153.  75.        0.1788773828        0.2031999535
 153.  76.        0.0570251026       -0.0893893913
 153.  77.        0.1086177148        0.1893409216
 153.  78.        0.1375026926       -0.0762903847
 153.  79.       -0.1019145742       -0.0547853958
 153.  80.        0.1665110093        0.0087944021
 153.  81.       -0.2172348685        0.0600306721
 153.  82.        0.0479963053        0.3935812230
 153.  83.        0.0754812961        0.1934783041
 153.  84.       -0.0055469905        0.0667294497
 153.  85.       -0.2035078191       -0.1022265282
 153.  86.        0.1020534869       -0.0664142313
 153.  87.        0.0115322299        0.0136601466
 153.  88.        0.0370524413        0.2439578260
 153.  89.       -0.1137617795       -0.0878454419
 153.  90.        0.1783054505        0.0535444853
 153.  91.        0.2203839349        0.1976530034
 153.  92.       -0.1774133205        0.0122483265
 153.  93.        0.0354615694        0.0974247394
 153.  94.        0.0076817480        0.1783918977
 153.  95.        0.0123428250       -0.1983832031
 153.  96.       -0.0411968500       -0.3249822937
 153.  97.        0.1515564909        0.3403351098
 153.  98.       -0.0608719083       -0.0813368594
 153.  99.       -0.2577304883        0.0488246112
 153. 100.        0.2119952875        0.2256676680
 153. 101.        0.3312061524       -0.2360594017
 153. 102.        0.3525622654        0.0482802695
 153. 103.        0.2771720867        0.2290658309
 153. 104.        0.1645878188       -0.2379280291
 153. 105.       -0.0778549357       -0.2621737803
 153. 106.        0.1133873070       -0.0739505105
 153. 107.        0.1569556023       -0.0681919111
 153. 108.        0.2513420557        0.2306617891
 153. 109.       -0.0651560900       -0.1748443410
 153. 110.       -0.0406758629        0.0402371736
 153. 111.       -0.2424408391       -0.1277464502
 153. 112.        0.2426217635        0.0316916964
 153. 113.        0.0789562281        0.1032357745
 153. 114.       -0.2074472135       -0.0404765314
 153. 115.       -0.1603390223        0.0391801391
 153. 116.        0.3010708171        0.1814295336
 153. 117.       -0.1001148237        0.2498177067
 153. 118.        0.3745344975       -0.0568893959
 153. 119.        0.1578279550       -0.2942975400
 153. 120.       -0.1915517977        0.1542313008
 153. 121.       -0.1670782728        0.0382830757
 153. 122.        0.1565200243       -0.0870240045
 153. 123.       -0.1392778497        0.2878879767
 153. 124.       -0.1148351012       -0.0047839784
 153. 125.       -0.3664445791       -0.3816592370
 153. 126.       -0.1575152299        0.3043039299
 153. 127.       -0.2191684452        0.1240480683
 153. 128.       -0.4573109628        0.0850484267
 153. 129.        0.1394554678        0.1902679481
 153. 130.        0.0227754048        0.3449064162
 153. 131.        0.3319630446       -0.0332361854
 153. 132.        0.2923327606       -0.1296974740
 153. 133.        0.4255399087       -0.0235692605
 153. 134.        0.0748625611        0.0290930516
 153. 135.        0.0457664947       -0.0957673313
 153. 136.       -0.4310370581        0.0777053841
 153. 137.       -0.2166407219       -0.2304684317
 153. 138.        0.0431964845        0.0987226498
 153. 139.        0.1514617254       -0.1596854758
 153. 140.       -0.0405151025       -0.2083487574
 153. 141.        0.0511036348        0.1534556656
 153. 142.       -0.0529132917        0.2996780749
 153. 143.       -0.3591961957        0.0921711944
 153. 144.       -0.5238530863       -0.2968558652
 153. 145.       -0.0224518498        0.3215472335
 153. 146.       -0.4119632424        0.1053165224
 153. 147.        0.4335567103        0.4024366729
 153. 148.        0.1249129511       -0.2028406682
 153. 149.       -0.2501587986       -0.0143282561
 153. 150.        0.1253644970       -0.2394177378
 153. 151.       -0.0861702395        0.0050303158
 153. 152.       -0.5074004056       -0.2359299875
 153. 153.       -0.1802784164        0.0138939595
 154.   0.       -0.2795072197        0.0000000000
 154.   1.        0.0399368041        0.0539566354
 154.   2.       -0.2324835382       -0.2635282975
 154.   3.        0.0143648847        0.1705870929
 154.   4.        0.1994196536        0.0970912674
 154.   5.        0.0625502092        0.0048326804
 154.   6.       -0.0118920355       -0.0890912039
 154.   7.       -0.0494733049       -0.1036162551
 154.   8.        0.2252103426        0.0587696152
 154.   9.       -0.0906596276        0.0556417137
 154.  10.       -0.0163992521       -0.1865555282
 154.  11.        0.1365673344        0.0411295684
 154.  12.       -0.2221366877       -0.0013653521
 154.  13.       -0.0038513461        0.0161232769
 154.  14.       -0.1896207463       -0.2548896004
 154.  15.        0.0830304999        0.2802389100
 154.  16.        0.1577951640       -0.0445056825
 154.  17.       -0.1205297415        0.0130719740
 154.  18.        0.0618442451        0.1736880937
 154.  19.       -0.1900966204       -0.1326546417
 154.  20.        0.0149248564       -0.2261791159
 154.  21.       -0.0203421035        0.2503073306
 154.  22.       -0.2532443993        0.0290031964
 154.  23.        0.0067427230        0.0994205416
 154.  24.        0.2504105913       -0.0789367252
 154.  25.        0.0271616531       -0.1441635495
 154.  26.       -0.2159190576       -0.2279650676
 154.  27.        0.0155343817        0.1396383637
 154.  28.       -0.1303297562        0.1777087960
 154.  29.        0.0082951055        0.2579789423
 154.  30.       -0.0389872793       -0.2702899818
 154.  31.        0.0064194170        0.1606682481
 154.  32.        0.3233995022       -0.0953481089
 154.  33.       -0.2471427823       -0.4857266893
 154.  34.       -0.2858975812        0.1223170186
 154.  35.       -0.2478692878        0.0661173904
 154.  36.        0.1612131420       -0.0446444600
 154.  37.       -0.0475707679        0.1765427454
 154.  38.       -0.2339049787       -0.0742542736
 154.  39.        0.0302803689        0.1449989615
 154.  40.        0.0704032212        0.0613912327
 154.  41.        0.0877399287        0.2115619666
 154.  42.        0.1439325634       -0.1846568764
 154.  43.        0.0520017077       -0.0153876340
 154.  44.       -0.0534498803       -0.2593409750
 154.  45.        0.1048440014        0.0538820771
 154.  46.        0.0603553438        0.0051196691
 154.  47.       -0.0220993532       -0.0989982567
 154.  48.        0.1935102394        0.2242411344
 154.  49.        0.0128835978        0.1168869760
 154.  50.       -0.1188690981       -0.3428999349
 154.  51.       -0.1613166130        0.2070788307
 154.  52.       -0.0797954678        0.1511614907
 154.  53.       -0.1391051751        0.2201898325
 154.  54.        0.0234565105       -0.0266929908
 154.  55.        0.0192559010        0.1055410560
 154.  56.       -0.2477960824        0.3659597192
 154.  57.        0.0004910914       -0.0689544449
 154.  58.        0.2921411189        0.0623467665
 154.  59.        0.0168622011        0.1225868060
 154.  60.        0.0413558344       -0.0254530928
 154.  61.       -0.0343319809       -0.1705155169
 154.  62.        0.0559257091        0.1382803951
 154.  63.       -0.0645219065        0.1317025057
 154.  64.        0.2436090279        0.2461050375
 154.  65.        0.0637168117       -0.1206772180
 154.  66.       -0.0063062298        0.2234241536
 154.  67.        0.0698453575       -0.1547539083
 154.  68.       -0.0279583288        0.1074870531
 154.  69.       -0.0274204596       -0.0957434163
 154.  70.       -0.3167614047       -0.0449403645
 154.  71.       -0.2316142533        0.2294241287
 154.  72.        0.1717154222        0.1333251188
 154.  73.        0.2432208383       -0.1678355528
 154.  74.        0.1282477535       -0.1716925125
 154.  75.        0.1128876735        0.3867231656
 154.  76.        0.3669210873        0.0555918694
 154.  77.        0.4768700738       -0.2136589537
 154.  78.       -0.1275856923        0.0946478060
 154.  79.        0.3117727780       -0.1774240249
 154.  80.       -0.2372651996        0.2809045837
 154.  81.       -0.1749300000        0.0527251022
 154.  82.        0.0794473144        0.4827533269
 154.  83.       -0.0246140386        0.2317035059
 154.  84.        0.1654953938       -0.1042441621
 154.  85.        0.0359758269       -0.2081113681
 154.  86.       -0.0855298881       -0.1092621239
 154.  87.        0.1662343737        0.1691832150
 154.  88.        0.1576400419        0.2623235584
 154.  89.       -0.0144485903       -0.0392502891
 154.  90.        0.1364920334       -0.4132703048
 154.  91.        0.3097580454       -0.1199495016
 154.  92.        0.0916822359        0.2615283762
 154.  93.       -0.2539922487       -0.1721354144
 154.  94.       -0.3520823348       -0.2324161498
 154.  95.        0.0611340032       -0.0082743140
 154.  96.        0.3657031178       -0.0567771370
 154.  97.        0.0352264816        0.1712280754
 154.  98.       -0.2974803145       -0.4281545024
 154.  99.       -0.2312026631       -0.1041219225
 154. 100.       -0.0455455157       -0.0660055752
 154. 101.        0.1709569646        0.4862911845
 154. 102.       -0.1675067316       -0.1775466765
 154. 103.       -0.0062478076        0.1867976009
 154. 104.        0.0144613654        0.0167751791
 154. 105.       -0.0868020203       -0.2124606088
 154. 106.       -0.1901685521        0.1312590253
 154. 107.        0.2627627088        0.0851485815
 154. 108.        0.2289682548        0.3945075143
 154. 109.        0.2460647965        0.3065771022
 154. 110.       -0.1319326483        0.1190741257
 154. 111.       -0.0809719353       -0.0590763877
 154. 112.       -0.1642188914       -0.2224697590
 154. 113.        0.1720152635       -0.0460969622
 154. 114.       -0.0497847144        0.0532306212
 154. 115.        0.0884633745        0.1830849326
 154. 116.       -0.3943170971       -0.1305867294
 154. 117.        0.1673907878        0.2199337611
 154. 118.        0.2353995664       -0.0221096590
 154. 119.        0.2684497411       -0.2870519106
 154. 120.        0.2733685872       -0.1094711845
 154. 121.       -0.4515250841        0.3104189189
 154. 122.        0.1911418338        0.0970215159
 154. 123.        0.1908025194        0.0366683930
 154. 124.       -0.0725861493        0.2637818589
 154. 125.       -0.1546551778        0.0239170806
 154. 126.        0.1295352175       -0.0655464120
 154. 127.        0.3218193626        0.1753496118
 154. 128.        0.0797252513        0.0338418335
 154. 129.       -0.5267392769        0.1324358115
 154. 130.       -0.2001281434        0.1723680783
 154. 131.        0.1939080387       -0.4109453728
 154. 132.        0.0005518033       -0.0959191574
 154. 133.       -0.0404254082        0.4197483779
 154. 134.        0.0805357626        0.0806421647
 154. 135.       -0.0080912656       -0.4812883144
 154. 136.        0.3968195655       -0.0991745105
 154. 137.       -0.2254497644        0.2407191429
 154. 138.        0.2633314521        0.0124866599
 154. 139.        0.1246021558       -0.3441127898
 154. 140.       -0.1135186470        0.3583701777
 154. 141.       -0.1000815421        0.1293598095
 154. 142.       -0.0565465823        0.5204425196
 154. 143.        0.1011213351       -0.0463148897
 154. 144.       -0.1561302853       -0.3193820324
 154. 145.        0.0031205225        0.0002357571
 154. 146.       -0.1537199303        0.6477454807
 154. 147.       -0.2392585542        0.1771682804
 154. 148.        0.5560438633       -0.3217732558
 154. 149.       -0.0463843714       -0.1457055237
 154. 150.        0.3607099595        0.0699695361
 154. 151.        0.1237209113        0.0349664400
 154. 152.        0.1308725950        0.5728442483
 154. 153.        0.3710765729        0.4388628752
 154. 154.        0.0329402323        0.3768031966
 155.   0.        0.2454307532        0.0000000000
 155.   1.        0.1418095317       -0.0282829198
 155.   2.        0.1007389266        0.1329750795
 155.   3.        0.0539483273       -0.0885554310
 155.   4.       -0.1993664710       -0.1417580210
 155.   5.        0.0376924282        0.0171298491
 155.   6.       -0.2652889116        0.0012857302
 155.   7.       -0.1802678441        0.1569667257
 155.   8.        0.1934247584       -0.1504225753
 155.   9.       -0.1138482590        0.3642027484
 155.  10.        0.0779974616       -0.0962085691
 155.  11.        0.1400887278       -0.2358718953
 155.  12.       -0.0865785804        0.0605261231
 155.  13.        0.1425004017       -0.0279927225
 155.  14.        0.1928563708       -0.1833686558
 155.  15.        0.3439789869       -0.0842693881
 155.  16.       -0.0465220240        0.2055095324
 155.  17.        0.0228581524       -0.2363431332
 155.  18.       -0.0582073772        0.1627182657
 155.  19.        0.0042811599        0.0588161406
 155.  20.        0.0765811949       -0.1216039889
 155.  21.        0.0963705185       -0.1722724726
 155.  22.       -0.3431382776       -0.0157640862
 155.  23.       -0.0571520457        0.1238973699
 155.  24.       -0.0093397822        0.1955629151
 155.  25.        0.1347552131        0.0700289453
 155.  26.       -0.1442468909        0.0442924535
 155.  27.       -0.0770063193       -0.1801264412
 155.  28.        0.2153922253        0.0954574855
 155.  29.        0.0801937875        0.1664262956
 155.  30.       -0.0257612810        0.1384896895
 155.  31.       -0.2393010563        0.0557799050
 155.  32.        0.1569277304       -0.1904851129
 155.  33.       -0.0308801638        0.2413488249
 155.  34.       -0.0996479615        0.1147012286
 155.  35.       -0.0874525516       -0.1393844851
 155.  36.       -0.0922153883        0.0263006668
 155.  37.        0.0675937959        0.0263864062
 155.  38.        0.3588576775       -0.1697789043
 155.  39.       -0.1753625495        0.1602223135
 155.  40.       -0.0309740212       -0.0053633437
 155.  41.       -0.0301231900        0.2011709135
 155.  42.       -0.1180142405        0.1929660728
 155.  43.        0.4270910284       -0.2946553562
 155.  44.        0.0330245857       -0.2008519262
 155.  45.       -0.0353701882        0.1131480162
 155.  46.       -0.2760272966        0.0753361063
 155.  47.       -0.1438512553       -0.2118742328
 155.  48.        0.0723298660       -0.0403146940
 155.  49.       -0.1060457424        0.0668168792
 155.  50.       -0.1469670530        0.0376651117
 155.  51.        0.1015042242        0.0906259332
 155.  52.       -0.2062593115        0.3838682392
 155.  53.        0.0307470746        0.1372684995
 155.  54.        0.0362590149        0.2454394304
 155.  55.       -0.1995842913        0.1532859572
 155.  56.       -0.1684619623       -0.0815009641
 155.  57.        0.1467745496        0.2800185781
 155.  58.        0.0595998395        0.2163632485
 155.  59.        0.2314290720       -0.0198001787
 155.  60.        0.0059328258        0.1580151023
 155.  61.        0.0942846618        0.3858218396
 155.  62.       -0.1554926393        0.2864876112
 155.  63.       -0.0876960975        0.0805381404
 155.  64.       -0.0390549907        0.0594480210
 155.  65.       -0.0825552026       -0.0832289760
 155.  66.        0.2468982266       -0.0968910396
 155.  67.       -0.0671351854        0.0435070967
 155.  68.       -0.0049194647       -0.1563504733
 155.  69.        0.0968339996        0.1131349576
 155.  70.       -0.0143330504       -0.2192512110
 155.  71.        0.2846537651       -0.2554101135
 155.  72.        0.1728710946        0.0476300386
 155.  73.       -0.0361621649       -0.0098499923
 155.  74.        0.2927016008       -0.0476270512
 155.  75.       -0.0005326324        0.0071042354
 155.  76.       -0.0196291121        0.0341334484
 155.  77.       -0.2400542038       -0.0286190700
 155.  78.       -0.2041750411        0.2847391120
 155.  79.        0.0846585236       -0.1796710463
 155.  80.        0.0690211427        0.1247264317
 155.  81.       -0.0162041971       -0.2124348179
 155.  82.       -0.0784677513       -0.1208512118
 155.  83.        0.0595472961       -0.4916128626
 155.  84.       -0.1854422165       -0.2173397059
 155.  85.        0.0676210975        0.2706854740
 155.  86.       -0.0272233921        0.0767328689
 155.  87.        0.0730642902       -0.0861016188
 155.  88.       -0.0911876388       -0.0867298070
 155.  89.        0.0765452714        0.2042153533
 155.  90.        0.1636310006       -0.1151306729
 155.  91.       -0.0856107860       -0.1464923242
 155.  92.        0.1147458926        0.3550382892
 155.  93.        0.1310571940        0.4017115387
 155.  94.       -0.0203887415       -0.0769612935
 155.  95.        0.1773697527        0.0257101156
 155.  96.       -0.1324904293       -0.0302827278
 155.  97.        0.4690842140        0.1766904360
 155.  98.        0.0878665736       -0.0400233357
 155.  99.        0.0376064013       -0.0084409902
 155. 100.        0.1836021149       -0.1660997005
 155. 101.       -0.1138905011        0.3766284652
 155. 102.       -0.2323099326       -0.1059646465
 155. 103.       -0.0379311787        0.1477497203
 155. 104.        0.1556564163       -0.0726149728
 155. 105.       -0.1016118785       -0.3191919415
 155. 106.       -0.4037792220       -0.3039495713
 155. 107.       -0.0365809991       -0.1944865198
 155. 108.       -0.2246294874       -0.3449567300
 155. 109.       -0.2565399660       -0.1746178837
 155. 110.        0.1766812737        0.2432540479
 155. 111.       -0.0451721724        0.2424658724
 155. 112.       -0.1154657913       -0.0893146078
 155. 113.       -0.0164745743        0.3115908581
 155. 114.        0.0487775631        0.0010592831
 155. 115.       -0.4538284217        0.1078121267
 155. 116.       -0.0429021481       -0.1224938989
 155. 117.        0.0317504456       -0.0764130767
 155. 118.        0.0718756151        0.1135836685
 155. 119.        0.2425441646       -0.1771850313
 155. 120.       -0.2617866413       -0.0784917424
 155. 121.       -0.2587184143       -0.2929125931
 155. 122.        0.1472344320       -0.1164932417
 155. 123.        0.3163741666        0.0622234639
 155. 124.        0.1935287752        0.2935043048
 155. 125.       -0.3639537502        0.1442863583
 155. 126.        0.0353883637       -0.3691912035
 155. 127.       -0.3183966141       -0.3120454942
 155. 128.        0.3490617193        0.1934882512
 155. 129.       -0.2653335466        0.1780814128
 155. 130.       -0.2203989857       -0.1351028089
 155. 131.       -0.0501657663        0.1049565153
 155. 132.        0.3417917730       -0.3756177154
 155. 133.        0.0779802660       -0.0813480323
 155. 134.       -0.2874442236        0.1795257560
 155. 135.        0.0818759912       -0.1402933907
 155. 136.       -0.2089083519        0.0706918551
 155. 137.        0.0907406228        0.0204186379
 155. 138.        0.2636917612        0.3196496607
 155. 139.        0.1602372991       -0.3140503951
 155. 140.        0.3685405138        0.1254407235
 155. 141.        0.1567755756       -0.1471885560
 155. 142.        0.0293126257        0.2855103529
 155. 143.        0.0709020212       -0.1782742269
 155. 144.       -0.0267867683        0.1982192355
 155. 145.        0.0351388683       -0.0498100012
 155. 146.        0.2249388525        0.0285321329
 155. 147.       -0.4732772354        0.3325368065
 155. 148.       -0.0242919756       -0.3644848933
 155. 149.        0.3447407647        0.1851692113
 155. 150.        0.3508765669       -0.2104429679
 155. 151.        0.1087602213       -0.3786946606
 155. 152.       -0.1512019196        0.0075406006
 155. 153.       -0.1315780018       -0.3005187116
 155. 154.        0.0444719894        0.4474949312
 155. 155.       -0.4171613301        0.2933335686
 156.   0.        0.0091637391        0.0000000000
 156.   1.       -0.0535998426        0.0283402427
 156.   2.       -0.0089910540        0.3512869114
 156.   3.        0.1554728011       -0.2340698551
 156.   4.       -0.1244955583       -0.1849112240
 156.   5.       -0.1136608987       -0.1207930923
 156.   6.       -0.0880549645        0.0439582941
 156.   7.        0.0741332415        0.1074090635
 156.   8.       -0.0861941471        0.0396990449
 156.   9.        0.2335592906       -0.0454813956
 156.  10.       -0.0858756665        0.0965764144
 156.  11.       -0.1154063408        0.0448791165
 156.  12.        0.1948841464        0.0338955232
 156.  13.       -0.0735934185        0.0536096274
 156.  14.        0.0617357987        0.1704352194
 156.  15.       -0.0040822600       -0.3106947846
 156.  16.       -0.0069122681        0.0184399322
 156.  17.       -0.1080135112       -0.1157476355
 156.  18.       -0.0968267112        0.0213272050
 156.  19.        0.1288227323        0.2005863678
 156.  20.       -0.0144284039        0.1920765822
 156.  21.        0.0828832773       -0.2329024551
 156.  22.        0.2268812814        0.0873312725
 156.  23.       -0.1209395058       -0.0641392137
 156.  24.       -0.2442865870        0.2016880970
 156.  25.        0.0148626961       -0.0373090746
 156.  26.       -0.0367758945        0.0189520248
 156.  27.       -0.1353916850       -0.1210471843
 156.  28.        0.0778826142        0.0201292119
 156.  29.       -0.0982955257       -0.0011718778
 156.  30.        0.1713599535        0.3242375081
 156.  31.       -0.3229508011        0.1492089291
 156.  32.       -0.2638738912       -0.0851442745
 156.  33.        0.0471537799        0.1321763798
 156.  34.        0.1340409729       -0.0095305302
 156.  35.       -0.0181186112        0.0873504216
 156.  36.        0.0904639722       -0.0191123234
 156.  37.       -0.0743180841       -0.0417722787
 156.  38.        0.0568549792        0.0990562594
 156.  39.       -0.0047176638        0.0231017565
 156.  40.        0.0026269938       -0.0927488803
 156.  41.        0.0602289775       -0.2071355435
 156.  42.        0.0779172060       -0.0878802987
 156.  43.       -0.2403366004       -0.0100668725
 156.  44.        0.2709260193        0.0399685736
 156.  45.       -0.1801235441        0.0517979193
 156.  46.        0.0409674941        0.2186181879
 156.  47.       -0.0662537095       -0.1175868264
 156.  48.       -0.0092991557       -0.2572866387
 156.  49.        0.0704437370       -0.1858426006
 156.  50.       -0.0975653833        0.2868058082
 156.  51.        0.0997036634       -0.0796868609
 156.  52.       -0.0210775171        0.0598175100
 156.  53.       -0.0789297280       -0.1908217937
 156.  54.       -0.1343009434        0.0174117129
 156.  55.        0.0342251145        0.2561693858
 156.  56.        0.2064243191       -0.1323993216
 156.  57.       -0.0187559459        0.1718099851
 156.  58.       -0.0516259699       -0.0327581812
 156.  59.       -0.0830585450        0.0562307297
 156.  60.       -0.0045839899       -0.0216441540
 156.  61.        0.0278805819       -0.0027584727
 156.  62.       -0.0693906231        0.0546819704
 156.  63.        0.0926837040       -0.0179108705
 156.  64.        0.0041178428       -0.2252417927
 156.  65.        0.0661516851       -0.0500042760
 156.  66.        0.0957393882        0.0976190862
 156.  67.        0.1635603074        0.3854611009
 156.  68.       -0.0000605681        0.0004505242
 156.  69.        0.1502172091        0.0377194423
 156.  70.       -0.0128830292       -0.1153530226
 156.  71.        0.2872779339       -0.1224660104
 156.  72.       -0.1246913058        0.0512425680
 156.  73.       -0.1027092116        0.1157768363
 156.  74.       -0.0146489138        0.0490910499
 156.  75.        0.1033135384       -0.2366518966
 156.  76.        0.0256861799        0.0555994389
 156.  77.       -0.2013262094        0.4898293600
 156.  78.        0.2067525406       -0.2367943246
 156.  79.       -0.3510459754       -0.2074992738
 156.  80.        0.0244002097       -0.1559926934
 156.  81.        0.4844812832       -0.0289647139
 156.  82.        0.0558043087       -0.4051769079
 156.  83.        0.0700474603        0.1124755248
 156.  84.       -0.0922889914        0.1157363904
 156.  85.        0.2590665315       -0.0346001999
 156.  86.        0.1243486141       -0.1914080655
 156.  87.       -0.0259609045        0.0875953897
 156.  88.       -0.1544049609       -0.1328441766
 156.  89.       -0.4301273942        0.0816029105
 156.  90.       -0.1469520504       -0.0667688591
 156.  91.        0.0561453872        0.0690755028
 156.  92.       -0.3623383222       -0.1853055881
 156.  93.        0.2105398334        0.0239470831
 156.  94.        0.1542123894        0.1826024094
 156.  95.        0.1375940122       -0.0457717779
 156.  96.       -0.1623632052        0.0455270641
 156.  97.        0.1224060978        0.1519835752
 156.  98.        0.2967763017        0.4537140988
 156.  99.        0.1906327921        0.2015879917
 156. 100.       -0.0068741203        0.1594747227
 156. 101.       -0.0454068286       -0.0367378371
 156. 102.       -0.1048156970       -0.1034128889
 156. 103.        0.3491990308        0.2585436160
 156. 104.        0.2145651451       -0.0495043089
 156. 105.        0.0330522762        0.2346989383
 156. 106.       -0.0920512211        0.3350448839
 156. 107.        0.6293895432       -0.4436377918
 156. 108.        0.3235808392       -0.3542545161
 156. 109.        0.3977543120        0.1406445846
 156. 110.        0.0783618159        0.0884979033
 156. 111.        0.3168407846       -0.0463985682
 156. 112.       -0.0167130625        0.1695558830
 156. 113.       -0.0282520087       -0.0540325089
 156. 114.       -0.1224960779       -0.0717493572
 156. 115.        0.2528230181        0.3404646337
 156. 116.        0.0095581247        0.1764823241
 156. 117.        0.0689668499        0.2176640680
 156. 118.       -0.2601701959       -0.1706287874
 156. 119.        0.1203583109        0.1869436808
 156. 120.        0.0495354734       -0.0779258319
 156. 121.       -0.1317170178       -0.3367467837
 156. 122.        0.0063568161       -0.1601445020
 156. 123.       -0.5873037333       -0.0797479956
 156. 124.        0.1386370439        0.0199784483
 156. 125.        0.0302864264       -0.2427681043
 156. 126.       -0.3799177908       -0.3627017407
 156. 127.       -0.0011687567        0.0270180614
 156. 128.        0.0336399891        0.1639888404
 156. 129.        0.0350123053        0.5643001211
 156. 130.        0.0304436349        0.1184746266
 156. 131.        0.3450376475       -0.3186221158
 156. 132.       -0.1835626366       -0.1201437043
 156. 133.       -0.0858698894       -0.0881051024
 156. 134.        0.2170213428        0.3289122973
 156. 135.        0.2232135042        0.5423912830
 156. 136.        0.4690091232       -0.2255599169
 156. 137.        0.2576453052        0.3317864142
 156. 138.        0.3218771940        0.1243486352
 156. 139.       -0.1419543870       -0.0740526948
 156. 140.       -0.1090789432        0.2067751289
 156. 141.       -0.0378409798       -0.0777127951
 156. 142.       -0.0763644334        0.0526668979
 156. 143.        0.4339138011       -0.4348948495
 156. 144.        0.0696163931       -0.0763577641
 156. 145.        0.2085696652        0.3108868516
 156. 146.       -0.2497763739       -0.1152498964
 156. 147.       -0.2232972693       -0.3650060637
 156. 148.       -0.0066004876        0.1051097236
 156. 149.       -0.2525570339       -0.1582180001
 156. 150.        0.0640262589        0.1248983407
 156. 151.       -0.0729228872        0.0175467085
 156. 152.        0.0135649385        0.0267335550
 156. 153.       -0.1847331088        0.1672760987
 156. 154.       -0.0417678581       -0.1049050986
 156. 155.       -0.1038590462       -0.1064598552
 156. 156.       -0.4538173097       -0.0452781519
 157.   0.       -0.3187542836        0.0000000000
 157.   1.        0.1109729916        0.0417411878
 157.   2.       -0.0452262028        0.0602571349
 157.   3.        0.0988727438        0.1346967401
 157.   4.        0.1924831472       -0.0764102777
 157.   5.        0.0528740155       -0.0461585925
 157.   6.        0.1416781433       -0.0104279049
 157.   7.       -0.0111809737        0.0192391817
 157.   8.       -0.0978696436        0.0445984134
 157.   9.        0.1476105325       -0.0300480978
 157.  10.       -0.0829101453        0.0884134134
 157.  11.       -0.1820078488       -0.1207737762
 157.  12.       -0.1214603120       -0.0477603820
 157.  13.       -0.1055121438        0.1619853596
 157.  14.       -0.1693875527        0.0756129819
 157.  15.       -0.1832471362        0.3633870682
 157.  16.        0.1648979462       -0.0696256550
 157.  17.       -0.2247358620        0.0093924814
 157.  18.        0.1319354723       -0.0100687013
 157.  19.       -0.0093882610        0.0490459838
 157.  20.       -0.1391101241        0.1876011090
 157.  21.        0.0925521590       -0.1130554758
 157.  22.       -0.1225715135       -0.1015724601
 157.  23.        0.0625862949       -0.0743554907
 157.  24.       -0.0179998394       -0.0444557522
 157.  25.       -0.0684930114        0.0256642864
 157.  26.       -0.0651834129       -0.2314979001
 157.  27.        0.0026061402        0.1545990008
 157.  28.       -0.0514545418       -0.0636316139
 157.  29.       -0.0026250595       -0.0745964578
 157.  30.        0.0304287065        0.1244843533
 157.  31.        0.2091121168        0.1405679971
 157.  32.       -0.2272423622       -0.0305754866
 157.  33.       -0.0385084431       -0.2077287760
 157.  34.        0.0745096841        0.1456213384
 157.  35.        0.1687425558        0.3238930923
 157.  36.        0.0567262006        0.0216153021
 157.  37.       -0.2862191492       -0.0218159333
 157.  38.       -0.1721037785       -0.0041289601
 157.  39.        0.3314067190       -0.0443662961
 157.  40.        0.2703423057       -0.0503639487
 157.  41.        0.0200963849       -0.4640563612
 157.  42.        0.0291161118       -0.1827551460
 157.  43.       -0.2933041496        0.3117830074
 157.  44.       -0.1248922055       -0.0724827959
 157.  45.        0.0933791373       -0.0152121938
 157.  46.        0.3385467125        0.0344036206
 157.  47.       -0.2208723517        0.1332225276
 157.  48.        0.0365896981       -0.0792863146
 157.  49.       -0.0197065727        0.0586497799
 157.  50.       -0.0017331229       -0.0873413544
 157.  51.       -0.1270909585       -0.0238480938
 157.  52.        0.0750983606       -0.2012184432
 157.  53.       -0.0516557372        0.0392796663
 157.  54.        0.1383630979       -0.2031633164
 157.  55.        0.1201168600       -0.0210273371
 157.  56.       -0.0188391713        0.2067035340
 157.  57.        0.0574682139       -0.0770338229
 157.  58.       -0.1737981863       -0.1798158346
 157.  59.       -0.0993246999        0.0362265343
 157.  60.        0.0622746012        0.1697874415
 157.  61.        0.0233814569       -0.1222598845
 157.  62.        0.2119907983        0.0113259236
 157.  63.       -0.0331334914       -0.1413306332
 157.  64.       -0.1154097489       -0.0551083992
 157.  65.       -0.2141750758       -0.1249697539
 157.  66.       -0.2060597026       -0.0798600417
 157.  67.        0.2183562646        0.3995189714
 157.  68.       -0.0260288231       -0.0362821333
 157.  69.       -0.3031376207       -0.3755430488
 157.  70.       -0.0224733670        0.1019124570
 157.  71.       -0.1698926508       -0.0623508564
 157.  72.        0.0552995018       -0.0294050173
 157.  73.       -0.0760788394       -0.1367483779
 157.  74.        0.0117079561        0.0666060380
 157.  75.       -0.0709449105       -0.0095073447
 157.  76.        0.0337891253       -0.0973433162
 157.  77.       -0.2461063083       -0.0084536245
 157.  78.       -0.1690923396        0.0688560736
 157.  79.       -0.0565259158       -0.1717488634
 157.  80.        0.1728745474       -0.1491042290
 157.  81.       -0.2023258635       -0.0153429823
 157.  82.        0.1550053082        0.0790796300
 157.  83.       -0.0504171804        0.1578777971
 157.  84.       -0.0497565783       -0.0124118708
 157.  85.       -0.2088156230       -0.0343030728
 157.  86.       -0.1698941793        0.2390819883
 157.  87.        0.2539591123        0.0433326992
 157.  88.        0.2105707348        0.0572748410
 157.  89.       -0.2385155699       -0.3172944749
 157.  90.       -0.3010901023        0.1644332703
 157.  91.        0.0043294223        0.2641023532
 157.  92.        0.3044956588       -0.0232891541
 157.  93.        0.0150438515       -0.2316273201
 157.  94.       -0.2382863978        0.0158541516
 157.  95.       -0.4032488300       -0.2259934726
 157.  96.        0.1534826994       -0.3805389769
 157.  97.       -0.2195873034       -0.1115107929
 157.  98.       -0.0983440496        0.0020132489
 157.  99.        0.1855156648        0.1881373903
 157. 100.        0.1229513330        0.3375351367
 157. 101.        0.0539816600       -0.2306994253
 157. 102.       -0.1388740229       -0.0879133944
 157. 103.        0.0618033802       -0.0350964664
 157. 104.       -0.1430741389        0.4944106288
 157. 105.        0.0430296999       -0.0631327656
 157. 106.       -0.0965792662        0.2401347487
 157. 107.        0.0035447062        0.3090254358
 157. 108.        0.2039307827       -0.3637392779
 157. 109.        0.1541995720       -0.1390089145
 157. 110.       -0.3912172057       -0.0704509524
 157. 111.        0.2512502663        0.1954375306
 157. 112.        0.0558129466       -0.2901916000
 157. 113.       -0.1204413800        0.2689877476
 157. 114.       -0.0976277723       -0.3762774511
 157. 115.       -0.1363136878       -0.2954294347
 157. 116.        0.0662330265        0.1809194435
 157. 117.       -0.0941543966        0.2614482527
 157. 118.       -0.1243771421       -0.1370532970
 157. 119.        0.0948465363        0.0107887200
 157. 120.       -0.0459714234        0.4216949556
 157. 121.        0.4051051712        0.2887158319
 157. 122.        0.2677705723        0.3806037296
 157. 123.       -0.1980487732       -0.0671143032
 157. 124.        0.1316131017       -0.0861663109
 157. 125.       -0.0370741575        0.3679238481
 157. 126.        0.1166569560       -0.0925551054
 157. 127.        0.1309595556        0.1600193335
 157. 128.        0.2313324986       -0.1856709913
 157. 129.       -0.2208314617        0.1015401435
 157. 130.        0.3273000060        0.0896435570
 157. 131.       -0.1165604870        0.1704268889
 157. 132.       -0.0840159540       -0.1217831789
 157. 133.        0.0327509372       -0.0284959558
 157. 134.        0.1120079828       -0.0500902334
 157. 135.       -0.4122433284       -0.0069724399
 157. 136.       -0.5251020255        0.2383347122
 157. 137.       -0.0398557672       -0.2264444866
 157. 138.        0.3649026410        0.0458329139
 157. 139.        0.0263089529        0.2402233914
 157. 140.       -0.5982664191        0.2269040073
 157. 141.        0.3740098528        0.0857847120
 157. 142.        0.2042850291        0.0716615975
 157. 143.       -0.1591624053       -0.2413480321
 157. 144.       -0.4223809158       -0.1327870534
 157. 145.       -0.4933180462        0.3420774170
 157. 146.       -0.5409732688       -0.1176878713
 157. 147.       -0.0359472369        0.2293230783
 157. 148.       -0.0638921211        0.2730086106
 157. 149.        0.2354383230       -0.0580695401
 157. 150.        0.1703283796       -0.0423577934
 157. 151.        0.1013354628       -0.0329342533
 157. 152.        0.1148088272       -0.0615000547
 157. 153.        0.1950613708        0.3303598101
 157. 154.        0.2774728741        0.2035550954
 157. 155.        0.2397356449       -0.2445040785
 157. 156.       -0.4401701241        0.7477190969
 157. 157.       -0.3758764475       -0.0677477043
 158.   0.        0.1669994524        0.0000000000
 158.   1.       -0.0562784748        0.2155515451
 158.   2.        0.1258051561       -0.0647546049
 158.   3.       -0.1626035944        0.3125046214
 158.   4.       -0.1325736305        0.1385432393
 158.   5.       -0.1758254222        0.3457146465
 158.   6.       -0.0555844761        0.0271438321
 158.   7.       -0.1472280954        0.0016917485
 158.   8.       -0.1189302379       -0.2861345330
 158.   9.       -0.1320892643        0.0542282755
 158.  10.        0.0198084155        0.0470686426
 158.  11.       -0.1230766980       -0.0067829255
 158.  12.        0.0670835244        0.0471099060
 158.  13.        0.1165522170        0.0069177133
 158.  14.        0.0136827600       -0.1016247986
 158.  15.       -0.0378777412        0.0975181511
 158.  16.        0.1071139792        0.0868172258
 158.  17.        0.0809072120        0.1878924115
 158.  18.       -0.0923130761       -0.1756197300
 158.  19.        0.0305127674        0.0319363598
 158.  20.       -0.0876101721        0.2153169524
 158.  21.       -0.0662487984       -0.1262153070
 158.  22.       -0.2834824532       -0.0580354085
 158.  23.        0.0584289672       -0.0601394048
 158.  24.       -0.0851944830       -0.1253735736
 158.  25.        0.0475478219        0.0224216843
 158.  26.        0.2909675767        0.0105043908
 158.  27.       -0.0769137318        0.1464228700
 158.  28.        0.1270508218        0.0773861861
 158.  29.        0.0404019981       -0.3689816785
 158.  30.       -0.0499835848       -0.1388206667
 158.  31.        0.4232725404       -0.1578518015
 158.  32.        0.1825455614        0.0724132510
 158.  33.       -0.0318962370       -0.2339455563
 158.  34.       -0.2296740776       -0.1417968323
 158.  35.        0.0340397138       -0.1500294083
 158.  36.       -0.0102686594       -0.1584536243
 158.  37.       -0.1025807562       -0.1628922404
 158.  38.       -0.1100584324       -0.1601328941
 158.  39.        0.0989115292        0.1900159060
 158.  40.       -0.0780197054        0.2322653983
 158.  41.       -0.0046236899       -0.0203790512
 158.  42.       -0.0821327384        0.1438632160
 158.  43.        0.1825529195        0.0508317266
 158.  44.       -0.0564292452       -0.0960597410
 158.  45.       -0.1712486311       -0.1145018262
 158.  46.       -0.0262154515       -0.1056346144
 158.  47.       -0.1045577776        0.0075640328
 158.  48.        0.1826980117        0.0526445253
 158.  49.       -0.1718583579       -0.0486530094
 158.  50.        0.0628915214       -0.2583938028
 158.  51.       -0.0613717329        0.0074676613
 158.  52.        0.1190043863       -0.1113494293
 158.  53.        0.1314195716        0.0610158931
 158.  54.        0.0363073523       -0.2157644939
 158.  55.        0.0471805507       -0.1019284614
 158.  56.       -0.1167269581        0.1434819943
 158.  57.       -0.0037430884        0.0109833258
 158.  58.        0.0674060499        0.0472952664
 158.  59.        0.1068665605        0.0744511306
 158.  60.       -0.0722031369        0.0730225485
 158.  61.       -0.2960139646        0.0832339599
 158.  62.        0.1566598060       -0.0071964681
 158.  63.       -0.1176009660        0.1834748453
 158.  64.       -0.1499333846       -0.1745556294
 158.  65.        0.0001386533       -0.0460301391
 158.  66.        0.2696850502       -0.0328422033
 158.  67.       -0.0611284715        0.0356615246
 158.  68.       -0.1353042088       -0.0334677813
 158.  69.       -0.0480724529       -0.0757826478
 158.  70.        0.1747720995        0.1565649759
 158.  71.        0.1736456876       -0.1625896819
 158.  72.       -0.3296351813        0.0800162374
 158.  73.        0.0422603481        0.1602446370
 158.  74.       -0.1421870535        0.0223091259
 158.  75.       -0.2713822310        0.1280350706
 158.  76.       -0.2491391456       -0.0081736514
 158.  77.        0.3148414198        0.0575697831
 158.  78.        0.0678854724        0.1655372193
 158.  79.       -0.0748918010        0.0741378824
 158.  80.       -0.1321649403       -0.1370699799
 158.  81.       -0.2860039818       -0.1469861091
 158.  82.       -0.1828488677        0.0920225657
 158.  83.        0.1013171534       -0.0165579204
 158.  84.        0.2408803953        0.0609036801
 158.  85.        0.0640530855       -0.1043889138
 158.  86.        0.3443123718        0.1093977878
 158.  87.        0.2973289353        0.2063565213
 158.  88.       -0.0359379292       -0.0834281857
 158.  89.        0.3358143349       -0.2853592277
 158.  90.       -0.0574274362        0.0156327003
 158.  91.        0.0835302748       -0.1618657423
 158.  92.        0.0344073574        0.0843746911
 158.  93.       -0.1331723778        0.1011892572
 158.  94.        0.2075285096        0.1153900497
 158.  95.        0.1641565127        0.1911707591
 158.  96.       -0.0061384442       -0.2224005850
 158.  97.        0.3759269975       -0.5038294888
 158.  98.       -0.0294971878       -0.1314279602
 158.  99.       -0.1630487985        0.1292704636
 158. 100.       -0.0234919947        0.0327924907
 158. 101.       -0.1371584550        0.1087113913
 158. 102.        0.0659894790       -0.1731785305
 158. 103.        0.2395984173       -0.0196288063
 158. 104.       -0.2431850404       -0.1837866969
 158. 105.        0.1553046896        0.3710617740
 158. 106.        0.2549877455       -0.1964590525
 158. 107.        0.0151979880       -0.0985774989
 158. 108.        0.1801435409       -0.2640426143
 158. 109.        0.0006322905        0.1617646608
 158. 110.        0.0291719417       -0.0820327416
 158. 111.       -0.1523078891       -0.2227519690
 158. 112.        0.1943867027       -0.2659432948
 158. 113.        0.1060977069       -0.0892644282
 158. 114.       -0.3114895491        0.3595635495
 158. 115.       -0.2594349894       -0.3243097792
 158. 116.       -0.0440568288       -0.1087612426
 158. 117.        0.0107278433        0.0821945096
 158. 118.       -0.2474737907       -0.3574808955
 158. 119.       -0.1180166039        0.0794848602
 158. 120.        0.6604820679       -0.4326568211
 158. 121.        0.1212875407       -0.1021159233
 158. 122.       -0.0579983759        0.0784878481
 158. 123.        0.3465930403       -0.0113072857
 158. 124.        0.2613787940       -0.4088177820
 158. 125.       -0.0209379936       -0.0881717473
 158. 126.        0.0824731438        0.1085255876
 158. 127.       -0.1381184673       -0.1272095898
 158. 128.       -0.1021967527        0.0906884254
 158. 129.        0.1587524487       -0.0285862648
 158. 130.       -0.1487278176       -0.2045145771
 158. 131.       -0.0457738380        0.2511731858
 158. 132.       -0.0882865017       -0.0379787760
 158. 133.        0.1172900846       -0.1540428726
 158. 134.        0.3629286453       -0.3395405816
 158. 135.       -0.0253911496        0.3254018789
 158. 136.       -0.2089673967        0.2567215791
 158. 137.       -0.0761346104       -0.0765922469
 158. 138.        0.2190344952        0.0753853635
 158. 139.        0.0215969123        0.3152538994
 158. 140.       -0.1396298461        0.0311092180
 158. 141.       -0.2440596819        0.4200431952
 158. 142.       -0.4538780387       -0.1838923169
 158. 143.        0.5402116734        0.3255368639
 158. 144.       -0.2979684321        0.3099809714
 158. 145.        0.1519836507        0.1030445657
 158. 146.       -0.1273004223        0.0758192174
 158. 147.       -0.2799958559       -0.0142871136
 158. 148.        0.0445984175        0.1396191100
 158. 149.        0.0083200288        0.0906630243
 158. 150.       -0.4062751010        0.2071973207
 158. 151.        0.2102645953       -0.1537823548
 158. 152.        0.1038950941        0.3661596699
 158. 153.       -0.1405354001        0.0862133297
 158. 154.       -0.0540968840        0.2682911411
 158. 155.        0.0219741076        0.3719094852
 158. 156.        0.0450099718       -0.0460211236
 158. 157.       -0.0653410652       -0.4678074776
 158. 158.       -0.0477102010       -0.2184205930
 159.   0.        0.3008968429        0.0000000000
 159.   1.       -0.2188243869       -0.0576953962
 159.   2.        0.0178482822       -0.0402129020
 159.   3.       -0.3128249459        0.0295424153
 159.   4.        0.0142205532        0.2018993109
 159.   5.        0.0375424531        0.1532920933
 159.   6.        0.0343643461       -0.0513639148
 159.   7.        0.0111011713       -0.2366425323
 159.   8.        0.0788588252        0.1098936081
 159.   9.        0.2150325812       -0.2117987483
 159.  10.        0.1361072227       -0.1263343401
 159.  11.        0.0485602673        0.2478957503
 159.  12.        0.1076952177        0.0472803900
 159.  13.        0.1390454777       -0.0883193205
 159.  14.        0.0494119594        0.0887069103
 159.  15.       -0.0387209754       -0.3648568433
 159.  16.       -0.1179528971        0.0998211158
 159.  17.        0.0511129599        0.2317081727
 159.  18.       -0.2806580505       -0.2355720865
 159.  19.       -0.0743101087        0.0466063954
 159.  20.       -0.0631586416        0.0648115443
 159.  21.       -0.1613103601        0.1452179617
 159.  22.        0.4253479877        0.1410913832
 159.  23.        0.0591218149       -0.1783473993
 159.  24.       -0.1363987071        0.0518952945
 159.  25.        0.2200841081        0.0061922111
 159.  26.        0.2664040145        0.1716281997
 159.  27.       -0.0049664439       -0.0647556274
 159.  28.       -0.0846391251        0.0906352951
 159.  29.        0.0681540955        0.1077845067
 159.  30.        0.0027581381       -0.1154677145
 159.  31.        0.0103813112       -0.2935113420
 159.  32.        0.0245289966        0.0685107076
 159.  33.        0.2149425101        0.1321696621
 159.  34.        0.0843932930        0.0692913905
 159.  35.        0.2226744363       -0.2842045772
 159.  36.        0.1726114595        0.1466148485
 159.  37.        0.0743743880        0.1109747513
 159.  38.       -0.0967479694        0.0656939318
 159.  39.       -0.1379031632       -0.2788135067
 159.  40.       -0.1636406491        0.1359273824
 159.  41.        0.0685026249        0.1563094172
 159.  42.        0.0784411370       -0.0700226260
 159.  43.        0.2906446552       -0.1309684916
 159.  44.        0.2091410901        0.0628451064
 159.  45.        0.0522208881        0.0287949912
 159.  46.       -0.1001442372        0.0136469085
 159.  47.        0.2310824614       -0.0331508790
 159.  48.       -0.2119587505       -0.0677074419
 159.  49.       -0.0200708089       -0.1161936213
 159.  50.        0.0117188909       -0.1372068487
 159.  51.       -0.0682256001       -0.1072938329
 159.  52.        0.1911164958       -0.0285320767
 159.  53.        0.0174797416       -0.1335403034
 159.  54.       -0.3055572200       -0.0732733741
 159.  55.       -0.0586292124       -0.0000910189
 159.  56.        0.2887246507        0.1324209671
 159.  57.       -0.1956745049       -0.0569533224
 159.  58.        0.0222103378       -0.0092088177
 159.  59.       -0.2719301871       -0.0826274611
 159.  60.        0.0085959855       -0.0285604724
 159.  61.       -0.0010062501        0.0468154686
 159.  62.       -0.1337140849        0.1243162187
 159.  63.       -0.1930767416        0.0527605791
 159.  64.       -0.0174087927       -0.1931124773
 159.  65.        0.3097528799       -0.1620391430
 159.  66.        0.1244434797       -0.0751764507
 159.  67.       -0.2647241628       -0.1020958669
 159.  68.        0.2553381575        0.2566672970
 159.  69.        0.0526495697        0.2459291277
 159.  70.       -0.0278953657       -0.2920418818
 159.  71.        0.0660162683        0.0659514881
 159.  72.       -0.1065555179       -0.1722058055
 159.  73.       -0.3109545316        0.1432073732
 159.  74.       -0.1187498138       -0.1813105431
 159.  75.       -0.0409133175       -0.0952265022
 159.  76.       -0.0338146441       -0.0328004731
 159.  77.        0.1853243296        0.2073216847
 159.  78.        0.1438672646        0.0422174610
 159.  79.       -0.1398501411        0.3083102723
 159.  80.        0.0059750515        0.2240168601
 159.  81.        0.1799085593       -0.0636506235
 159.  82.        0.3070698755       -0.1341769555
 159.  83.        0.1508179098        0.0842628286
 159.  84.        0.0650526516        0.2613554678
 159.  85.       -0.0592066100        0.1424438787
 159.  86.        0.0104633222       -0.2427842640
 159.  87.        0.0211032709        0.2074504466
 159.  88.        0.0878305329       -0.0852545397
 159.  89.       -0.0562512767        0.1107563826
 159.  90.        0.3496187817        0.2079724422
 159.  91.        0.0689583287        0.0251734325
 159.  92.       -0.2954744699       -0.1113730400
 159.  93.       -0.0704860828        0.1337541215
 159.  94.        0.0487749844       -0.1318543062
 159.  95.        0.3063012526       -0.1256149265
 159.  96.       -0.1002543175        0.1517058812
 159.  97.        0.0028567768        0.1285571577
 159.  98.        0.1218865300        0.1700658906
 159.  99.        0.0554369247       -0.3146993926
 159. 100.       -0.0397205978        0.0645488544
 159. 101.       -0.0658202716        0.2498114853
 159. 102.       -0.1625554375       -0.0008624591
 159. 103.       -0.0416280030       -0.2399470313
 159. 104.        0.1618546943       -0.3310800483
 159. 105.        0.1267199124       -0.1048953281
 159. 106.        0.0021904899        0.4841473054
 159. 107.        0.2351222894       -0.0975039292
 159. 108.        0.1905779502       -0.0665341847
 159. 109.       -0.0738166429       -0.2156103884
 159. 110.       -0.4090585621        0.0067948401
 159. 111.       -0.0013429180        0.1298991582
 159. 112.        0.0904022632        0.5373590878
 159. 113.       -0.0300148442        0.3607122537
 159. 114.       -0.0521787863        0.4610204022
 159. 115.       -0.2366780632        0.0806320931
 159. 116.        0.1064094580       -0.0232795861
 159. 117.       -0.1577753871       -0.1871611854
 159. 118.       -0.2270247888        0.4227619190
 159. 119.        0.3177036754       -0.1147197971
 159. 120.        0.2422468571        0.0570294983
 159. 121.        0.4005543101        0.2867636474
 159. 122.       -0.0907232246        0.1749455273
 159. 123.        0.3773414527       -0.0893527978
 159. 124.       -0.1932381945       -0.5475868498
 159. 125.       -0.0974770317       -0.2234129705
 159. 126.       -0.0584075687       -0.1879926050
 159. 127.       -0.3989643432        0.3941410065
 159. 128.       -0.0153417781       -0.0113101144
 159. 129.       -0.3426932448        0.1749485176
 159. 130.       -0.2030273219        0.1533181547
 159. 131.       -0.2689170098       -0.2442197812
 159. 132.       -0.0991153744        0.1624736748
 159. 133.       -0.4565572492        0.2059919846
 159. 134.        0.1282198889       -0.1668959818
 159. 135.        0.0146226609       -0.0069917117
 159. 136.       -0.1891234015       -0.2078210489
 159. 137.        0.3113263894        0.3401492329
 159. 138.        0.3402608061       -0.1833293117
 159. 139.       -0.5223940624       -0.0194010774
 159. 140.       -0.1342010465       -0.0965131488
 159. 141.       -0.0941978483       -0.1632798927
 159. 142.       -0.0521877547       -0.1468271728
 159. 143.        0.0525125212        0.0204529065
 159. 144.       -0.1620008515       -0.1100066988
 159. 145.       -0.0543289384       -0.0472171690
 159. 146.       -0.0583035060        0.3852700219
 159. 147.        0.2234052571        0.0536239642
 159. 148.       -0.0943445276       -0.0473193500
 159. 149.        0.0573807381       -0.1842719245
 159. 150.        0.3518831521       -0.1483244112
 159. 151.       -0.2824346452       -0.1383332153
 159. 152.        0.2682166316        0.2497526106
 159. 153.        0.0302942449        0.1216876031
 159. 154.       -0.0454365813        0.1482727711
 159. 155.       -0.0680389052       -0.2489982514
 159. 156.       -0.2036890805        0.2808011583
 159. 157.       -0.3222375469       -0.1394816779
 159. 158.        0.3468246023        0.0611166914
 159. 159.        0.0604408377        0.0269886293
 160.   0.       -0.0411601209        0.0000000000
 160.   1.        0.0773971307       -0.2512480734
 160.   2.        0.0001703257       -0.2310909538
 160.   3.       -0.0808030326       -0.1528564411
 160.   4.        0.3242663183        0.0983130340
 160.   5.        0.3282135737       -0.1862017420
 160.   6.        0.1213524705        0.1040198010
 160.   7.       -0.0055297025        0.0432673044
 160.   8.        0.2907055317        0.4434839573
 160.   9.        0.0251975635       -0.0226286967
 160.  10.        0.1064741699       -0.0589926094
 160.  11.        0.1902284986       -0.0879947687
 160.  12.       -0.2799803037        0.0434733939
 160.  13.        0.0260833752       -0.0649323668
 160.  14.       -0.0392992379        0.0252150008
 160.  15.       -0.0214964472        0.1944948126
 160.  16.       -0.2005448124       -0.0619694419
 160.  17.        0.0432381686       -0.0961284166
 160.  18.        0.0168365043        0.1762094743
 160.  19.       -0.0847837890       -0.0819137017
 160.  20.        0.1700577147       -0.2315000455
 160.  21.        0.0849635276        0.2490184204
 160.  22.        0.1524214781       -0.0934761287
 160.  23.        0.1280899575       -0.0181464796
 160.  24.        0.1794491933        0.0604561386
 160.  25.       -0.2470584367        0.0409522075
 160.  26.       -0.0937638108        0.1463434448
 160.  27.        0.1862890949       -0.0486338070
 160.  28.        0.0116263675       -0.0501809181
 160.  29.       -0.0534754837        0.3045192441
 160.  30.       -0.1045580523        0.1460333835
 160.  31.       -0.1592891308        0.1181420542
 160.  32.       -0.0114530033       -0.0339281337
 160.  33.        0.0440617217        0.3333992639
 160.  34.        0.0716310439        0.0802418500
 160.  35.       -0.2302220937       -0.0994118499
 160.  36.       -0.0851777945       -0.0721579174
 160.  37.       -0.0497222452        0.2112429952
 160.  38.       -0.1816707969       -0.1784292700
 160.  39.       -0.0929645484       -0.1225352769
 160.  40.        0.0610381395       -0.1689393770
 160.  41.        0.1520833675        0.1870416940
 160.  42.       -0.1130897067       -0.1559956485
 160.  43.        0.0086352900        0.0446030567
 160.  44.        0.1354578571        0.0634049411
 160.  45.        0.0938351335        0.2540165165
 160.  46.        0.1122347075       -0.0249206616
 160.  47.       -0.0168175831        0.0679765803
 160.  48.        0.0060155914        0.0301943143
 160.  49.        0.1370344587       -0.0811109243
 160.  50.       -0.0182145132        0.1779971664
 160.  51.       -0.0722655945        0.1433757467
 160.  52.       -0.0200925236        0.1518794554
 160.  53.        0.1292553947        0.2196638990
 160.  54.        0.1580052076       -0.1023874854
 160.  55.       -0.2988876995       -0.1602649914
 160.  56.       -0.0815839721        0.0653101833
 160.  57.       -0.0547220922        0.0491468450
 160.  58.        0.1328012320       -0.0205452173
 160.  59.       -0.1513643260       -0.0210863657
 160.  60.        0.1341109976        0.0715690830
 160.  61.        0.1662827030        0.0424571600
 160.  62.       -0.1985265173       -0.0860736641
 160.  63.        0.1454574758       -0.0062197074
 160.  64.        0.0233828475       -0.0991581012
 160.  65.        0.0108265044        0.0429698425
 160.  66.       -0.0437014968        0.0544498213
 160.  67.       -0.0524832795        0.0171624206
 160.  68.        0.1347617854        0.2441597066
 160.  69.       -0.2867073464       -0.1261319715
 160.  70.       -0.1635743044       -0.2926541914
 160.  71.        0.1912245086       -0.0957923923
 160.  72.        0.3148709301       -0.1986722036
 160.  73.       -0.0925285079       -0.3619798121
 160.  74.       -0.2829709245       -0.1924792332
 160.  75.        0.1975652126        0.0153805010
 160.  76.        0.2274388899       -0.0076811019
 160.  77.       -0.0450520762        0.0188236232
 160.  78.       -0.1715378736       -0.0334487693
 160.  79.        0.1953211285        0.1409216291
 160.  80.       -0.0183326504        0.3147370132
 160.  81.       -0.2525428149       -0.1741419637
 160.  82.       -0.0189188037        0.2993400082
 160.  83.        0.1317446135        0.2243357642
 160.  84.       -0.1331405578       -0.0486507461
 160.  85.       -0.2573059767       -0.1235828987
 160.  86.       -0.2008361255        0.0000984570
 160.  87.        0.1362022820       -0.0272001860
 160.  88.       -0.0069115924       -0.0058040894
 160.  89.       -0.2121425872        0.1267813372
 160.  90.       -0.0969173321        0.0142520677
 160.  91.        0.1096461912        0.0816091707
 160.  92.       -0.1789639925       -0.0455501468
 160.  93.        0.1272273158       -0.0421937415
 160.  94.       -0.0354664573       -0.3406520765
 160.  95.       -0.1854530345        0.1269802656
 160.  96.       -0.0024382081        0.1477145592
 160.  97.       -0.1449248192        0.1281906699
 160.  98.       -0.0948523501        0.0759111283
 160.  99.        0.2484234725        0.1144796489
 160. 100.        0.0612800982        0.1145355352
 160. 101.       -0.1321285445       -0.1886198286
 160. 102.        0.2530504441       -0.0826336950
 160. 103.        0.1029216974        0.3120141821
 160. 104.        0.1806767533        0.1440354605
 160. 105.        0.2440340055       -0.0250740849
 160. 106.       -0.1531613687        0.0347157075
 160. 107.        0.0119656114        0.5123036600
 160. 108.       -0.0651956904        0.4587342768
 160. 109.        0.0090881694       -0.0309835107
 160. 110.       -0.0837027289       -0.0257204625
 160. 111.       -0.0136183331       -0.0551997107
 160. 112.       -0.2101422106        0.2904955719
 160. 113.       -0.0653575653       -0.0885987691
 160. 114.        0.2206440505       -0.0131619193
 160. 115.       -0.1214540256        0.1608965940
 160. 116.       -0.2753945497       -0.2671201340
 160. 117.       -0.0405809654       -0.0210269845
 160. 118.       -0.1653893059       -0.2771719494
 160. 119.       -0.2308546300       -0.1978221170
 160. 120.        0.0311087299        0.0587392739
 160. 121.        0.0196947240       -0.2030840339
 160. 122.        0.3105925456        0.0859732863
 160. 123.       -0.3790790708       -0.3140705792
 160. 124.        0.2113243092        0.1207482115
 160. 125.        0.0871857253       -0.0597369017
 160. 126.        0.3917904250       -0.1253010288
 160. 127.       -0.0100358576       -0.2372975408
 160. 128.       -0.3146354141        0.1465757583
 160. 129.       -0.1967147267       -0.2869750923
 160. 130.        0.2361544283       -0.0653506168
 160. 131.       -0.0572180150       -0.0721011116
 160. 132.        0.3193839148       -0.6027204792
 160. 133.       -0.4169378009       -0.2316733371
 160. 134.        0.2466762471       -0.2768241640
 160. 135.       -0.2135815150        0.1075662478
 160. 136.       -0.1662126600       -0.0365650368
 160. 137.        0.0831168379       -0.0111493383
 160. 138.        0.1240230188        0.1284699318
 160. 139.        0.0264936312       -0.0601174930
 160. 140.        0.1675374544       -0.3609095131
 160. 141.       -0.2383665624        0.2125188513
 160. 142.        0.1170853814        0.0513175562
 160. 143.        0.1649306684        0.0145699240
 160. 144.        0.1181655369        0.0874484093
 160. 145.        0.1360095015        0.3978251866
 160. 146.       -0.0814422173        0.1194889056
 160. 147.        0.1123854634       -0.1493496333
 160. 148.       -0.1617178078        0.5076056871
 160. 149.        0.3768213917       -0.4697196831
 160. 150.        0.0252692843       -0.0166950585
 160. 151.        0.1412109828       -0.1237888754
 160. 152.        0.1516153534        0.3303067424
 160. 153.       -0.3703185819       -0.1522391866
 160. 154.        0.1977572779       -0.0364037745
 160. 155.        0.1449459443        0.3547331809
 160. 156.        0.3334174775       -0.0676765339
 160. 157.        0.2644957284        0.0426757461
 160. 158.        0.2424689646        0.1351602247
 160. 159.       -0.0904682823        0.0913487649
 160. 160.       -0.0144740430       -0.3910422356
 161.   0.       -0.2547744476        0.0000000000
 161.   1.        0.0556008713        0.1023772106
 161.   2.       -0.0262158099       -0.1113285410
 161.   3.        0.2418899043       -0.2767362655
 161.   4.       -0.0614022720       -0.1451504660
 161.   5.       -0.1189442798       -0.0978639876
 161.   6.       -0.1222407174        0.0390559342
 161.   7.        0.0390829241        0.1566491817
 161.   8.       -0.0216941165       -0.1597563186
 161.   9.       -0.2590638308        0.1078837522
 161.  10.       -0.0692167285       -0.0803973534
 161.  11.        0.0273122399       -0.1536483649
 161.  12.        0.0299935692        0.0005664756
 161.  13.       -0.0521826103        0.0109822647
 161.  14.        0.0144373146       -0.0598438335
 161.  15.        0.1870422107        0.0883108171
 161.  16.       -0.0954224884       -0.3095778258
 161.  17.        0.0396163421       -0.1031300329
 161.  18.        0.0540883897        0.0585162233
 161.  19.        0.1169080617       -0.0833103147
 161.  20.        0.0689064407       -0.0621765048
 161.  21.        0.0914264366       -0.1014570992
 161.  22.       -0.2577248235       -0.0679136117
 161.  23.       -0.0045217202        0.0185629252
 161.  24.        0.1967856911       -0.0839799853
 161.  25.       -0.5107053608       -0.1381256524
 161.  26.       -0.1635074796       -0.0095763207
 161.  27.       -0.0562120961        0.0960628157
 161.  28.       -0.0469231013        0.0399573987
 161.  29.       -0.0676878403       -0.3030332040
 161.  30.       -0.1008757079        0.0998217717
 161.  31.       -0.1139004706       -0.0431277054
 161.  32.       -0.0993327599       -0.0752148092
 161.  33.       -0.1320583125       -0.0999012890
 161.  34.        0.0269025082       -0.0172586424
 161.  35.       -0.1564980400        0.0966961191
 161.  36.        0.1670212581       -0.2291966157
 161.  37.        0.0341703264        0.0420014223
 161.  38.        0.2430473962       -0.0492552130
 161.  39.        0.0243004703        0.1945821422
 161.  40.       -0.0830273567       -0.1045439655
 161.  41.        0.1316053145        0.1163004812
 161.  42.       -0.0364870641        0.1028348454
 161.  43.        0.0751375193       -0.0360021015
 161.  44.       -0.0979029087        0.0261353810
 161.  45.       -0.0069393593       -0.0165342582
 161.  46.       -0.0845915130       -0.0705495216
 161.  47.        0.0907850278       -0.0911019442
 161.  48.        0.1096779143        0.1037758709
 161.  49.        0.0383307354       -0.1813589284
 161.  50.        0.0028624676        0.2482184619
 161.  51.        0.1164051738        0.0594373822
 161.  52.       -0.1526907164        0.0371991914
 161.  53.       -0.0186219162        0.1011145769
 161.  54.        0.0619482467        0.1458090934
 161.  55.       -0.1613443852        0.2810513619
 161.  56.       -0.1426926817       -0.0212834450
 161.  57.        0.1782206066        0.1167097758
 161.  58.        0.0999408838        0.0649077506
 161.  59.       -0.0131675389       -0.0430015301
 161.  60.        0.0125854114       -0.1448658803
 161.  61.       -0.0426850985       -0.3378452595
 161.  62.        0.2253018166       -0.1397807129
 161.  63.        0.0414032969        0.1549470082
 161.  64.        0.0240922295        0.0148686219
 161.  65.        0.0543440991        0.0365762142
 161.  66.       -0.0346416944        0.0289933484
 161.  67.       -0.1295100984        0.1193347772
 161.  68.       -0.2535321339       -0.2394819839
 161.  69.       -0.2541184631       -0.2803437365
 161.  70.        0.0349970963        0.0257971400
 161.  71.       -0.2020833697       -0.0324009608
 161.  72.        0.0751872979       -0.1357943183
 161.  73.        0.2051578932       -0.1517191077
 161.  74.        0.1444788472        0.0395410566
 161.  75.        0.1722432802       -0.0972892155
 161.  76.       -0.0387320958        0.0836903985
 161.  77.       -0.2205765217       -0.0428405443
 161.  78.       -0.0017151225       -0.0834356411
 161.  79.        0.1030597961        0.0411245644
 161.  80.        0.0251105193       -0.1778346164
 161.  81.        0.0849851363       -0.2192194662
 161.  82.       -0.0540827174       -0.0186668378
 161.  83.       -0.1653110801        0.0554837948
 161.  84.        0.1421644499        0.3573637153
 161.  85.       -0.1155269176       -0.2062669834
 161.  86.       -0.2298653204       -0.1079094842
 161.  87.        0.1109169055       -0.0328685849
 161.  88.       -0.0353355538       -0.0272925139
 161.  89.       -0.1133639660        0.1134913530
 161.  90.        0.3456904559       -0.0923058009
 161.  91.        0.1064132906        0.0414076137
 161.  92.       -0.0630384850        0.1020477736
 161.  93.       -0.1550670536       -0.0778689561
 161.  94.       -0.1646715271       -0.0721179211
 161.  95.        0.0607105161       -0.1008472856
 161.  96.        0.2880350987       -0.0750491974
 161.  97.        0.3980688410        0.0882608811
 161.  98.       -0.2000927488       -0.2194048664
 161.  99.       -0.2902775695        0.0555141970
 161. 100.        0.0718620263        0.2253316984
 161. 101.       -0.0768392422        0.0220537532
 161. 102.       -0.2100148278       -0.2718152747
 161. 103.        0.0397747762       -0.0582824652
 161. 104.       -0.0760532902        0.1262748454
 161. 105.        0.1724894893        0.1241083311
 161. 106.        0.0749397961       -0.5026417697
 161. 107.        0.0851754503        0.0605142847
 161. 108.        0.0064516862        0.1267288719
 161. 109.       -0.0340988774       -0.1957977189
 161. 110.        0.3827295798       -0.1406415900
 161. 111.        0.3809053841        0.2138648305
 161. 112.       -0.1266616337       -0.1767486489
 161. 113.       -0.1459323117        0.2479477278
 161. 114.       -0.2179738021       -0.0399994377
 161. 115.        0.3046042640        0.1635182980
 161. 116.       -0.4430277771       -0.0397801808
 161. 117.        0.1562539302       -0.3910875452
 161. 118.       -0.0193086484        0.1751186556
 161. 119.        0.3162422602       -0.2369547408
 161. 120.       -0.2278461734        0.1414055417
 161. 121.       -0.1102860793        0.1573094737
 161. 122.       -0.0030682185       -0.1855237847
 161. 123.       -0.1440039540        0.2249863661
 161. 124.        0.3003995651        0.0167695618
 161. 125.       -0.1765215360       -0.1694235507
 161. 126.        0.1651250808       -0.0041199183
 161. 127.        0.0484273271       -0.0982377369
 161. 128.       -0.0192507001       -0.2036573431
 161. 129.        0.2136367293        0.1478501003
 161. 130.        0.3043361574        0.3934053156
 161. 131.        0.0427476120       -0.1388296775
 161. 132.       -0.4757334665        0.0310265953
 161. 133.        0.1121958203       -0.0425750086
 161. 134.       -0.3890539553       -0.1127614158
 161. 135.        0.1393491704       -0.2940816572
 161. 136.       -0.0128635784        0.0508215922
 161. 137.       -0.0416533243        0.1943089308
 161. 138.        0.0911806912       -0.1996343182
 161. 139.       -0.0221432880       -0.4835185765
 161. 140.       -0.0152387341        0.0915643921
 161. 141.       -0.1134422381       -0.1241857332
 161. 142.       -0.0192615364       -0.0915945138
 161. 143.       -0.2865785825        0.0850471467
 161. 144.       -0.1221728442       -0.2187626139
 161. 145.        0.1765982472       -0.3515880603
 161. 146.        0.1750135180        0.1024776732
 161. 147.        0.3751456291        0.4115750620
 161. 148.       -0.0809872641       -0.0410149178
 161. 149.       -0.1808941501        0.0128723636
 161. 150.        0.1791325629        0.0247618744
 161. 151.       -0.2178333507        0.1545921473
 161. 152.        0.4123723338        0.0465629480
 161. 153.        0.3042296582       -0.3491241676
 161. 154.        0.5048850885       -0.1964247166
 161. 155.        0.3880803189       -0.1118770069
 161. 156.       -0.3374828127       -0.2350183217
 161. 157.       -0.1025251736       -0.0263841109
 161. 158.        0.5218044388       -0.3011426243
 161. 159.        0.2877309113       -0.2863860114
 161. 160.       -0.1124266556       -0.3100009859
 161. 161.        0.5235416826        0.1854904452
 162.   0.        0.0234141097        0.0000000000
 162.   1.        0.1396865709       -0.0237843174
 162.   2.        0.1712630389        0.1786058503
 162.   3.        0.1835356622       -0.0695175090
 162.   4.       -0.1951314338       -0.2935876813
 162.   5.       -0.0574042766       -0.2614773177
 162.   6.        0.1015295243       -0.2641398034
 162.   7.        0.1887568424       -0.1423210139
 162.   8.       -0.2497223751       -0.1769461628
 162.   9.        0.0176645861       -0.0711455598
 162.  10.       -0.0774644567        0.0081951453
 162.  11.       -0.0015151488        0.0911136838
 162.  12.        0.2255389931       -0.2218821713
 162.  13.       -0.1222169847        0.0680288002
 162.  14.        0.0881120801        0.1253869321
 162.  15.        0.0073172536       -0.2636228628
 162.  16.        0.1676804752        0.0295118705
 162.  17.       -0.0085510145       -0.0024413349
 162.  18.        0.0504890617       -0.1359807765
 162.  19.       -0.0872314045       -0.1234505454
 162.  20.       -0.1599359077       -0.1207304994
 162.  21.       -0.0022444631       -0.1054399416
 162.  22.        0.0631430876        0.1666507534
 162.  23.        0.0025742297        0.0481651469
 162.  24.        0.0899274457       -0.0772594442
 162.  25.        0.1397104388       -0.0920695650
 162.  26.       -0.2067826703       -0.0833667145
 162.  27.       -0.1261683328       -0.0593024001
 162.  28.       -0.1654542182       -0.0990756127
 162.  29.        0.0309885091        0.0028264119
 162.  30.        0.1184874679       -0.0748973905
 162.  31.       -0.1621792378        0.0136677634
 162.  32.       -0.0680844362       -0.0059784639
 162.  33.        0.2230760983       -0.3041061032
 162.  34.        0.0449141061        0.0405856947
 162.  35.        0.0112793434        0.2202249822
 162.  36.        0.1716933499        0.3957671751
 162.  37.        0.0973811524       -0.1683983440
 162.  38.        0.1589145094        0.3264622215
 162.  39.       -0.0779269813        0.1608160436
 162.  40.       -0.0141065135        0.1344135243
 162.  41.        0.1027941781        0.0717927265
 162.  42.       -0.0173741177        0.0490202229
 162.  43.       -0.0367831387        0.0173433540
 162.  44.       -0.1571711875       -0.1473739918
 162.  45.        0.0802026329       -0.0991207995
 162.  46.       -0.0042846460       -0.0389084348
 162.  47.        0.1032408811       -0.1682806333
 162.  48.       -0.2950691362       -0.0414391669
 162.  49.       -0.2233675059       -0.1911330828
 162.  50.        0.0120961031        0.1014489343
 162.  51.        0.0541998830       -0.0188184911
 162.  52.       -0.0424583099        0.0934079688
 162.  53.       -0.2661141341       -0.3112097604
 162.  54.       -0.1727727943       -0.1310322210
 162.  55.        0.0366503077        0.1965430865
 162.  56.        0.2012651029       -0.2320257878
 162.  57.        0.0553185962       -0.1120594669
 162.  58.       -0.3066651770       -0.0890008972
 162.  59.        0.2251437458       -0.1396474528
 162.  60.       -0.1842272162       -0.1916463346
 162.  61.       -0.2975779230       -0.1354857476
 162.  62.        0.3158389570        0.0874268769
 162.  63.       -0.0548260187        0.1907318481
 162.  64.       -0.2342516037        0.0037131414
 162.  65.       -0.0099565735       -0.0333069836
 162.  66.       -0.2103346481       -0.0342212889
 162.  67.        0.1520012461       -0.0411053421
 162.  68.       -0.1058136410       -0.2706987792
 162.  69.        0.2669120492        0.1044174163
 162.  70.        0.0846509037        0.1052903287
 162.  71.        0.0364346073        0.2480113237
 162.  72.        0.0544451949        0.1622660452
 162.  73.       -0.0095361016        0.1689974270
 162.  74.        0.1532921475        0.2539688724
 162.  75.       -0.0649510974       -0.1661113297
 162.  76.       -0.0750316124       -0.1117725726
 162.  77.       -0.1428082187        0.2074296515
 162.  78.        0.0392784919        0.0624827137
 162.  79.       -0.0632574975       -0.0503937668
 162.  80.        0.1599535804       -0.1068510298
 162.  81.        0.0459455750        0.1900218248
 162.  82.        0.0946858760       -0.0874100430
 162.  83.       -0.1037519175       -0.1050558106
 162.  84.       -0.2591767086       -0.1493505869
 162.  85.       -0.0765082814       -0.0785576079
 162.  86.        0.0814397209        0.2486698607
 162.  87.       -0.0100814463       -0.1386084011
 162.  88.        0.2423101649        0.1588016269
 162.  89.       -0.1919717928       -0.2290476069
 162.  90.        0.2883759429       -0.2019813961
 162.  91.       -0.0334091017        0.1422762976
 162.  92.        0.0123951118       -0.0529045763
 162.  93.        0.0642230426       -0.0065793061
 162.  94.        0.0106710291        0.0620443390
 162.  95.       -0.0891321491       -0.0085864306
 162.  96.       -0.2852820448        0.1635496156
 162.  97.       -0.2352120701       -0.0125250352
 162.  98.       -0.1298336070       -0.2301124772
 162.  99.        0.4258604832       -0.2244792005
 162. 100.       -0.0631933154        0.0383036183
 162. 101.        0.1593647821       -0.0629365978
 162. 102.       -0.2690139276       -0.1680437353
 162. 103.       -0.1422245454        0.1223573883
 162. 104.       -0.1983346542       -0.0948819206
 162. 105.        0.3534225168        0.0390471884
 162. 106.       -0.2457774208        0.4258955208
 162. 107.        0.0953742025       -0.3794740432
 162. 108.       -0.1592410516       -0.0215761522
 162. 109.       -0.1614831324        0.2788062269
 162. 110.       -0.0124017829       -0.0710454453
 162. 111.        0.3330110930       -0.0901537584
 162. 112.        0.4699739010       -0.2382050812
 162. 113.        0.4222600965        0.0559873586
 162. 114.        0.1661683774        0.2063718764
 162. 115.        0.0407198052        0.1380710705
 162. 116.       -0.0332652583        0.3623524987
 162. 117.        0.0380652497        0.2349330186
 162. 118.       -0.0245315298        0.0779270138
 162. 119.       -0.2904691978       -0.0786856025
 162. 120.        0.0979308764        0.2976536654
 162. 121.        0.0593423031       -0.2196125700
 162. 122.        0.0098167698        0.3526273454
 162. 123.       -0.0350256127        0.0910063974
 162. 124.       -0.0279104912        0.0761701467
 162. 125.        0.0768770901       -0.0621127108
 162. 126.        0.1581535683        0.0838363035
 162. 127.        0.0848716309        0.2075711889
 162. 128.        0.0593580519        0.0909850065
 162. 129.        0.1394198508       -0.2273257172
 162. 130.        0.1903392487        0.2282429539
 162. 131.        0.0018350869        0.0480681131
 162. 132.       -0.0030106384        0.3001634217
 162. 133.       -0.1598244243        0.0493814705
 162. 134.       -0.1851509013        0.1448839204
 162. 135.       -0.1770960372        0.0212712620
 162. 136.        0.0642170565        0.2869460377
 162. 137.        0.3440744207        0.1187164913
 162. 138.       -0.0569207081       -0.0703867976
 162. 139.       -0.4382389663       -0.3003503030
 162. 140.        0.1079425208       -0.0096808441
 162. 141.       -0.2292832896       -0.0051599036
 162. 142.        0.3200210590       -0.0514632143
 162. 143.       -0.0156527856        0.0464758780
 162. 144.        0.0473927813        0.2227523603
 162. 145.       -0.0873204158        0.0770568440
 162. 146.        0.3591610225        0.1181872405
 162. 147.        0.0059780232       -0.1365656173
 162. 148.        0.1548012875        0.3355166216
 162. 149.        0.3194343535       -0.4040852770
 162. 150.        0.0074467457        0.0945112375
 162. 151.        0.2169610159       -0.2086073451
 162. 152.        0.0830787997        0.2179879210
 162. 153.        0.1674336372        0.1001598482
 162. 154.       -0.2294790724        0.2339729423
 162. 155.        0.4694508738       -0.1496486795
 162. 156.       -0.2148293601        0.1952491088
 162. 157.       -0.1114973415        0.0371697773
 162. 158.        0.3888868686        0.1255411181
 162. 159.        0.2174858504       -0.0056266106
 162. 160.        0.2893736144       -0.1321303076
 162. 161.        0.3531384820       -0.2771328162
 162. 162.        0.3455104595        0.1437210646
 163.   0.       -0.0279674825        0.0000000000
 163.   1.        0.1347881266       -0.0652282955
 163.   2.        0.1162760829        0.0734386708
 163.   3.        0.0265832332        0.1566474686
 163.   4.       -0.0141086139       -0.0194788380
 163.   5.       -0.0058652614       -0.0527903518
 163.   6.        0.1395526975       -0.0183177532
 163.   7.        0.0462553837       -0.0139251679
 163.   8.        0.0578905632        0.2285680602
 163.   9.       -0.1747626618       -0.0432604858
 163.  10.       -0.0016980647        0.0945984909
 163.  11.        0.0554144697        0.1922389382
 163.  12.       -0.1953536057       -0.1346934772
 163.  13.       -0.1565026484       -0.0867243223
 163.  14.       -0.1110167203        0.0700279013
 163.  15.       -0.2061012873        0.2049181863
 163.  16.        0.1514119745        0.2401444745
 163.  17.        0.0684805670       -0.1695926184
 163.  18.        0.0788104121        0.1700495172
 163.  19.       -0.0715533176       -0.0530194227
 163.  20.        0.0908520988       -0.2794480102
 163.  21.        0.0058326676        0.1118578242
 163.  22.       -0.1339078674        0.0558303286
 163.  23.       -0.0232923037        0.1654701687
 163.  24.       -0.0569133313       -0.0210059154
 163.  25.        0.3050592457        0.0589726446
 163.  26.       -0.0512147194       -0.0624933093
 163.  27.       -0.0420649107       -0.1194238300
 163.  28.        0.0578276954       -0.0226042751
 163.  29.       -0.2948608098        0.2522681941
 163.  30.        0.0388303774       -0.1720759841
 163.  31.       -0.0605248720        0.2586167681
 163.  32.       -0.0714245703        0.0807193814
 163.  33.       -0.1080011224       -0.0157438382
 163.  34.       -0.0320943862        0.1204978897
 163.  35.        0.0918209264       -0.0728058998
 163.  36.       -0.0886657924        0.1152237459
 163.  37.       -0.0190037089       -0.0512455939
 163.  38.        0.1125172840        0.0034931341
 163.  39.        0.1565945794       -0.2748453313
 163.  40.        0.0426123973       -0.0858238465
 163.  41.        0.1570379981       -0.0889487111
 163.  42.       -0.1272428764       -0.0530394763
 163.  43.       -0.0418480813       -0.0455857317
 163.  44.        0.0179152059       -0.2226954382
 163.  45.       -0.0654464018        0.1841896209
 163.  46.        0.2736117529       -0.0174185634
 163.  47.       -0.0702913922       -0.0401803409
 163.  48.       -0.0570784891        0.0180257317
 163.  49.       -0.0406605797       -0.0136503326
 163.  50.       -0.2434219069       -0.0255368411
 163.  51.       -0.0333980763        0.1320323225
 163.  52.       -0.1149652428        0.1213196820
 163.  53.       -0.0720598065       -0.1825531036
 163.  54.        0.3503899496       -0.1566267912
 163.  55.        0.2690806612       -0.1794152412
 163.  56.        0.1055870938       -0.1182160015
 163.  57.       -0.2795040222        0.0592076589
 163.  58.       -0.0913204549       -0.4087055703
 163.  59.        0.3431924458       -0.0362647864
 163.  60.       -0.2211378841        0.1625752088
 163.  61.        0.0068504074        0.0955772126
 163.  62.        0.1582785408        0.0015199161
 163.  63.        0.1292931403        0.0230069525
 163.  64.       -0.0317612804        0.4182681837
 163.  65.       -0.2924635475        0.0920505522
 163.  66.       -0.0404765069        0.0277532860
 163.  67.        0.2872905043       -0.2299652236
 163.  68.        0.0256967357        0.1532634570
 163.  69.       -0.2431351251       -0.0602582606
 163.  70.        0.1606834633       -0.2180444980
 163.  71.       -0.0180008023        0.1161268588
 163.  72.        0.1099822943        0.1668764205
 163.  73.       -0.1090638034        0.3637765134
 163.  74.        0.1643722565       -0.3789106178
 163.  75.       -0.0756296926       -0.0674320095
 163.  76.        0.0165889062       -0.1408083323
 163.  77.       -0.0299755730       -0.1538460829
 163.  78.        0.0783579076        0.3563991191
 163.  79.       -0.0653730309        0.0224116772
 163.  80.       -0.2860468976        0.0517752684
 163.  81.       -0.0847823242        0.2273024881
 163.  82.        0.0191418219        0.1245793182
 163.  83.       -0.0560723814       -0.0214782505
 163.  84.       -0.0778894647       -0.1922567625
 163.  85.       -0.0054787133       -0.0020095083
 163.  86.        0.1379456919       -0.0206140715
 163.  87.        0.5268118151        0.0808526999
 163.  88.        0.0728434530        0.1320958559
 163.  89.       -0.1016176294       -0.0479348119
 163.  90.       -0.1494104346        0.0818320040
 163.  91.       -0.3091485834       -0.0025757151
 163.  92.        0.1441817627        0.1286603565
 163.  93.        0.0922970464        0.0941737306
 163.  94.        0.0436656311        0.2535783703
 163.  95.        0.0286802841        0.0182939660
 163.  96.        0.0157558521        0.2027273814
 163.  97.       -0.2381203969       -0.0230395453
 163.  98.       -0.1160334789        0.0512529233
 163.  99.       -0.0283917377        0.1020694059
 163. 100.       -0.0735630396       -0.0591758093
 163. 101.        0.2272789395       -0.2432506735
 163. 102.        0.1986361845       -0.0451859342
 163. 103.        0.0153091294       -0.2209433832
 163. 104.        0.0248130299        0.0058426052
 163. 105.       -0.0934971932        0.0153845031
 163. 106.        0.2458577621       -0.0939163609
 163. 107.       -0.4410941101        0.1044801493
 163. 108.        0.3386119346        0.4242993817
 163. 109.        0.0012989482       -0.0530561019
 163. 110.        0.1071818764       -0.1168868743
 163. 111.        0.0882862855       -0.1004233741
 163. 112.        0.1370226399       -0.1241125570
 163. 113.        0.0806148401       -0.5434957915
 163. 114.       -0.0908194049       -0.0211341692
 163. 115.       -0.3130543570       -0.0837537004
 163. 116.        0.1305413917       -0.0824075269
 163. 117.       -0.1584761750        0.2802893502
 163. 118.        0.0155285875       -0.0494292112
 163. 119.       -0.2955237284        0.0798110001
 163. 120.       -0.1022595145       -0.2039777515
 163. 121.        0.0029811418        0.1644437453
 163. 122.        0.2403242288        0.2352718728
 163. 123.        0.1787587741       -0.1908532573
 163. 124.       -0.3680078866       -0.0208460338
 163. 125.       -0.1008802431        0.2133614602
 163. 126.       -0.1200952424       -0.0693784344
 163. 127.        0.1025091799        0.1549816881
 163. 128.        0.0341479437        0.3786133569
 163. 129.       -0.1987525599        0.0799070287
 163. 130.       -0.0098622789        0.0774198742
 163. 131.       -0.2502911026        0.2505107532
 163. 132.       -0.2215999949        0.2984506917
 163. 133.        0.0365348100       -0.4203855277
 163. 134.       -0.1314236942       -0.0087979075
 163. 135.        0.3260918038        0.1061422872
 163. 136.        0.2401691085        0.2097115866
 163. 137.       -0.0709539718       -0.3152930702
 163. 138.        0.0855630930        0.2056838172
 163. 139.        0.3207679157       -0.0902049313
 163. 140.       -0.3283280023        0.3667032474
 163. 141.        0.2084199881       -0.3242465927
 163. 142.        0.0570654013        0.0249079207
 163. 143.       -0.0671604038        0.2196796754
 163. 144.       -0.2531752487       -0.4303770983
 163. 145.       -0.2435523102        0.1947998061
 163. 146.       -0.4593445519       -0.3647122639
 163. 147.        0.1060274228        0.0947056544
 163. 148.        0.1729380412       -0.2292437007
 163. 149.       -0.0468624504       -0.1691617734
 163. 150.        0.4537559435        0.0849167814
 163. 151.       -0.6070415570        0.4388063083
 163. 152.       -0.0015258856        0.0719718650
 163. 153.        0.1739376750        0.0552472359
 163. 154.        0.0595986428       -0.1439492490
 163. 155.        0.2522528383        0.0906892768
 163. 156.        0.0772046487        0.5835182593
 163. 157.        0.2512507238       -0.2607131676
 163. 158.        0.1518192720        0.0369319588
 163. 159.        0.3316254679        0.1980313663
 163. 160.        0.4003735821        0.0187823327
 163. 161.        0.1665344580        0.2875542965
 163. 162.       -0.0943625848        0.1743592314
 163. 163.       -0.0163535740       -0.0569966057
 164.   0.        0.0240532039        0.0000000000
 164.   1.       -0.3124614377        0.0024289309
 164.   2.       -0.1755972961       -0.0224879074
 164.   3.       -0.0318040088        0.0731075484
 164.   4.       -0.0218575556        0.3013837682
 164.   5.       -0.2963308440        0.3369183260
 164.   6.       -0.1619318402        0.2613914694
 164.   7.       -0.0661216217        0.1779293231
 164.   8.        0.1451051976       -0.0427191993
 164.   9.       -0.1230242430        0.0559100927
 164.  10.       -0.0395450097        0.0184241280
 164.  11.       -0.0441631636        0.0019343411
 164.  12.        0.0046907194        0.2127498766
 164.  13.        0.0221199778       -0.0493166127
 164.  14.       -0.1578151157       -0.2332411240
 164.  15.        0.0026862186        0.1950730524
 164.  16.       -0.1049631158       -0.0724934761
 164.  17.        0.0235283177        0.0555534135
 164.  18.       -0.0334871437       -0.0253548997
 164.  19.        0.1606732399        0.1702337944
 164.  20.        0.1391587516        0.1177151143
 164.  21.       -0.1000755288       -0.0564977616
 164.  22.       -0.1632090514       -0.0969793372
 164.  23.       -0.0500960995       -0.0285918844
 164.  24.       -0.1283311374        0.0665126464
 164.  25.        0.0370936596        0.1345036272
 164.  26.        0.1765372099       -0.1301218862
 164.  27.       -0.0873129351        0.1427758386
 164.  28.        0.0216951672        0.1329015753
 164.  29.       -0.1111115784       -0.0403550056
 164.  30.        0.0151789393       -0.0938992822
 164.  31.        0.0401109085       -0.2045970308
 164.  32.        0.0730188469        0.1421803807
 164.  33.       -0.1986951225        0.0329465422
 164.  34.        0.1014326759        0.0364345568
 164.  35.        0.1038653157       -0.1656673347
 164.  36.       -0.1214383036       -0.2859922513
 164.  37.       -0.1511141470       -0.0952829188
 164.  38.       -0.0064881092       -0.1437751573
 164.  39.       -0.0297053193        0.1099620801
 164.  40.       -0.1253396380        0.1012859644
 164.  41.       -0.1107026858       -0.1731108084
 164.  42.        0.0549265055        0.0824594254
 164.  43.       -0.1430392826       -0.0583464423
 164.  44.       -0.0164791791       -0.0924602201
 164.  45.       -0.1724193741       -0.1093058735
 164.  46.       -0.1231855016        0.0757051437
 164.  47.        0.0101687635        0.1864350984
 164.  48.        0.3368000201       -0.1096088052
 164.  49.        0.1190866155        0.0612437196
 164.  50.       -0.1677330824       -0.2996248765
 164.  51.        0.0183616409       -0.1719548560
 164.  52.        0.0672028015       -0.0574808151
 164.  53.        0.0738587361        0.1906822091
 164.  54.       -0.0646530250        0.2223343666
 164.  55.       -0.0122298713        0.1413608289
 164.  56.       -0.0492183880        0.2667269822
 164.  57.       -0.0425291718       -0.0462868274
 164.  58.        0.1030997676        0.0911338056
 164.  59.       -0.0101246198       -0.0205494068
 164.  60.        0.0552707596        0.0692301633
 164.  61.       -0.0663845835        0.1986805897
 164.  62.       -0.0324485532        0.0559508020
 164.  63.        0.0292869713        0.0630733919
 164.  64.       -0.1008762508        0.0922558479
 164.  65.       -0.1465368586        0.0693267825
 164.  66.        0.0650649477        0.0779915973
 164.  67.       -0.0283601352        0.0459119134
 164.  68.       -0.1915691914        0.2386532901
 164.  69.       -0.1978562972       -0.2113078138
 164.  70.        0.1882915793       -0.1966044952
 164.  71.        0.0590727374       -0.2005739867
 164.  72.       -0.1255990988        0.0381866898
 164.  73.       -0.0359516717       -0.1110809928
 164.  74.        0.0674039860        0.4147073998
 164.  75.       -0.0980121794        0.0337458676
 164.  76.        0.0451591031        0.0159302692
 164.  77.        0.3546198925       -0.2387758511
 164.  78.       -0.0216662606        0.2105389541
 164.  79.        0.1087647500       -0.1138972304
 164.  80.        0.2129261102        0.2738436133
 164.  81.        0.2600916217       -0.2958165759
 164.  82.        0.2181002370        0.1816603137
 164.  83.       -0.1881642783       -0.0294011886
 164.  84.       -0.1711704549        0.0844739740
 164.  85.       -0.2175947207       -0.0313090512
 164.  86.       -0.1391278586       -0.0939639176
 164.  87.       -0.0229151079        0.0293016469
 164.  88.        0.1310397523        0.1200037605
 164.  89.        0.1297528850       -0.0873146579
 164.  90.        0.0654190453       -0.1143767497
 164.  91.       -0.0065232802       -0.1438147234
 164.  92.        0.0644603231       -0.1357634489
 164.  93.        0.2738351107        0.1855894029
 164.  94.       -0.0597551001        0.1570820328
 164.  95.       -0.0736421521        0.1192794585
 164.  96.        0.1075735149        0.2119045678
 164.  97.        0.2084798547        0.0437619894
 164.  98.        0.0634916124        0.1802385939
 164.  99.        0.1673171821       -0.5136463047
 164. 100.        0.0034088149        0.0524302753
 164. 101.       -0.1572981707        0.3136434709
 164. 102.        0.2474594634       -0.0052198066
 164. 103.       -0.0395073760       -0.4334892497
 164. 104.        0.1724660041        0.0675942588
 164. 105.       -0.0713827368       -0.0792528291
 164. 106.        0.0041245731        0.1268441091
 164. 107.       -0.0685855220       -0.0183903545
 164. 108.        0.0630882673       -0.4265161422
 164. 109.        0.2820076902       -0.1160109800
 164. 110.       -0.2404234724       -0.2808387785
 164. 111.       -0.0087964960       -0.0021068773
 164. 112.        0.2198459778       -0.1576249083
 164. 113.        0.0086851474        0.0357486064
 164. 114.       -0.3843197475        0.1571565579
 164. 115.       -0.0339925085        0.1254981901
 164. 116.       -0.0588310730       -0.0585685479
 164. 117.       -0.3179745182       -0.0289826353
 164. 118.       -0.1011768856        0.1270312730
 164. 119.       -0.1216669688        0.2430368970
 164. 120.        0.2848702147       -0.1026379485
 164. 121.        0.1903901735       -0.1609479894
 164. 122.        0.0245865244        0.4185394770
 164. 123.        0.0227127794        0.1647374241
 164. 124.        0.1572130499        0.2351806599
 164. 125.       -0.0219746674        0.1602893189
 164. 126.       -0.1398366109       -0.0749479389
 164. 127.       -0.2210741132        0.0401323918
 164. 128.        0.0840189407        0.0708137962
 164. 129.       -0.1527569656        0.3191615633
 164. 130.        0.2299327674        0.1496327185
 164. 131.        0.1685632104       -0.2349964990
 164. 132.       -0.1458650829        0.4928265282
 164. 133.        0.1622102210        0.3559719806
 164. 134.        0.1741738719       -0.0739401010
 164. 135.        0.2353794728       -0.3799857864
 164. 136.       -0.1642020757        0.0525203129
 164. 137.       -0.0281510910       -0.3533859331
 164. 138.       -0.2731902046       -0.2208281699
 164. 139.       -0.1266520756       -0.1038002267
 164. 140.        0.0963531498        0.2076853316
 164. 141.        0.1475485346       -0.2191847167
 164. 142.        0.2724498371        0.0493543044
 164. 143.        0.0697446478       -0.0825447501
 164. 144.       -0.3684118377        0.4701495076
 164. 145.        0.0216214567       -0.2771077909
 164. 146.       -0.1380214149       -0.2524947465
 164. 147.        0.3297193096       -0.1707197270
 164. 148.        0.0082994191        0.1307488745
 164. 149.       -0.0473712240       -0.1307612676
 164. 150.        0.1904785496        0.1464363936
 164. 151.       -0.1476862558       -0.3743511676
 164. 152.       -0.1616671677       -0.0392615678
 164. 153.        0.2071858550       -0.2014956917
 164. 154.        0.1201525765        0.0447942604
 164. 155.       -0.0813976867       -0.2655715934
 164. 156.       -0.0399501872       -0.3783645294
 164. 157.       -0.0405084493        0.0920515551
 164. 158.        0.0611620143        0.1141379392
 164. 159.       -0.1956058859       -0.2855386695
 164. 160.        0.4161668737       -0.3610267109
 164. 161.       -0.0917575495       -0.1385576912
 164. 162.       -0.0076877796       -0.0846310573
 164. 163.        0.1360005780       -0.1981480111
 164. 164.        0.0238196257        0.3678554386
 165.   0.        0.3005505521        0.0000000000
 165.   1.       -0.2270575204       -0.0463659074
 165.   2.       -0.1083383647       -0.0762333470
 165.   3.       -0.1341982327        0.0483414971
 165.   4.        0.0214120428        0.1251674727
 165.   5.        0.0519555869        0.0121271304
 165.   6.       -0.0727486538       -0.0697994771
 165.   7.       -0.1040920758        0.0096640259
 165.   8.       -0.0604864283       -0.1899913277
 165.   9.        0.2909487701        0.0493376913
 165.  10.        0.0393073079        0.1691330310
 165.  11.       -0.1229914882       -0.1287647463
 165.  12.        0.3036447233        0.2514150225
 165.  13.        0.0224457719        0.2174648826
 165.  14.        0.1600325761       -0.2400074193
 165.  15.        0.0308555049       -0.1642024287
 165.  16.       -0.0743463113        0.0132153868
 165.  17.       -0.0201195102        0.1985380404
 165.  18.       -0.0155972649        0.0234149864
 165.  19.       -0.0383500869        0.1855047560
 165.  20.       -0.1159175759        0.1872301512
 165.  21.        0.0689621847       -0.1492976579
 165.  22.        0.3285190001       -0.0153863896
 165.  23.        0.0146124765       -0.0162000823
 165.  24.        0.0726236591        0.0805544779
 165.  25.       -0.0698101482        0.0770898544
 165.  26.        0.0689364628        0.0672029792
 165.  27.        0.1529972083       -0.0658585659
 165.  28.        0.0013177772        0.0220960478
 165.  29.        0.3096301423        0.0766624486
 165.  30.        0.0419080152        0.0445050963
 165.  31.        0.1406758485       -0.0669619777
 165.  32.        0.3331071685       -0.1502782731
 165.  33.        0.0306978118        0.1985062412
 165.  34.       -0.0268297123       -0.0575838479
 165.  35.        0.0954117946       -0.0833824770
 165.  36.        0.0430834426        0.2055057194
 165.  37.       -0.1601814719       -0.0141910437
 165.  38.        0.0723015471       -0.2812293458
 165.  39.       -0.2028405346        0.1207452728
 165.  40.       -0.1322250887        0.0885688474
 165.  41.       -0.1577150389        0.0762527555
 165.  42.        0.1969675331       -0.0228341894
 165.  43.        0.1355267615        0.0777419585
 165.  44.       -0.0020614553        0.0350921593
 165.  45.        0.0890017250        0.0235861281
 165.  46.       -0.3484464164        0.1181486782
 165.  47.        0.0643400403        0.1022232042
 165.  48.        0.0469647332        0.1120871278
 165.  49.        0.1000340990       -0.0339675010
 165.  50.        0.0739047804       -0.0758862775
 165.  51.       -0.0936156434       -0.1271211349
 165.  52.        0.1772066384        0.1170240249
 165.  53.        0.1683993558        0.1654638449
 165.  54.       -0.1429983144       -0.0509747351
 165.  55.       -0.3112912012       -0.1127461204
 165.  56.       -0.1132274368        0.1659947003
 165.  57.        0.2239632698       -0.0431718751
 165.  58.       -0.0301573890       -0.0923838566
 165.  59.        0.0159792899       -0.0613908817
 165.  60.        0.0431912894       -0.0656855722
 165.  61.        0.1032299450        0.1844810894
 165.  62.        0.0709100825        0.1260368039
 165.  63.       -0.1656864515        0.0342377776
 165.  64.        0.0435775396        0.0206875946
 165.  65.       -0.0933372178        0.0559062757
 165.  66.        0.0706307239        0.0283079978
 165.  67.       -0.1958594614        0.0034728400
 165.  68.        0.0678800473       -0.1233014868
 165.  69.       -0.0704562439        0.2387693682
 165.  70.       -0.2428699922       -0.0766457744
 165.  71.        0.1172309885        0.1812449882
 165.  72.       -0.1349576981       -0.0533991021
 165.  73.        0.1674405223        0.1050397509
 165.  74.        0.0447530097        0.0143241328
 165.  75.        0.1274542432        0.0448891390
 165.  76.       -0.0324035419        0.0316224129
 165.  77.       -0.1663399989       -0.1522086909
 165.  78.       -0.1162531600       -0.2146051095
 165.  79.        0.0165418687       -0.0967722876
 165.  80.       -0.1788980858       -0.0511827407
 165.  81.        0.0572450714       -0.1992504666
 165.  82.       -0.0491295999        0.2626077210
 165.  83.        0.0567187427        0.0390035875
 165.  84.        0.0674085744        0.0835030566
 165.  85.       -0.1542195000       -0.1716549090
 165.  86.        0.0317716826       -0.0649315728
 165.  87.        0.1631894779       -0.0261251320
 165.  88.        0.0610943465        0.0781440538
 165.  89.        0.0400275836        0.4006663491
 165.  90.        0.0313741530        0.1571883431
 165.  91.        0.2025854579        0.0750794712
 165.  92.       -0.1426109331        0.1348579348
 165.  93.       -0.2180456976       -0.0329858341
 165.  94.        0.2935554041       -0.1157026599
 165.  95.        0.2314629055       -0.0627336817
 165.  96.       -0.2016258711       -0.2596293335
 165.  97.        0.0499324777        0.1903415364
 165.  98.       -0.1524959170       -0.1405819708
 165.  99.       -0.0227598343       -0.0304501492
 165. 100.        0.3310284049       -0.1291837545
 165. 101.        0.0372707492       -0.2105493898
 165. 102.        0.0073961961        0.1200620609
 165. 103.        0.5949085260       -0.0140215040
 165. 104.       -0.0579456314        0.2031954552
 165. 105.        0.1146031892        0.2646378577
 165. 106.        0.1100372104        0.0918840666
 165. 107.        0.0169387428        0.0225504791
 165. 108.       -0.0009358479        0.0161953355
 165. 109.       -0.1083273753       -0.2572755826
 165. 110.       -0.1303445775        0.0350294721
 165. 111.       -0.1990088523       -0.1908038022
 165. 112.        0.3524596168       -0.3432544762
 165. 113.       -0.1770068399       -0.2585197355
 165. 114.        0.3554327416        0.2218707418
 165. 115.       -0.2087796177       -0.0983276037
 165. 116.       -0.2684765991       -0.3115810067
 165. 117.       -0.1052001523        0.1621821797
 165. 118.       -0.1828184479       -0.0679738621
 165. 119.       -0.2444922210       -0.0688113350
 165. 120.        0.0809789537       -0.1929966310
 165. 121.        0.2048791269       -0.0491044937
 165. 122.        0.1278838508       -0.1366837170
 165. 123.        0.1488530982       -0.1545485611
 165. 124.        0.1376238804       -0.1562267624
 165. 125.        0.5161692922        0.0631188553
 165. 126.        0.0923361453        0.3984851140
 165. 127.        0.1276945298       -0.0310047061
 165. 128.        0.3764814288       -0.0885028392
 165. 129.        0.1929466658       -0.3258917614
 165. 130.        0.0143914254        0.0111202889
 165. 131.        0.1383834514       -0.0539106306
 165. 132.        0.0732263416        0.0855472445
 165. 133.       -0.0588266539        0.1529910015
 165. 134.       -0.4075331813       -0.0455564115
 165. 135.        0.1495830040       -0.0701515951
 165. 136.        0.3063638648       -0.0521996494
 165. 137.        0.1655290595        0.1093854417
 165. 138.        0.0820713950        0.2923595345
 165. 139.       -0.0163461587        0.2664751857
 165. 140.        0.3368142145        0.3487330636
 165. 141.       -0.1729814789        0.2426366254
 165. 142.        0.2368263061        0.1862717663
 165. 143.        0.1284681741       -0.1434182116
 165. 144.       -0.0236278218        0.0101300210
 165. 145.       -0.0463096980       -0.0724451769
 165. 146.        0.1139790644        0.1852832819
 165. 147.        0.0032974081        0.1415883580
 165. 148.        0.4780039615       -0.4613089225
 165. 149.       -0.1005453894        0.1397160725
 165. 150.        0.2440751779        0.1616804383
 165. 151.        0.0708262525       -0.1317963348
 165. 152.        0.1676524171       -0.1376580291
 165. 153.       -0.1735900622       -0.3505367169
 165. 154.       -0.1922680189        0.2838487260
 165. 155.        0.4112476876       -0.1341951338
 165. 156.        0.1063041564       -0.3411521388
 165. 157.       -0.3209709593       -0.0177269247
 165. 158.        0.0183289210        0.2809529520
 165. 159.        0.0076489140        0.0626062734
 165. 160.       -0.1270562983       -0.1279800954
 165. 161.       -0.1842980619        0.1167872285
 165. 162.        0.0276187180       -0.0990763011
 165. 163.       -0.0815699778        0.1802893417
 165. 164.        0.5029864640       -0.3806393001
 165. 165.        0.3548472286        0.1712145797
 166.   0.       -0.1349827843        0.0000000000
 166.   1.        0.2709984971        0.1304980328
 166.   2.       -0.1389830096       -0.0180934616
 166.   3.       -0.0609684891       -0.0539666452
 166.   4.       -0.0003976762       -0.2059869378
 166.   5.        0.2443907697       -0.2262310999
 166.   6.        0.0101068892       -0.1500128423
 166.   7.       -0.2231718974       -0.1593300279
 166.   8.        0.0903271190        0.2069895822
 166.   9.        0.0889843702        0.0168577123
 166.  10.        0.0977619258       -0.0965299523
 166.  11.       -0.0432208083       -0.1123081515
 166.  12.       -0.1266131164        0.0405925805
 166.  13.       -0.0474250334        0.0541368531
 166.  14.        0.0904122439        0.1553897698
 166.  15.        0.0665566054       -0.1670278156
 166.  16.        0.0074546669       -0.0714104369
 166.  17.       -0.1946377991       -0.0614804987
 166.  18.        0.0421246588        0.1815138169
 166.  19.        0.0813056772        0.0068945981
 166.  20.       -0.1507639641        0.0302392448
 166.  21.        0.1276024583        0.0534915847
 166.  22.        0.1116584749        0.0543581471
 166.  23.       -0.1547566117        0.0864607093
 166.  24.       -0.0149507868       -0.1386227759
 166.  25.       -0.0558532869       -0.0422228322
 166.  26.        0.0326975399        0.1209379237
 166.  27.        0.1055300917       -0.1605354555
 166.  28.       -0.0452466076        0.0455670068
 166.  29.       -0.0457961538        0.0276876170
 166.  30.       -0.1501056583       -0.0266435345
 166.  31.        0.0831639653        0.3274559711
 166.  32.       -0.0327868628       -0.0625008335
 166.  33.        0.0630609755        0.1496193471
 166.  34.       -0.1934473587       -0.0961873641
 166.  35.       -0.2354907796       -0.0196586885
 166.  36.        0.1634302696       -0.0652643304
 166.  37.       -0.0102229493        0.1650565847
 166.  38.       -0.1074291255       -0.2311739154
 166.  39.        0.0296791438       -0.0706209372
 166.  40.        0.1213477611        0.1028622025
 166.  41.        0.0356597668        0.1207446229
 166.  42.        0.0930423674       -0.0599091309
 166.  43.        0.1623021489        0.1366783166
 166.  44.        0.0956683801        0.1213165528
 166.  45.        0.0338870677        0.2318479203
 166.  46.        0.0361417237       -0.0061030487
 166.  47.       -0.1077897026       -0.1194907326
 166.  48.        0.0457935410       -0.0140027463
 166.  49.       -0.1617989091        0.2396149374
 166.  50.        0.1865572433        0.1602047085
 166.  51.       -0.0909075995        0.3887153082
 166.  52.        0.0047913456       -0.0986188724
 166.  53.        0.3727756972       -0.1038808183
 166.  54.        0.1993499918       -0.1215558293
 166.  55.        0.0384439086        0.0795671141
 166.  56.       -0.0434407955        0.2284082294
 166.  57.        0.0519606540        0.0476695683
 166.  58.        0.0012920787        0.1681284222
 166.  59.       -0.0473625813       -0.1636658793
 166.  60.        0.0167566672       -0.0603793224
 166.  61.        0.1776242529       -0.0336403344
 166.  62.       -0.0130916674       -0.0301679186
 166.  63.       -0.0328007140        0.1029331395
 166.  64.        0.1712642877       -0.0884096457
 166.  65.        0.0120003231       -0.1753186021
 166.  66.       -0.0559653609       -0.2469251785
 166.  67.       -0.2276394084       -0.2046604679
 166.  68.       -0.0197870619       -0.0527869818
 166.  69.        0.0899786850       -0.1056155312
 166.  70.       -0.2157306185       -0.1942740860
 166.  71.        0.0585807493        0.1694025029
 166.  72.       -0.0728194160        0.3057870318
 166.  73.        0.0849514867       -0.2006722747
 166.  74.       -0.0678987080       -0.4079120464
 166.  75.       -0.1257283135       -0.1135074965
 166.  76.       -0.0750688120       -0.0767881281
 166.  77.       -0.0405967978        0.1947623115
 166.  78.        0.1489240765       -0.0794944654
 166.  79.       -0.0709279774        0.0734069301
 166.  80.       -0.0739720247        0.1208092002
 166.  81.       -0.4599280575       -0.1044272712
 166.  82.       -0.1424069533        0.2106262829
 166.  83.        0.2260832455        0.1744442941
 166.  84.       -0.1475976719        0.2314791867
 166.  85.       -0.0566579790       -0.0225859905
 166.  86.       -0.1506528919       -0.0165105178
 166.  87.       -0.1241389916        0.0967135984
 166.  88.       -0.1635456861       -0.0745415475
 166.  89.        0.1424798538       -0.0196095772
 166.  90.       -0.0787398570        0.1416390722
 166.  91.        0.1515072724       -0.0392447724
 166.  92.       -0.1774956043       -0.2053774303
 166.  93.        0.2060481128       -0.0448140629
 166.  94.       -0.2275773675       -0.0209624830
 166.  95.        0.1237094696        0.0031593581
 166.  96.        0.1032251061        0.0213871526
 166.  97.        0.0226971144        0.1159020674
 166.  98.        0.0282781121        0.3219033649
 166.  99.        0.0270522631        0.1211400846
 166. 100.        0.0426900612        0.2369247118
 166. 101.       -0.0890618186       -0.0112455696
 166. 102.        0.1060901661       -0.0663423391
 166. 103.        0.1951756399       -0.0329034116
 166. 104.        0.0868809503        0.1938148421
 166. 105.       -0.0453069225       -0.2744127649
 166. 106.        0.2013386589       -0.1650823801
 166. 107.       -0.0767164731        0.0170808078
 166. 108.       -0.1202617133        0.0813527772
 166. 109.        0.1099084915       -0.0637046405
 166. 110.        0.0806039694        0.3246138693
 166. 111.       -0.0999896836       -0.1911730642
 166. 112.        0.2708381139        0.1445580041
 166. 113.        0.2263150987        0.0942182953
 166. 114.        0.0018378775        0.0016039333
 166. 115.        0.0065546856       -0.1072062292
 166. 116.       -0.1756540291       -0.0332100521
 166. 117.        0.1427505237       -0.2287284695
 166. 118.       -0.0882155073        0.1020153697
 166. 119.        0.2837006985       -0.1364898461
 166. 120.       -0.2355575741       -0.2999986108
 166. 121.        0.0766130600       -0.1719697340
 166. 122.       -0.2114840690        0.0259479931
 166. 123.        0.1139560910       -0.2702261750
 166. 124.        0.0206138680        0.1750813128
 166. 125.        0.2160612245       -0.1347058270
 166. 126.        0.1119590485        0.0674513660
 166. 127.        0.0657527881        0.0359592750
 166. 128.       -0.0560868850        0.0438086502
 166. 129.        0.0012637595       -0.1363629671
 166. 130.        0.1915937322       -0.0214692758
 166. 131.        0.2225205518       -0.0204366457
 166. 132.        0.0669741140        0.1764242746
 166. 133.       -0.0078007663        0.2652991600
 166. 134.        0.3025151143       -0.1610761804
 166. 135.       -0.2926826520       -0.2449510203
 166. 136.       -0.1085392018       -0.0499633460
 166. 137.       -0.0893698958       -0.0683191673
 166. 138.        0.3938735906        0.0560646238
 166. 139.        0.0854629213       -0.1937618026
 166. 140.       -0.1138449067       -0.1073540799
 166. 141.        0.1397641173        0.0487844471
 166. 142.        0.1325409973       -0.2897908596
 166. 143.       -0.2550797805        0.1538384204
 166. 144.       -0.2200709299        0.4206867242
 166. 145.       -0.1637554858       -0.0523758873
 166. 146.        0.3258704054       -0.2148546438
 166. 147.        0.0648877019        0.0163118632
 166. 148.        0.0762475693        0.0775456657
 166. 149.        0.0676188225       -0.1379233521
 166. 150.       -0.1113222748       -0.1771525920
 166. 151.       -0.5785088703        0.0191154630
 166. 152.       -0.2112771024       -0.1569964929
 166. 153.        0.0181393045       -0.0642807569
 166. 154.       -0.2293540215        0.2146678320
 166. 155.        0.0746713884        0.0660331963
 166. 156.       -0.0599517552       -0.0159336268
 166. 157.       -0.0108648189       -0.0518728311
 166. 158.        0.0221047644        0.2495448425
 166. 159.        0.1793415901        0.2462740382
 166. 160.       -0.8349798470        0.2522855326
 166. 161.       -0.0684230252        0.2133187212
 166. 162.        0.2897299700        0.2610820972
 166. 163.       -0.2496040943       -0.3864737478
 166. 164.        0.0191922033        0.1815987408
 166. 165.        0.3330397095       -0.1425470738
 166. 166.       -0.4599155549        0.2497103653
 167.   0.       -0.1645877431        0.0000000000
 167.   1.        0.0883381355       -0.0180696195
 167.   2.        0.0106109816        0.1673265859
 167.   3.        0.0888873835       -0.0741125987
 167.   4.       -0.0932396605       -0.1196995907
 167.   5.        0.0719349812        0.0238158396
 167.   6.       -0.0327707533        0.1306851122
 167.   7.        0.0055962339       -0.0904753199
 167.   8.        0.1146326567       -0.0208822259
 167.   9.       -0.0682853826        0.0573707058
 167.  10.       -0.0881369190       -0.2081182102
 167.  11.        0.0933302930       -0.0890136032
 167.  12.       -0.1858061981       -0.2563002739
 167.  13.        0.1952637070       -0.1598593635
 167.  14.       -0.1460393835        0.1106223396
 167.  15.        0.1368272756       -0.0816720090
 167.  16.        0.1181515359       -0.1233522348
 167.  17.       -0.1809783400        0.0182098909
 167.  18.        0.1259815521       -0.2509086464
 167.  19.        0.1480943656        0.0032046964
 167.  20.       -0.0415152778        0.0462278325
 167.  21.       -0.1558068742       -0.0019162401
 167.  22.       -0.1448303386       -0.0993359613
 167.  23.       -0.0365957929       -0.0260288828
 167.  24.       -0.1159390283       -0.0964595605
 167.  25.        0.0491802425       -0.0431944220
 167.  26.        0.1738250995       -0.1094507811
 167.  27.       -0.0641856723        0.2118120931
 167.  28.       -0.0334346638       -0.2554031793
 167.  29.       -0.1377091624       -0.1418902817
 167.  30.       -0.0607050071        0.2106168636
 167.  31.       -0.0113662577       -0.0226893232
 167.  32.       -0.2849259516        0.1731765815
 167.  33.       -0.1149134099        0.0194484706
 167.  34.        0.0211648806        0.2373878497
 167.  35.        0.1607315429        0.2397901411
 167.  36.        0.1187037065       -0.2480772378
 167.  37.        0.1666317755        0.0720200538
 167.  38.        0.1070783053        0.2196456475
 167.  39.        0.1906088012       -0.0347100058
 167.  40.        0.1199185530       -0.1492592708
 167.  41.       -0.0449258561       -0.0220101896
 167.  42.       -0.3371905623        0.0468719891
 167.  43.        0.1095928189        0.0249273118
 167.  44.        0.0343697938        0.0224293517
 167.  45.       -0.1306035988       -0.1622167327
 167.  46.        0.2100922191       -0.0428940284
 167.  47.        0.0269902027       -0.1025685635
 167.  48.       -0.1613732217       -0.1044746150
 167.  49.       -0.2219446378       -0.0254828960
 167.  50.        0.0113107761       -0.0008600273
 167.  51.        0.1288626979        0.2551742477
 167.  52.       -0.0335560202       -0.1124568285
 167.  53.       -0.0452254166       -0.0770009767
 167.  54.       -0.0001497847        0.0665785330
 167.  55.       -0.1747512417        0.1527008740
 167.  56.       -0.1598387610        0.1727918889
 167.  57.       -0.0218630922       -0.2116010965
 167.  58.        0.0954927554        0.1827875303
 167.  59.       -0.2557871627       -0.1123576635
 167.  60.       -0.0894152547        0.1242885148
 167.  61.        0.0341366234       -0.1764841158
 167.  62.        0.0954993248       -0.1213403501
 167.  63.        0.0216732442       -0.0797006317
 167.  64.       -0.0849582080       -0.2107113964
 167.  65.        0.0529503155        0.1132353383
 167.  66.       -0.0360075144       -0.1234899092
 167.  67.       -0.0641881708       -0.1773761972
 167.  68.       -0.0864514278        0.0522004585
 167.  69.        0.0091219199       -0.3568574315
 167.  70.        0.0819224814       -0.0079372968
 167.  71.        0.2801477380       -0.1628616854
 167.  72.        0.0047247852       -0.1754070697
 167.  73.       -0.1653919631       -0.3346240525
 167.  74.       -0.0841571986        0.0342838702
 167.  75.        0.0493361318        0.0849850115
 167.  76.        0.2478715430        0.1603963043
 167.  77.        0.0959633392       -0.0391655259
 167.  78.        0.1827371895        0.2132425658
 167.  79.       -0.0001782291       -0.1562301240
 167.  80.        0.0511030746       -0.2304993468
 167.  81.       -0.1218145123        0.0764683161
 167.  82.       -0.1421900383       -0.0577840565
 167.  83.       -0.0632650317        0.0002635323
 167.  84.        0.0633151477        0.0562184997
 167.  85.       -0.0353875703        0.0409194778
 167.  86.        0.1810812336       -0.1399353337
 167.  87.       -0.0574615316       -0.3077914927
 167.  88.       -0.2814332974        0.0932343470
 167.  89.        0.0617830750        0.0011701089
 167.  90.        0.1803311723        0.0615927211
 167.  91.       -0.0062567209        0.2021870404
 167.  92.       -0.2091236873       -0.0546002131
 167.  93.       -0.0978746163        0.0286153147
 167.  94.       -0.0976440247       -0.0835337517
 167.  95.       -0.1155706810        0.2151469689
 167.  96.       -0.2762731583        0.1890013972
 167.  97.        0.1052459393        0.0630882982
 167.  98.       -0.0073252024       -0.0519908190
 167.  99.        0.0873544410        0.0579567004
 167. 100.       -0.0363138586       -0.1436755950
 167. 101.       -0.0962867410        0.2383250060
 167. 102.        0.1902637954       -0.1975224874
 167. 103.        0.1944450088       -0.1687162685
 167. 104.        0.2739056371       -0.1641334263
 167. 105.        0.1699061036       -0.0133872583
 167. 106.       -0.1963566750       -0.0890393121
 167. 107.       -0.2157288370       -0.0887623764
 167. 108.       -0.0672878369        0.1105933284
 167. 109.        0.1528045445        0.0651888247
 167. 110.        0.1198963668       -0.0459823855
 167. 111.        0.0378384757       -0.2595361287
 167. 112.        0.1953270419        0.0140632884
 167. 113.       -0.0362634278       -0.0020664903
 167. 114.       -0.0491564683       -0.0750850385
 167. 115.        0.3982346478        0.1772883881
 167. 116.        0.1218145054        0.3641563405
 167. 117.        0.0256917989       -0.2660738155
 167. 118.        0.1332381568        0.2717571537
 167. 119.       -0.0786540216        0.0934530367
 167. 120.       -0.0515515125        0.1476087138
 167. 121.        0.3492287468       -0.2162837543
 167. 122.        0.1645638415        0.1467181772
 167. 123.        0.0587986502       -0.2705121566
 167. 124.        0.1635647596       -0.0971699354
 167. 125.        0.2128239042       -0.1356353857
 167. 126.        0.2693257307       -0.0729017759
 167. 127.        0.2474636189       -0.2252880755
 167. 128.        0.2074800896        0.2529706314
 167. 129.       -0.3043401770       -0.2258028573
 167. 130.       -0.0233158096        0.0474068420
 167. 131.        0.0947182259       -0.2244039980
 167. 132.       -0.1035402168        0.1247876930
 167. 133.        0.3395620226       -0.3173085303
 167. 134.       -0.2750389471        0.1975619315
 167. 135.       -0.2688485954       -0.0375614594
 167. 136.        0.0163035716        0.0318740980
 167. 137.        0.3668581574       -0.4548196757
 167. 138.        0.0062798188        0.4040326963
 167. 139.       -0.3315888652        0.5081416846
 167. 140.        0.0535390515        0.1337702229
 167. 141.        0.4357152300        0.0473460525
 167. 142.        0.0603124482       -0.0755572829
 167. 143.       -0.3970392586        0.0218114817
 167. 144.       -0.0704721652        0.0424087021
 167. 145.        0.0512754907       -0.1896960585
 167. 146.       -0.0685401710       -0.1511775109
 167. 147.        0.1932918061        0.0971772043
 167. 148.        0.5948838759        0.0863068979
 167. 149.        0.0086396472       -0.0434664280
 167. 150.        0.3124667148       -0.0154554106
 167. 151.       -0.0465111349        0.0747019122
 167. 152.        0.1633909367       -0.2556418172
 167. 153.       -0.0004801509        0.2986537678
 167. 154.       -0.0674448260       -0.0026320382
 167. 155.       -0.1517036336       -0.2112689143
 167. 156.        0.3268621523        0.2882066396
 167. 157.        0.1512072456       -0.0672086769
 167. 158.        0.0393450332       -0.0148145632
 167. 159.       -0.1067870142        0.3598388865
 167. 160.        0.3141853240       -0.1526735650
 167. 161.       -0.3305793202       -0.0182751657
 167. 162.        0.0478738042       -0.0903537355
 167. 163.        0.0629651633       -0.4596247179
 167. 164.        0.1092613313        0.2427234611
 167. 165.        0.1770832331       -0.4373696527
 167. 166.        0.0140982041       -0.1303785536
 167. 167.       -0.2877283980       -0.0616168039
 168.   0.       -0.0195177663        0.0000000000
 168.   1.       -0.2214783496        0.0066451623
 168.   2.        0.1947744546        0.0494550104
 168.   3.       -0.0803597165        0.0189396918
 168.   4.        0.0345196448        0.0539561891
 168.   5.        0.0523839805        0.1899351234
 168.   6.        0.0588143746        0.0900476538
 168.   7.        0.2895333667        0.0044736212
 168.   8.       -0.2021880770       -0.4247637573
 168.   9.        0.0977036442        0.0056638558
 168.  10.       -0.0868244248        0.1301913999
 168.  11.       -0.0517116520        0.0814374652
 168.  12.        0.1294188012       -0.2208806067
 168.  13.        0.1653309367        0.0546706861
 168.  14.        0.0375575479       -0.0586619207
 168.  15.       -0.1544507521        0.1283801025
 168.  16.        0.1206286300        0.2111925246
 168.  17.        0.1531680469        0.0607045465
 168.  18.        0.0374337297       -0.2066892228
 168.  19.       -0.2252713499       -0.1104588632
 168.  20.        0.1246225132       -0.0298020972
 168.  21.       -0.1167496569        0.0676323222
 168.  22.        0.0509169970       -0.0004915232
 168.  23.        0.1663757748       -0.0731421746
 168.  24.        0.0525353574        0.1021031446
 168.  25.       -0.1205080641       -0.1879847523
 168.  26.        0.0214688879        0.0397114752
 168.  27.        0.1125972063        0.1167439549
 168.  28.        0.0785614492       -0.1513712731
 168.  29.        0.2197027474       -0.0862642038
 168.  30.        0.0135907659        0.1930206298
 168.  31.       -0.0629516288       -0.0436217581
 168.  32.        0.2053089664        0.0928059622
 168.  33.        0.1835158867       -0.1817209660
 168.  34.       -0.0329636055        0.0128427365
 168.  35.       -0.0293822369       -0.0388823596
 168.  36.       -0.0623992244        0.0570436001
 168.  37.       -0.0302781367       -0.1799145075
 168.  38.       -0.0374494124        0.0366026084
 168.  39.        0.0868757737        0.2690511555
 168.  40.       -0.0264156921        0.0258301764
 168.  41.       -0.0045325042       -0.1253071695
 168.  42.       -0.1889487983        0.0842879262
 168.  43.       -0.1538840783        0.0640357238
 168.  44.       -0.1277485945       -0.0745988761
 168.  45.       -0.1562888314       -0.1237572046
 168.  46.        0.2570165374       -0.1763544926
 168.  47.        0.1266307243       -0.0801575142
 168.  48.       -0.2924471848        0.1297580252
 168.  49.        0.1069665980       -0.3648241513
 168.  50.       -0.0134511923       -0.0137450100
 168.  51.        0.0484180504       -0.1553138735
 168.  52.       -0.1299984187        0.2599791347
 168.  53.       -0.3205330219        0.0439625268
 168.  54.        0.0378390056       -0.2548680307
 168.  55.       -0.2120873263       -0.1556661656
 168.  56.        0.0404722860       -0.1421233500
 168.  57.        0.0400109035        0.0301171552
 168.  58.       -0.0267531268       -0.0538435906
 168.  59.       -0.0685347581        0.0622109321
 168.  60.       -0.0937655038       -0.0419856408
 168.  61.        0.1003593419       -0.0855822882
 168.  62.        0.0945259139        0.2845866337
 168.  63.        0.1628369900        0.0367363540
 168.  64.       -0.0874670666       -0.0268735203
 168.  65.       -0.1074128225        0.1199513122
 168.  66.        0.0046379139        0.0982743887
 168.  67.        0.3649726121        0.1266827909
 168.  68.       -0.2011045099       -0.0771044639
 168.  69.       -0.2043319541       -0.1457591489
 168.  70.       -0.1627914863        0.3180230545
 168.  71.       -0.1085993500       -0.0927919597
 168.  72.       -0.0447642609        0.0908682908
 168.  73.        0.0189946737        0.2087306022
 168.  74.       -0.0666012034        0.1002660364
 168.  75.        0.0721287815        0.0271004730
 168.  76.       -0.0253865735        0.0502839883
 168.  77.       -0.0878581332        0.0672359461
 168.  78.       -0.0586271021       -0.1382719205
 168.  79.       -0.0889881276        0.1572968347
 168.  80.        0.2709900690       -0.1360076842
 168.  81.        0.1429237045       -0.0921341025
 168.  82.        0.1765106965       -0.2445066035
 168.  83.       -0.2704385636        0.1366203978
 168.  84.        0.0354968657       -0.2642464550
 168.  85.        0.0574970329        0.0910026491
 168.  86.       -0.0479667215       -0.1402846040
 168.  87.       -0.0011088079        0.2879367422
 168.  88.       -0.0971189982        0.1297598519
 168.  89.       -0.1984155188        0.0242177383
 168.  90.       -0.1152814195       -0.0831935353
 168.  91.        0.0940414207        0.2551090584
 168.  92.        0.0083767548       -0.0193015039
 168.  93.       -0.2788331393        0.0048297846
 168.  94.       -0.2596592532        0.2449266257
 168.  95.        0.0183151556       -0.4297689913
 168.  96.        0.3911006220       -0.0794023394
 168.  97.       -0.1699121782       -0.2141141115
 168.  98.       -0.1143390574       -0.1066943541
 168.  99.        0.3527376385        0.0158835369
 168. 100.       -0.1801530790        0.1169070467
 168. 101.       -0.1008511505       -0.3501936001
 168. 102.       -0.3296009856       -0.0742686635
 168. 103.       -0.0598883188       -0.0288938956
 168. 104.       -0.0154176449        0.0177948500
 168. 105.        0.1839842424       -0.1090767894
 168. 106.       -0.0627048960       -0.2294005449
 168. 107.        0.2729902127       -0.0191239467
 168. 108.        0.0395770419        0.0099495314
 168. 109.       -0.0576503913       -0.0805254871
 168. 110.        0.0866173871        0.1201075970
 168. 111.        0.0165908186       -0.0234186725
 168. 112.       -0.0055676895       -0.3352896529
 168. 113.       -0.0217338972        0.0457701481
 168. 114.       -0.0386663240       -0.2807407785
 168. 115.       -0.0927261220        0.3067239715
 168. 116.        0.2889367365        0.2936992078
 168. 117.       -0.0538010682       -0.1058185284
 168. 118.       -0.1210449142        0.2226099673
 168. 119.       -0.0652665866        0.1549570070
 168. 120.       -0.3734002804        0.1628165763
 168. 121.        0.3272019815       -0.0211195319
 168. 122.        0.0632358833        0.1259784690
 168. 123.       -0.0026202334       -0.2389191489
 168. 124.       -0.3687282414       -0.2185326722
 168. 125.        0.0939606483       -0.1680568156
 168. 126.       -0.1263959469        0.0196307593
 168. 127.       -0.0296822826        0.1617682506
 168. 128.        0.3346246556       -0.0023171406
 168. 129.        0.0159744232       -0.1649419747
 168. 130.       -0.1158922882       -0.0429045786
 168. 131.        0.4194063346       -0.0382726918
 168. 132.        0.0792996712        0.0177041062
 168. 133.        0.1526845355        0.0857815309
 168. 134.        0.0843076867        0.0862037871
 168. 135.       -0.1725056465        0.1044837100
 168. 136.       -0.1955350377        0.3683936709
 168. 137.       -0.3060532766        0.1642912044
 168. 138.        0.2283233677       -0.0429677722
 168. 139.       -0.2261098830        0.1237217068
 168. 140.       -0.1866041461        0.0727712746
 168. 141.        0.0359610948        0.0764883817
 168. 142.        0.1116569559       -0.0274147382
 168. 143.       -0.0283479994       -0.3544579220
 168. 144.       -0.2321116815       -0.1352066098
 168. 145.       -0.0593031831       -0.0893375447
 168. 146.        0.2310788034        0.0404567156
 168. 147.       -0.1641993450       -0.0817560336
 168. 148.       -0.2787355385       -0.0343380033
 168. 149.        0.4670274188        0.1316874450
 168. 150.        0.2571056129       -0.1125276570
 168. 151.        0.3667980824        0.1353544253
 168. 152.        0.0696806656        0.0655669088
 168. 153.        0.0718492455       -0.3250812246
 168. 154.       -0.2013925607       -0.1308858580
 168. 155.       -0.0061266600       -0.3890495914
 168. 156.        0.1578983836        0.0564311075
 168. 157.        0.1612310583       -0.0510035013
 168. 158.       -0.1585985794        0.1251946806
 168. 159.       -0.4327310211        0.2451714209
 168. 160.       -0.0752927550        0.1559567055
 168. 161.       -0.2854925808        0.2483237619
 168. 162.        0.5920140872        0.3314488012
 168. 163.       -0.3522702189       -0.0906948241
 168. 164.       -0.0366919198       -0.1855449712
 168. 165.        0.0177679292        0.0560491247
 168. 166.        0.3154827286       -0.0199499237
 168. 167.       -0.3720581469       -0.4201452969
 168. 168.       -0.0294485295        0.0498268454
 169.   0.       -0.1078595552        0.0000000000
 169.   1.        0.0900867063        0.1296522000
 169.   2.        0.0780031285       -0.0111887728
 169.   3.       -0.0120107864        0.0440223366
 169.   4.        0.1600860722        0.0852850877
 169.   5.       -0.1117559852        0.0929947174
 169.   6.        0.1023271595       -0.0989280820
 169.   7.        0.1225110748        0.1715923357
 169.   8.       -0.2351586293        0.0542900452
 169.   9.        0.0953880423       -0.1033140876
 169.  10.        0.0035477813        0.1133584572
 169.  11.       -0.0557288828        0.0983454402
 169.  12.       -0.0307358942        0.2489402171
 169.  13.       -0.0549491202        0.0995665734
 169.  14.        0.2115456952        0.1058464104
 169.  15.       -0.1462255200        0.2626464138
 169.  16.       -0.1501716676        0.0396029109
 169.  17.        0.2450955332       -0.0451519360
 169.  18.       -0.2999516503        0.1423650095
 169.  19.       -0.2664866645       -0.1869563436
 169.  20.        0.1863584434        0.0369999026
 169.  21.        0.1559593300        0.2044174100
 169.  22.       -0.0878626138        0.1074618985
 169.  23.       -0.0485143537       -0.1021207427
 169.  24.        0.0014635449       -0.0037350212
 169.  25.       -0.0675106330       -0.1349038325
 169.  26.       -0.2553496120        0.1111920434
 169.  27.       -0.0005698509        0.0568941789
 169.  28.       -0.0445064555        0.3364741843
 169.  29.        0.0917691900       -0.0736234664
 169.  30.        0.1192093162       -0.2469255805
 169.  31.       -0.0899690973        0.0110213381
 169.  32.        0.1072287631       -0.0619863741
 169.  33.        0.2026573459       -0.0411124017
 169.  34.        0.1010120951       -0.0740458033
 169.  35.       -0.0716005987       -0.2570856605
 169.  36.       -0.0088502994        0.1985111319
 169.  37.       -0.0423503494        0.0050465281
 169.  38.        0.0499363090       -0.1288753196
 169.  39.       -0.0187454264       -0.1932693607
 169.  40.       -0.0584451252        0.1153597100
 169.  41.        0.1163889101       -0.0203441922
 169.  42.        0.2844600752       -0.0795329407
 169.  43.        0.0206883879       -0.0619639666
 169.  44.       -0.0427137307       -0.0878054146
 169.  45.       -0.1294977565        0.1747632855
 169.  46.        0.0899272836       -0.0390584713
 169.  47.        0.0375075742        0.0777255138
 169.  48.        0.2225865319        0.1863366789
 169.  49.       -0.0384435583        0.0816644096
 169.  50.        0.0390877186       -0.0633208378
 169.  51.       -0.1296196492       -0.0679650914
 169.  52.        0.0095708447       -0.0598070365
 169.  53.       -0.1623767290        0.1167096276
 169.  54.        0.0236812963        0.0047333280
 169.  55.        0.1016159454        0.1015352091
 169.  56.        0.1629692702       -0.1788757450
 169.  57.       -0.1152776750        0.1874808082
 169.  58.       -0.2348650377       -0.1950211990
 169.  59.        0.0430353058        0.1357061367
 169.  60.        0.0538126662       -0.0397202372
 169.  61.        0.2756689887       -0.2411211074
 169.  62.        0.0511983095        0.1396652659
 169.  63.        0.0577162786       -0.0743701045
 169.  64.       -0.1402781743        0.1254442997
 169.  65.       -0.1467378019       -0.0991140328
 169.  66.       -0.0401996103       -0.0491897478
 169.  67.       -0.0074161145       -0.0854510256
 169.  68.        0.0706320825       -0.1102637351
 169.  69.       -0.2283520447        0.0451168042
 169.  70.        0.0829418413        0.0083639801
 169.  71.        0.1244220389        0.0259640313
 169.  72.        0.1063074985       -0.1812587238
 169.  73.        0.1300538305       -0.0099498893
 169.  74.       -0.0121529524        0.2315082555
 169.  75.        0.0080738555        0.0584185991
 169.  76.        0.2629014064       -0.4076936619
 169.  77.        0.0664203024        0.0174342145
 169.  78.       -0.0475851141       -0.0848855874
 169.  79.       -0.2325357771       -0.0439737349
 169.  80.       -0.1000750010        0.2348015067
 169.  81.       -0.1026539749        0.0678778916
 169.  82.       -0.0231116445       -0.1300493106
 169.  83.        0.0062347611       -0.0940731440
 169.  84.       -0.2529637303        0.0754015164
 169.  85.        0.1729522545        0.1077795649
 169.  86.       -0.0004137850        0.0645773509
 169.  87.        0.1826783356        0.1458486537
 169.  88.       -0.2432144619        0.1542197323
 169.  89.       -0.3503175836       -0.0810686214
 169.  90.        0.0579023890        0.0913997125
 169.  91.       -0.0938145196       -0.0806039187
 169.  92.        0.0827425621        0.0079209629
 169.  93.        0.1292361299       -0.3243908932
 169.  94.       -0.0436112631       -0.1188562201
 169.  95.       -0.3296664448       -0.0900920205
 169.  96.        0.1718195289        0.2105529072
 169.  97.       -0.2028162098        0.1407257127
 169.  98.        0.2395679429       -0.0776864011
 169.  99.        0.0115732151       -0.0606358058
 169. 100.       -0.0724404638       -0.0849710774
 169. 101.        0.2483427146        0.0492563513
 169. 102.       -0.0991090366        0.1310154547
 169. 103.        0.0908011119       -0.0185738772
 169. 104.       -0.0614167409       -0.1259402300
 169. 105.        0.1413454041        0.2776567736
 169. 106.       -0.1347496482       -0.0524419207
 169. 107.       -0.2770149120        0.0691946404
 169. 108.       -0.1048861995       -0.0806448287
 169. 109.       -0.3228616138       -0.4102245697
 169. 110.       -0.0188165631       -0.0759146569
 169. 111.        0.1866249407        0.2515893715
 169. 112.        0.4986211655        0.0386402523
 169. 113.       -0.0603780993       -0.2825061310
 169. 114.        0.2418940921       -0.1484260744
 169. 115.        0.0114682495       -0.1790988446
 169. 116.       -0.1865986974       -0.0754697740
 169. 117.       -0.2421179707        0.1958607155
 169. 118.        0.1537831478        0.0363459159
 169. 119.       -0.3000893803       -0.1346381647
 169. 120.        0.0947954162        0.1173806479
 169. 121.       -0.1776923481       -0.0851744239
 169. 122.        0.3694976985       -0.0594495998
 169. 123.       -0.0643698019       -0.1656149520
 169. 124.       -0.0688505036        0.0307208182
 169. 125.       -0.0596166345       -0.0590417573
 169. 126.       -0.1820538190       -0.2359028116
 169. 127.        0.2335497336       -0.0574060538
 169. 128.       -0.3266782427        0.0718863250
 169. 129.       -0.0208895474        0.0802650990
 169. 130.       -0.2009020482        0.0048629205
 169. 131.       -0.0336897883       -0.2656384887
 169. 132.        0.2009233222       -0.0791220672
 169. 133.       -0.1238528753        0.3803934073
 169. 134.       -0.1610750643        0.0518040068
 169. 135.       -0.0528850641        0.0747792404
 169. 136.       -0.2552291506        0.0962592510
 169. 137.       -0.1389292393       -0.0002555485
 169. 138.       -0.0128944794       -0.3461650173
 169. 139.        0.1940386140        0.1142189140
 169. 140.        0.1547480461       -0.0276696337
 169. 141.        0.2925557984       -0.3398947714
 169. 142.        0.3198970062       -0.3006611194
 169. 143.        0.1618433306        0.0404109116
 169. 144.        0.0916560129        0.2581757754
 169. 145.        0.0946159474       -0.1753115020
 169. 146.        0.1016903739       -0.1092702567
 169. 147.       -0.0077740600       -0.3172009579
 169. 148.       -0.1130836350       -0.4881571543
 169. 149.       -0.3939251082       -0.1681235939
 169. 150.       -0.1444067639        0.1252458286
 169. 151.       -0.4747326756       -0.0833685027
 169. 152.       -0.3397473662        0.1317150263
 169. 153.        0.0828190244        0.2017877054
 169. 154.       -0.0119788564        0.2879305600
 169. 155.       -0.0552773506       -0.3123703105
 169. 156.        0.0189601786        0.2736430423
 169. 157.       -0.0931853882       -0.1186541160
 169. 158.        0.1959881888        0.1895035748
 169. 159.        0.1633087960        0.0610051166
 169. 160.        0.1851152814       -0.3006024244
 169. 161.       -0.2897961136        0.3001056353
 169. 162.       -0.0566840862        0.0541041067
 169. 163.        0.2282722125       -0.4452734444
 169. 164.       -0.2028816000        0.0476592293
 169. 165.        0.0456363227       -0.1443568275
 169. 166.        0.3100712563       -0.1834622972
 169. 167.        0.4717054182        0.3009469021
 169. 168.       -0.0041258353       -0.2860290177
 169. 169.        0.0134302166       -0.0445463487
 170.   0.        0.1846931586        0.0000000000
 170.   1.        0.0393726106       -0.1575518341
 170.   2.       -0.0747471757        0.0052736930
 170.   3.        0.1676657579        0.1374356049
 170.   4.        0.0004663578        0.0995457533
 170.   5.       -0.1005377355       -0.0330345091
 170.   6.       -0.0401665007       -0.1266853597
 170.   7.       -0.0183873576        0.1871508941
 170.   8.        0.0064604547        0.3019625504
 170.   9.       -0.0866843369        0.0123043468
 170.  10.        0.0946077500       -0.0524471200
 170.  11.        0.0611315714       -0.0289379697
 170.  12.       -0.0630552864        0.2610564527
 170.  13.       -0.0969169391       -0.1664183821
 170.  14.        0.0149545703        0.0274549896
 170.  15.        0.2323182017        0.0429032349
 170.  16.       -0.1821847325       -0.1096484211
 170.  17.       -0.0179132500       -0.0062524199
 170.  18.       -0.1689971231        0.1232126307
 170.  19.        0.0284944433        0.1586013834
 170.  20.        0.0459573526       -0.0066246650
 170.  21.        0.0049930582       -0.0801825591
 170.  22.       -0.1442906749       -0.0933134884
 170.  23.        0.0323490718       -0.0976460874
 170.  24.        0.0265823502        0.0007634766
 170.  25.        0.2116379096        0.1746669793
 170.  26.       -0.0944733828       -0.1729924091
 170.  27.       -0.1221164875        0.0961777474
 170.  28.       -0.0215766239        0.1808520095
 170.  29.       -0.1393549376        0.1020087831
 170.  30.        0.3042447436       -0.0744363678
 170.  31.        0.2069125327       -0.1235740936
 170.  32.       -0.2204695514       -0.0362980887
 170.  33.       -0.1516747420        0.0724743064
 170.  34.        0.1142685046        0.0079185346
 170.  35.        0.0678262803        0.0248200220
 170.  36.        0.0822879412        0.0344737369
 170.  37.       -0.0672242868       -0.0672644484
 170.  38.        0.1619639484        0.1075707812
 170.  39.       -0.0550972755       -0.1909253403
 170.  40.       -0.0722046123       -0.2172034458
 170.  41.       -0.0301888130        0.1400228128
 170.  42.       -0.0602962929       -0.0152329347
 170.  43.       -0.0867814061       -0.1997532121
 170.  44.        0.1031713140       -0.0445997922
 170.  45.       -0.2432572038        0.0579128965
 170.  46.        0.0574567857        0.1368889641
 170.  47.       -0.0582017915        0.0399480977
 170.  48.        0.2585281274       -0.2647850296
 170.  49.       -0.1598806033        0.2746328397
 170.  50.       -0.2161637516        0.0290160471
 170.  51.       -0.0869685966        0.0389837891
 170.  52.        0.0658733231       -0.1205608396
 170.  53.        0.0087879918        0.1610696899
 170.  54.       -0.1724711375        0.0278068490
 170.  55.       -0.0141607029        0.0491663046
 170.  56.        0.0588648870        0.0238086067
 170.  57.        0.0557052942        0.1449426983
 170.  58.        0.0541956559       -0.1456481857
 170.  59.       -0.0270311673        0.0801611200
 170.  60.        0.1431429819        0.2724633222
 170.  61.       -0.0018478323       -0.1266885757
 170.  62.        0.0518511197       -0.1213886057
 170.  63.        0.0373386672       -0.0701555782
 170.  64.       -0.2495227430        0.0877289204
 170.  65.       -0.1218854073       -0.0191299486
 170.  66.        0.0986015531        0.1790576209
 170.  67.        0.1936914815       -0.0992245402
 170.  68.        0.2080646843       -0.1508012031
 170.  69.        0.1010872928       -0.0475336290
 170.  70.        0.2650593318       -0.0926206442
 170.  71.        0.2785385451        0.1867670416
 170.  72.        0.2955140806       -0.1615020050
 170.  73.       -0.0472549517       -0.2098832271
 170.  74.        0.0655762264        0.0465100788
 170.  75.       -0.1013405062        0.1677202212
 170.  76.        0.0152264499       -0.0412243200
 170.  77.        0.1480832419        0.0283613232
 170.  78.       -0.0756223080       -0.0220316286
 170.  79.        0.0682685205        0.2114473709
 170.  80.       -0.1758094614        0.0001792129
 170.  81.        0.0062531241       -0.0509321413
 170.  82.        0.0186935278        0.0166126900
 170.  83.        0.2225886857       -0.1369150157
 170.  84.        0.0143148175       -0.2298151239
 170.  85.        0.1108946071       -0.0196313855
 170.  86.       -0.0688174928        0.2098278080
 170.  87.        0.0173585289       -0.0896737876
 170.  88.       -0.2671223745        0.2014629805
 170.  89.       -0.3738566090        0.1983187536
 170.  90.        0.2110150312        0.1021490828
 170.  91.        0.0360130708       -0.2179702241
 170.  92.       -0.1913563768        0.0515088894
 170.  93.        0.2728844747        0.0570822700
 170.  94.        0.1451978974       -0.0706511748
 170.  95.       -0.3203546371        0.0651394282
 170.  96.       -0.2640928007        0.0857048932
 170.  97.        0.1041207349        0.1654644619
 170.  98.        0.0535566395        0.0370243863
 170.  99.       -0.1499833606       -0.0951211254
 170. 100.       -0.1244312488       -0.2936601149
 170. 101.       -0.2037863842        0.0059914899
 170. 102.       -0.2079729093       -0.2146352566
 170. 103.        0.3036807566        0.1560046187
 170. 104.        0.2144822202       -0.4131127317
 170. 105.        0.1384890898        0.2432684231
 170. 106.       -0.0562076966       -0.0037067397
 170. 107.        0.0508431253        0.0539577980
 170. 108.        0.0212341299        0.0213382758
 170. 109.        0.1499336631        0.0451287775
 170. 110.        0.1204889438       -0.1591748622
 170. 111.        0.0559144677       -0.2138129704
 170. 112.        0.2163807683        0.1418585476
 170. 113.        0.4344329340       -0.1516291546
 170. 114.       -0.0045025349       -0.0741376410
 170. 115.       -0.0611382099        0.3518853547
 170. 116.       -0.0144102508       -0.1314365117
 170. 117.       -0.1300191626       -0.0350145925
 170. 118.       -0.0558273077       -0.1711595947
 170. 119.       -0.2186689599       -0.0903494078
 170. 120.       -0.0573436570        0.2218157714
 170. 121.       -0.0824417088       -0.0907361741
 170. 122.        0.2524698431       -0.2895532685
 170. 123.       -0.0226645056        0.0875534581
 170. 124.        0.0834672995        0.2737795610
 170. 125.        0.0114977634       -0.0948390284
 170. 126.       -0.0165978319        0.1165951468
 170. 127.       -0.1535288765        0.0632964487
 170. 128.       -0.0018680946       -0.2027087160
 170. 129.       -0.0111916432        0.1948468743
 170. 130.        0.0952565982        0.1294066071
 170. 131.       -0.0952116040       -0.0013570907
 170. 132.       -0.2175584648       -0.0841840060
 170. 133.        0.2060782940        0.1023451993
 170. 134.       -0.1880473587        0.1859718372
 170. 135.        0.3672004913       -0.0164968350
 170. 136.       -0.4167854492        0.1097718322
 170. 137.       -0.1343459266        0.0133124680
 170. 138.       -0.2553245019       -0.1768731124
 170. 139.        0.0934601175       -0.0627613537
 170. 140.       -0.2136738760        0.0165177203
 170. 141.       -0.0594450311        0.1666234205
 170. 142.        0.1684044517        0.0115462110
 170. 143.       -0.1620220924        0.1876903430
 170. 144.       -0.1243213371       -0.4631914677
 170. 145.        0.0082490913        0.1565931222
 170. 146.        0.0976920685        0.1179500260
 170. 147.        0.0611121232       -0.2365509958
 170. 148.        0.0054937864       -0.2377897795
 170. 149.        0.2543900080       -0.0257911403
 170. 150.       -0.1638396282       -0.1072547207
 170. 151.       -0.1533476548        0.2206679245
 170. 152.        0.2203520891        0.2507534551
 170. 153.        0.0823493928       -0.1260596544
 170. 154.        0.1770962630       -0.2498816952
 170. 155.        0.2771465952        0.0741559797
 170. 156.       -0.0135399464        0.1474870634
 170. 157.        0.1594945600        0.0056496834
 170. 158.        0.3258879724        0.1784287271
 170. 159.        0.1807560093        0.2367936306
 170. 160.        0.1045865256        0.0041470226
 170. 161.       -0.3846625452       -0.3560381954
 170. 162.        0.1915961108       -0.0483927739
 170. 163.        0.0447047483        0.1765722021
 170. 164.        0.2609983852        0.3482098491
 170. 165.        0.1437835848       -0.1545332680
 170. 166.        0.5830026094        0.3148575285
 170. 167.       -0.1962760951       -0.4032149068
 170. 168.        0.5871315640        0.1949125159
 170. 169.        0.2671348197        0.0951702188
 170. 170.        0.0954971734        0.0174547539
 171.   0.        0.1362212101        0.0000000000
 171.   1.       -0.1318229232       -0.0234784910
 171.   2.       -0.0939043790       -0.1334041178
 171.   3.       -0.0955765913        0.0257842522
 171.   4.       -0.0322725448        0.0522404124
 171.   5.        0.0678315714       -0.2042841582
 171.   6.       -0.0839566838        0.0420350025
 171.   7.       -0.0865761857       -0.1350003847
 171.   8.        0.2031905022        0.1053984378
 171.   9.       -0.2793831469       -0.0219242924
 171.  10.        0.0375122220       -0.1679340028
 171.  11.       -0.0352964799       -0.0345746468
 171.  12.        0.1429489941       -0.0337829725
 171.  13.       -0.1290967191       -0.1625077448
 171.  14.       -0.1707239441       -0.0945325773
 171.  15.        0.0750207441       -0.2826253148
 171.  16.        0.0326525230        0.0412831123
 171.  17.       -0.0946766638       -0.0283726356
 171.  18.        0.2018564708       -0.0220134698
 171.  19.        0.2456520438        0.1154971915
 171.  20.       -0.0059529379       -0.1894893066
 171.  21.       -0.1032774085       -0.1694459571
 171.  22.        0.1490740199       -0.0082332254
 171.  23.        0.1221073949        0.0230492828
 171.  24.        0.1838639547        0.0764754854
 171.  25.        0.1508598005        0.1066430263
 171.  26.       -0.0075509316       -0.0394866447
 171.  27.       -0.0698638167       -0.1312546084
 171.  28.        0.0943830293        0.0210039964
 171.  29.       -0.0984168297        0.0852443373
 171.  30.        0.1110339830        0.1201143557
 171.  31.       -0.0027518403       -0.0420622026
 171.  32.       -0.0858883737       -0.0061659815
 171.  33.       -0.0828580138       -0.0747320035
 171.  34.       -0.2167445332        0.0380379421
 171.  35.        0.1069157060        0.0493203495
 171.  36.        0.2520580825       -0.0504078418
 171.  37.        0.1142018476        0.1194126782
 171.  38.        0.0234503182        0.0330655846
 171.  39.        0.0711226678       -0.1548604938
 171.  40.       -0.0548198379       -0.3749290897
 171.  41.        0.1439299675       -0.1141371087
 171.  42.       -0.1320375310        0.0676383859
 171.  43.        0.1179307343        0.0083090312
 171.  44.       -0.0517990405       -0.0859518784
 171.  45.       -0.0703109996       -0.1011357081
 171.  46.       -0.0346284670        0.0870753070
 171.  47.       -0.0304504760       -0.0478130324
 171.  48.        0.0418005636       -0.0209849983
 171.  49.       -0.0061797361        0.0900950891
 171.  50.       -0.1512119154       -0.0307195538
 171.  51.       -0.0709412135       -0.0223853432
 171.  52.        0.0272773412        0.0660817596
 171.  53.        0.1556378906        0.1389787698
 171.  54.        0.0367293032        0.0469166797
 171.  55.       -0.0342167433       -0.0821360410
 171.  56.       -0.0037716747       -0.0677255491
 171.  57.        0.0466719610       -0.0366546075
 171.  58.        0.2204589518        0.0530284050
 171.  59.        0.0622755198        0.0935198371
 171.  60.        0.0259874680       -0.0845264238
 171.  61.       -0.1732296643        0.2486694517
 171.  62.       -0.0373640461       -0.2434634716
 171.  63.        0.0025044334        0.0902623495
 171.  64.       -0.0418860816       -0.0112343420
 171.  65.       -0.2237693417       -0.0329627225
 171.  66.        0.1098107168       -0.0545844874
 171.  67.       -0.0458509836       -0.0880361293
 171.  68.        0.1756924623       -0.0712865737
 171.  69.        0.2680752492        0.0339753147
 171.  70.       -0.0520936830       -0.1416978025
 171.  71.       -0.1670778493       -0.1786769369
 171.  72.        0.0755996558        0.1475490900
 171.  73.       -0.0837810206        0.0760247967
 171.  74.        0.0702366462       -0.0221399061
 171.  75.        0.0747820893       -0.2783362042
 171.  76.       -0.2021786207        0.0238039129
 171.  77.       -0.0362145942       -0.0577050529
 171.  78.       -0.0492460766       -0.1442359019
 171.  79.       -0.1334663877        0.1462714678
 171.  80.       -0.0496954267       -0.0575236917
 171.  81.        0.3942926242       -0.1325515952
 171.  82.        0.0678630576       -0.1236575020
 171.  83.        0.1293471869       -0.1735786698
 171.  84.       -0.0775892760       -0.1716389361
 171.  85.        0.1250344909       -0.0620730607
 171.  86.       -0.3194356818       -0.0545690747
 171.  87.       -0.1482884280        0.0396511816
 171.  88.        0.3137877751       -0.0937082423
 171.  89.       -0.0233101310       -0.2288580570
 171.  90.       -0.2938244410        0.0344083802
 171.  91.        0.3006010137       -0.2456165775
 171.  92.        0.0865045254        0.1284046268
 171.  93.        0.0350186193        0.0070918824
 171.  94.        0.0352352784       -0.2904680090
 171.  95.       -0.0621468002       -0.2596380348
 171.  96.       -0.0727328827       -0.0925641925
 171.  97.       -0.0929245681       -0.0661692338
 171.  98.       -0.1694796726       -0.0352161734
 171.  99.        0.1451869404       -0.2052188098
 171. 100.       -0.0219638659        0.0610989117
 171. 101.       -0.0664109332       -0.1064786631
 171. 102.       -0.1431281518       -0.0659752122
 171. 103.        0.0051672997        0.1088614452
 171. 104.        0.0406300648       -0.3246278690
 171. 105.        0.2663518430       -0.0280762916
 171. 106.        0.1185463374       -0.1223948521
 171. 107.       -0.1292205160        0.3554785682
 171. 108.        0.2642205603       -0.1259795503
 171. 109.        0.1318633693        0.0938817393
 171. 110.        0.1825832701       -0.3799549737
 171. 111.       -0.1324019767       -0.0448433978
 171. 112.       -0.0067953615        0.3872039552
 171. 113.       -0.1234447401        0.1992588522
 171. 114.       -0.2013816788        0.2156334238
 171. 115.       -0.2002421811       -0.1981861361
 171. 116.        0.1314922192        0.0552912350
 171. 117.        0.0245710313       -0.0658317308
 171. 118.        0.3016411289        0.0185493587
 171. 119.       -0.0688701973        0.2241965027
 171. 120.        0.1616692478       -0.2164002166
 171. 121.       -0.1560991355        0.0076918737
 171. 122.       -0.0454998189        0.0038138235
 171. 123.       -0.1170548471       -0.1291508806
 171. 124.        0.0166011419        0.0762844450
 171. 125.        0.3443226785        0.3749459739
 171. 126.        0.1298544726        0.0585985887
 171. 127.        0.0039044828        0.0338438594
 171. 128.       -0.2559152349       -0.3236007941
 171. 129.       -0.1993826741        0.1078044998
 171. 130.       -0.0346383944        0.1244934079
 171. 131.        0.0027889410       -0.0191600099
 171. 132.        0.0109946332       -0.2275612653
 171. 133.       -0.2545504560       -0.3451259376
 171. 134.        0.0892761342       -0.0651537290
 171. 135.       -0.1791746409       -0.3167405901
 171. 136.       -0.1361168945       -0.1437420305
 171. 137.       -0.1553614740        0.1054588735
 171. 138.       -0.3041069881       -0.0639210540
 171. 139.       -0.2247003893       -0.5075053651
 171. 140.        0.0236197217       -0.0011767644
 171. 141.       -0.0251385251        0.3044547419
 171. 142.        0.1598938117        0.1111022901
 171. 143.        0.3423943067       -0.1462408952
 171. 144.        0.1032262926        0.1330573115
 171. 145.       -0.0102341811        0.1015451848
 171. 146.       -0.1202038776        0.0286765869
 171. 147.       -0.1107852208        0.3564107625
 171. 148.        0.3997042380       -0.1538404156
 171. 149.        0.4158183264        0.1580938678
 171. 150.       -0.1427084134        0.0156529508
 171. 151.        0.1971264639       -0.2897281535
 171. 152.       -0.0692701710        0.0637175864
 171. 153.        0.0827424575        0.2523427917
 171. 154.        0.0959056049        0.1413788102
 171. 155.       -0.0174240415       -0.3193412629
 171. 156.        0.0239241605        0.1601251405
 171. 157.        0.0491687544       -0.1506687939
 171. 158.        0.0493191814        0.0839217049
 171. 159.       -0.2063086057       -0.1653363984
 171. 160.       -0.1494874273       -0.0563023943
 171. 161.        0.1249896719        0.1392938176
 171. 162.       -0.1337547074       -0.1697604051
 171. 163.       -0.2920005631       -0.3777052403
 171. 164.       -0.0346590494       -0.0734627534
 171. 165.        0.3185071519       -0.2439113981
 171. 166.       -0.0142310650       -0.3929301002
 171. 167.        0.2314174933        0.1889999882
 171. 168.        0.1030478165       -0.2027947640
 171. 169.       -0.1743959429        0.2834993224
 171. 170.        0.1378535815       -0.2658738749
 171. 171.        0.0778577280       -0.0861743962
 172.   0.       -0.2057102194        0.0000000000
 172.   1.        0.1535809615        0.1712779715
 172.   2.        0.0973536266       -0.0935292865
 172.   3.       -0.0899051783       -0.1238378769
 172.   4.        0.0467443643       -0.1609252519
 172.   5.        0.0285008696       -0.0509651520
 172.   6.        0.0031777845        0.1654708681
 172.   7.       -0.1275636283       -0.2132793825
 172.   8.        0.1173267929        0.0700515086
 172.   9.       -0.1384155059       -0.0796824416
 172.  10.       -0.1761115470       -0.0579426981
 172.  11.        0.0322308206        0.1385117501
 172.  12.        0.0564487979       -0.2373211027
 172.  13.       -0.0519138612        0.1915372469
 172.  14.       -0.0742268086       -0.0405966329
 172.  15.       -0.1988473196       -0.1688676478
 172.  16.        0.0202116636       -0.0404983769
 172.  17.        0.0605871940        0.0219615346
 172.  18.        0.0913697746        0.0040007224
 172.  19.        0.0630251080        0.0144740530
 172.  20.       -0.0659093881        0.0427292883
 172.  21.        0.1672774284       -0.0343597055
 172.  22.        0.1344265700        0.0054968041
 172.  23.       -0.1509514728        0.2539864612
 172.  24.       -0.0555871605        0.0257016607
 172.  25.        0.0669770541       -0.0969122497
 172.  26.       -0.0135707426        0.1765244439
 172.  27.        0.0050506252       -0.1520717014
 172.  28.       -0.0956136680       -0.0258950206
 172.  29.       -0.0693793117       -0.0259526714
 172.  30.       -0.0802338240       -0.0489437171
 172.  31.       -0.2359117930       -0.0231874492
 172.  32.        0.0922452846       -0.0727980657
 172.  33.       -0.0783477495        0.0339496171
 172.  34.       -0.0304580783       -0.0788164475
 172.  35.       -0.0751647398       -0.0919058764
 172.  36.       -0.0444559325       -0.0074534680
 172.  37.        0.0008320563        0.0558214276
 172.  38.       -0.2666567982        0.0259572511
 172.  39.       -0.0964750643        0.2445299356
 172.  40.        0.0806213693        0.1089183119
 172.  41.        0.2267072801       -0.0005979985
 172.  42.       -0.0123247967        0.0137016902
 172.  43.        0.1748193078        0.1638245084
 172.  44.       -0.1078917457        0.0333752829
 172.  45.        0.3180173515       -0.1040873927
 172.  46.       -0.1772196574        0.2306818580
 172.  47.       -0.1643621135        0.0879368763
 172.  48.       -0.0201791466        0.2064771490
 172.  49.        0.0447045720       -0.0171211271
 172.  50.        0.1855428349       -0.1265504797
 172.  51.        0.0421715444        0.0685843581
 172.  52.       -0.0185856834       -0.1187020360
 172.  53.        0.0624743203        0.2108367771
 172.  54.       -0.1264945615        0.1313405095
 172.  55.        0.0102663219        0.0026905967
 172.  56.        0.1354125543       -0.1522590667
 172.  57.       -0.0611302591       -0.0728382200
 172.  58.       -0.0917432610        0.1393731928
 172.  59.        0.0533845484       -0.1745177576
 172.  60.        0.1355556336       -0.1486580043
 172.  61.       -0.0427516047       -0.0147107294
 172.  62.       -0.0106526570        0.1392342581
 172.  63.        0.0877682242       -0.1437892566
 172.  64.        0.1150218624       -0.0932622034
 172.  65.       -0.2125351940        0.0522186725
 172.  66.       -0.2056189622       -0.4157811308
 172.  67.       -0.0661840761       -0.1957123501
 172.  68.       -0.1281457558       -0.0330113541
 172.  69.       -0.0874709380       -0.3180693171
 172.  70.       -0.1000211894       -0.0872107184
 172.  71.        0.0204604045       -0.3209789997
 172.  72.       -0.1180253595        0.0957307061
 172.  73.        0.1374387357        0.2517301037
 172.  74.        0.2303335616        0.1225679216
 172.  75.        0.2142241967       -0.0205161262
 172.  76.       -0.0042530459       -0.1347200081
 172.  77.       -0.1488917102        0.0435237785
 172.  78.        0.0486985155        0.1380232233
 172.  79.        0.1303006593        0.0716943236
 172.  80.       -0.1660324271        0.0464042630
 172.  81.       -0.0206224855       -0.0458167817
 172.  82.        0.2706457643       -0.0723138515
 172.  83.        0.1687135037       -0.2604069228
 172.  84.       -0.0089211622        0.2037344869
 172.  85.       -0.0697776369        0.1494128496
 172.  86.       -0.2041855853       -0.3967536130
 172.  87.       -0.1615007183       -0.0577543411
 172.  88.       -0.0521217871       -0.0618183366
 172.  89.       -0.0426075463        0.1079340072
 172.  90.        0.1573303783        0.0130836318
 172.  91.       -0.2219054991        0.0189618346
 172.  92.       -0.0330107395        0.1256548119
 172.  93.        0.0897368216        0.2269070641
 172.  94.       -0.1325034764       -0.2271598724
 172.  95.        0.0276300916       -0.2242328178
 172.  96.        0.2366426841       -0.0636569220
 172.  97.        0.0385085121        0.0838156355
 172.  98.        0.1475427795       -0.0870247337
 172.  99.        0.0397997780       -0.1083102682
 172. 100.       -0.1268339956        0.2843265318
 172. 101.       -0.1293987912        0.0274278835
 172. 102.       -0.0229116176        0.0049504532
 172. 103.       -0.1610318395       -0.0510565543
 172. 104.        0.0584056973        0.0828837779
 172. 105.        0.0403254050        0.1826723139
 172. 106.        0.0807489036        0.2387663541
 172. 107.        0.1086252279       -0.1671038829
 172. 108.       -0.1551357041        0.0349866258
 172. 109.       -0.0329234330       -0.1012588356
 172. 110.       -0.0277197213        0.2063224611
 172. 111.       -0.1168833303       -0.0814416006
 172. 112.        0.0431423842       -0.2285725984
 172. 113.        0.2326642080       -0.0679643452
 172. 114.        0.2189815997       -0.0574082216
 172. 115.        0.1343546243       -0.1245726669
 172. 116.       -0.0346845622       -0.0239445136
 172. 117.       -0.1766947628        0.0231202114
 172. 118.       -0.1046780537       -0.0996222092
 172. 119.        0.1999080460       -0.0890108852
 172. 120.       -0.2339377341       -0.0799431319
 172. 121.       -0.0531453779        0.2167273678
 172. 122.        0.3162190960       -0.2575294973
 172. 123.       -0.0176407764        0.3782500720
 172. 124.        0.2289908685       -0.0121464698
 172. 125.       -0.0106172202        0.0664519092
 172. 126.        0.0184345209        0.2349789658
 172. 127.        0.2536406908        0.0190787602
 172. 128.       -0.2187217499        0.3380110022
 172. 129.       -0.1157888659        0.4169955797
 172. 130.        0.1270784874        0.0474014651
 172. 131.       -0.4703590206        0.2402782727
 172. 132.       -0.1153774285        0.0877828380
 172. 133.        0.0883790013       -0.1875731175
 172. 134.        0.0170511602       -0.1439933649
 172. 135.       -0.0945136795       -0.4035974983
 172. 136.       -0.2281275037       -0.0406403517
 172. 137.        0.0514273751       -0.0310335895
 172. 138.       -0.0552728975        0.0534563055
 172. 139.       -0.2705655662       -0.1147972619
 172. 140.       -0.1468779968       -0.1162676675
 172. 141.       -0.0932884541        0.3399873326
 172. 142.       -0.1176663643        0.1454229049
 172. 143.        0.1856336389        0.1998772084
 172. 144.        0.0827420395       -0.2421023806
 172. 145.       -0.0854249843       -0.0925700882
 172. 146.        0.2684531251       -0.0461104421
 172. 147.        0.4919931523       -0.2671355056
 172. 148.       -0.1781368342        0.0223397310
 172. 149.        0.1245029896        0.0591612550
 172. 150.        0.0237433295       -0.0190961066
 172. 151.       -0.3180590384       -0.2265881093
 172. 152.       -0.1734102930        0.1623812222
 172. 153.       -0.3263011369       -0.1033426249
 172. 154.       -0.0549080689        0.1182882148
 172. 155.       -0.0233557395        0.1100969569
 172. 156.        0.2451455566       -0.1672708796
 172. 157.        0.0270712469        0.0777947663
 172. 158.        0.1097601968        0.1361376428
 172. 159.        0.0270628596       -0.0841162864
 172. 160.        0.0137744353        0.3686671877
 172. 161.       -0.0971742042        0.2117820654
 172. 162.       -0.3726592084        0.2247084121
 172. 163.       -0.2069830189        0.3243571408
 172. 164.       -0.2394135116        0.0411514272
 172. 165.       -0.4261178744       -0.1612496311
 172. 166.        0.3526868061        0.1335438334
 172. 167.       -0.0861919080       -0.1154329438
 172. 168.        0.0145489642        0.0490082710
 172. 169.        0.1511344200       -0.2648163061
 172. 170.        0.1970920691        0.2867265873
 172. 171.       -0.2495857423        0.3271763019
 172. 172.       -0.0598428826       -0.2262211994
 173.   0.       -0.0231585475        0.0000000000
 173.   1.        0.1203708887       -0.1245623521
 173.   2.       -0.0050283860        0.0221292348
 173.   3.        0.1989934817        0.0070123043
 173.   4.       -0.0679657111       -0.1507618730
 173.   5.        0.0087963008        0.1656971257
 173.   6.       -0.0512716689        0.0134374553
 173.   7.       -0.0381920207        0.0364354814
 173.   8.       -0.0375872416       -0.2011807149
 173.   9.        0.0437071317        0.0992779142
 173.  10.        0.0535909087        0.0391485288
 173.  11.       -0.0076289747        0.0977654845
 173.  12.       -0.1092097059       -0.1844452581
 173.  13.        0.0912442641        0.1098945868
 173.  14.        0.0031492548       -0.0040412102
 173.  15.       -0.0061183930        0.1383652795
 173.  16.       -0.0758465160        0.0153479028
 173.  17.       -0.1189229248        0.0860289880
 173.  18.       -0.1154331562        0.0494078913
 173.  19.       -0.0841124253        0.0623489146
 173.  20.       -0.0811596044        0.0769833959
 173.  21.       -0.0129496140       -0.0354618922
 173.  22.       -0.1466652790       -0.1465318953
 173.  23.       -0.0135525948        0.0495619826
 173.  24.       -0.2539675232        0.0165347923
 173.  25.       -0.0730360060        0.0450627674
 173.  26.        0.2524412119        0.0348402555
 173.  27.        0.0547376801        0.0015735794
 173.  28.       -0.1070486512       -0.1169597649
 173.  29.       -0.1368866348        0.1530200019
 173.  30.       -0.1118275461        0.0117138142
 173.  31.        0.0266693465        0.0364111244
 173.  32.        0.1562993639       -0.0305021033
 173.  33.       -0.0127230212       -0.0092015940
 173.  34.        0.1995429586       -0.1195471271
 173.  35.        0.0394176851       -0.0479074839
 173.  36.       -0.1756148955        0.0070591012
 173.  37.       -0.2304488744       -0.0453467377
 173.  38.        0.1739796190        0.0314309544
 173.  39.       -0.0255792479       -0.0020316742
 173.  40.        0.0142067889        0.1087447650
 173.  41.       -0.1175551500        0.0789501199
 173.  42.       -0.0354251879       -0.1006077637
 173.  43.        0.0959232252       -0.0055764820
 173.  44.        0.0457730649        0.0858420114
 173.  45.        0.1154097638       -0.0297751772
 173.  46.        0.0598336536        0.1755839805
 173.  47.       -0.0157070230        0.0554778724
 173.  48.       -0.3262382829       -0.0788927276
 173.  49.       -0.0914286681        0.0635668954
 173.  50.        0.1187438012        0.0707691224
 173.  51.        0.2468913555       -0.0072998502
 173.  52.       -0.2042290155       -0.0682510659
 173.  53.        0.0521799582        0.0188491927
 173.  54.       -0.0869597375        0.0442053639
 173.  55.       -0.1896050342        0.0112546066
 173.  56.        0.0156450947        0.0290808017
 173.  57.        0.0861174075       -0.0767633631
 173.  58.        0.1353139765        0.1642550767
 173.  59.       -0.1096881539       -0.1723708851
 173.  60.        0.0784083419        0.1158339131
 173.  61.        0.0783995920       -0.1499999638
 173.  62.       -0.0806963193        0.0990062703
 173.  63.       -0.0091861035       -0.1484997227
 173.  64.       -0.0594751807       -0.0801711550
 173.  65.       -0.0863335489        0.0307881591
 173.  66.       -0.2275666894       -0.2205051484
 173.  67.        0.2996544611        0.1090786844
 173.  68.       -0.1176075534        0.0950512933
 173.  69.       -0.0462505363       -0.1165388651
 173.  70.       -0.1204314856        0.0089963183
 173.  71.       -0.0251518022        0.0317863482
 173.  72.       -0.1126353843        0.0375487344
 173.  73.        0.2326626344       -0.0556037135
 173.  74.       -0.1518502127        0.0716657360
 173.  75.       -0.0373169627        0.0675458772
 173.  76.        0.2352838843       -0.0919545807
 173.  77.       -0.0704216058       -0.0583680877
 173.  78.        0.0103778426       -0.0741104810
 173.  79.        0.3342789829        0.2681444821
 173.  80.       -0.0037915783       -0.1851311776
 173.  81.       -0.0388986604        0.0006986624
 173.  82.       -0.1237836507        0.0972399816
 173.  83.        0.1319120163        0.2103052626
 173.  84.        0.2341406941        0.2065226507
 173.  85.       -0.0261736109       -0.0616266964
 173.  86.        0.1867847408        0.0916518910
 173.  87.        0.1192574415       -0.1733856158
 173.  88.        0.1711218113       -0.2187297070
 173.  89.        0.2754029022       -0.0178313390
 173.  90.        0.3832538323       -0.0502537487
 173.  91.        0.0530711788        0.1910773916
 173.  92.        0.1192843751       -0.0284523211
 173.  93.        0.1288284217       -0.1236441774
 173.  94.       -0.0015080945       -0.0620826696
 173.  95.        0.1298087713       -0.0296016508
 173.  96.       -0.1528859304       -0.1330884428
 173.  97.       -0.0151284843        0.2927105525
 173.  98.       -0.1491433767       -0.1324933685
 173.  99.       -0.1568068850        0.5568539733
 173. 100.        0.0569475937       -0.0486457836
 173. 101.        0.0352602405        0.1773430479
 173. 102.        0.1296553279       -0.4404175434
 173. 103.       -0.2293402786       -0.1808101749
 173. 104.        0.0358277434       -0.1169814924
 173. 105.        0.0575556262       -0.1216780701
 173. 106.        0.2075995936       -0.2036094179
 173. 107.        0.0746064068       -0.0086509760
 173. 108.        0.2265536523       -0.0283238490
 173. 109.        0.3527159526       -0.1413705932
 173. 110.        0.0786349821       -0.0376014093
 173. 111.        0.2004527363       -0.3641476638
 173. 112.       -0.0517346612       -0.0845573323
 173. 113.       -0.0516510238       -0.2113434817
 173. 114.       -0.2610192557       -0.1845368366
 173. 115.        0.4579216564        0.2129066738
 173. 116.       -0.0199058796       -0.0135268803
 173. 117.        0.1230001366       -0.3748329233
 173. 118.        0.0179659902        0.1456979332
 173. 119.       -0.0453754385        0.0255420947
 173. 120.        0.2035608501        0.1985609066
 173. 121.       -0.1015076388        0.4002381982
 173. 122.       -0.3290149506        0.1835954010
 173. 123.       -0.0735551608        0.1160415212
 173. 124.       -0.0568577684       -0.1797524430
 173. 125.       -0.1038076089       -0.0765542701
 173. 126.       -0.1899689904        0.0433034402
 173. 127.       -0.0925535163        0.1725548163
 173. 128.        0.1170875545        0.0316990511
 173. 129.       -0.0992999737       -0.1693521234
 173. 130.        0.0375389660       -0.0155643932
 173. 131.        0.1136182032        0.1730766607
 173. 132.        0.1790530562        0.0055227499
 173. 133.       -0.4352350743       -0.2755314606
 173. 134.        0.0056622318       -0.0918445430
 173. 135.        0.1496968079       -0.1071861398
 173. 136.        0.1416481436        0.3010263078
 173. 137.       -0.0944474960       -0.2019383013
 173. 138.        0.1177358638        0.1569307277
 173. 139.        0.1787976751       -0.0898437091
 173. 140.       -0.1326160844       -0.3245204479
 173. 141.        0.1680234989       -0.0321623764
 173. 142.        0.0887875927        0.1469054808
 173. 143.        0.0367114029       -0.3441740477
 173. 144.        0.1078773387        0.1205340509
 173. 145.       -0.3411121979       -0.0442102670
 173. 146.       -0.1667576964        0.2012462575
 173. 147.       -0.0990332918       -0.0942808654
 173. 148.        0.0759165674        0.0897409219
 173. 149.        0.1139466713       -0.3542820006
 173. 150.       -0.0328813031       -0.1654690782
 173. 151.       -0.4526841254       -0.3524643044
 173. 152.       -0.2011731093        0.0864217606
 173. 153.       -0.2415559127        0.0677053775
 173. 154.        0.0968066046       -0.1301163851
 173. 155.        0.2232550394       -0.0940819530
 173. 156.        0.0929980201       -0.0610525828
 173. 157.        0.0450126711       -0.0812981168
 173. 158.        0.6092778529        0.3857007857
 173. 159.        0.1382212782        0.0374588044
 173. 160.        0.0186970261       -0.2033201783
 173. 161.        0.1825686354        0.0911735274
 173. 162.        0.2477836364       -0.2575747397
 173. 163.       -0.2588063004        0.0406697004
 173. 164.        0.4779252451       -0.1105842215
 173. 165.       -0.4225975548        0.0102552730
 173. 166.       -0.1807890128       -0.1475816627
 173. 167.        0.0461387840       -0.3711986600
 173. 168.        0.2117569889        0.0819870709
 173. 169.       -0.0848456883        0.2720648420
 173. 170.        0.1826229489        0.1271244375
 173. 171.       -0.1017850921       -0.0015118695
 173. 172.       -0.0247267414       -0.1493935595
 173. 173.       -0.1243760889       -0.0227643293
 174.   0.        0.2419579061        0.0000000000
 174.   1.        0.0194680120       -0.0947854488
 174.   2.       -0.1317414965        0.0412192342
 174.   3.        0.1063640762       -0.0188631599
 174.   4.       -0.0455072900        0.1063968514
 174.   5.       -0.0821372887       -0.0841260306
 174.   6.        0.0100475020       -0.1567466717
 174.   7.        0.0516282691        0.1192107473
 174.   8.       -0.0539930334       -0.3198148980
 174.   9.        0.0831350723       -0.0009511467
 174.  10.        0.1112125000        0.0981396727
 174.  11.       -0.0155385880       -0.2055735937
 174.  12.       -0.1538751302        0.1790023556
 174.  13.        0.0589514899       -0.2083854035
 174.  14.        0.0090279633       -0.0436923694
 174.  15.        0.0681652023        0.0268105205
 174.  16.        0.0486239989        0.0502153448
 174.  17.       -0.1545999362        0.0297418120
 174.  18.       -0.0347141065        0.0003587563
 174.  19.        0.0046965703       -0.0660504867
 174.  20.       -0.2052160043       -0.0653796616
 174.  21.       -0.0682987456       -0.0618863362
 174.  22.       -0.0861873334        0.0518291222
 174.  23.        0.1583936474       -0.2650186471
 174.  24.        0.0111172968       -0.0677495403
 174.  25.       -0.2669352738        0.0129654834
 174.  26.        0.0781248953       -0.0446559826
 174.  27.       -0.1206379195        0.0427119586
 174.  28.        0.2435144483       -0.0009466196
 174.  29.        0.0142505260        0.0203033038
 174.  30.       -0.1638472824        0.0426510742
 174.  31.        0.0667929701        0.0162957762
 174.  32.        0.0424411714        0.0271060502
 174.  33.        0.0490121685       -0.0301745025
 174.  34.        0.0725576783        0.0543886280
 174.  35.       -0.0437503385        0.0538540565
 174.  36.        0.0230127621       -0.0969427011
 174.  37.       -0.0534327779        0.0448520859
 174.  38.       -0.0951212251       -0.2231807542
 174.  39.       -0.0023249487        0.0044269795
 174.  40.       -0.0317793423        0.1554740938
 174.  41.       -0.0834163082       -0.1671068711
 174.  42.       -0.0262210609       -0.0339650557
 174.  43.       -0.1524693248        0.1598327369
 174.  44.        0.2521922135       -0.2447902337
 174.  45.       -0.3212833665       -0.0706055648
 174.  46.        0.1869221624       -0.2305151842
 174.  47.        0.1675486968       -0.0692581650
 174.  48.       -0.2006908852       -0.1196833231
 174.  49.       -0.0144971246       -0.0513891309
 174.  50.        0.1174092037        0.0222974994
 174.  51.        0.0427616938       -0.2426818878
 174.  52.       -0.0563498615        0.0720966114
 174.  53.       -0.0741421067       -0.0511541307
 174.  54.        0.0978150240        0.0097429944
 174.  55.       -0.0102249716       -0.0630834580
 174.  56.       -0.1378506879        0.1322569568
 174.  57.        0.0996390450       -0.1242351768
 174.  58.        0.1635456650        0.1122928326
 174.  59.       -0.1357475383        0.0028717676
 174.  60.       -0.1266915942       -0.0333607629
 174.  61.       -0.0635728460        0.0387553099
 174.  62.       -0.0118516823       -0.0533020763
 174.  63.        0.0388681449        0.0605175413
 174.  64.       -0.2217610351       -0.1305848215
 174.  65.       -0.0433744621        0.1349902223
 174.  66.        0.0370038725        0.1916220380
 174.  67.        0.0678977471        0.0726966054
 174.  68.       -0.0957991308       -0.0899955059
 174.  69.       -0.1589242320        0.2957837637
 174.  70.       -0.0098164923        0.1414640974
 174.  71.       -0.1158751391        0.0712463105
 174.  72.        0.1061983998       -0.1104363282
 174.  73.       -0.0936436408       -0.3404101958
 174.  74.       -0.1100329466       -0.0877001020
 174.  75.       -0.2716539457        0.1617998149
 174.  76.        0.0712337017       -0.0697685769
 174.  77.       -0.0359099513        0.0876412391
 174.  78.       -0.0432177009       -0.1054475678
 174.  79.       -0.0737825434       -0.1573134092
 174.  80.        0.2200743077       -0.0504892549
 174.  81.        0.0224066733        0.1098525770
 174.  82.        0.1805045305       -0.4110221250
 174.  83.        0.0094938167        0.0280256545
 174.  84.       -0.0203880134        0.1834727462
 174.  85.        0.0654868589        0.0546992159
 174.  86.        0.1961770140       -0.0981179527
 174.  87.        0.0693258770       -0.2508401814
 174.  88.       -0.2375431421        0.2566161738
 174.  89.        0.2339140410       -0.1009646566
 174.  90.       -0.3799243104        0.0339828600
 174.  91.        0.1394836086        0.1949376408
 174.  92.       -0.1439946959        0.0528336713
 174.  93.        0.0461503210        0.0759889614
 174.  94.        0.0482793615        0.0856949330
 174.  95.       -0.0008435452        0.0959527164
 174.  96.        0.1821653198       -0.2308811445
 174.  97.        0.4582296034       -0.2386207982
 174.  98.       -0.1151171377       -0.0065374744
 174.  99.       -0.1051262384        0.1669944243
 174. 100.        0.1201533834       -0.0809566455
 174. 101.       -0.0177485537       -0.0222094488
 174. 102.       -0.1898042414       -0.0698896052
 174. 103.       -0.1220163245       -0.2305165965
 174. 104.        0.0844789880        0.0350878828
 174. 105.        0.1507515549        0.3509825627
 174. 106.       -0.2089424034        0.0802986009
 174. 107.        0.1110352078        0.0131963492
 174. 108.       -0.1977808519        0.0186987063
 174. 109.        0.2076509838        0.0534859099
 174. 110.       -0.3853121021        0.0120810331
 174. 111.        0.2500079372        0.1891235713
 174. 112.       -0.0955113274        0.0319848962
 174. 113.       -0.0158431739        0.0829390672
 174. 114.        0.0581630624       -0.1726787410
 174. 115.        0.2699094608       -0.2891845038
 174. 116.        0.1177482355        0.3278526607
 174. 117.        0.2493281688        0.2052344184
 174. 118.        0.1682969939        0.1628231406
 174. 119.       -0.0782030671        0.1961287867
 174. 120.       -0.2392952935       -0.4732231136
 174. 121.       -0.0230781689        0.0864937003
 174. 122.        0.0789929305        0.0563343221
 174. 123.       -0.0781841371       -0.0225036586
 174. 124.       -0.1660823020       -0.2359486793
 174. 125.        0.1357649755       -0.2398715766
 174. 126.       -0.0184895632       -0.1245884691
 174. 127.        0.2748600700        0.0749702229
 174. 128.        0.0534656449        0.1141186417
 174. 129.        0.1840719631        0.2075301516
 174. 130.       -0.2775086916        0.1123998758
 174. 131.        0.0793279963       -0.1336873364
 174. 132.        0.0150504378        0.2309927106
 174. 133.        0.0641780093        0.3002545656
 174. 134.        0.1636318154        0.1900383302
 174. 135.       -0.1173753348       -0.0626000739
 174. 136.        0.1263418384       -0.2359415393
 174. 137.        0.3032095527        0.0637346429
 174. 138.        0.2586927739       -0.1498987945
 174. 139.        0.0222581116        0.1467225246
 174. 140.       -0.0270143456        0.1015161516
 174. 141.       -0.1783100817       -0.5146023050
 174. 142.        0.0218316300        0.2670366667
 174. 143.       -0.0897753123        0.1328540797
 174. 144.        0.2070690967        0.1008925788
 174. 145.       -0.3484232220        0.0964671091
 174. 146.        0.0378567873       -0.3722689187
 174. 147.       -0.0737941375       -0.0617967937
 174. 148.        0.1851515665        0.1858822916
 174. 149.        0.2286562196       -0.2675679237
 174. 150.       -0.0923715165       -0.2291151575
 174. 151.        0.2401709994       -0.0594823036
 174. 152.       -0.0298938745        0.0335820048
 174. 153.        0.1505971334       -0.1175987178
 174. 154.       -0.0448256885       -0.3859450796
 174. 155.        0.1161882232        0.2456178453
 174. 156.       -0.2375141570        0.0924804324
 174. 157.        0.4219289849       -0.0484241085
 174. 158.       -0.1736316647       -0.1737827794
 174. 159.        0.1128996226        0.2827099980
 174. 160.       -0.0229526179       -0.0706018904
 174. 161.        0.0511078650        0.3010122772
 174. 162.       -0.0319654702       -0.1604256897
 174. 163.       -0.3943335902        0.0757576921
 174. 164.        0.0109526747        0.0894911904
 174. 165.        0.2295974150       -0.3420699041
 174. 166.        0.2885555794       -0.0719467506
 174. 167.        0.1667322154       -0.3463360763
 174. 168.        0.3588965773       -0.0068030264
 174. 169.       -0.1873391812       -0.1113498717
 174. 170.        0.0745980063        0.0297651384
 174. 171.       -0.2711211197        0.1060357947
 174. 172.       -0.3388461544       -0.1391194967
 174. 173.        0.1157749229        0.3235384058
 174. 174.       -0.2380456545       -0.1117047579
 175.   0.        0.0708087843        0.0000000000
 175.   1.       -0.0334147100        0.0257852453
 175.   2.        0.0605752683        0.0642893304
 175.   3.       -0.2251643109       -0.1296591994
 175.   4.        0.1267767915        0.0149243139
 175.   5.       -0.1306624109       -0.0079083006
 175.   6.        0.1224912797       -0.0873651277
 175.   7.       -0.0068311008       -0.0092317891
 175.   8.       -0.0627315221        0.1866457553
 175.   9.        0.1138576202       -0.0116107334
 175.  10.       -0.0650042268        0.2617347071
 175.  11.        0.0861147390       -0.1672106405
 175.  12.        0.0380370292        0.1125065472
 175.  13.       -0.0185685445       -0.0291355334
 175.  14.        0.0203224740       -0.1011054588
 175.  15.        0.0286154600       -0.0332554159
 175.  16.        0.0969152757       -0.1381777801
 175.  17.        0.0671735992       -0.0767879230
 175.  18.        0.0706084882       -0.0580288904
 175.  19.       -0.1194184807        0.0393653278
 175.  20.       -0.1032737734        0.0590011171
 175.  21.        0.1610656369        0.0355535477
 175.  22.        0.0901209221        0.1913102870
 175.  23.       -0.1364588079       -0.0343152791
 175.  24.        0.0855636056       -0.0678395790
 175.  25.       -0.1149319907       -0.1288696490
 175.  26.       -0.1891950260       -0.0649397955
 175.  27.        0.0658479258       -0.0195850458
 175.  28.        0.0766202059        0.0312999811
 175.  29.        0.2114868948       -0.0924877450
 175.  30.       -0.0516378648       -0.0000961983
 175.  31.        0.0535315944       -0.0048430361
 175.  32.       -0.0840842418        0.0866807980
 175.  33.       -0.1497539511        0.1705400667
 175.  34.       -0.0809423129        0.0598812020
 175.  35.       -0.0262316149        0.0865297437
 175.  36.        0.1899510768       -0.0637522852
 175.  37.       -0.0321600501       -0.0680649748
 175.  38.        0.0194014090       -0.1947636476
 175.  39.        0.0313961441       -0.0638695942
 175.  40.       -0.0573036553        0.0083808575
 175.  41.       -0.0237476511       -0.0274630719
 175.  42.        0.0703499070       -0.0380744663
 175.  43.        0.1147495072        0.0583141580
 175.  44.       -0.0046580580       -0.1137836545
 175.  45.       -0.0032274884        0.1434160314
 175.  46.       -0.0962759253       -0.1990315060
 175.  47.       -0.0579196791        0.1411030480
 175.  48.        0.1336447860        0.0832828853
 175.  49.        0.0711285333       -0.2330620045
 175.  50.        0.0291661384       -0.3204560433
 175.  51.       -0.0783576431       -0.0906491365
 175.  52.        0.0485483487       -0.0278702972
 175.  53.       -0.1003554779       -0.1661572199
 175.  54.       -0.0106345100       -0.0225430072
 175.  55.       -0.0155542557       -0.0243949217
 175.  56.       -0.0980413225        0.0280237796
 175.  57.       -0.0082901329        0.2173630445
 175.  58.       -0.0895279870       -0.0625972262
 175.  59.        0.0618773910        0.0031075649
 175.  60.        0.0742146270       -0.0511775789
 175.  61.       -0.2938802229        0.0486882419
 175.  62.        0.1200571925        0.1222676582
 175.  63.        0.0881912695        0.0532048343
 175.  64.        0.0573882209        0.0213228000
 175.  65.       -0.1440820049       -0.0034084397
 175.  66.       -0.0339262502        0.1127330585
 175.  67.       -0.0400911068       -0.0043651199
 175.  68.        0.1455692965       -0.2270885006
 175.  69.       -0.1224864092        0.0027497352
 175.  70.       -0.0543258905        0.0806807512
 175.  71.        0.1661278435        0.0379312999
 175.  72.        0.0825759816       -0.0894432490
 175.  73.        0.0585256638       -0.0399962991
 175.  74.        0.0974116836       -0.1335137548
 175.  75.       -0.0144358017        0.3190859360
 175.  76.       -0.3227044795        0.0593867429
 175.  77.       -0.0172625040        0.0995966566
 175.  78.        0.0325129903        0.1452623670
 175.  79.       -0.0165414129       -0.2579965610
 175.  80.        0.0283169138        0.0662021364
 175.  81.       -0.1979722840       -0.0855485499
 175.  82.        0.1122121493       -0.0487610310
 175.  83.       -0.1721718167       -0.1352885550
 175.  84.       -0.0540882310        0.1781349483
 175.  85.        0.0840288032        0.1696097262
 175.  86.        0.0378662241        0.1454519968
 175.  87.       -0.0562158789        0.0074429695
 175.  88.       -0.1436311229       -0.2095985803
 175.  89.       -0.2263319377        0.0692812798
 175.  90.        0.1396217465       -0.0662990149
 175.  91.        0.2291404049       -0.1626440381
 175.  92.        0.0526116306        0.3182867652
 175.  93.       -0.0131899293       -0.3082483282
 175.  94.        0.0535908532       -0.1827986022
 175.  95.        0.0156856303       -0.0301402355
 175.  96.       -0.0216833176       -0.1405075758
 175.  97.       -0.2820829720       -0.0080451617
 175.  98.        0.0615312451       -0.1229481311
 175.  99.       -0.1111674591       -0.0081578854
 175. 100.       -0.1526785253        0.0127934332
 175. 101.       -0.1589727161       -0.2564695133
 175. 102.       -0.0335785040        0.0009532285
 175. 103.        0.1090298570        0.0787594040
 175. 104.       -0.1545287290        0.1326581590
 175. 105.        0.0572310287        0.1686164432
 175. 106.       -0.0986051495        0.1892758689
 175. 107.       -0.1897869958       -0.0370750586
 175. 108.       -0.0217847193       -0.0361113533
 175. 109.       -0.1615768677       -0.1127658240
 175. 110.        0.1756610233       -0.0754481943
 175. 111.        0.2114455868       -0.2182463339
 175. 112.       -0.2217063057       -0.0530755434
 175. 113.       -0.0698891927       -0.0142404047
 175. 114.        0.2518186120       -0.1936608805
 175. 115.       -0.0079527190       -0.0890866064
 175. 116.        0.0386703100       -0.0084208460
 175. 117.        0.1741014459        0.2262274607
 175. 118.        0.1414524630        0.1092661201
 175. 119.        0.1610072609       -0.3009078048
 175. 120.       -0.0508317341       -0.1492530922
 175. 121.       -0.1147491888        0.1198977539
 175. 122.       -0.0525160745        0.2095457549
 175. 123.       -0.1053225741       -0.0280168438
 175. 124.       -0.1854707612        0.0293516728
 175. 125.        0.0603858519       -0.0757678448
 175. 126.       -0.1359991111        0.1209818113
 175. 127.       -0.0321646034       -0.2239712086
 175. 128.        0.2644388978       -0.1044815884
 175. 129.        0.2252664589       -0.0964637446
 175. 130.       -0.1471467614       -0.2447474735
 175. 131.       -0.2635000580        0.1789776311
 175. 132.        0.0598436478       -0.2417741252
 175. 133.        0.0279481170       -0.1055381733
 175. 134.        0.0421438369        0.0782332150
 175. 135.       -0.1558293432       -0.1382274087
 175. 136.       -0.0418166197       -0.0820179667
 175. 137.       -0.0538384946       -0.2734560257
 175. 138.        0.1031889420        0.1578969182
 175. 139.        0.0709214786        0.0025851821
 175. 140.       -0.0005729132        0.0667619631
 175. 141.       -0.3330131690        0.0068834731
 175. 142.       -0.0162814561       -0.0424184308
 175. 143.        0.2563372912       -0.2230399394
 175. 144.       -0.0906023105        0.3589543332
 175. 145.       -0.0922235457       -0.0996798985
 175. 146.       -0.1277424323       -0.0137517788
 175. 147.        0.6651851964       -0.0668264407
 175. 148.       -0.5400602221        0.0044294073
 175. 149.       -0.2651554494        0.1958583487
 175. 150.        0.1288106894        0.0576301631
 175. 151.       -0.1192590773        0.1158024918
 175. 152.        0.1091403888       -0.0884551516
 175. 153.       -0.3334955758       -0.3368527462
 175. 154.       -0.3240171538       -0.0280235269
 175. 155.        0.1570959037       -0.3526159789
 175. 156.        0.1440238781        0.0868464670
 175. 157.       -0.1963346935        0.1062513282
 175. 158.        0.0828444775        0.1351516636
 175. 159.       -0.0964579607       -0.0135826021
 175. 160.        0.0610340637        0.5710004663
 175. 161.       -0.0413010054       -0.0812325693
 175. 162.       -0.3082166168       -0.1398138633
 175. 163.       -0.0022313644       -0.1210182910
 175. 164.       -0.1676262901        0.0849535340
 175. 165.       -0.1435791735        0.3526840568
 175. 166.        0.1523633275       -0.1730433318
 175. 167.        0.1943121395        0.1777807673
 175. 168.       -0.1539897066       -0.2741511715
 175. 169.        0.5994763641        0.0655716747
 175. 170.       -0.4530342017        0.2231411395
 175. 171.        0.1249931988        0.3692505989
 175. 172.       -0.0685664366        0.2221742233
 175. 173.       -0.0722184299        0.1636800362
 175. 174.        0.0063857658        0.2924045676
 175. 175.       -0.0689201016        0.0885599068
 176.   0.       -0.0971420852        0.0000000000
 176.   1.       -0.2025837969        0.0062682201
 176.   2.        0.0598327984        0.0410369900
 176.   3.       -0.1530624421       -0.0256706001
 176.   4.       -0.0700596572        0.0018800810
 176.   5.        0.0285294972        0.1582342594
 176.   6.       -0.0304404910        0.0216783482
 176.   7.        0.0402237487        0.0007041388
 176.   8.       -0.0946403208        0.3145498871
 176.   9.        0.1298564313        0.0471093476
 176.  10.        0.1176389287       -0.0358158453
 176.  11.       -0.0093377749        0.0200345001
 176.  12.        0.2125717617       -0.0292089663
 176.  13.       -0.0077513406        0.1589907357
 176.  14.       -0.0352695806        0.0056756034
 176.  15.        0.0498391145        0.1049119810
 176.  16.       -0.0076727591       -0.0365624432
 176.  17.        0.1244101442       -0.0572859465
 176.  18.        0.0176882774       -0.0855960999
 176.  19.        0.0220371069       -0.0176456037
 176.  20.        0.3368030948       -0.1503163890
 176.  21.       -0.0944940354        0.0467134976
 176.  22.        0.0452062119        0.0774034661
 176.  23.       -0.1355511116       -0.0569258484
 176.  24.       -0.0578229470        0.1071585298
 176.  25.        0.0056390054        0.1072370184
 176.  26.       -0.0153077999       -0.1638816361
 176.  27.        0.1459866679        0.0069230013
 176.  28.       -0.1674219289       -0.0069780661
 176.  29.        0.0049292944        0.0110219679
 176.  30.        0.0774919991        0.0642663646
 176.  31.       -0.0218592717        0.0759246158
 176.  32.       -0.1156518764        0.1243250175
 176.  33.       -0.0237315161       -0.0416109612
 176.  34.       -0.1753406070        0.0332034208
 176.  35.       -0.0507625363       -0.0773908993
 176.  36.        0.0454578813        0.0784474814
 176.  37.       -0.0545928838       -0.0258808375
 176.  38.        0.1151053383        0.0371152559
 176.  39.        0.0510735446        0.1719422152
 176.  40.       -0.0695045146        0.1172933716
 176.  41.        0.0404529780        0.0989670895
 176.  42.        0.0203376928       -0.0645155711
 176.  43.       -0.1597754145       -0.1632042929
 176.  44.       -0.2041126597        0.2768060634
 176.  45.        0.0127350972       -0.0030015463
 176.  46.        0.0746621190       -0.1129357591
 176.  47.       -0.0882110232       -0.1026023773
 176.  48.        0.2300110233       -0.1401785705
 176.  49.       -0.2430065633       -0.0655742245
 176.  50.       -0.1645497483        0.0484884199
 176.  51.        0.0555738529        0.1626161923
 176.  52.        0.0026935290       -0.0732258577
 176.  53.        0.0550147560       -0.0707555405
 176.  54.       -0.0199408401        0.1307466563
 176.  55.       -0.0111131614        0.0674961584
 176.  56.        0.0708148832       -0.1421159874
 176.  57.       -0.1401261476        0.1328133000
 176.  58.       -0.0161637951        0.1640820713
 176.  59.        0.0330822466        0.2574106643
 176.  60.        0.1086731514       -0.0854078611
 176.  61.       -0.1439633538       -0.1563678862
 176.  62.        0.1275367701        0.0014836819
 176.  63.       -0.2267947545        0.2504356227
 176.  64.        0.0729467863        0.0842612309
 176.  65.        0.0184725243       -0.2260085878
 176.  66.       -0.1446078356        0.1502716253
 176.  67.        0.1081786402        0.1239602974
 176.  68.        0.1031623129        0.0858385567
 176.  69.        0.1469599668       -0.1894094753
 176.  70.        0.0004832877       -0.0098579552
 176.  71.        0.1878873895       -0.0516432749
 176.  72.        0.1070474767        0.0707651248
 176.  73.       -0.0608432752        0.0870450511
 176.  74.        0.0570177175        0.0111296867
 176.  75.        0.2820776576       -0.2241125515
 176.  76.       -0.0370153025        0.0153463090
 176.  77.       -0.1098021057        0.0111308405
 176.  78.       -0.1430648260       -0.0397996065
 176.  79.        0.1110046690        0.0777361416
 176.  80.        0.0306246850        0.1317397316
 176.  81.        0.0172133452       -0.1697182361
 176.  82.       -0.1549872668        0.0983358951
 176.  83.       -0.0178034966       -0.0981473008
 176.  84.        0.0391085303       -0.0252705765
 176.  85.       -0.0717825145        0.0681757968
 176.  86.        0.1521654436        0.2093048171
 176.  87.        0.1930716384        0.2431489645
 176.  88.        0.0630717183        0.2852881677
 176.  89.       -0.2048466875       -0.0221060419
 176.  90.        0.0178996607        0.1850871733
 176.  91.       -0.0081001849        0.1156151327
 176.  92.        0.0446010954       -0.1467456480
 176.  93.       -0.0145341103        0.0412060658
 176.  94.       -0.3192384109        0.0149270567
 176.  95.        0.1181068662       -0.0439251035
 176.  96.        0.0785324652        0.3115743929
 176.  97.       -0.0049076621        0.1008415127
 176.  98.        0.1537019769        0.0002420930
 176.  99.       -0.1112010057        0.3120171638
 176. 100.       -0.0787870741        0.0623616415
 176. 101.       -0.1153843065        0.0427319663
 176. 102.       -0.1354137492       -0.1091126298
 176. 103.        0.4890292519        0.1791882825
 176. 104.        0.0149763913        0.0876576473
 176. 105.        0.0084239715       -0.2398448694
 176. 106.       -0.1792430376        0.0429199103
 176. 107.        0.0063340245       -0.0511368911
 176. 108.        0.1530590999       -0.0043044444
 176. 109.        0.0256578805       -0.0540111344
 176. 110.        0.0744058053       -0.1759039069
 176. 111.       -0.0919913165        0.0806449964
 176. 112.        0.0349331793        0.0751559069
 176. 113.        0.2482178829        0.0698457213
 176. 114.       -0.0024229994        0.0693580356
 176. 115.        0.0721877873        0.0558146453
 176. 116.        0.2176698862       -0.2031095700
 176. 117.       -0.1130728615        0.3009663323
 176. 118.        0.1620202212       -0.1957592745
 176. 119.       -0.0843010911        0.4454370889
 176. 120.        0.2284030318        0.0361201901
 176. 121.        0.3667300442       -0.0851537304
 176. 122.        0.1848029042        0.2305230804
 176. 123.       -0.0453745571       -0.0507073695
 176. 124.       -0.0021062538       -0.0703695364
 176. 125.       -0.0115496427        0.3464288123
 176. 126.        0.0839669588        0.0185712870
 176. 127.        0.0219417770       -0.0857977425
 176. 128.        0.1074600535       -0.0872746782
 176. 129.        0.2367569093       -0.2871584742
 176. 130.        0.0002584487        0.0593994539
 176. 131.        0.0748899413       -0.0298144564
 176. 132.        0.0411087325       -0.2945204118
 176. 133.        0.4341762443        0.0593287415
 176. 134.        0.0144810294       -0.1081155037
 176. 135.       -0.2280006819       -0.1571645273
 176. 136.        0.0337321286        0.0466785853
 176. 137.        0.0539145513        0.2783412337
 176. 138.       -0.0237224520       -0.1798699764
 176. 139.        0.1461256996       -0.1594629232
 176. 140.        0.1699484263        0.0734796185
 176. 141.        0.1358852533       -0.3043270501
 176. 142.        0.2828077744       -0.1164697405
 176. 143.       -0.0583362324        0.1545655936
 176. 144.        0.1905925488       -0.0704298368
 176. 145.        0.0799047991       -0.1198903245
 176. 146.        0.1372229348       -0.1800040097
 176. 147.       -0.2885945456        0.0349855094
 176. 148.        0.2117124980       -0.0498111380
 176. 149.       -0.3228828336        0.1127635690
 176. 150.       -0.0880329349       -0.2500064409
 176. 151.       -0.0830407441       -0.0513564319
 176. 152.       -0.1355250135       -0.0985962697
 176. 153.        0.0400924023       -0.0076423273
 176. 154.       -0.0050160961        0.1173794711
 176. 155.       -0.2847361999        0.1169492805
 176. 156.       -0.1129465972        0.0555050123
 176. 157.       -0.1234712834        0.2486908272
 176. 158.        0.1099883187       -0.4007900675
 176. 159.        0.1585154986        0.2276083220
 176. 160.        0.0456819281       -0.2068041043
 176. 161.        0.4901374210        0.1458818352
 176. 162.       -0.1397271858        0.0364933523
 176. 163.        0.3314887799        0.1029426012
 176. 164.        0.0633536080        0.2846034861
 176. 165.       -0.3011185219       -0.0899324106
 176. 166.        0.1434081012        0.2181187529
 176. 167.       -0.1786896576       -0.2128876050
 176. 168.       -0.0709653242        0.1202183426
 176. 169.        0.0194236245        0.1391011536
 176. 170.       -0.0130522657       -0.1482289298
 176. 171.        0.1327699139        0.0213123653
 176. 172.       -0.2574659678        0.1500557922
 176. 173.        0.0295158047       -0.1629821800
 176. 174.       -0.0181299338       -0.2517951179
 176. 175.       -0.1396406488        0.4563799086
 176. 176.       -0.0041761414       -0.2560153026
 177.   0.       -0.2087694187        0.0000000000
 177.   1.       -0.0615092815        0.1769230061
 177.   2.        0.0858075990        0.0504857767
 177.   3.        0.1498507746        0.0021349144
 177.   4.       -0.2460969485        0.0925715025
 177.   5.        0.0345634973       -0.1218760409
 177.   6.       -0.0119709556        0.0456325689
 177.   7.        0.1863109268       -0.0547508451
 177.   8.       -0.0664620270       -0.0174929385
 177.   9.        0.1262389400       -0.1279700441
 177.  10.        0.0650351141       -0.2115039783
 177.  11.       -0.0656601278        0.1355217368
 177.  12.       -0.0085652729        0.0329393857
 177.  13.       -0.0076216635        0.1644793628
 177.  14.       -0.0130466224        0.1598907604
 177.  15.       -0.1006901545       -0.0415832838
 177.  16.        0.0143721191       -0.0043159321
 177.  17.        0.0169105251       -0.0257765219
 177.  18.       -0.1298705754       -0.0549348891
 177.  19.        0.2344948973       -0.1144281940
 177.  20.        0.0739865419       -0.1075313906
 177.  21.       -0.1253382477       -0.0073874777
 177.  22.        0.0305635570        0.0178142662
 177.  23.        0.1076180309       -0.0127842892
 177.  24.        0.0729213355        0.1028241511
 177.  25.       -0.0149009131        0.0870813507
 177.  26.        0.0608150253        0.0045846059
 177.  27.       -0.1566914846       -0.0031466370
 177.  28.       -0.0460391994       -0.0400088778
 177.  29.       -0.2164463245       -0.2445879282
 177.  30.        0.0244677394       -0.0515472557
 177.  31.        0.0332417329       -0.0927878296
 177.  32.       -0.0256694388       -0.0525441255
 177.  33.        0.1471709547       -0.0369730407
 177.  34.       -0.0199137049        0.1156313546
 177.  35.        0.0280169784       -0.1790506008
 177.  36.       -0.0899514100        0.1199189119
 177.  37.        0.0301853596        0.1097867085
 177.  38.        0.1058550250        0.1255667443
 177.  39.       -0.0143681603       -0.0347905938
 177.  40.       -0.0229178182       -0.0939188079
 177.  41.        0.0650725107       -0.1044631499
 177.  42.        0.1396278560        0.0677029629
 177.  43.       -0.0082516554       -0.1960234875
 177.  44.       -0.0228703451       -0.0432642508
 177.  45.       -0.2208716420       -0.0770203588
 177.  46.        0.0345753221        0.1747332981
 177.  47.        0.1356123600       -0.0144844562
 177.  48.       -0.2482838485       -0.0918346243
 177.  49.       -0.0076057713       -0.0688768613
 177.  50.       -0.0305819436        0.4772974624
 177.  51.       -0.0644427589        0.0092166942
 177.  52.        0.1749288361        0.0043398288
 177.  53.        0.0616692623        0.2037422644
 177.  54.        0.0655008236       -0.0455979489
 177.  55.       -0.0068902674       -0.0403190014
 177.  56.       -0.1182456821       -0.0033007985
 177.  57.        0.0182846840       -0.2039770170
 177.  58.        0.2845470980        0.0044075020
 177.  59.        0.0253648348        0.1901226230
 177.  60.       -0.0480000152       -0.0687011993
 177.  61.        0.1910622432       -0.0671168560
 177.  62.       -0.0071009092       -0.3154324315
 177.  63.       -0.2700038956       -0.0658423424
 177.  64.        0.0079043763        0.0318163445
 177.  65.        0.0095904004        0.1949905390
 177.  66.       -0.0315650782       -0.0191102065
 177.  67.       -0.1955097884       -0.0905601214
 177.  68.        0.0506884807        0.0265179986
 177.  69.        0.1120343126       -0.0686817452
 177.  70.       -0.0635122094       -0.2782443688
 177.  71.        0.0811508341       -0.1624705887
 177.  72.        0.1686861639        0.1030282614
 177.  73.       -0.1088906987       -0.0749305917
 177.  74.       -0.2711093959       -0.0853580320
 177.  75.        0.0957116900       -0.1345420687
 177.  76.        0.0397707967       -0.1884034822
 177.  77.       -0.1075681785       -0.0604930468
 177.  78.       -0.1302481524       -0.1564624524
 177.  79.       -0.0846931000       -0.2816147013
 177.  80.       -0.0652392912       -0.0144044253
 177.  81.        0.2924742556        0.0819244078
 177.  82.        0.3168586156       -0.0152924220
 177.  83.        0.3384636020       -0.1528233069
 177.  84.       -0.0780349347       -0.2182264802
 177.  85.        0.0359015117       -0.0682113812
 177.  86.       -0.1498879723       -0.1584688442
 177.  87.        0.0013554253       -0.1991203040
 177.  88.       -0.0352521843       -0.1389021692
 177.  89.        0.0770564090        0.0549632681
 177.  90.       -0.1277836459       -0.0032230618
 177.  91.        0.0201110141       -0.0542291180
 177.  92.       -0.1048110635        0.1726808669
 177.  93.       -0.0008573668        0.1283163331
 177.  94.        0.0463571163        0.0777200240
 177.  95.        0.0120980910        0.0753104590
 177.  96.        0.1228900365        0.1222669700
 177.  97.        0.0871899022        0.3137655028
 177.  98.        0.1760537863       -0.1078605237
 177.  99.        0.0482528215        0.1184291772
 177. 100.        0.2096214326        0.4024758870
 177. 101.       -0.1617470196       -0.1789572516
 177. 102.        0.1687215150        0.0242132632
 177. 103.        0.1714170236       -0.0668228108
 177. 104.        0.1046659564       -0.0155594701
 177. 105.       -0.0965953470        0.1043367064
 177. 106.       -0.1706827578        0.0543599940
 177. 107.       -0.0281047869        0.2807337684
 177. 108.        0.3353573272       -0.3163190130
 177. 109.       -0.0165246745       -0.2135987695
 177. 110.        0.1120001713       -0.2974482341
 177. 111.       -0.1529175171        0.1671293147
 177. 112.       -0.0756167456        0.1128248438
 177. 113.        0.1550882889       -0.1211754849
 177. 114.       -0.1978243132        0.0782407753
 177. 115.       -0.1000181325        0.0381381998
 177. 116.       -0.1380052732        0.0557190659
 177. 117.       -0.0328914517        0.2322772944
 177. 118.       -0.2680636477        0.1845016362
 177. 119.        0.2665047084       -0.0090434560
 177. 120.       -0.0081845869       -0.1348365611
 177. 121.        0.0986586159       -0.1920099135
 177. 122.       -0.0512634248       -0.1138284058
 177. 123.       -0.0243451788        0.1518418827
 177. 124.        0.2074835268       -0.1331529335
 177. 125.       -0.0666355984       -0.0827683641
 177. 126.       -0.1807578216       -0.0357348132
 177. 127.        0.0559283234        0.2378192109
 177. 128.        0.0285634638        0.1408170733
 177. 129.        0.3125703271       -0.3865865571
 177. 130.        0.2948233926       -0.1426738211
 177. 131.        0.0894072125       -0.2015439281
 177. 132.        0.0265067514       -0.1076199713
 177. 133.       -0.0115017336        0.1540493638
 177. 134.        0.1659537629       -0.0047793795
 177. 135.       -0.3603024130        0.5339944687
 177. 136.        0.1162537439        0.2077660890
 177. 137.        0.0449587718       -0.1461925615
 177. 138.       -0.2084222496       -0.3094846005
 177. 139.        0.1227025076       -0.2918882603
 177. 140.        0.2232389508        0.0435969199
 177. 141.       -0.0400440515       -0.0344177384
 177. 142.       -0.2564505499        0.0635342329
 177. 143.        0.4229746824       -0.1337777036
 177. 144.        0.1724309782       -0.3377312504
 177. 145.       -0.1276265950        0.0918268271
 177. 146.        0.2525144516       -0.1450891644
 177. 147.        0.0660023103       -0.0031214603
 177. 148.       -0.2555691544       -0.2594861623
 177. 149.        0.1598502611       -0.1350152581
 177. 150.        0.1043474046        0.0548385903
 177. 151.       -0.0414439122       -0.1682553486
 177. 152.        0.2357958233        0.0176499863
 177. 153.       -0.2477837824        0.0368972585
 177. 154.        0.1381984793        0.2432938372
 177. 155.        0.1790963148       -0.1680327400
 177. 156.       -0.2712111592        0.0524110486
 177. 157.        0.1466595530       -0.1618691376
 177. 158.        0.3297320577       -0.2948162784
 177. 159.       -0.0440270956        0.0252607284
 177. 160.        0.0769449971       -0.1721057768
 177. 161.       -0.1311160704        0.0597552445
 177. 162.        0.1520737436       -0.2696007970
 177. 163.       -0.0196917784        0.0819023307
 177. 164.        0.1718996627       -0.1555573344
 177. 165.       -0.1451274175       -0.2022983755
 177. 166.        0.0681240320       -0.0690482767
 177. 167.       -0.0748717222       -0.5161596267
 177. 168.       -0.1307303936        0.2208672694
 177. 169.        0.1470752993        0.0292393632
 177. 170.        0.1264455154       -0.0584723593
 177. 171.        0.0579011500        0.0663020114
 177. 172.       -0.3242949980       -0.0912224130
 177. 173.       -0.0156020926       -0.1376881515
 177. 174.       -0.0541726265       -0.0381315622
 177. 175.        0.0991914589       -0.0993810112
 177. 176.       -0.0606482226       -0.1046552999
 177. 177.       -0.0021373591        0.3752012162
 178.   0.       -0.1766575707        0.0000000000
 178.   1.        0.0134889440        0.0403737241
 178.   2.       -0.0239711982       -0.0581010976
 178.   3.        0.0622336397        0.0330990158
 178.   4.        0.1464719522       -0.0161391110
 178.   5.        0.0611669287       -0.0773762529
 178.   6.        0.0358459772        0.1060385381
 178.   7.       -0.0629451638        0.0225527032
 178.   8.        0.1478962795       -0.0316181812
 178.   9.       -0.0852025648        0.0551287801
 178.  10.       -0.2152876003       -0.0151553660
 178.  11.       -0.1169256781        0.1316666517
 178.  12.       -0.0616218550       -0.0410843323
 178.  13.       -0.0271064167       -0.0038429808
 178.  14.        0.0448068783        0.1488880851
 178.  15.       -0.0925362279       -0.0219590644
 178.  16.        0.0440809435       -0.0426962669
 178.  17.       -0.1271501527       -0.0408447684
 178.  18.       -0.0905726426       -0.0128720869
 178.  19.       -0.0693153193        0.0318180451
 178.  20.       -0.0872241675        0.1792921133
 178.  21.        0.1039092447        0.0948454776
 178.  22.       -0.0692475779       -0.0431910551
 178.  23.        0.0704154261        0.2670424849
 178.  24.        0.0472433636       -0.1536790265
 178.  25.        0.2564789267       -0.1001349400
 178.  26.       -0.0192680537        0.2367074984
 178.  27.       -0.0918036539        0.0195727725
 178.  28.       -0.0258085867        0.0928431446
 178.  29.       -0.0271542654       -0.0808930915
 178.  30.        0.0293512904       -0.2408797136
 178.  31.        0.0572684666        0.0668128328
 178.  32.        0.1257767437       -0.1184876314
 178.  33.        0.1292067743       -0.0450313121
 178.  34.        0.0512740104       -0.0253893936
 178.  35.        0.0898288528        0.0367011891
 178.  36.       -0.0107451331       -0.0658770553
 178.  37.       -0.0125875120       -0.1835094436
 178.  38.       -0.0432122136        0.0606290252
 178.  39.       -0.0491552266       -0.0460917491
 178.  40.       -0.0131089562       -0.0642762809
 178.  41.       -0.1144069637        0.0539215104
 178.  42.       -0.1419156248        0.0540586462
 178.  43.        0.1743442440        0.0116883144
 178.  44.        0.0179300531       -0.1909758195
 178.  45.        0.0161061534       -0.0587772469
 178.  46.       -0.0677542422        0.0896250948
 178.  47.        0.0937010863        0.1022372333
 178.  48.       -0.1280771040        0.2004046694
 178.  49.        0.0778660937       -0.0188540760
 178.  50.        0.0217742868       -0.0241450301
 178.  51.       -0.1191318987        0.0455680968
 178.  52.       -0.0220317081        0.0813247446
 178.  53.        0.0411587030        0.0737155170
 178.  54.        0.0936348787       -0.0579944817
 178.  55.       -0.1763850301       -0.1016322363
 178.  56.       -0.0271765068        0.1834622219
 178.  57.       -0.1489133007        0.0558662687
 178.  58.       -0.0381436546        0.0018445828
 178.  59.        0.1167938568       -0.1467280137
 178.  60.       -0.0720314938        0.0295525687
 178.  61.       -0.0986939183       -0.0407535969
 178.  62.       -0.0388748918        0.0361843112
 178.  63.        0.1901392045       -0.2113956909
 178.  64.       -0.0987425538       -0.0951824669
 178.  65.       -0.0692588181       -0.0453885167
 178.  66.        0.1242870584       -0.2016279300
 178.  67.        0.0097716512       -0.1711310265
 178.  68.       -0.1357097040       -0.1135462753
 178.  69.       -0.1981719861       -0.0518424141
 178.  70.       -0.1765533547        0.0838194236
 178.  71.       -0.0242938951       -0.1745967026
 178.  72.        0.0794785042       -0.0714166744
 178.  73.       -0.0443821020       -0.1225264464
 178.  74.       -0.0054945087        0.0108001183
 178.  75.       -0.1826749599        0.1578610054
 178.  76.       -0.1185090099       -0.0855759771
 178.  77.       -0.1617663694        0.0414651920
 178.  78.       -0.0410277060        0.2381137011
 178.  79.        0.1087879566       -0.0998666983
 178.  80.       -0.1718818928       -0.0400918036
 178.  81.       -0.1863530292        0.0934181902
 178.  82.        0.0593744092        0.2553306376
 178.  83.       -0.0321829507        0.0370782487
 178.  84.        0.2117533383        0.0095271223
 178.  85.        0.0212361265       -0.1186163670
 178.  86.       -0.2322696045       -0.0096379619
 178.  87.       -0.0014218872        0.0556937286
 178.  88.       -0.0838950489       -0.1072264170
 178.  89.        0.0399506104        0.2220406972
 178.  90.        0.2253082334       -0.0438752408
 178.  91.       -0.1189068846       -0.0785104600
 178.  92.        0.0193469477        0.2267550770
 178.  93.        0.0005495186        0.1487730807
 178.  94.       -0.0748232047        0.0280433763
 178.  95.        0.1417667601        0.0880794395
 178.  96.        0.0018717189       -0.0779797585
 178.  97.       -0.0373483809        0.2623005813
 178.  98.        0.0745413150       -0.0337679250
 178.  99.        0.1012151729       -0.1772769512
 178. 100.       -0.1585800635       -0.0093595822
 178. 101.       -0.1478211973       -0.0971495959
 178. 102.        0.1440475252        0.1741094139
 178. 103.        0.1929011459        0.2452284951
 178. 104.        0.4258859617       -0.0974492184
 178. 105.        0.2351233932        0.0930814629
 178. 106.        0.1411415157       -0.2015923744
 178. 107.       -0.0338428576       -0.1093729860
 178. 108.       -0.1521823068       -0.0479728450
 178. 109.        0.1087950705       -0.0196181515
 178. 110.       -0.0671795727       -0.1327712824
 178. 111.       -0.4338434927       -0.1285966271
 178. 112.        0.0730357435        0.1210316742
 178. 113.        0.2380044806        0.2310527200
 178. 114.        0.0587031982       -0.0564815573
 178. 115.        0.1288644205        0.0673945826
 178. 116.       -0.2914437650        0.2673521881
 178. 117.        0.0654430913       -0.0487451616
 178. 118.        0.1374660545       -0.1652324016
 178. 119.        0.0534774211        0.1289029825
 178. 120.        0.0455494634        0.2923711930
 178. 121.       -0.0686518889       -0.0151584061
 178. 122.       -0.1191003395        0.2680480537
 178. 123.       -0.0672115326       -0.1242104795
 178. 124.        0.0032988325       -0.1934286642
 178. 125.       -0.2012791156       -0.0128214562
 178. 126.        0.2198577612       -0.0350562529
 178. 127.       -0.2124892777        0.0628352015
 178. 128.        0.1812039435        0.1778236948
 178. 129.        0.0306818972        0.2737313715
 178. 130.       -0.0758492296       -0.2526708298
 178. 131.        0.3897804014       -0.1406020933
 178. 132.       -0.0285200300        0.3464329654
 178. 133.        0.1566140578       -0.1203658183
 178. 134.       -0.0396063642       -0.1016967704
 178. 135.        0.4412446084       -0.0717696498
 178. 136.       -0.2150774256        0.1681004381
 178. 137.       -0.1654613060        0.0417210882
 178. 138.       -0.3101695967        0.2055027735
 178. 139.       -0.1857820691       -0.1701637280
 178. 140.        0.3732766992        0.4361536366
 178. 141.        0.1261771570        0.2866145705
 178. 142.       -0.0792488038       -0.0674241466
 178. 143.       -0.1941057866       -0.1837150128
 178. 144.       -0.1492085800        0.3715355905
 178. 145.        0.0791309514       -0.2982676544
 178. 146.       -0.2145404217        0.1320887739
 178. 147.        0.2508681213        0.0206488262
 178. 148.       -0.2386873951       -0.1120471771
 178. 149.        0.2246827118        0.0543006653
 178. 150.        0.0862653641       -0.3322584298
 178. 151.        0.0273020478        0.3091794651
 178. 152.       -0.0275978154        0.0331860590
 178. 153.        0.4192074011       -0.0225775796
 178. 154.        0.5330582894       -0.1346460500
 178. 155.       -0.1590218743       -0.0688347860
 178. 156.        0.0602019320        0.2992638264
 178. 157.        0.4379472823       -0.1362711685
 178. 158.       -0.0832125268       -0.2239193434
 178. 159.        0.2099039431       -0.1863384449
 178. 160.       -0.1340093841       -0.0003119205
 178. 161.        0.0475147501        0.1969713755
 178. 162.        0.2114205671        0.3324405473
 178. 163.        0.0771993580       -0.6505731773
 178. 164.       -0.0906824743       -0.0748975786
 178. 165.       -0.1229078820        0.5261019431
 178. 166.       -0.1824166558       -0.2148989324
 178. 167.       -0.3281843515        0.2227584888
 178. 168.        0.2401107524       -0.2214191269
 178. 169.        0.1169117558       -0.2485460351
 178. 170.       -0.2240094857        0.0714975433
 178. 171.        0.3868808690       -0.0958246811
 178. 172.        0.2113869315        0.0298307964
 178. 173.       -0.1496201616        0.0035704651
 178. 174.       -0.1062913939        0.3836866613
 178. 175.        0.1322804418       -0.5251291341
 178. 176.        0.1349621487        0.1264577946
 178. 177.       -0.3415949084        0.1803397624
 178. 178.        0.1160058859        0.1466883774
 179.   0.        0.1221645101        0.0000000000
 179.   1.        0.1272509622       -0.2262278919
 179.   2.       -0.1285350554       -0.1865498633
 179.   3.       -0.1201198409        0.0620497058
 179.   4.        0.1655928789        0.0083410807
 179.   5.        0.1767037837        0.1967531639
 179.   6.       -0.0716502931        0.0241344983
 179.   7.       -0.1386058635        0.1472940992
 179.   8.        0.1341742437       -0.0602992528
 179.   9.       -0.1151717974        0.2001352533
 179.  10.       -0.0833879158        0.0134917222
 179.  11.       -0.0197969697       -0.0861407264
 179.  12.        0.0427776710        0.0023951616
 179.  13.       -0.0636934756       -0.1455462000
 179.  14.        0.0030555112        0.0006934173
 179.  15.        0.1611505811        0.0933069798
 179.  16.       -0.1115633471        0.1953600476
 179.  17.        0.0666070830        0.1613541516
 179.  18.        0.1178482041        0.0338202039
 179.  19.       -0.1439093602        0.0443657534
 179.  20.        0.0484230579       -0.0280785682
 179.  21.        0.0566538631       -0.0448334655
 179.  22.        0.0106596411       -0.0657946398
 179.  23.        0.0508657522        0.0282396179
 179.  24.       -0.1029767544       -0.1327032660
 179.  25.        0.1150649617       -0.0644688885
 179.  26.        0.0092114452        0.0241480894
 179.  27.        0.0547327330        0.1244733067
 179.  28.        0.0065234413        0.1742278616
 179.  29.        0.1117644842        0.3281707761
 179.  30.        0.0558789379       -0.0372984769
 179.  31.       -0.1111307706        0.2481591081
 179.  32.        0.0519952551        0.0165323383
 179.  33.       -0.1764661806       -0.0812371894
 179.  34.        0.0725046330        0.0576971159
 179.  35.        0.0530977043        0.1163468368
 179.  36.        0.1058082904        0.1298201842
 179.  37.        0.0628666119       -0.0013993489
 179.  38.       -0.1192370657       -0.1738229059
 179.  39.        0.0427520016       -0.1118561159
 179.  40.       -0.0138954528       -0.0164545987
 179.  41.        0.0199376671        0.1704941223
 179.  42.       -0.1583903706       -0.0606573097
 179.  43.        0.1094749448        0.0317922995
 179.  44.        0.1494029387       -0.0384795291
 179.  45.        0.2186754450       -0.0561830223
 179.  46.        0.0933096021       -0.1945387591
 179.  47.        0.0394616982        0.0198363457
 179.  48.        0.1949755706        0.0688544016
 179.  49.       -0.1309051624       -0.0026443954
 179.  50.       -0.0280751753       -0.4447211953
 179.  51.        0.0689649038       -0.0240242709
 179.  52.       -0.1283551377        0.0111519812
 179.  53.        0.0287635959        0.0980685851
 179.  54.        0.1201332322        0.1503373934
 179.  55.       -0.1686767105        0.0676456540
 179.  56.        0.1649085186       -0.0873157585
 179.  57.       -0.0490905931        0.0175023904
 179.  58.       -0.3553060988        0.0940347723
 179.  59.        0.1287071163       -0.1271054271
 179.  60.        0.0258099999        0.2010500354
 179.  61.       -0.0869201289        0.1312372579
 179.  62.        0.0366890337        0.0619111386
 179.  63.       -0.0886041569       -0.0445322704
 179.  64.        0.0282390766        0.0259402520
 179.  65.       -0.1865794233       -0.1089659332
 179.  66.        0.0487067064       -0.2129387297
 179.  67.        0.1024118528       -0.0194487986
 179.  68.        0.1464583519       -0.0509067700
 179.  69.       -0.1456073927        0.0420807489
 179.  70.       -0.0659962878        0.1832811736
 179.  71.       -0.0111727265        0.1470749899
 179.  72.        0.1410644890       -0.0578918637
 179.  73.        0.0447658509        0.0592433397
 179.  74.        0.0280466721        0.1121726517
 179.  75.        0.1490075236       -0.0175451366
 179.  76.        0.1103339299        0.0328253617
 179.  77.        0.0639455705       -0.0323509471
 179.  78.        0.1054046338        0.0483519026
 179.  79.        0.1312630526        0.1650674265
 179.  80.        0.1064594722       -0.0686982100
 179.  81.        0.0513093261       -0.0551904593
 179.  82.       -0.3337566293        0.0149744986
 179.  83.       -0.3021082420        0.2116152038
 179.  84.        0.1052911816        0.0324849519
 179.  85.        0.0137725397       -0.1347760123
 179.  86.        0.3479277863        0.2386304023
 179.  87.        0.0511632382       -0.1546827993
 179.  88.        0.1141755764        0.1042293829
 179.  89.       -0.0265804062       -0.0618056449
 179.  90.        0.0483008789        0.0598459055
 179.  91.        0.0624386219        0.0673365734
 179.  92.       -0.1864545132       -0.1222842192
 179.  93.        0.0186033617       -0.3215765355
 179.  94.       -0.0219236946        0.1754937960
 179.  95.       -0.1395955898       -0.0609130543
 179.  96.        0.0129426844       -0.1510807047
 179.  97.       -0.1442511312       -0.2117333778
 179.  98.       -0.3692052843        0.1681632821
 179.  99.       -0.0813382848        0.2949616186
 179. 100.       -0.0582126757       -0.0402427937
 179. 101.       -0.1126024290       -0.2884098307
 179. 102.       -0.1610732906       -0.1179421857
 179. 103.        0.0261667325        0.1052594804
 179. 104.        0.2526541524        0.1914510933
 179. 105.       -0.0653135945        0.2616544707
 179. 106.        0.1084019677        0.2501566218
 179. 107.        0.0475560868        0.1759664589
 179. 108.        0.3610184801       -0.2032163894
 179. 109.        0.1523156954       -0.0332535544
 179. 110.        0.0580337319       -0.1513298132
 179. 111.        0.1728862996        0.1916835330
 179. 112.        0.0590323757       -0.1006684558
 179. 113.       -0.0236603658       -0.0538020123
 179. 114.        0.0063605501       -0.2352651687
 179. 115.        0.2490067613        0.1532483519
 179. 116.        0.0984067231       -0.3047064342
 179. 117.       -0.1892147190        0.0697662448
 179. 118.        0.1035230977        0.0719099179
 179. 119.        0.1244398295       -0.0171278141
 179. 120.        0.3503678261       -0.1071175230
 179. 121.       -0.0357905073        0.1504137273
 179. 122.        0.0093058757        0.0228657372
 179. 123.       -0.0040522123        0.1427158797
 179. 124.       -0.0332812273       -0.0220883425
 179. 125.        0.0137714537       -0.0172624520
 179. 126.        0.0056436053        0.1642335304
 179. 127.        0.2226883290       -0.1957115829
 179. 128.        0.2415611019        0.0856164391
 179. 129.       -0.1105429385       -0.1024260250
 179. 130.        0.1120378307        0.0423072528
 179. 131.       -0.0247390506       -0.1903061106
 179. 132.        0.1685908743       -0.1979185367
 179. 133.       -0.2562010189       -0.0034224626
 179. 134.       -0.0175262229        0.0154534844
 179. 135.        0.2718126217        0.1004816933
 179. 136.        0.1662124167       -0.1189734490
 179. 137.       -0.2681578696        0.1118688043
 179. 138.       -0.2532165025        0.0244009541
 179. 139.       -0.2748514400       -0.1070531965
 179. 140.        0.3101555174       -0.0444129109
 179. 141.        0.1209451335        0.3550202862
 179. 142.        0.0749066529        0.0315682300
 179. 143.       -0.1880466499        0.1319670342
 179. 144.        0.1329170046       -0.1782960164
 179. 145.        0.2869445981        0.1377567243
 179. 146.        0.2166762402       -0.0838096974
 179. 147.        0.1912685257        0.1268094227
 179. 148.        0.0337737192        0.1606625256
 179. 149.       -0.1783823809       -0.0761768180
 179. 150.       -0.1647417126        0.0916647402
 179. 151.       -0.1383698284        0.0150172931
 179. 152.        0.1359865111       -0.2589016837
 179. 153.       -0.0924393378        0.0212597594
 179. 154.       -0.3264700331        0.5958956445
 179. 155.        0.1121014566        0.0180451737
 179. 156.        0.1511882856       -0.1429079945
 179. 157.        0.0158286258        0.1132956493
 179. 158.       -0.0177225939       -0.0433342359
 179. 159.       -0.0107511258        0.4158716205
 179. 160.        0.2864229621        0.0592283120
 179. 161.        0.0686047476       -0.6212019479
 179. 162.        0.0821474082        0.0870802226
 179. 163.        0.4567028545        0.3644395961
 179. 164.       -0.1756373170        0.1672799244
 179. 165.       -0.2978334964       -0.0735234621
 179. 166.        0.0658696528        0.2565640863
 179. 167.       -0.0799794332       -0.1728905213
 179. 168.        0.1396156605        0.0274384497
 179. 169.        0.3476689918       -0.1677875715
 179. 170.        0.1119642018        0.1511463396
 179. 171.        0.0831174168        0.0137507045
 179. 172.        0.2007167171       -0.1532304965
 179. 173.        0.1574741097       -0.3100883529
 179. 174.        0.2994727414       -0.0890374694
 179. 175.       -0.1963694981        0.0338810980
 179. 176.        0.4870097897       -0.3453620855
 179. 177.        0.5466289505        0.1014950120
 179. 178.        0.0333412872        0.0059017674
 179. 179.       -0.1460257742       -0.0655470568
 180.   0.        0.1247139020        0.0000000000
 180.   1.        0.0335800309       -0.0076247726
 180.   2.        0.1089510103        0.0751599235
 180.   3.       -0.0616575250        0.0690657695
 180.   4.       -0.0824238280       -0.0359727585
 180.   5.       -0.0268020523       -0.0525740533
 180.   6.        0.0029079868       -0.1283780330
 180.   7.        0.0734728816       -0.1606031213
 180.   8.        0.0433534796       -0.2117793168
 180.   9.        0.0305340955       -0.0075544422
 180.  10.        0.0901109578        0.0231925000
 180.  11.        0.1489606809       -0.1133843187
 180.  12.       -0.0642595175        0.0427664496
 180.  13.       -0.0050391920       -0.0224243217
 180.  14.        0.0199554860       -0.1237644968
 180.  15.        0.0824052292        0.0129617229
 180.  16.       -0.0484789668        0.0969854651
 180.  17.        0.1100850655        0.1512522713
 180.  18.        0.1126329270        0.0810221104
 180.  19.        0.0784443336       -0.0849216539
 180.  20.       -0.1416302896       -0.0002989355
 180.  21.       -0.0641246402       -0.0913846267
 180.  22.        0.1748274310       -0.0035922250
 180.  23.        0.1156481747       -0.1211251540
 180.  24.        0.0879827696        0.1169277467
 180.  25.       -0.2935724418       -0.0203336714
 180.  26.        0.0996824428       -0.0921447553
 180.  27.        0.0246634831        0.0778332819
 180.  28.       -0.1659696181       -0.1635946359
 180.  29.        0.1217190934        0.0624801894
 180.  30.        0.0500067318        0.2228830848
 180.  31.        0.0118514960       -0.0919790243
 180.  32.       -0.0061776023       -0.0173665951
 180.  33.       -0.0539961406        0.2124799544
 180.  34.        0.0932725283        0.1673251131
 180.  35.       -0.0417264353       -0.0671233316
 180.  36.       -0.0279313507        0.0351736080
 180.  37.       -0.0722684370        0.0917156858
 180.  38.       -0.1090424424       -0.0106387678
 180.  39.       -0.0716741817        0.0009788283
 180.  40.        0.0102324893       -0.1068130404
 180.  41.        0.0650368000        0.0192698572
 180.  42.       -0.0787103275        0.0586034824
 180.  43.       -0.0986019268        0.1768299342
 180.  44.        0.1500806451        0.0512489424
 180.  45.       -0.1630752359        0.1089052567
 180.  46.        0.0499062856       -0.1013453911
 180.  47.        0.0364675581        0.0787558273
 180.  48.       -0.0663568718       -0.1131343095
 180.  49.       -0.0559998692       -0.0640962267
 180.  50.       -0.0152546223       -0.1434949757
 180.  51.        0.0185567175       -0.1700931912
 180.  52.       -0.1400283173       -0.2387338636
 180.  53.       -0.0856468380        0.1356872033
 180.  54.       -0.1815851994       -0.0335771031
 180.  55.        0.0854316963       -0.2617327130
 180.  56.       -0.1438035841        0.0580242670
 180.  57.        0.2027279228       -0.1585552160
 180.  58.        0.1166375152       -0.0969984151
 180.  59.       -0.2054476924        0.0434860545
 180.  60.        0.0395936018        0.1055240658
 180.  61.        0.1769209791        0.0793847599
 180.  62.       -0.0141835316       -0.0045393097
 180.  63.       -0.2065518579       -0.1625392521
 180.  64.        0.0534324285        0.0194045907
 180.  65.        0.0402258833        0.2151335413
 180.  66.       -0.0533446773       -0.2463063945
 180.  67.        0.0334392226        0.0085628750
 180.  68.        0.1544925403       -0.0343035643
 180.  69.       -0.1199513796        0.0123526558
 180.  70.       -0.0905214364       -0.0665370196
 180.  71.       -0.0086975863        0.1290483844
 180.  72.       -0.0848502163        0.1185193692
 180.  73.        0.1256569424        0.1156821389
 180.  74.        0.0608682932       -0.1016157928
 180.  75.        0.0646247934        0.1543077328
 180.  76.        0.0448731069        0.3325706165
 180.  77.        0.1020698148       -0.1162346181
 180.  78.        0.1355950030       -0.2406559755
 180.  79.       -0.1995298982       -0.0445843367
 180.  80.       -0.0257180106        0.1687702389
 180.  81.        0.0238228991       -0.2461909101
 180.  82.       -0.1457553244       -0.0557842186
 180.  83.        0.0050576294       -0.0514451655
 180.  84.       -0.0208623304       -0.0187613062
 180.  85.       -0.1370134863        0.0628456048
 180.  86.        0.1573305045       -0.0835262977
 180.  87.        0.1656319703        0.2954044289
 180.  88.       -0.2852115629        0.1556027017
 180.  89.        0.1505377200       -0.2861410191
 180.  90.        0.0267215060        0.4112815671
 180.  91.       -0.0550538231       -0.1552621069
 180.  92.        0.1110195937       -0.0635134181
 180.  93.        0.3556773081       -0.1169509712
 180.  94.        0.0847013112        0.0174693193
 180.  95.       -0.0771484665       -0.1699142644
 180.  96.        0.1480336376        0.0332774751
 180.  97.        0.1352631996        0.2138132726
 180.  98.        0.4959221749       -0.0518377347
 180.  99.       -0.1297666224       -0.1556528235
 180. 100.       -0.0413217554       -0.2657510968
 180. 101.       -0.0208936917        0.2317845813
 180. 102.        0.0307403459       -0.0791510300
 180. 103.        0.0422561835       -0.1782516020
 180. 104.       -0.0093192724       -0.0712313285
 180. 105.        0.0430374423        0.3706105296
 180. 106.       -0.0054624527       -0.1017419875
 180. 107.       -0.0804357082        0.1487296972
 180. 108.       -0.0691185549       -0.0158437143
 180. 109.       -0.1972429687        0.0341594186
 180. 110.        0.1615597958       -0.0944975769
 180. 111.        0.0192441412        0.2536455835
 180. 112.        0.0525809190       -0.0702203001
 180. 113.        0.1312635100       -0.2917654038
 180. 114.       -0.1699922949        0.2135700092
 180. 115.       -0.0670510210        0.0994644841
 180. 116.       -0.0931278077        0.0519365728
 180. 117.        0.1737021879       -0.3227927967
 180. 118.       -0.3253901614       -0.0860305590
 180. 119.       -0.0892833386        0.0797827295
 180. 120.        0.1650321611       -0.1505042462
 180. 121.        0.1055788852       -0.2769533488
 180. 122.        0.0353236067        0.1136236731
 180. 123.        0.1803241501       -0.2928724057
 180. 124.        0.1684359416       -0.0511133245
 180. 125.        0.4290797244        0.1472012989
 180. 126.        0.0885814979       -0.0788213965
 180. 127.       -0.1674942588       -0.2575417929
 180. 128.       -0.3495339858        0.0906985784
 180. 129.        0.1530704049       -0.0109994692
 180. 130.        0.0576333903        0.2033992595
 180. 131.       -0.0795059408       -0.2537153963
 180. 132.        0.2110444467       -0.0675701549
 180. 133.        0.4367275209       -0.0265109362
 180. 134.       -0.0486809944       -0.3055943638
 180. 135.        0.0301825692        0.2606379693
 180. 136.       -0.2784615538        0.1212746101
 180. 137.        0.0721318760        0.0283866469
 180. 138.        0.3613348606       -0.0173340733
 180. 139.       -0.2268043461        0.2823875902
 180. 140.        0.1595677466       -0.3877559632
 180. 141.        0.3271623229        0.0985072992
 180. 142.       -0.0319105497        0.0132409282
 180. 143.       -0.2107604340        0.1089083241
 180. 144.       -0.0472560659       -0.1320609919
 180. 145.        0.0068547133       -0.1534368627
 180. 146.        0.3988539660       -0.1663786152
 180. 147.        0.1080397263       -0.0209664276
 180. 148.       -0.3383906885        0.0089863605
 180. 149.        0.1725872232        0.0609427518
 180. 150.       -0.0388973247        0.2930455934
 180. 151.        0.3238292893       -0.4291342881
 180. 152.       -0.0137188311        0.0339708052
 180. 153.       -0.0654880155        0.0158113922
 180. 154.        0.4515630858        0.0343205639
 180. 155.        0.1946402851        0.0062282901
 180. 156.       -0.1086679443        0.1797624454
 180. 157.       -0.0306714791        0.0626158414
 180. 158.        0.1358345065        0.1582197513
 180. 159.        0.2440594592       -0.1409812699
 180. 160.       -0.1409211259        0.2024023394
 180. 161.       -0.1513840394        0.7198861521
 180. 162.        0.0488385671       -0.0555065982
 180. 163.        0.1720479261       -0.3317100307
 180. 164.        0.1568786264       -0.3166729575
 180. 165.        0.1934247122       -0.2356913946
 180. 166.       -0.1023614029        0.1207901475
 180. 167.       -0.0596813411        0.2066293493
 180. 168.       -0.0829274228        0.0204969073
 180. 169.        0.1899629877       -0.2996562255
 180. 170.       -0.2505625187        0.0034408655
 180. 171.       -0.0649770795        0.0088731557
 180. 172.       -0.0479998588       -0.1042514971
 180. 173.       -0.1810522188       -0.0652405284
 180. 174.        0.4948506572       -0.1100259816
 180. 175.       -0.2781683824        0.2424676577
 180. 176.        0.2452870340        0.0508786316
 180. 177.        0.4406170890        0.2377405194
 180. 178.       -0.3831910221        0.0264158896
 180. 179.        0.2305299845       -0.0302592702
 180. 180.        0.3850324166        0.0000000000
