MagnetogramType = NSO-GONG Hourly; InstrumentName = GONG; InputLatGrid = sin(lat); OutputLatGrid = sin(lat); MagUnit = Gauss; InputMapResolution = 360,180; MagnetogramDate = 2021-02-13T02:04:00; CentralMeridianLong = 2240.463889; InputFile = "GONG_magnetograms/mrbqs210213t0204c2240_013.fits;ASCIIFileCreationDate = 2026-04-06T12:52:14; BrFactor = 3.8; BrMin =  5.0
         0  7.9794720000E-01 -2  3  2
   16471       1
 180.     2240.0000000000       13.5000000000
n m g h nOrder CR dLon
   0.   0.        0.0000000000        0.0000000000
   1.   0.        2.1814600631        0.0000000000
   1.   1.       -0.2570073901        0.0939497692
   2.   0.       -1.5562479648        0.0000000000
   2.   1.        1.3884497497        0.3418394412
   2.   2.       -0.0937611901       -0.3933720884
   3.   0.        1.5767270304        0.0000000000
   3.   1.        0.5099459633       -0.9093465306
   3.   2.       -0.7632051135        0.1119107219
   3.   3.       -1.8727492363        0.8646373025
   4.   0.       -2.7831788264        0.0000000000
   4.   1.        0.7160623287       -0.1747685886
   4.   2.       -0.4327657537       -0.4980214892
   4.   3.        1.7267801978        0.1792221487
   4.   4.       -0.6582821216        1.8258767361
   5.   0.       -0.4605090860        0.0000000000
   5.   1.       -0.1523032838       -0.4289057163
   5.   2.        0.0767612446        0.4938012665
   5.   3.        0.0820993452        0.8869170591
   5.   4.        1.3927007021       -3.2479927061
   5.   5.        0.1661706567       -0.0078861270
   6.   0.       -2.1572440510        0.0000000000
   6.   1.        0.1696914184       -0.6467753775
   6.   2.       -0.1747452381       -0.0004127622
   6.   3.       -0.2097697337        0.2636041648
   6.   4.        0.0647609744        1.9451387618
   6.   5.       -0.2830293606       -1.2312023852
   6.   6.        0.3988418737        0.7632777603
   7.   0.       -3.0640821370        0.0000000000
   7.   1.       -1.0144411162        0.2095573937
   7.   2.        0.7169473149       -0.1979199680
   7.   3.        1.7344154828       -1.5676823338
   7.   4.       -1.3115742443       -0.2338416290
   7.   5.       -0.4952261381        0.0828371508
   7.   6.       -1.9165989927       -0.9786291212
   7.   7.        0.8247537429        0.5613497257
   8.   0.       -0.7998909030        0.0000000000
   8.   1.       -0.0904233675        0.5410407967
   8.   2.       -0.3161396107        0.6315375901
   8.   3.       -0.1978591970       -0.5621451358
   8.   4.        0.7065290153       -2.2290970685
   8.   5.       -0.8681687965       -0.0432720991
   8.   6.        0.4097503772        0.8890218127
   8.   7.       -1.0990302971       -0.0159748111
   8.   8.        0.0318604481        0.3123100307
   9.   0.       -1.2998604892        0.0000000000
   9.   1.        0.7178809454       -0.4456305901
   9.   2.       -0.3124910023       -0.0587997335
   9.   3.       -0.9190953845        0.2585072068
   9.   4.       -0.7901957550        1.4380624488
   9.   5.       -0.4455330377        1.0486570406
   9.   6.       -0.1212125444        1.3022248339
   9.   7.        1.8143738997        0.5263435060
   9.   8.        0.4874271762       -0.4086632876
   9.   9.       -0.0001879101       -0.7196139451
  10.   0.       -0.2376164282        0.0000000000
  10.   1.        0.3439607694        0.3784727718
  10.   2.       -0.1590736268        0.0214145871
  10.   3.        0.1527027258       -0.7234438423
  10.   4.       -0.6686669567        0.3365857434
  10.   5.       -0.2547650109        0.3394202402
  10.   6.       -0.2590638473       -0.5279910778
  10.   7.       -0.6506330954        0.9246236804
  10.   8.        0.9914977173       -0.5773480886
  10.   9.       -0.7403961760        0.9989449530
  10.  10.       -0.5703063083        0.3123227331
  11.   0.        2.0008078327        0.0000000000
  11.   1.        0.5610916822        0.3905805263
  11.   2.        0.1764608229        0.7151982890
  11.   3.       -0.2701540717        0.4520143008
  11.   4.        0.8364949178       -0.2887150387
  11.   5.        1.4358123899       -0.8813855159
  11.   6.        1.0153173986        0.1859917191
  11.   7.       -0.7567361931       -1.7584461241
  11.   8.       -0.1678286040        1.0790667484
  11.   9.       -0.9032976188       -0.5552670795
  11.  10.        0.0775472014        0.4332108434
  11.  11.        0.4424961539        0.1898267481
  12.   0.        1.2382047028        0.0000000000
  12.   1.        0.8594532108       -1.0623845186
  12.   2.        0.1184293617       -1.1314880778
  12.   3.        0.1332970855        1.3157902143
  12.   4.       -0.4636695399        1.1666223107
  12.   5.       -0.0493040788       -0.1486583853
  12.   6.       -0.2764673742       -0.1578903908
  12.   7.        1.6358746681       -0.3849478423
  12.   8.       -0.2720379612       -1.2137238607
  12.   9.        0.0411706804        0.6854121035
  12.  10.       -0.6038336316        0.8535050565
  12.  11.       -0.2192949928        0.0676669953
  12.  12.       -0.2901369630       -0.2514696691
  13.   0.        1.0872973006        0.0000000000
  13.   1.       -0.0574560212       -0.2483888139
  13.   2.        0.4750632785       -0.5219087815
  13.   3.        0.8360017007        0.1560603627
  13.   4.        0.2138551482       -0.2640455723
  13.   5.       -1.2044591599       -0.5319957952
  13.   6.       -0.1099758106       -1.3690592537
  13.   7.       -1.5563842252       -0.2591672620
  13.   8.        0.7587399780       -0.2929786105
  13.   9.        0.4099623967        0.5118589652
  13.  10.       -0.7896525472        0.0716918481
  13.  11.        0.0306204772       -0.0949025066
  13.  12.        0.2186286987        0.1152177818
  13.  13.       -0.3941881957        0.1779711285
  14.   0.        1.7233653889        0.0000000000
  14.   1.       -1.0154994329        0.6691741444
  14.   2.        0.0387969457        0.0627683633
  14.   3.       -0.4289681246       -0.4372911104
  14.   4.        0.6545085314       -1.1839833491
  14.   5.        0.3727337725       -0.8052563567
  14.   6.       -0.5894029266        0.7835944542
  14.   7.       -0.2068264784       -0.9756564255
  14.   8.       -0.1120713748        0.5694192964
  14.   9.       -0.4408803144       -0.6624574960
  14.  10.        1.1702536368       -0.9045439462
  14.  11.       -0.2977191091        0.2538517502
  14.  12.       -0.2942079195       -0.1412517327
  14.  13.       -0.5567006638       -1.0325730234
  14.  14.       -0.9064090899        0.1417483715
  15.   0.        0.8661865643        0.0000000000
  15.   1.        0.3570820960       -0.4052331548
  15.   2.       -1.0129926030        0.1171656394
  15.   3.        0.9041770340        0.5368629814
  15.   4.       -0.2834440674       -0.1664209802
  15.   5.       -0.1813374049        0.6331358580
  15.   6.        0.3821170976       -0.2874773879
  15.   7.        1.1095229594        1.8100117026
  15.   8.       -0.1789795915        0.0236409972
  15.   9.        0.1678308166       -0.4230552276
  15.  10.        0.4163137668       -0.2876957337
  15.  11.       -1.0830904912       -0.3342876954
  15.  12.       -0.0970013173        0.1279885639
  15.  13.       -1.8252545926        0.7012602175
  15.  14.       -0.2948021721       -0.2370517757
  15.  15.        0.3657208289       -0.1287049739
  16.   0.       -0.5778401519        0.0000000000
  16.   1.       -1.0264007269        0.3449872471
  16.   2.       -0.4123591722        0.9414585865
  16.   3.       -0.3482510329       -0.3446410054
  16.   4.       -0.2505033980       -0.9342471972
  16.   5.       -1.5082803020       -0.3367846319
  16.   6.        0.7016876181        0.3732821230
  16.   7.       -0.6309257604        0.1281601238
  16.   8.        0.5030881548        0.4122771379
  16.   9.        0.3483121667       -0.0975555978
  16.  10.        0.4167764086        0.0160758274
  16.  11.        0.8950481508       -0.6535574147
  16.  12.       -0.0512442861        0.3807950355
  16.  13.        0.4060856820       -0.2083307378
  16.  14.       -1.2078049514        0.7211190198
  16.  15.        0.0998605877       -0.2298158878
  16.  16.        0.5856382249        0.0952595376
  17.   0.        0.5856037838        0.0000000000
  17.   1.       -0.2766197118        1.2991032543
  17.   2.        0.5069525413        0.3080816833
  17.   3.       -1.0615588783       -1.1231450609
  17.   4.       -0.0740580000        0.1138168876
  17.   5.        1.1898608679        0.2949938469
  17.   6.       -0.3430077301        0.7532195310
  17.   7.        0.6995850858       -1.2454385881
  17.   8.        0.2592684904        0.2310957270
  17.   9.       -0.7444065575       -0.0000493607
  17.  10.        0.1591515490       -0.2446292620
  17.  11.       -0.2808120631        0.9778860625
  17.  12.        0.0475946518        0.1284639237
  17.  13.        0.8360238287       -0.4095926308
  17.  14.       -0.1722284997       -0.5860477076
  17.  15.       -0.7107048657        0.2882735593
  17.  16.       -1.2146409597       -0.9148457505
  17.  17.        0.2653243737        0.0102858156
  18.   0.       -0.2461958153        0.0000000000
  18.   1.        0.3854313383       -0.0207453427
  18.   2.        0.6497511053        0.0692322183
  18.   3.        0.3338435792        0.4698168116
  18.   4.       -0.9456506836        0.7389343632
  18.   5.        0.7546779379        0.0780706393
  18.   6.        0.5358856278       -1.2408595469
  18.   7.        0.2591678822        1.5884184753
  18.   8.       -0.8068951119       -0.6714169832
  18.   9.        0.0376327934       -0.9308371189
  18.  10.       -0.3773664011        0.6734362372
  18.  11.       -0.8891255059       -0.1306349640
  18.  12.       -0.2452174417        0.0511944863
  18.  13.        0.3130942311        0.9078259224
  18.  14.        0.8698727706       -0.0449318429
  18.  15.       -0.0170679971       -0.4093252879
  18.  16.        0.5370463529       -0.7549754960
  18.  17.       -0.8173986485        0.5399217848
  18.  18.        0.1737703213       -0.8097556317
  19.   0.       -1.7267607150        0.0000000000
  19.   1.       -0.7301092292       -0.2758350811
  19.   2.        0.2618069655       -0.3535479829
  19.   3.        0.1004012964        0.5394012554
  19.   4.        0.5120096111        0.1550352292
  19.   5.       -0.0653357691       -0.4101554519
  19.   6.       -0.1989254972        0.0035095881
  19.   7.       -1.0512919471       -0.5784801930
  19.   8.        0.7239552009       -0.1238311542
  19.   9.        0.3674865743        0.4065371214
  19.  10.       -0.9775910326        0.5315460773
  19.  11.        0.7207699914       -0.3689640513
  19.  12.        0.4012798639       -0.8605034914
  19.  13.        0.2372473220       -0.6244656676
  19.  14.       -0.0948404099       -0.0348067291
  19.  15.       -0.2969385808       -0.2284573063
  19.  16.       -0.1905112309       -0.8540850969
  19.  17.        0.0496913539       -0.5609913583
  19.  18.        0.0564737267        0.9665070087
  19.  19.        0.3785863454       -0.2023242136
  20.   0.       -0.7206389375        0.0000000000
  20.   1.       -0.0173890461       -0.5505967116
  20.   2.       -0.1719603356       -0.3581493498
  20.   3.        0.4398310517        0.2017853831
  20.   4.        0.6078882396        0.4600647837
  20.   5.        0.6785262619       -0.0478619719
  20.   6.       -0.9381047161        0.2039640136
  20.   7.        0.7840867742       -1.3419024388
  20.   8.       -0.1534893092        0.1942646850
  20.   9.       -0.7436099493        0.6210341542
  20.  10.       -0.0204764497       -0.6965151631
  20.  11.       -0.7096535247        0.3868001479
  20.  12.        0.5648213931        0.0898354745
  20.  13.       -0.7109592503       -0.2937877667
  20.  14.        0.9188730941       -0.1417121298
  20.  15.       -0.1153634790        0.7160967980
  20.  16.       -0.4971375785       -0.5879852116
  20.  17.       -1.7583766913       -0.7545388504
  20.  18.        0.1618118845       -1.0757907929
  20.  19.        0.0943004608        0.6379260215
  20.  20.       -1.1859833435       -0.7606287679
  21.   0.       -0.8284151311        0.0000000000
  21.   1.       -0.3873622528       -0.3970324433
  21.   2.       -0.0752186055        0.0479760359
  21.   3.        0.1625180040       -0.2739970923
  21.   4.        0.2316756638        0.0010967336
  21.   5.       -0.3705965674       -0.1828010948
  21.   6.       -0.0073438427       -1.1531484944
  21.   7.       -0.5446193581        1.3893071306
  21.   8.       -0.4025169775       -0.3057682082
  21.   9.       -0.6300101171       -0.7205444255
  21.  10.        1.0369954700        0.5085294550
  21.  11.       -0.3957013736       -0.6049057143
  21.  12.       -1.2555565318        1.0790821698
  21.  13.       -0.1489365241       -0.7725907173
  21.  14.       -0.7450099195        0.9168794943
  21.  15.        0.6969314343        0.2011741918
  21.  16.        1.3948317879        0.9120652410
  21.  17.        0.2773110217        0.1422908734
  21.  18.       -1.4932990738        0.4809954753
  21.  19.       -0.2291324787       -2.4603323464
  21.  20.        0.7659308156        0.0762006650
  21.  21.       -0.5608108639       -0.4290756660
  22.   0.       -0.8967747860        0.0000000000
  22.   1.        0.2778691399        0.2826293152
  22.   2.       -0.6972496727       -0.1396969338
  22.   3.       -0.7554936211        0.9089047547
  22.   4.       -0.6060248625        0.4270574988
  22.   5.       -0.8232246893        0.5069167352
  22.   6.        0.5759695224        0.2246353815
  22.   7.       -1.6372332086       -0.4953712007
  22.   8.        0.9013016138       -0.1089260163
  22.   9.        0.8505529097        0.1900423591
  22.  10.       -0.9655383856       -0.3266659871
  22.  11.        1.4106485442       -0.9022579103
  22.  12.        0.9606241662       -0.3793798209
  22.  13.       -0.2822823473        0.4372344233
  22.  14.       -0.6302875674       -0.1430981920
  22.  15.       -0.0925147336       -0.1913449788
  22.  16.       -0.0241435653        0.5355364473
  22.  17.        0.9903882760        0.4345714400
  22.  18.       -0.2181253839        0.1678716440
  22.  19.       -0.0226866449       -0.3127159918
  22.  20.       -2.1044974738       -1.8187481505
  22.  21.        1.9810784797        0.1622315841
  22.  22.       -0.4039939563        0.6967734719
  23.   0.       -0.2842750207        0.0000000000
  23.   1.        0.4683768503        0.1985951732
  23.   2.        0.0212479102       -0.3008270833
  23.   3.       -0.6662758571        0.3009401687
  23.   4.        0.5996802721       -0.9046838280
  23.   5.        0.2395350096       -0.1844633855
  23.   6.       -0.5209580462        0.3622103621
  23.   7.        0.4761207056       -0.3953579290
  23.   8.        0.1253375091        0.7397349497
  23.   9.        0.0672207521        0.1788678858
  23.  10.        0.1535250869       -0.9472459775
  23.  11.       -0.6899804137        0.8666880071
  23.  12.       -0.0634469038       -0.2593919991
  23.  13.       -0.0952815275       -0.3358770456
  23.  14.        0.8309165423       -0.3682090607
  23.  15.        0.7178857932        0.4510280814
  23.  16.       -0.6178869465       -0.5069518849
  23.  17.       -0.0102366481        0.2747880891
  23.  18.        0.1880473115       -0.8318687266
  23.  19.        1.0265513236        0.7534553890
  23.  20.       -0.4114577875       -0.3171494354
  23.  21.       -1.7985772880        1.5361172521
  23.  22.        1.2448369975       -0.9187327960
  23.  23.        0.7027619018        0.2987210631
  24.   0.        0.5142556230        0.0000000000
  24.   1.        0.0192952141       -0.0001750757
  24.   2.       -0.0532765835        1.0414811290
  24.   3.        0.0653040162       -0.9430517071
  24.   4.       -0.0789691926        0.0036416368
  24.   5.        0.4737915310        0.3099917680
  24.   6.       -0.4144218177       -0.0627334374
  24.   7.        0.4997510732        1.4013877742
  24.   8.       -0.5937309271       -1.3165227584
  24.   9.       -0.2382176571       -0.3603798604
  24.  10.       -0.2457158225        1.1765445636
  24.  11.       -0.6071882031       -0.6850262685
  24.  12.       -0.6316290710        0.2331187360
  24.  13.        0.6124433250       -0.7168073755
  24.  14.        0.3593663990        0.3300439848
  24.  15.        0.0723499345       -0.1421246274
  24.  16.        0.3907096512       -0.2017095715
  24.  17.        0.2246818650        0.6853398313
  24.  18.        0.3072338620        0.6426268654
  24.  19.       -0.7283502080       -0.8186614319
  24.  20.       -0.7760352732        0.2082848002
  24.  21.        1.2151271191       -0.4317470740
  24.  22.       -0.8465337665        0.9026529782
  24.  23.       -0.4421775217       -2.3882708776
  24.  24.        0.5217083607        0.2454067140
  25.   0.        0.9370365324        0.0000000000
  25.   1.       -0.3356847772       -0.6477486776
  25.   2.       -0.2423626361        0.2138556319
  25.   3.        0.5473558621        0.6929199746
  25.   4.       -0.5913467994        0.0261420758
  25.   5.        0.1460780858       -0.0770715602
  25.   6.        1.4254800249       -0.7364246658
  25.   7.       -0.5319749323        0.3371323671
  25.   8.        0.1864175356        0.1040737588
  25.   9.        0.2001233822       -0.1701522213
  25.  10.       -0.6475905944       -0.1504941691
  25.  11.        0.8878425117       -0.2644679977
  25.  12.        0.7060112501       -0.5432222767
  25.  13.        0.1686815672        1.0625534056
  25.  14.        0.0103878920       -0.4092830413
  25.  15.       -0.7014532218       -0.9409149964
  25.  16.       -0.4449580255       -0.5615425290
  25.  17.        0.2059041525        0.1723783562
  25.  18.        0.5793242830        0.6809519987
  25.  19.        0.6449952436        1.3958267210
  25.  20.       -1.3341639666       -0.7766801726
  25.  21.        0.3059258994       -0.0392768102
  25.  22.        0.6147081305       -1.3844877969
  25.  23.        0.4608563788       -0.0015602444
  25.  24.       -1.2577283172       -0.7195939106
  25.  25.        0.5969788323        0.3630332619
  26.   0.        0.9872604116        0.0000000000
  26.   1.        0.0366559120        0.0889786154
  26.   2.        0.5194759122       -0.8246170083
  26.   3.       -0.1908721515       -0.1835758188
  26.   4.        0.8718739265        0.4207792124
  26.   5.       -0.3656355680       -0.3697945459
  26.   6.       -0.7322471384        0.1040756817
  26.   7.        1.5196993914       -1.4019035259
  26.   8.        0.0570097396        0.8736314104
  26.   9.       -0.0742016877        0.8848093237
  26.  10.        0.2403102084       -0.6387274726
  26.  11.       -0.8606662670        1.0831292732
  26.  12.        0.2765904033        0.3951711488
  26.  13.       -0.2765497719        0.0961359035
  26.  14.        0.7298050763        0.7038791463
  26.  15.        0.0304510532        0.3452970809
  26.  16.       -1.1400107362       -0.5273900091
  26.  17.       -0.8199933512       -0.6775360736
  26.  18.       -0.0271453982       -0.4146413201
  26.  19.        0.4196661419        0.5809325346
  26.  20.        0.7252270150        1.1475234992
  26.  21.       -0.3228357329       -0.8939464270
  26.  22.       -0.4632630213        0.2165352691
  26.  23.        0.2577198148       -2.2371494753
  26.  24.        0.0863750354       -0.4654736155
  26.  25.       -0.8268037563       -0.0381982853
  26.  26.        0.6428698932       -0.2343946180
  27.   0.        0.4941463300        0.0000000000
  27.   1.        0.0886438778        0.9297825334
  27.   2.       -0.3523447744       -0.5781474313
  27.   3.       -0.0323349558       -0.3547412058
  27.   4.        0.2768912304        0.8321123508
  27.   5.        0.8204235691       -0.4938941384
  27.   6.       -0.0542243492        0.1754128073
  27.   7.       -0.1327651013       -0.1812754666
  27.   8.       -0.8401554973       -0.5705390016
  27.   9.        0.0749589662        0.1746349094
  27.  10.        0.8527581729        0.7273731677
  27.  11.       -0.1786841948       -1.0025557463
  27.  12.       -0.3309363256        0.6167376486
  27.  13.        0.3210715261       -0.2433988332
  27.  14.       -1.0560306908        0.2307751568
  27.  15.        0.3537969834       -0.5013727169
  27.  16.        0.3247566956        1.1683168780
  27.  17.       -0.7389774715        0.3469928171
  27.  18.       -0.4830011851       -0.2343518327
  27.  19.       -0.2429342238       -1.3625164322
  27.  20.        0.5396777507        0.5052723323
  27.  21.       -0.1436881848       -0.0265899869
  27.  22.       -0.3376329172       -0.0702913409
  27.  23.        0.1176745547       -0.8744578184
  27.  24.       -0.6226822535       -0.4391487276
  27.  25.        1.6235898730        0.7904043736
  27.  26.        0.4704894158        0.6367602032
  27.  27.       -0.2187858576        0.1036018465
  28.   0.       -0.1126911647        0.0000000000
  28.   1.       -0.5996688000        0.5736750128
  28.   2.       -0.1075129851        0.6087694501
  28.   3.       -0.0284599678       -0.0240755910
  28.   4.        0.0424311200       -0.5286002780
  28.   5.        0.0947328497        0.7083010084
  28.   6.        1.0446378697        0.0427248826
  28.   7.       -0.7269454769        0.8211759001
  28.   8.        0.3134886908        0.6465995234
  28.   9.       -0.4590018092       -0.6598618072
  28.  10.       -0.1639238382        0.4495370292
  28.  11.        1.5166183990       -0.0628043846
  28.  12.       -0.3232564960       -0.2245732953
  28.  13.        0.1654712440        0.6387532318
  28.  14.        0.1529689546       -0.6973267896
  28.  15.       -0.4707602898        0.2687416370
  28.  16.        0.6492719761       -0.4333511587
  28.  17.        0.2636321399        0.2774529427
  28.  18.        0.0410494539        0.0162732134
  28.  19.        0.1910235329        0.4542566597
  28.  20.       -1.0041651432       -0.1552884440
  28.  21.        0.0668021924       -0.0057811984
  28.  22.       -0.1648496595       -0.3426563151
  28.  23.        0.6411762413        1.1266769984
  28.  24.       -0.7977895317       -1.3400299299
  28.  25.        0.2222321578       -0.8323518260
  28.  26.        1.2375700757       -0.1953172959
  28.  27.        0.2891806510        0.3794295252
  28.  28.        0.1091067950        0.5045352107
  29.   0.        0.1367449354        0.0000000000
  29.   1.        0.7902111324        0.0863569259
  29.   2.        0.4478681070        0.3831384349
  29.   3.        0.1614346957        0.4669096708
  29.   4.       -0.3630577005       -0.5729572876
  29.   5.       -0.2486649688        0.4580672254
  29.   6.       -0.5799332965        0.3254802074
  29.   7.        0.1247310068       -0.5370405996
  29.   8.       -0.0016067760        0.3697825214
  29.   9.        0.0940277611        1.5783779210
  29.  10.       -0.6169225144       -0.7906029567
  29.  11.       -0.5506968501        1.0108636198
  29.  12.        0.1774600775       -0.4722360190
  29.  13.       -0.2918959174       -0.4536850205
  29.  14.        0.8255020554        0.4655942567
  29.  15.        0.2001305359        0.2752881261
  29.  16.       -0.7914971499        0.1191829428
  29.  17.        0.6118161052       -0.1369309995
  29.  18.       -0.7646178109       -0.3241202532
  29.  19.       -0.1551309498       -0.1716198633
  29.  20.       -0.3501493364        0.3629306682
  29.  21.        0.0834808772        0.3297503979
  29.  22.        0.0914038606        0.3686577945
  29.  23.       -1.1177627693       -0.7219274624
  29.  24.        0.6958390534        0.8674200967
  29.  25.       -0.0041437628       -1.3140591062
  29.  26.        0.3227100821        0.0716151735
  29.  27.       -0.7330156416       -1.1965433139
  29.  28.        0.4863532750        0.5406258957
  29.  29.        0.2540760875       -0.8523493439
  30.   0.        0.1371512964        0.0000000000
  30.   1.       -0.0056995624       -0.6448660109
  30.   2.        0.4408784721       -0.8804464363
  30.   3.        0.0093729784       -0.3906266070
  30.   4.       -0.0846875995        0.2954713517
  30.   5.        0.5630521756       -0.1012796304
  30.   6.       -0.6424166282        0.2722541802
  30.   7.       -0.3302415133        0.7035748816
  30.   8.       -0.0601060462       -1.0157449105
  30.   9.       -0.1443558279       -0.4571002353
  30.  10.        0.3117325867        0.0497058965
  30.  11.       -0.5830629401       -0.9292025435
  30.  12.        0.1088374069       -0.6802971040
  30.  13.        0.6350877142       -0.2817573177
  30.  14.       -0.6916067750       -0.5502343474
  30.  15.        0.5071425512       -0.3177977542
  30.  16.        0.4613695808        0.7163960464
  30.  17.       -0.4188532589        1.0307383272
  30.  18.        0.6994492263       -0.0169012880
  30.  19.       -0.5657580867       -0.3469541458
  30.  20.       -0.0787952590       -0.1977915134
  30.  21.       -0.5834864828        0.5807180850
  30.  22.        0.5774519102        0.2276867235
  30.  23.        0.1443761861        0.5117421833
  30.  24.       -0.4073696911       -0.6204623387
  30.  25.        0.0112167326       -0.8396762292
  30.  26.        0.5161167710       -0.2530958632
  30.  27.        0.3658556318        0.0635510736
  30.  28.       -1.0071734589        0.8023245243
  30.  29.        1.3788386077       -0.2759572116
  30.  30.       -0.2653590287       -0.1281256490
  31.   0.        0.4097907802        0.0000000000
  31.   1.       -0.3169346762       -0.5302001293
  31.   2.        0.0239560635        0.1560206741
  31.   3.       -0.1712701198       -1.1639150038
  31.   4.       -0.0847454250       -0.2795623206
  31.   5.        0.3534338098        0.5162622450
  31.   6.        0.3949856891       -0.2739393283
  31.   7.       -0.6056274719        0.5730098495
  31.   8.        0.8127307633        0.5348879581
  31.   9.       -0.2157213225       -0.8497572245
  31.  10.       -0.1292824023        0.8091784889
  31.  11.        1.1007712782       -0.7195231248
  31.  12.        0.1791491086        0.6567139036
  31.  13.        0.3071325288        0.9412004860
  31.  14.       -0.7577407140       -0.6366993848
  31.  15.        0.0131958203        0.8493792466
  31.  16.        0.2131615149       -0.6899192659
  31.  17.       -0.0359347298        0.0331286727
  31.  18.        0.2284933664        0.4207995283
  31.  19.        0.7380640308        0.7648350336
  31.  20.        0.2556261523        0.1488003984
  31.  21.        0.3449100153       -0.8543648784
  31.  22.       -0.5375005594       -0.3311948964
  31.  23.        0.2276653885        1.7602402467
  31.  24.       -0.1931064836        0.3832367104
  31.  25.       -1.0562781901       -1.4421523468
  31.  26.       -0.2428223120       -0.0450144351
  31.  27.        0.3678989485        0.0561315462
  31.  28.        0.7025531742        0.4874922039
  31.  29.        0.3740353231       -0.1185076358
  31.  30.        0.5918583532       -0.8752857241
  31.  31.       -0.3450420998       -0.1074743377
  32.   0.        0.2646900403        0.0000000000
  32.   1.        0.1362925432       -0.8917240811
  32.   2.       -0.1088038508        0.0200617450
  32.   3.        0.3576206287        0.8506089252
  32.   4.       -0.5017217543       -0.2778137375
  32.   5.       -0.7334753550        0.1322373289
  32.   6.        0.5071361922        0.6373214299
  32.   7.        0.2361876665       -0.8249431811
  32.   8.       -0.6512769006        0.2922402266
  32.   9.        0.7323537221        0.0318046325
  32.  10.        0.0717895938       -0.6823565831
  32.  11.       -0.5025592659        0.2727280861
  32.  12.        0.4938373973       -0.5988852241
  32.  13.       -0.5501435534       -0.5948325257
  32.  14.        0.1523731088        0.4769166116
  32.  15.       -0.2284562129       -0.3493747766
  32.  16.       -0.8075743107        0.2890321602
  32.  17.        1.3601661998       -0.7169640904
  32.  18.        0.0203156864        0.8355306637
  32.  19.        0.2137278139       -0.5901737216
  32.  20.        0.5702347233        0.7422332273
  32.  21.       -0.0255506930       -0.4451054828
  32.  22.        0.4983888005        0.2626584655
  32.  23.       -0.3850112752       -0.9971558905
  32.  24.        0.5205693406        0.4445358779
  32.  25.        0.1525813536       -0.1349564133
  32.  26.       -0.3375405441       -0.1890279359
  32.  27.        0.2928664392       -0.7755956183
  32.  28.        0.2502293810        0.1997932570
  32.  29.        0.8542820663       -0.0884789651
  32.  30.        0.0719760165       -0.5847917047
  32.  31.        0.4410353185       -0.3772146518
  32.  32.        0.2923280058        0.4879363478
  33.   0.       -1.0929436615        0.0000000000
  33.   1.        0.1751749108        0.3610315427
  33.   2.        0.3702652848       -0.6150614897
  33.   3.        0.1174078909        0.4829558885
  33.   4.        0.7488570018        0.5989702331
  33.   5.       -0.2585778928       -0.8505000385
  33.   6.       -0.5904746754        0.7502935869
  33.   7.        0.3075108989       -0.7972616559
  33.   8.       -0.9937709417       -0.9858961549
  33.   9.        0.1750024789        0.2807785910
  33.  10.        0.5708777431       -0.7234282661
  33.  11.       -0.2918370259        0.3428340296
  33.  12.       -0.8802987312        0.4687053364
  33.  13.       -0.0656764304       -0.7503617284
  33.  14.       -0.0698780402        0.2780824813
  33.  15.        0.8286828721       -0.4707236161
  33.  16.       -0.6838805790        0.3277030384
  33.  17.       -0.1811768508        0.6980877978
  33.  18.        0.4126258458       -0.6595102373
  33.  19.       -0.4873365467       -0.2959361554
  33.  20.        0.2414835424       -0.7632505063
  33.  21.       -0.0803226742        0.6953102048
  33.  22.       -0.9865485818        0.1180882013
  33.  23.       -0.1513851005        0.1893272815
  33.  24.       -0.2796104192       -1.4564856166
  33.  25.        0.3849489695        0.0341763494
  33.  26.       -1.3958056354        0.3204478241
  33.  27.        0.6737378513        0.2200110330
  33.  28.       -0.0473944166       -1.7914799365
  33.  29.        0.2358200078        0.6493447076
  33.  30.        0.6950716875       -0.0944350227
  33.  31.       -0.3538812984        0.1338822617
  33.  32.        0.4808705707        0.2906816916
  33.  33.       -0.2618627242       -0.3527617228
  34.   0.       -0.3656663767        0.0000000000
  34.   1.        0.0008185245        0.5444338477
  34.   2.        0.0443084515        0.7445020207
  34.   3.       -0.2965680880       -0.3654381492
  34.   4.       -0.7727807260       -0.6180032520
  34.   5.        0.9212007516        0.0418054404
  34.   6.        0.6946876726       -0.3167217382
  34.   7.        0.5720287776        0.5878698097
  34.   8.        0.9843441300        0.3141609005
  34.   9.       -0.2940271810       -0.2426741014
  34.  10.       -0.3039282603        0.4107867832
  34.  11.        0.6592660070       -0.1007731435
  34.  12.       -0.9283473824        0.7329404661
  34.  13.        0.0848536120        1.0611207959
  34.  14.       -0.1264918499       -0.9071896009
  34.  15.        0.0365107474        0.7093677545
  34.  16.        0.2159718946       -0.5681060499
  34.  17.       -0.7336614321       -0.6268707178
  34.  18.       -0.5606309046       -0.4722392860
  34.  19.        0.1066675807        0.1149095194
  34.  20.       -0.7570214696       -0.4146037770
  34.  21.        0.7506462912       -1.0696927485
  34.  22.       -0.3959361574        0.3430186690
  34.  23.       -0.7081051937        1.5472433639
  34.  24.       -1.1599106504       -0.0019628496
  34.  25.        0.2683070825        0.2415565657
  34.  26.        0.4175204701       -0.4431377225
  34.  27.       -0.8665340598       -0.5344443540
  34.  28.        0.1405322698        0.9269965275
  34.  29.       -0.3763417862       -0.8766579929
  34.  30.        0.4042874155       -1.0688686041
  34.  31.       -0.9238708843        1.3535283287
  34.  32.        0.2540228462        0.0744241222
  34.  33.        1.1136303868       -0.3057137575
  34.  34.       -1.0169119392       -0.0626676587
  35.   0.        0.0049782454        0.0000000000
  35.   1.        0.0400681923        0.0847736249
  35.   2.        0.0401853871        0.5750465662
  35.   3.        0.2955801571       -0.1196494051
  35.   4.       -0.2378823055       -0.2491097070
  35.   5.       -0.6198799928        0.4653050177
  35.   6.        1.2669936031       -0.6354052757
  35.   7.       -0.5526168590       -0.3733735432
  35.   8.       -0.3426744584        0.4716767639
  35.   9.        0.3639602505        0.1691592592
  35.  10.       -0.5582816902        0.2439679554
  35.  11.       -0.3015813646        0.5778139068
  35.  12.       -0.1063750183       -1.3092313481
  35.  13.       -0.0227497086        0.5472980241
  35.  14.        0.7093052300       -0.0804375904
  35.  15.       -1.0108706319       -0.2084362978
  35.  16.        0.0262303210       -0.0744093498
  35.  17.        0.6186016810       -0.4600334944
  35.  18.       -0.5435966098       -0.4225367880
  35.  19.       -0.3608533872        0.2290252225
  35.  20.       -0.2213266993        0.7108231209
  35.  21.        0.4018564786        0.6214388191
  35.  22.        0.6877452902        0.1029179697
  35.  23.        0.2067622428       -0.4856920938
  35.  24.        1.7135516003        0.1527802554
  35.  25.       -0.5510994673        0.0117783672
  35.  26.        0.4268945540        0.2196794164
  35.  27.       -0.7372989028       -0.5260571485
  35.  28.       -0.0568261818        0.0005349186
  35.  29.        0.2538559839        0.6614494000
  35.  30.        0.1807888049       -0.2234975550
  35.  31.        0.2167531021       -0.7135699912
  35.  32.        0.6073420638        0.9865959117
  35.  33.        0.7926983723       -0.9053994507
  35.  34.        0.0186930366       -0.1087588210
  35.  35.       -0.2931909195       -0.5079248285
  36.   0.       -0.9942965485        0.0000000000
  36.   1.        0.7847229434        0.5122293725
  36.   2.       -0.1081240405       -0.7697272674
  36.   3.        0.0355032283       -0.4409615541
  36.   4.        0.7484230932        0.1552769752
  36.   5.       -0.9511983349       -0.4891239066
  36.   6.       -0.2827929838        0.6067285133
  36.   7.        0.1897829558        0.0212252561
  36.   8.       -0.0009299337       -0.7801234905
  36.   9.        0.2880171039       -0.2228482832
  36.  10.        0.2370010739        0.4320132459
  36.  11.       -0.3603154268       -0.8274652061
  36.  12.        0.3259750506        0.1680105143
  36.  13.        0.4813864576       -1.8766691408
  36.  14.        0.6906340991        0.6831652664
  36.  15.       -0.1625445576       -0.5742865841
  36.  16.       -0.0534137736       -0.2063306355
  36.  17.        0.0873102957        0.7287605735
  36.  18.        0.3132472302        0.2088494465
  36.  19.       -0.0399947977        0.1871296995
  36.  20.        0.9657261861       -0.1273122831
  36.  21.       -1.1283948968        0.2989918667
  36.  22.       -0.0616616599        0.4305545873
  36.  23.       -0.2998154052        0.2301725171
  36.  24.       -0.3275116417       -0.0222892374
  36.  25.        0.9125727922       -0.8159884055
  36.  26.       -0.2166359253       -0.3243586221
  36.  27.        0.3516583343        1.0067104455
  36.  28.       -0.7607137030       -0.0487730070
  36.  29.       -0.5604947880       -0.0635445733
  36.  30.       -0.3525851037        0.0165064673
  36.  31.        0.0209634970        0.4926001475
  36.  32.        0.2528126261        0.0480851139
  36.  33.        0.9335453280        0.6684838643
  36.  34.       -0.3075382916       -0.6934378835
  36.  35.        0.7059651013       -0.0583721595
  36.  36.        0.4663714736        0.4478812621
  37.   0.       -0.3745967992        0.0000000000
  37.   1.       -0.4813657687        0.0244508043
  37.   2.       -0.2894148312        0.1528984013
  37.   3.        0.2215718370       -0.7111281152
  37.   4.        0.0655507860        0.2663034071
  37.   5.        0.5589976726       -0.0472579457
  37.   6.       -1.1380720940       -0.2333624274
  37.   7.       -0.0292131652        0.7986904957
  37.   8.       -0.0073134725       -0.3863063398
  37.   9.       -0.8371792579        0.1171188144
  37.  10.        0.4402726993        0.6413969078
  37.  11.       -0.0398335424       -0.5125162795
  37.  12.       -0.0308097322        0.6647014458
  37.  13.       -0.2202624780       -0.1325018942
  37.  14.       -0.3714845784       -0.6618420953
  37.  15.       -0.0369670456        0.2448018463
  37.  16.        0.1385985698       -1.0890272895
  37.  17.        0.6357078720        0.2473194460
  37.  18.        0.3141637873        1.1866116874
  37.  19.        0.5837050550       -0.2746172064
  37.  20.        0.0318369434        0.7159388186
  37.  21.        0.4118345690       -0.7648677275
  37.  22.        0.1311699414        0.0578784972
  37.  23.       -0.3525411161       -0.0193224608
  37.  24.       -0.8625920520        0.1032024835
  37.  25.        0.1425525892        0.5969786917
  37.  26.        0.6205122722       -0.5464915269
  37.  27.        0.2558434335       -0.9812822765
  37.  28.       -0.3116124648        0.9321876010
  37.  29.       -1.0234889910        0.3525465021
  37.  30.        0.5059083892        0.6382147818
  37.  31.        0.0864250505       -0.4622278049
  37.  32.        0.3954879061        0.7031415872
  37.  33.        1.2363636759       -0.5697208132
  37.  34.       -0.5733900798       -0.4259107851
  37.  35.       -0.2836561245        0.9633647799
  37.  36.        0.6336125093       -0.0291788019
  37.  37.        0.4880327612       -0.1806958549
  38.   0.        0.2554346166        0.0000000000
  38.   1.       -0.5214876694       -0.4001954101
  38.   2.       -0.3266682398       -0.1307610642
  38.   3.       -0.2449576615        0.1792965245
  38.   4.       -0.1239812214       -0.1215029158
  38.   5.       -0.0277896821        0.4894914818
  38.   6.        0.1784405058       -0.1838560204
  38.   7.       -1.0777927722       -0.6916986814
  38.   8.        0.2930914527        0.9674747720
  38.   9.        0.3678526142       -0.3467991546
  38.  10.       -0.4237077703        0.5755477852
  38.  11.        0.7948484751       -0.4543391544
  38.  12.        0.1990598975       -0.0693841227
  38.  13.        0.2308206102        0.4914004365
  38.  14.       -0.7269767783        0.2592280637
  38.  15.       -0.5440324871        0.0737088226
  38.  16.        0.0599926173        0.5683012484
  38.  17.        0.4656568188       -0.4504712799
  38.  18.        0.5591735610        0.2356504537
  38.  19.       -0.0854474830       -0.6677689532
  38.  20.       -1.3921883817        0.3432508112
  38.  21.       -0.0986877337       -0.1657946709
  38.  22.        0.3530003065       -0.4029130856
  38.  23.        0.0881406960       -0.8460378280
  38.  24.        0.5877712349        0.0559697016
  38.  25.       -1.1546536861       -0.1590221271
  38.  26.        0.2085887249       -0.3770351618
  38.  27.        0.6232354217       -0.3184837471
  38.  28.        0.4687012415       -0.9859734596
  38.  29.       -0.0423325189        0.9769996208
  38.  30.       -1.4906273274        0.0465564247
  38.  31.       -0.5472874838        0.5326939608
  38.  32.        0.1833759300       -1.5413830182
  38.  33.        0.3465957382       -0.2093077813
  38.  34.       -0.2901370540        0.1154148066
  38.  35.        0.1283888049       -0.2011889877
  38.  36.        0.5341074471        1.1816354550
  38.  37.        0.6583855820       -0.8265390619
  38.  38.        0.8265855348        0.3441165131
  39.   0.        0.4274770562        0.0000000000
  39.   1.        0.5218983471       -0.4598368893
  39.   2.        0.1998859886        0.3202548481
  39.   3.       -0.4055093460        0.5518696364
  39.   4.        0.0152832405        0.4782197702
  39.   5.       -0.5319688641        0.0967305775
  39.   6.        0.5259645787        0.7658262833
  39.   7.        0.7790816348       -0.1676298734
  39.   8.       -0.6042849194        0.3988516900
  39.   9.        0.4888978098        0.4784648399
  39.  10.       -0.9654360951       -1.2488492946
  39.  11.       -0.3498791114        0.0050627027
  39.  12.        0.1991862122        0.0450550260
  39.  13.        0.2340838076       -0.4815199755
  39.  14.       -0.1972218794        0.4706134430
  39.  15.        1.0485495542       -0.4325064996
  39.  16.       -0.4967531972        0.4609905385
  39.  17.       -0.5364973508       -0.2681674008
  39.  18.       -0.3007642985       -1.1428164781
  39.  19.        0.3855190025        0.1423817939
  39.  20.        0.1770107967       -0.5558150698
  39.  21.       -1.0779369616        0.4509837611
  39.  22.       -0.3975288233       -0.0109518593
  39.  23.        0.6905794153        0.4478421992
  39.  24.        0.1003832186        0.7541401158
  39.  25.        0.7283160192        0.5432018403
  39.  26.       -1.2161296503       -0.0699531773
  39.  27.       -0.2592219577        0.4194821428
  39.  28.       -0.3869792273       -0.0138845077
  39.  29.        0.5074529508        0.3734997274
  39.  30.        1.2931651665        0.0486251910
  39.  31.       -0.6311326939        0.5975330936
  39.  32.       -0.3554813512       -0.5201873753
  39.  33.        0.5364555900       -0.2950577936
  39.  34.       -0.1956110072       -0.3136393517
  39.  35.       -0.2736505816        1.1558626216
  39.  36.        0.6979684034       -0.8639524844
  39.  37.        0.7487909658        0.8569447773
  39.  38.       -1.1450658959        0.1350912109
  39.  39.        0.6077394366        0.2233647903
  40.   0.        0.2261391425        0.0000000000
  40.   1.       -0.2351130539        0.0422595185
  40.   2.        0.8356854761       -0.0137159062
  40.   3.        0.2097724883        0.2205521375
  40.   4.        0.5104009417        0.4407571619
  40.   5.        0.6393911700       -0.4663974936
  40.   6.       -0.0635318299       -0.1582752630
  40.   7.        0.1157080672        1.1129749256
  40.   8.        0.2497585747       -1.0470962318
  40.   9.       -0.4433050177       -0.2366951797
  40.  10.        1.0636773047        0.0066216207
  40.  11.       -0.6338635903        0.3854804133
  40.  12.       -0.0231478157        0.7650089475
  40.  13.       -0.4650142353        0.4413542517
  40.  14.        0.1134977664       -0.5489446002
  40.  15.        0.7864126045        0.8586836156
  40.  16.       -0.0033137637       -0.1170824150
  40.  17.       -0.6308631594        0.2181946031
  40.  18.       -0.2203110445       -0.3696968425
  40.  19.       -0.1190247969       -0.4973917415
  40.  20.        0.4919090019       -0.1941838369
  40.  21.        0.4156257522        0.1936913929
  40.  22.       -0.7423305134        0.1523710677
  40.  23.       -0.0941702817       -0.1291765544
  40.  24.       -0.2172760936        0.1905539762
  40.  25.       -0.6643441023        0.6769893758
  40.  26.        0.6277587660       -0.3145001917
  40.  27.       -0.8654157278       -0.1881862880
  40.  28.        0.2274515123       -0.1246802054
  40.  29.       -0.5583836268       -0.4285686102
  40.  30.        0.4329975390       -0.4993671459
  40.  31.       -0.8983756942       -0.1428960258
  40.  32.        0.4125731895       -0.2366517706
  40.  33.       -0.8951420139        0.2331066552
  40.  34.        1.2096103841        0.8681631516
  40.  35.        0.1600199468       -0.5200273405
  40.  36.        0.7733654354        0.6840417488
  40.  37.        0.0644025084       -0.6015442154
  40.  38.        0.4345834355        0.1319521615
  40.  39.       -0.6628520099        0.9978810982
  40.  40.        0.0829381086       -0.1854490272
  41.   0.        0.6306446927        0.0000000000
  41.   1.       -0.2780918425       -0.4702691302
  41.   2.       -0.3122144858        0.1229773410
  41.   3.       -0.1486345858        0.2104748125
  41.   4.       -0.8072333318       -0.0806319194
  41.   5.        0.7000632173       -0.0663498841
  41.   6.        0.0158364041       -0.5907667781
  41.   7.       -0.4731118412        0.4389835898
  41.   8.        0.3388756301        0.5523431918
  41.   9.       -0.2270712958        0.1058420946
  41.  10.        0.2806785241        0.4578474418
  41.  11.        0.4066105456        0.3663526069
  41.  12.       -0.0302526324        0.2226993536
  41.  13.        0.3775181050        0.4202154437
  41.  14.        0.0514142567       -0.1123717022
  41.  15.       -0.5266565479       -0.4804705460
  41.  16.        0.7367585373        0.5119230308
  41.  17.        0.0016105621       -0.5289793312
  41.  18.        0.6261241700        0.3490746806
  41.  19.        0.1464681610       -0.6577928642
  41.  20.       -0.0406896486       -0.3107368319
  41.  21.        0.4193191331        0.1617050941
  41.  22.        0.6249597377        0.0457036627
  41.  23.       -0.6881726934       -0.0245832280
  41.  24.        0.7626064442        0.1860816470
  41.  25.       -0.4769895511       -0.5561606373
  41.  26.        0.2733745792       -0.4837667006
  41.  27.       -0.3527665715       -0.0256600965
  41.  28.        0.5270263465       -0.0049404779
  41.  29.        0.9339694864       -0.1596124264
  41.  30.       -1.1687091548       -0.0483840365
  41.  31.       -0.3572601804       -0.6053666812
  41.  32.        0.3230834211        0.4291753973
  41.  33.        0.1872444912       -0.0571934666
  41.  34.       -1.8900145236       -0.0796102882
  41.  35.        1.7315786042       -0.2993002758
  41.  36.        0.0526664662       -0.4406477044
  41.  37.        0.9395901994        0.3959144697
  41.  38.       -0.9582230093       -0.6857896306
  41.  39.        1.0602505480       -0.1322841374
  41.  40.       -0.5033153203        0.3868489422
  41.  41.       -0.4363043975        0.4028156718
  42.   0.        0.2025878640        0.0000000000
  42.   1.        0.9276363695       -0.2505121821
  42.   2.       -1.1092856780        0.0719385974
  42.   3.        0.6493205075        0.0429020630
  42.   4.       -0.1557280446       -0.4193208261
  42.   5.       -0.4660101788       -0.1664816041
  42.   6.       -0.2708272646       -0.0494431289
  42.   7.       -0.3142042677       -1.7009815240
  42.   8.       -0.5829745909       -0.1778150391
  42.   9.        0.7516068847       -0.0410786581
  42.  10.       -0.7706012212       -0.7454538790
  42.  11.        0.2167266472       -0.5195874455
  42.  12.        0.1585309649       -0.4665885061
  42.  13.       -0.3178130019       -0.5188585364
  42.  14.        0.2746297825       -0.4165382500
  42.  15.       -0.5790751028       -0.7107247607
  42.  16.       -0.2969081471       -0.1154141122
  42.  17.       -0.1320343159       -0.1725846790
  42.  18.       -0.1494499455        0.0376670367
  42.  19.       -0.2157646654        0.9839628740
  42.  20.        0.2314875433       -0.3220712222
  42.  21.       -0.3010161246       -0.2277907865
  42.  22.       -0.3055379658        0.6349533406
  42.  23.        0.0113632711       -0.3092920903
  42.  24.       -0.3584855930       -0.0386655358
  42.  25.        0.6138265233       -0.2837901456
  42.  26.       -0.6908131803        0.7654338411
  42.  27.       -0.2536219454       -0.6265140344
  42.  28.       -1.2823469314       -0.2865173049
  42.  29.        0.6768463713       -0.2196854585
  42.  30.        1.1641155152        0.7428677657
  42.  31.       -0.3661198168       -0.6946058997
  42.  32.        0.1729068151        0.6483610489
  42.  33.        0.1523151682        0.4533619642
  42.  34.        1.4273277328       -0.6746698620
  42.  35.        0.1107953802       -0.4714302102
  42.  36.       -0.2511653714       -0.4121916509
  42.  37.        1.5064984497        0.4064151680
  42.  38.       -0.0339777634       -0.3514935600
  42.  39.       -1.6072411517        0.8748980303
  42.  40.        0.8706906149       -1.1438258758
  42.  41.        0.1828341179        0.4992942874
  42.  42.       -0.3738796271        0.1978369263
  43.   0.       -0.1785898892        0.0000000000
  43.   1.        0.1165170437        0.4517991353
  43.   2.       -0.2079888684       -0.7884618360
  43.   3.        0.1368745201        0.4254987360
  43.   4.        0.6569733948       -0.1588356931
  43.   5.        0.1603007026       -0.1666860602
  43.   6.       -0.7929084952        0.3097789573
  43.   7.        0.6063719999        0.2453922423
  43.   8.       -0.2207049324       -0.6998825786
  43.   9.        0.2970065908        0.3147133024
  43.  10.        0.7489831721        0.0776905568
  43.  11.        0.4466808613       -0.0249740505
  43.  12.       -0.3189935564        0.3137127025
  43.  13.       -0.2507958538       -0.3337880053
  43.  14.       -0.6023425028       -0.0293101899
  43.  15.        0.4911838138        0.0157788587
  43.  16.       -0.4048189371       -0.0338513016
  43.  17.        0.5182052056        0.5683056194
  43.  18.       -0.2672566026       -0.1001601983
  43.  19.       -0.6951768739        0.0184181002
  43.  20.       -0.0385174146        1.1123863593
  43.  21.        0.4509884180       -1.0081595691
  43.  22.        0.2736734858        0.2078725433
  43.  23.        0.1354545386       -0.8034942697
  43.  24.       -1.1288935431       -1.1829020712
  43.  25.       -0.0670018863       -0.2863339220
  43.  26.        0.3305730423        0.1157915081
  43.  27.        0.0187196108        0.3420175653
  43.  28.       -0.4390401527       -0.1394727186
  43.  29.       -0.7799757786        0.1589131885
  43.  30.       -0.6800047463        0.1928733996
  43.  31.        1.1572509008       -0.0027178137
  43.  32.        0.1805255881       -0.4239269870
  43.  33.       -0.4078781950        0.2289609612
  43.  34.        0.2287461653        0.0442112793
  43.  35.       -0.1390734034        0.1625336022
  43.  36.        0.3931118406       -0.4718748919
  43.  37.       -0.3285347981       -0.0611896226
  43.  38.        0.5097012538        0.3199615907
  43.  39.        0.2804505457       -0.8663829969
  43.  40.        0.0879920735        0.6877833693
  43.  41.       -0.3069457858       -1.1262381288
  43.  42.       -0.1152510733        0.8691651190
  43.  43.        0.2642740665        0.2729362650
  44.   0.        0.9463065442        0.0000000000
  44.   1.       -0.1844260320        0.5553796120
  44.   2.        0.0789367445        0.5074556552
  44.   3.       -0.7431362624       -0.7356355687
  44.   4.       -0.0863347245        0.3300597764
  44.   5.        0.0450134680       -0.2245549700
  44.   6.        0.3760534890       -0.6907226639
  44.   7.        0.6821697050        1.2328232484
  44.   8.        0.7908201177        0.1798720117
  44.   9.       -0.6177717853        0.0637897025
  44.  10.        0.4278491921        0.1634327537
  44.  11.        0.5455843665       -0.0254325154
  44.  12.       -0.6955319401       -0.4762177673
  44.  13.        0.2731092183        0.0091327485
  44.  14.       -0.4598330634       -0.5927271094
  44.  15.       -0.4409489900        0.2412047970
  44.  16.        0.7098429339       -0.7008668649
  44.  17.       -0.4639285902       -0.5926616349
  44.  18.       -0.1121548267        0.0333603067
  44.  19.        0.1631342451       -0.1645522049
  44.  20.       -0.8560212741        0.6926966577
  44.  21.        0.1893506631        0.5050525406
  44.  22.        0.3166111734       -0.4715506629
  44.  23.        0.3372191631        0.6846246365
  44.  24.       -0.0069741111       -0.6594480496
  44.  25.       -0.3237322301        0.1417098827
  44.  26.       -0.5032299831       -0.7839248461
  44.  27.       -0.0596342335       -0.0201309335
  44.  28.        0.5244417652        0.3887671456
  44.  29.        0.3621798672        0.0580966526
  44.  30.       -0.2848650333        0.2008882239
  44.  31.       -0.2607510808       -0.1831459399
  44.  32.       -0.1566077083       -0.1350987890
  44.  33.        1.0324707228       -0.5793526794
  44.  34.       -0.2874185767       -0.1943323651
  44.  35.       -1.2800962050       -0.3417682312
  44.  36.       -0.3173736497       -0.0772059545
  44.  37.        0.0500220926        0.2838500714
  44.  38.       -1.0952544999       -0.0529477941
  44.  39.       -0.0101309231        1.0784429571
  44.  40.        1.4554387644       -0.7916440070
  44.  41.        0.7688714854        1.3624184972
  44.  42.       -0.5824514793       -0.0181979774
  44.  43.        1.0270536102        0.1474004179
  44.  44.        0.3870199052        0.5386963133
  45.   0.       -0.1397130024        0.0000000000
  45.   1.        0.4988868447        0.4704758306
  45.   2.       -0.4108252800        0.6157212210
  45.   3.        0.5430055018       -0.0774318110
  45.   4.       -0.0457975319       -0.7158207514
  45.   5.       -0.8586570224        0.0945304135
  45.   6.        1.6159674965        0.2237272463
  45.   7.        0.5158584371        0.0810082944
  45.   8.       -0.4588962855        0.4909101046
  45.   9.        0.0428900511        0.0051180731
  45.  10.       -0.8497951436       -0.2562384159
  45.  11.       -0.3325359675        0.3787622488
  45.  12.       -0.1835939686        0.0445039290
  45.  13.       -0.2308455616       -0.0564818987
  45.  14.        0.9720631004       -0.1183668442
  45.  15.       -0.2396136451       -0.2900638480
  45.  16.        0.0586175520       -0.3150876346
  45.  17.       -0.5402243028        0.1177699542
  45.  18.       -0.2310023143       -0.0431159807
  45.  19.       -0.0315195011        0.3868224848
  45.  20.        0.0766297117       -0.1800533485
  45.  21.       -0.1852530033        0.9824297775
  45.  22.       -0.5931557097       -0.5856312210
  45.  23.       -0.3974606516        0.5064422892
  45.  24.        0.3192427689        0.7610921328
  45.  25.        0.3691171416        0.2145066994
  45.  26.       -0.0540787575       -0.0307402645
  45.  27.        0.5983675561       -0.5125726633
  45.  28.       -0.0072296168       -0.1518216772
  45.  29.       -0.2314313001        0.0534917096
  45.  30.        0.5709208873        0.1782224297
  45.  31.       -0.5582452921        0.1089431796
  45.  32.       -0.0213824822       -0.2270503591
  45.  33.       -0.5381255394        0.5072014430
  45.  34.        0.7605535844       -0.5026068392
  45.  35.       -1.0271863380        0.4002830875
  45.  36.       -0.2118411664       -0.8521795517
  45.  37.       -1.2395950356        0.1797309739
  45.  38.        1.9309526498       -0.1460441075
  45.  39.       -0.3107647666       -0.3402975074
  45.  40.        0.2623911585        0.5145114609
  45.  41.       -1.0112431999       -1.0229062041
  45.  42.        1.0559298620        0.8565752245
  45.  43.       -0.5186290937        0.7921842582
  45.  44.        1.0092813941       -0.9348675031
  45.  45.       -0.0888120497        0.7276473758
  46.   0.       -0.7541063083        0.0000000000
  46.   1.       -0.7048334100       -0.4473557172
  46.   2.        0.6890863227        0.3471657402
  46.   3.        0.2270930080        0.8735547975
  46.   4.       -0.0911458843        0.2533236097
  46.   5.       -0.5065673942        0.4141503152
  46.   6.       -0.3711391733        0.4462991659
  46.   7.        0.1404495756       -0.5923854981
  46.   8.       -0.5808588388       -0.7141463908
  46.   9.        0.4830976271        0.2414569288
  46.  10.        0.8710282644        0.0161120846
  46.  11.       -0.1045558376        0.0198568942
  46.  12.        0.7055374205        0.1296657170
  46.  13.       -0.4472391501        0.4295545752
  46.  14.        0.5718002555        0.9451835738
  46.  15.        0.7118097458       -0.1664106350
  46.  16.       -0.6233039005       -0.3223570347
  46.  17.        0.3843717298        0.1815651618
  46.  18.       -0.1199312070        0.4868271221
  46.  19.       -0.2407938284       -0.1127397625
  46.  20.        0.5456579203       -0.2101244526
  46.  21.       -0.0573453906       -0.6759989406
  46.  22.        0.8506304958        0.7540201849
  46.  23.       -0.1457212643       -0.2841011143
  46.  24.        0.4740696019       -0.0355059043
  46.  25.        0.1657577114        1.3238375773
  46.  26.        0.8579601970        0.2149591284
  46.  27.       -0.0877734167        0.3895578472
  46.  28.        0.2433880573       -1.0614367602
  46.  29.       -0.4129705468       -0.1419777687
  46.  30.       -0.3645065424       -0.7723355670
  46.  31.        0.0320561098        0.6379852221
  46.  32.        0.1292545523       -0.4758309005
  46.  33.       -0.3740608071       -0.6243490007
  46.  34.       -0.7339784429        0.8925406496
  46.  35.        0.0070261087        0.4735687837
  46.  36.       -0.3310635392        1.5996392144
  46.  37.        0.0923007267       -0.3190703945
  46.  38.       -0.5468147404       -0.0017334610
  46.  39.        1.4124684714        0.8001917926
  46.  40.       -0.2619813830        0.1331995601
  46.  41.        0.7313717863        1.0298314706
  46.  42.       -1.9431255581       -0.0496953076
  46.  43.        1.4111718537       -0.4064388976
  46.  44.       -0.1820254561        0.4950926765
  46.  45.       -0.3583513835        0.0116392713
  46.  46.        0.1422669448        0.5065687652
  47.   0.       -0.0313808963        0.0000000000
  47.   1.       -0.3120116355       -0.1314894482
  47.   2.        0.0011347836       -0.9782179708
  47.   3.       -0.1913624915       -0.7498197284
  47.   4.       -0.5075060660        0.2455396846
  47.   5.        0.8343228745       -0.1456491590
  47.   6.       -0.8031060845        0.3059624176
  47.   7.       -0.7014396062       -0.5134452166
  47.   8.       -0.0070048084        0.2028193070
  47.   9.       -0.7132278463       -0.5655485817
  47.  10.        0.8922628522        0.6842960347
  47.  11.        0.3873068040       -0.3803475092
  47.  12.       -0.0991818570        0.4869068440
  47.  13.       -0.2061080940        0.1678008469
  47.  14.       -1.3861912856       -0.4020042653
  47.  15.        0.1059816756        0.0754352653
  47.  16.        0.1388505790       -0.1932260006
  47.  17.       -0.3638845442       -0.3925839403
  47.  18.        0.8294796929        0.5922453822
  47.  19.        0.4523142432       -0.3382013446
  47.  20.       -0.1918545275       -0.0746012400
  47.  21.        0.4222055157       -0.1517064993
  47.  22.        0.4419620085        0.2468183342
  47.  23.        0.0581795431        0.3694621674
  47.  24.       -0.0884825056       -0.2346986315
  47.  25.       -0.1045516922       -1.1691403880
  47.  26.        0.1336346284       -0.1591449135
  47.  27.       -0.2953829384       -0.3046126606
  47.  28.        0.3387525521        0.0470472552
  47.  29.        0.2509872207       -0.4724432996
  47.  30.       -0.5002366007       -0.3390739909
  47.  31.       -0.9567891100       -1.0824186503
  47.  32.        0.4005241570        0.2177973279
  47.  33.        0.4577592416       -0.5395479531
  47.  34.       -0.7224558015        0.5833636356
  47.  35.       -0.5329775345       -0.4791764955
  47.  36.       -0.3191714813       -0.2014792896
  47.  37.       -0.1205587529        0.5102834816
  47.  38.        1.0806031654        0.2468420948
  47.  39.       -0.8183642545        0.3989151055
  47.  40.        0.0717225335        0.5490806003
  47.  41.        0.9681380687        0.7899852196
  47.  42.       -0.8343445501        0.1562492502
  47.  43.       -1.2683875450        0.3421499959
  47.  44.        1.1193743407       -1.3107434842
  47.  45.       -0.8924999093        0.9108897732
  47.  46.       -1.0015959145       -0.4404727043
  47.  47.        0.6532228595        1.2904939236
  48.   0.        0.0258022236        0.0000000000
  48.   1.        0.0843841771        0.7005471239
  48.   2.       -0.2707707593        0.2097513025
  48.   3.        0.2139609890        0.0489347597
  48.   4.       -0.6559335853       -0.6604762837
  48.   5.        0.3006411710        0.6054283301
  48.   6.        0.2129260036       -0.0880903563
  48.   7.       -1.1338219170       -0.6355283047
  48.   8.       -0.4122157878        0.9990415759
  48.   9.        0.1437825943       -0.5709748721
  48.  10.       -0.9719414745        0.1586292313
  48.  11.        0.8969270910       -0.2117212573
  48.  12.       -0.8482421133        0.2065489229
  48.  13.        0.1688062621        0.0410984391
  48.  14.       -0.3738433639        0.1572663179
  48.  15.       -0.7192145630       -0.0659433558
  48.  16.       -0.0411991399        0.4448989991
  48.  17.        0.3690204653       -0.6476438356
  48.  18.        0.1251011813       -0.1703882196
  48.  19.        0.7884083384        0.3972528237
  48.  20.       -0.5951688341       -0.1713538871
  48.  21.       -0.3963187764       -0.6301769922
  48.  22.        0.0510066319       -1.0112479451
  48.  23.       -0.1599344737       -0.3344334244
  48.  24.       -0.4766311606        0.7989774007
  48.  25.        0.2186736182       -0.8265709005
  48.  26.       -1.1067710247        0.4498676263
  48.  27.       -0.4917624150       -0.3019360812
  48.  28.       -0.1222946214        0.5359827287
  48.  29.       -0.5400435995       -0.2013642660
  48.  30.        0.7018194141        0.8215784208
  48.  31.       -0.1248040089        0.4542324537
  48.  32.       -0.1747745920        0.3298426333
  48.  33.       -0.4275392055        0.5006174107
  48.  34.        0.3069817086       -0.1289025785
  48.  35.        0.6350932969        0.0417329378
  48.  36.        0.1807392651       -0.3631613237
  48.  37.       -0.7199462020        0.1136786944
  48.  38.       -1.0247632964       -0.4235960840
  48.  39.        0.7648154815       -0.2143808879
  48.  40.       -0.4589214870        1.3553242421
  48.  41.       -0.3602764703        0.0222644011
  48.  42.       -0.2654778780        0.1438958580
  48.  43.        0.3647927221        0.0621494735
  48.  44.       -1.1635683895        0.9384653114
  48.  45.       -0.3350327674       -1.2219508794
  48.  46.       -0.0491127933        1.1765678793
  48.  47.       -0.1215498614        0.4172400105
  48.  48.       -0.0946100668       -0.4055405196
  49.   0.       -0.5673888621        0.0000000000
  49.   1.       -0.0111151173       -0.5325653042
  49.   2.        0.8683387449        0.2376361276
  49.   3.       -0.8976017924        0.5663280109
  49.   4.        0.5175843511        0.1368743073
  49.   5.       -0.6452032692        0.1743960013
  49.   6.       -0.7075974135        0.1862659005
  49.   7.        0.2870619893        0.0663896060
  49.   8.       -0.4764611009       -0.4413698683
  49.   9.        1.0198479398        0.1166668554
  49.  10.        0.5449420899       -0.8441295502
  49.  11.       -0.5604998675       -0.1063859659
  49.  12.       -0.1389358715       -0.3581067901
  49.  13.        0.1038176325       -0.3367474617
  49.  14.        0.5826734904        0.6455086997
  49.  15.        0.0512088832       -0.1708135780
  49.  16.       -0.0443435847        0.6130168371
  49.  17.        0.8886665180        0.6432569354
  49.  18.       -0.0290719109       -0.5440858655
  49.  19.       -0.1848993921        0.2966963823
  49.  20.        0.4331512814        0.2350428773
  49.  21.       -0.7310249123       -0.1947690200
  49.  22.       -0.0793638966        0.0123345005
  49.  23.        0.2500400797       -0.4941669322
  49.  24.       -0.3062265673       -0.4916797337
  49.  25.       -0.1604606202        0.6476430728
  49.  26.       -0.1555179870        0.4226098704
  49.  27.        0.3606396349        0.3344447098
  49.  28.        0.0385211695        0.0768133457
  49.  29.        0.7450056324        0.0044925679
  49.  30.        0.3178778463       -0.3067152880
  49.  31.        0.5812531691        0.5473586126
  49.  32.       -0.0363011911       -0.5157809130
  49.  33.        0.4433539546       -0.0045164258
  49.  34.       -0.5754253458       -0.4782823690
  49.  35.        0.3596240461       -0.5618129030
  49.  36.        0.1106552345        0.4919046570
  49.  37.        0.1920441709       -0.2055597106
  49.  38.       -0.9163107968        0.4077274311
  49.  39.        0.1695768688       -0.6358058988
  49.  40.       -0.3443265401        0.6812057415
  49.  41.        1.0242944467        0.1833016632
  49.  42.        0.1111097667       -0.9135851827
  49.  43.       -0.1636316191        0.3581316068
  49.  44.        0.6185810585       -0.6214133486
  49.  45.       -0.9252488130        0.9969695104
  49.  46.       -1.0164762048       -0.4924679976
  49.  47.        0.2134656359        0.9945353993
  49.  48.       -0.9763648143       -0.4208665004
  49.  49.       -1.0204734844        0.2822521767
  50.   0.       -0.2516623608        0.0000000000
  50.   1.        0.2456143833       -0.0234075912
  50.   2.        0.4032936872       -1.4051316731
  50.   3.       -0.3771560839       -0.3762282326
  50.   4.        0.8550915846        0.8127763875
  50.   5.        0.7521986398       -0.0801429121
  50.   6.       -0.1288782774       -0.2431108919
  50.   7.        1.0781211438        0.8244114485
  50.   8.        0.5676564675       -0.5310879774
  50.   9.       -0.3501730125        0.4750091662
  50.  10.       -0.0759045345       -0.5633345679
  50.  11.        0.1380246819       -0.0093352591
  50.  12.       -0.0208401242        0.0086087820
  50.  13.        0.3776815458        0.1993351016
  50.  14.       -0.0839459571       -0.4933720356
  50.  15.       -0.1733931907        0.2971565035
  50.  16.        0.0237816984       -0.6338892096
  50.  17.       -0.5898225421        1.1275554708
  50.  18.        0.1037398112       -0.5223744180
  50.  19.       -0.6777471362       -0.5268393443
  50.  20.        0.6313013549        0.0646874691
  50.  21.       -0.0135102232        0.4070353885
  50.  22.       -0.5490177516        0.3175336111
  50.  23.       -0.2232912094        1.2870707145
  50.  24.       -0.5142672284       -0.5735882131
  50.  25.        0.7236501876        0.1206661213
  50.  26.       -0.2172145401       -0.0207705341
  50.  27.        0.2500540548       -0.7469759940
  50.  28.        0.5330473032        0.3827293308
  50.  29.        0.8705961312        0.6285093707
  50.  30.       -0.0558044622       -0.0457927002
  50.  31.        0.1616130719       -0.7349462556
  50.  32.        0.1777422003       -0.0614150524
  50.  33.        0.1074655198       -0.4848681996
  50.  34.        0.4808754006       -0.2095912484
  50.  35.       -0.2365397360       -0.1991792081
  50.  36.        0.3520494797       -0.7193648106
  50.  37.       -0.6402180132        0.7287944853
  50.  38.        0.6947481229       -0.1931650034
  50.  39.       -1.1325783747        0.3827654277
  50.  40.        0.2038443243       -0.6279053820
  50.  41.       -0.5863316729        0.4728857579
  50.  42.        0.9131901767        0.1246530936
  50.  43.       -1.1003635153       -1.0638287503
  50.  44.       -0.2207820929        0.6388426847
  50.  45.        0.1915172730       -0.3905842701
  50.  46.        0.0801755834        2.0183055972
  50.  47.       -1.0147527314        0.2982270140
  50.  48.        0.9204197954       -0.0002157579
  50.  49.       -1.3238845855       -0.7251193949
  50.  50.       -0.1621672137       -0.0647633505
  51.   0.        0.0261323987        0.0000000000
  51.   1.       -0.8333412472        0.1024529197
  51.   2.       -0.4816516181        0.9075417329
  51.   3.        0.1090987909       -0.1854122894
  51.   4.        0.2838865384        0.0698248117
  51.   5.        0.2373451027       -0.3045867462
  51.   6.        0.6436436379       -1.0836664000
  51.   7.       -0.4862556680        0.5191037213
  51.   8.        0.8643263082        0.0486734358
  51.   9.       -0.3319097935       -0.6881441182
  51.  10.       -0.2238304165        0.9430126043
  51.  11.        0.4578018938       -0.0580051726
  51.  12.       -0.1821721324       -0.2748342866
  51.  13.        0.1344552229        0.5446681048
  51.  14.        0.5140311286       -0.0888184381
  51.  15.       -0.0955216761        0.6087533158
  51.  16.        0.4612759610       -0.3963213591
  51.  17.       -0.2363102096        0.0316641519
  51.  18.        0.2078949441       -0.1672597780
  51.  19.       -0.0885754326       -0.0579207246
  51.  20.       -0.3786433684       -0.2906507839
  51.  21.        0.3379784496        0.2825774491
  51.  22.       -0.3216801430       -0.5033483213
  51.  23.       -0.4965392279        0.7412624922
  51.  24.        0.3591589887        0.1718967434
  51.  25.        0.1679200541       -0.2961625066
  51.  26.        1.0801000686        0.0080176358
  51.  27.       -0.2250540337        0.2956193147
  51.  28.        0.3173524642       -0.5517967063
  51.  29.       -0.3443801808        0.7441748977
  51.  30.        0.0437064579        0.0582328977
  51.  31.       -0.1280814098        0.8353237611
  51.  32.       -0.5278940949       -1.0915717951
  51.  33.       -0.4910010149       -0.5112572239
  51.  34.        0.0411679678       -0.5544082895
  51.  35.       -0.1658352141        0.3673640892
  51.  36.        0.5813679994       -0.3977081200
  51.  37.        0.5053174559       -0.4896726022
  51.  38.       -0.1492600189       -0.1054122060
  51.  39.       -0.3576194656        0.5130753402
  51.  40.        0.3965037822       -0.3740572563
  51.  41.       -0.0893580186       -0.6388938738
  51.  42.       -0.2793874209        0.7572333423
  51.  43.        1.0065712804        0.4986708270
  51.  44.       -1.4442794013        0.2001352244
  51.  45.        0.4262615587       -0.3194154110
  51.  46.       -0.1249154636       -0.0905242554
  51.  47.        0.8211965817        1.0724105622
  51.  48.       -0.0801441798       -0.9528210385
  51.  49.       -0.0358231687       -1.0069318612
  51.  50.       -0.6462920850        0.8201555508
  51.  51.       -0.4030387508        0.1547252346
  52.   0.       -0.2719093887        0.0000000000
  52.   1.        0.0467633489       -0.8851881448
  52.   2.       -0.3470240416        0.5743153582
  52.   3.        0.2087983178        0.4358717047
  52.   4.       -0.6501850443       -0.3368908920
  52.   5.       -0.7431398550       -0.6745981546
  52.   6.       -0.2667013437        0.4340189480
  52.   7.        0.4086000544       -0.3609799582
  52.   8.       -0.1129989117        0.0672210008
  52.   9.       -0.1020957595       -0.0727045936
  52.  10.        0.4833902546        0.3354012612
  52.  11.        0.0881258016        0.9225048071
  52.  12.        0.4095295420       -0.2222639647
  52.  13.       -1.0717108350       -0.6799521020
  52.  14.        0.5943299275        0.1498603977
  52.  15.        0.6030216528       -0.4821143483
  52.  16.       -0.1806140678        0.1549002308
  52.  17.        0.8790288587       -0.3764472761
  52.  18.       -0.2540095513       -0.0573526226
  52.  19.        0.1535591090        0.7123860085
  52.  20.        0.0630431216       -0.0608614898
  52.  21.       -0.6747515723       -0.1066972215
  52.  22.        0.8557230040       -0.0654523355
  52.  23.        0.2253733187       -0.9582599258
  52.  24.        0.4318890763       -0.2455409920
  52.  25.       -0.5338710054       -0.2073329687
  52.  26.        0.3606315440        0.2300427923
  52.  27.       -0.2767916236        1.0947974026
  52.  28.       -0.5695544287       -0.6141387202
  52.  29.       -0.2419136881       -0.9914905147
  52.  30.        0.7805683055        0.4587719084
  52.  31.       -0.1300347670        0.3862753793
  52.  32.        0.0519531675        0.0547595324
  52.  33.       -0.1267470673       -0.6140414759
  52.  34.        0.3253670502        0.0931204617
  52.  35.       -0.7100708664       -0.6238644689
  52.  36.        0.2747659219        1.1849599262
  52.  37.        0.6436911490       -1.0054395082
  52.  38.        0.3186291217        0.5321950299
  52.  39.        0.2254566435       -0.5703878989
  52.  40.       -0.3456691551       -0.0457978353
  52.  41.       -0.4010143731        0.1407442556
  52.  42.       -0.9720418678       -0.8790640668
  52.  43.       -1.0456996299       -0.7975733852
  52.  44.       -1.2734536239        0.4564846424
  52.  45.        0.7741834008        0.2922471245
  52.  46.        0.3200863333       -0.6636813766
  52.  47.        0.2056344193        0.2383276897
  52.  48.        1.4855737059        0.3159109937
  52.  49.       -1.5510704155        0.7698724506
  52.  50.       -0.0299299204       -0.5697146780
  52.  51.       -0.0849889370        0.0585601435
  52.  52.       -0.5578985201       -0.4605505086
  53.   0.        0.1299435628        0.0000000000
  53.   1.       -0.0625187543        0.5106004127
  53.   2.       -0.2833203296       -0.6949684830
  53.   3.        0.3349471283       -0.2384155142
  53.   4.       -0.3837012462        0.0648274216
  53.   5.       -0.1413599343        0.3537973949
  53.   6.       -0.6678650682        0.4667032982
  53.   7.       -0.1408888821        0.0374873751
  53.   8.       -0.6780067426       -0.2066955848
  53.   9.       -0.8412119625        0.8466149978
  53.  10.        0.2316518045       -0.7018927713
  53.  11.       -0.1753774445        0.2564745539
  53.  12.        0.2146974311        0.5374821598
  53.  13.        0.5764805800       -0.2794150153
  53.  14.       -0.7613227576        0.3918790994
  53.  15.        0.3612759967       -0.1983401654
  53.  16.       -0.6727318731       -0.1741234928
  53.  17.       -0.3908041496        0.2693778835
  53.  18.        0.2053984535        0.6412549679
  53.  19.       -0.0092613433       -0.4370533474
  53.  20.       -0.0668545832       -0.1135023300
  53.  21.       -0.5213791551        0.2506923764
  53.  22.       -0.1455976484        0.4825933043
  53.  23.        0.4083268887       -0.2980408400
  53.  24.       -0.2881123746       -0.0435532909
  53.  25.        0.3234309623       -0.3457016290
  53.  26.       -0.5929255236        0.2392103906
  53.  27.       -0.4720014054       -0.2169846484
  53.  28.        0.0208879845        0.6663277016
  53.  29.       -0.2789827026       -0.7103652117
  53.  30.        0.1009769513        0.2697749941
  53.  31.       -0.2303935373       -0.7430403397
  53.  32.        0.5470127094        0.2707661207
  53.  33.       -0.2032815590        0.6365375181
  53.  34.       -0.0479974066        0.3699585898
  53.  35.        0.9181542249       -0.4075194695
  53.  36.       -0.2387512185       -0.0424633062
  53.  37.       -0.2556802590        0.4158849579
  53.  38.        1.2308138488       -1.0971623394
  53.  39.       -0.0150893922        0.5557496863
  53.  40.        0.8270725577       -0.9082333953
  53.  41.       -1.0185634219       -0.4809902297
  53.  42.       -0.1769667927        0.2582916184
  53.  43.        0.2251476881        0.0916334568
  53.  44.        0.3993885627       -0.4598175896
  53.  45.       -0.0720778359       -0.7110999281
  53.  46.        0.9952853743       -0.0628708936
  53.  47.       -0.4555950925        0.9171826817
  53.  48.       -1.0859282226        0.6420964117
  53.  49.       -0.2353523335       -1.2730319047
  53.  50.        0.0493456241        0.9454717760
  53.  51.       -0.0218617323       -0.1796474543
  53.  52.       -0.4111707170       -0.1980010236
  53.  53.       -0.6953753708        0.0724570684
  54.   0.        0.5232520318        0.0000000000
  54.   1.       -0.2309590618        0.4486200648
  54.   2.        0.1567009389        0.5748274996
  54.   3.        0.3510265558       -0.0000149285
  54.   4.        0.3880005849        0.1438107147
  54.   5.        0.4535050537        0.0231720140
  54.   6.        0.0897303223       -0.1174450796
  54.   7.       -0.1918054507        0.2158180993
  54.   8.        0.3638254159        0.5060493198
  54.   9.       -0.0667639893        0.6255422607
  54.  10.        0.2921170403        0.2104461437
  54.  11.        0.0624772335       -0.6308431393
  54.  12.       -0.5794781826        0.1778168538
  54.  13.        0.5595300123        0.0709773484
  54.  14.       -0.0673928832        0.3458081720
  54.  15.       -0.3918206334        0.0491109870
  54.  16.        0.7426344642       -0.2643201058
  54.  17.       -0.2883801288       -0.7906753191
  54.  18.       -0.6269455046        0.5881206203
  54.  19.        0.4490144853        0.2155171464
  54.  20.       -0.8374892185       -0.0856124200
  54.  21.        1.0701810928       -0.2755292620
  54.  22.       -0.5108604920        0.0621313688
  54.  23.       -0.1180559044       -0.2351037182
  54.  24.        0.3297618067        0.4993725393
  54.  25.        0.0193217253        0.2550360897
  54.  26.        0.1312115790       -0.3013316909
  54.  27.        0.1979496103       -0.4652354003
  54.  28.        0.1802344712        0.0466737126
  54.  29.       -0.5474120224        0.4320534010
  54.  30.       -0.0001265411       -0.0500042494
  54.  31.       -0.2918328983       -0.5047460973
  54.  32.       -0.2139394665        0.2322028983
  54.  33.        0.3634657332        0.6087781740
  54.  34.       -0.3731164064       -0.1428196915
  54.  35.        0.8459704226        0.4604642670
  54.  36.       -0.7812769966       -0.2784484830
  54.  37.       -0.0400189817       -0.1717371238
  54.  38.        0.1822484427       -0.1757795275
  54.  39.        0.7698297689        0.3832326633
  54.  40.       -0.1027632378        0.7201116230
  54.  41.        0.5557746861       -0.6645077339
  54.  42.       -0.4836297086        0.5294532560
  54.  43.        0.6141060859       -0.3617489165
  54.  44.        0.0900290698        0.4128022614
  54.  45.        1.0199604721       -0.4367875000
  54.  46.       -0.4819455280       -0.5929341581
  54.  47.        0.0923144718       -0.1624107777
  54.  48.        0.2093090330        0.1035460372
  54.  49.       -1.3050649485        0.7358700779
  54.  50.       -0.2877348906       -0.9011736886
  54.  51.        0.3869883242       -0.2563922500
  54.  52.       -0.4241592667       -0.5222381033
  54.  53.        0.2183148311        0.2233799701
  54.  54.       -0.6501501246       -0.1275353911
  55.   0.        0.0764549272        0.0000000000
  55.   1.        0.9399281645       -0.0576263739
  55.   2.        0.7105162847        0.1780193735
  55.   3.       -0.5915625389        0.6464044240
  55.   4.       -0.1452943818       -0.8333097393
  55.   5.       -0.3723978022        0.2051508838
  55.   6.        0.2635105536       -0.2093878162
  55.   7.        0.1476026128       -0.1374418180
  55.   8.       -0.1438423663        0.1472370923
  55.   9.        0.6549740505       -0.6202181974
  55.  10.       -0.0467683910       -0.1210321626
  55.  11.        0.4836260364        0.2725258299
  55.  12.        0.7381710098        0.0247772757
  55.  13.       -1.2995182071        0.6898412889
  55.  14.        0.1362136991       -0.0018627566
  55.  15.       -0.5914742464       -0.3976213532
  55.  16.       -0.7557096887       -0.0085520438
  55.  17.        0.4518417685        0.0839113561
  55.  18.       -1.0162385425       -0.1555210543
  55.  19.        0.1940964037        0.7024778863
  55.  20.        0.0834443660       -0.5330353582
  55.  21.        0.1179741297       -0.2854577619
  55.  22.        0.2373022331       -0.2065426804
  55.  23.        0.2114771075       -0.4318738345
  55.  24.        0.6040777209       -0.1517345632
  55.  25.       -0.3158534912        0.7568142149
  55.  26.       -0.1448119583       -0.1721037542
  55.  27.        0.5637430646        0.5629175567
  55.  28.       -0.0472175098       -0.4602948484
  55.  29.        0.4868977396        0.4319337295
  55.  30.       -0.4123334288        0.0212103265
  55.  31.        0.3340641552        0.4887890304
  55.  32.       -0.0587689059        0.0362530658
  55.  33.        0.1927967710        0.1391133380
  55.  34.        0.1882647719        0.1089590934
  55.  35.       -0.7410474917       -0.4434991826
  55.  36.        0.5518073237        0.3303641536
  55.  37.       -0.3823320214       -0.4599893584
  55.  38.       -0.1506794063        0.3167125906
  55.  39.        0.2784674734       -0.7514473893
  55.  40.       -0.3910406347        0.7710127071
  55.  41.        0.1416905619        1.2259524385
  55.  42.        0.0607352549       -0.2543360808
  55.  43.       -0.3415546669       -0.4779807690
  55.  44.       -0.0277803546       -1.0729504681
  55.  45.       -0.9523162949       -0.0634931061
  55.  46.        0.3968163517       -0.2335045896
  55.  47.       -1.2541119653       -0.8915513644
  55.  48.        0.2847741870        0.4339446603
  55.  49.        0.4831717207        0.6744697517
  55.  50.       -0.3864578176        1.2696930588
  55.  51.        0.5643984128       -1.4211424773
  55.  52.        0.6701119784        0.0511142941
  55.  53.       -0.4265495569        0.5080296352
  55.  54.       -0.2039442659        0.7511793216
  55.  55.       -0.7059289306       -0.4414179797
  56.   0.        0.0010698334        0.0000000000
  56.   1.        0.0663511605       -0.2833671611
  56.   2.        0.0327776622       -0.6608672077
  56.   3.       -0.1921374318       -0.4742387093
  56.   4.        0.5199350149        0.3691648443
  56.   5.       -0.9096765543        0.1307151467
  56.   6.        0.5070364282       -0.0097266871
  56.   7.       -0.1795491437       -0.5233901999
  56.   8.        0.2736525964       -0.6306533035
  56.   9.        0.0869948176        0.2677833110
  56.  10.        0.4309740119       -0.2472009879
  56.  11.       -0.6348987468       -0.2134979541
  56.  12.        0.7127763009        0.1927357219
  56.  13.       -0.3066748112       -0.4928820825
  56.  14.       -0.0364386928        0.3180012742
  56.  15.        0.2268184487        0.2584360857
  56.  16.       -0.4332869317       -0.2032433649
  56.  17.       -0.3535679855        0.8927020932
  56.  18.        0.6989181213       -0.6266889446
  56.  19.       -0.3272560678       -0.0379998188
  56.  20.       -0.0873710394        0.1992101424
  56.  21.       -0.3366962248        0.4068768517
  56.  22.        0.0335172802       -0.5000396743
  56.  23.        0.3314218523        0.4553356008
  56.  24.       -0.1238030647       -1.0769976655
  56.  25.       -0.0192221926        0.0638682610
  56.  26.        0.2051412184       -0.2238042430
  56.  27.        0.2118909209        0.2187543205
  56.  28.        0.0856905279        0.4151768161
  56.  29.        0.1342557341        0.0512488997
  56.  30.        0.2589477840        0.0120766859
  56.  31.       -0.1590081218        0.1636627768
  56.  32.       -0.2097707544       -0.3498844463
  56.  33.       -0.4677497918        0.1301367217
  56.  34.       -0.5541386505       -0.0296285066
  56.  35.        0.0256097672       -0.1280873620
  56.  36.        0.1327239590       -0.2781679826
  56.  37.       -0.2361311626        0.0514383798
  56.  38.       -0.1398016082        0.0331182857
  56.  39.       -0.0394354033        0.3965314115
  56.  40.        0.5371732269       -0.6178357411
  56.  41.        0.5569226025       -0.3648764540
  56.  42.        0.8874436985        0.1681175966
  56.  43.        0.2481291919       -0.0057733568
  56.  44.        0.4369500542       -0.2494798735
  56.  45.        0.3119989630       -1.0712079516
  56.  46.       -0.3720210636        0.7411239752
  56.  47.        0.5481910109        0.9028648269
  56.  48.       -0.7164197473        0.2457691340
  56.  49.        0.8910635967        0.4312856249
  56.  50.        0.3762596382        0.1027848095
  56.  51.        0.5584684505        0.7592993246
  56.  52.       -0.9190727068       -1.2144257072
  56.  53.        0.1668238438        0.8700813384
  56.  54.       -0.5943458852        0.3569233240
  56.  55.       -0.0836841715       -0.2318351338
  56.  56.       -0.2127074541        0.1061326611
  57.   0.        0.1274534500        0.0000000000
  57.   1.       -0.8414496684       -0.1733218511
  57.   2.       -0.3002408238        0.0041196809
  57.   3.       -0.0200785876       -0.7190854380
  57.   4.        0.1194049425        0.9577008161
  57.   5.        0.9154226432       -0.3024832076
  57.   6.       -0.2924480347       -0.3878450072
  57.   7.       -0.1441506621       -0.1177460336
  57.   8.        0.1600935182       -0.1130046076
  57.   9.       -0.2035713316       -0.0056841681
  57.  10.        0.0949200793       -0.0796570601
  57.  11.        0.2760976312       -0.5534477551
  57.  12.       -0.6493592136        0.0537572881
  57.  13.        0.3206509508       -0.2323952032
  57.  14.        0.9251174610       -0.6384695318
  57.  15.       -0.2920835906        0.5326469445
  57.  16.        0.5440900123        0.1761783265
  57.  17.       -0.8926845565       -0.0940390423
  57.  18.        0.3292304867        0.2022751464
  57.  19.       -0.2461311921       -0.7820439760
  57.  20.       -0.2044380732        0.0002827925
  57.  21.        0.3111902821        0.1197410179
  57.  22.       -0.1918324659       -0.3043786280
  57.  23.       -0.5167768988        0.4287811061
  57.  24.       -0.1552764032        0.1409455211
  57.  25.       -0.3279382460       -0.2357424273
  57.  26.        0.4256295855       -0.4119450220
  57.  27.        0.1249467953       -0.0956673609
  57.  28.        0.1506131150        0.0521815291
  57.  29.       -0.4917139888       -0.0596322156
  57.  30.        0.2855982599       -0.2500225628
  57.  31.       -0.3068476500       -0.0701546836
  57.  32.       -0.2240701703       -0.1116823387
  57.  33.       -0.0482145626       -1.0268193300
  57.  34.       -0.9698796116       -0.5140552500
  57.  35.        0.1836666053        0.6167739251
  57.  36.        0.1298753045        0.4568976143
  57.  37.        0.6127946433        0.2145161430
  57.  38.        0.0046103033        0.4926557433
  57.  39.       -0.1906028069       -0.1570264147
  57.  40.       -0.2454387107        0.6207309487
  57.  41.       -0.2645539861       -0.7123346119
  57.  42.        0.7320625490        0.8187210039
  57.  43.       -0.0005143271       -1.3111370261
  57.  44.       -0.0603822037        1.2509237056
  57.  45.       -0.1915376874        0.0404802830
  57.  46.       -0.5239203900        0.2460851282
  57.  47.        0.6959104460        0.6529660209
  57.  48.       -0.1938236592       -0.0452493677
  57.  49.        0.2499522505       -0.1436300917
  57.  50.        0.0691385892        0.2207643946
  57.  51.        0.8915236430        0.6306330231
  57.  52.       -0.0392872560       -1.0056902459
  57.  53.       -1.2132477107       -0.3044476383
  57.  54.        0.5586575289        0.0160846297
  57.  55.        0.0342963512        0.1074303870
  57.  56.       -0.3649454658        0.0277381819
  57.  57.       -0.0834756217       -0.1911720121
  58.   0.       -0.0350133201        0.0000000000
  58.   1.       -0.3371976579        0.4608369445
  58.   2.       -0.4118466263        0.4300025101
  58.   3.       -0.2257214674        0.4397089032
  58.   4.       -0.4105415955       -0.9003518077
  58.   5.       -0.0308908547        0.2649903812
  58.   6.       -0.2693829293       -0.2234313312
  58.   7.       -0.0722054463        0.2769644695
  58.   8.        0.1890569967        0.3896902745
  58.   9.        0.5185977799       -0.8631523900
  58.  10.       -0.5840593355        0.0515507987
  58.  11.        0.1212775131       -0.1826977099
  58.  12.       -0.6669899250       -0.4869622712
  58.  13.        0.0636457428       -0.1593685037
  58.  14.        0.4310350441       -0.1328618202
  58.  15.       -0.0424001479       -0.5859592061
  58.  16.        0.2575263342        0.3511726961
  58.  17.        0.7979519710       -0.2252165673
  58.  18.       -0.0480528356        0.3808036717
  58.  19.        0.4606781393        0.1189585336
  58.  20.        0.1095650510       -0.4298103667
  58.  21.       -0.7325775420       -0.1671137527
  58.  22.        0.6744305924        0.1347397159
  58.  23.       -0.4911072191       -0.8197116347
  58.  24.        0.1803296572        0.7722632811
  58.  25.       -0.1070575208        0.0083938811
  58.  26.       -0.2345911177        0.2534718202
  58.  27.       -0.2989769000        0.0351951824
  58.  28.       -0.3550467460       -0.5584603618
  58.  29.        0.1871779749       -0.0310737448
  58.  30.       -0.3235963305        0.2136609836
  58.  31.       -0.0979142281        0.4725796350
  58.  32.        0.3210932185        0.4561308739
  58.  33.       -0.1616964629       -0.1406344119
  58.  34.        0.6189557346        0.0935427996
  58.  35.       -0.1239359452       -0.2171436805
  58.  36.        0.1543398394        0.3359959932
  58.  37.       -0.8183658513        0.1935375858
  58.  38.        0.2793381070        0.4267188860
  58.  39.        0.7264929972       -0.4425843433
  58.  40.       -0.2430096543        0.7751694573
  58.  41.       -1.0109585133       -0.2552746730
  58.  42.        0.0197801330       -0.4569191223
  58.  43.        0.1142128141        0.0486353369
  58.  44.       -0.3715142864       -0.5044257038
  58.  45.       -0.2730685768        1.2965358289
  58.  46.        0.0145931310       -0.6490091045
  58.  47.        0.7085836057        0.8449545732
  58.  48.        0.3995198912       -0.7208181712
  58.  49.       -0.9443216873        0.3446282377
  58.  50.        0.5214029307        0.8159509774
  58.  51.       -0.3994345767       -0.3843843427
  58.  52.       -0.1482111451        0.0708679757
  58.  53.        0.1928877443        0.3961118415
  58.  54.        0.3326399246        0.8621613908
  58.  55.        0.9778825736       -1.2456683752
  58.  56.       -0.5484449102       -0.2114507789
  58.  57.       -0.3248062070        0.0159674227
  58.  58.        0.5346971210        0.7321839092
  59.   0.        0.6930339887        0.0000000000
  59.   1.        0.1791731700        0.0269492706
  59.   2.        0.4140914774       -0.1062732400
  59.   3.        0.9588446982        0.8146736313
  59.   4.        0.1779628181        0.0449351390
  59.   5.       -0.6200329895       -0.3920708604
  59.   6.        0.0673006589        0.4596130072
  59.   7.       -0.0529676812       -0.3652172145
  59.   8.       -0.4768330464        0.3766315146
  59.   9.        0.1524702237       -0.2479327711
  59.  10.        0.1049131502       -0.3060403821
  59.  11.        0.1315655427        0.8225302928
  59.  12.        0.0880009695       -0.1249145621
  59.  13.       -0.1148243895       -0.4967743756
  59.  14.       -1.0331549902       -0.0009891762
  59.  15.        0.2095931253        0.2837731935
  59.  16.       -0.1529792975       -0.6649542910
  59.  17.        0.6337109930       -0.2661300878
  59.  18.        0.5590255763       -0.2563439570
  59.  19.        0.2363223306        0.4767473429
  59.  20.        0.5225348321        0.1324475213
  59.  21.       -0.9828535542       -0.6982127904
  59.  22.       -0.2370782708        0.7805860540
  59.  23.        0.5326186283       -0.2808402222
  59.  24.       -0.4889987033        0.4522687251
  59.  25.        0.9707199600       -0.0910044626
  59.  26.       -0.0187242852       -0.0081734770
  59.  27.       -0.2989925258       -0.1657930794
  59.  28.       -0.1588731087       -0.2982791555
  59.  29.        0.3927041644       -0.0943122164
  59.  30.        0.3757692858        0.1570541809
  59.  31.        0.0028885444       -0.0864754531
  59.  32.        0.1079806355       -0.1937347781
  59.  33.        0.1648765972       -0.0480442940
  59.  34.        0.2742851391        0.1735365914
  59.  35.        0.5818472632       -0.0653603329
  59.  36.        0.3387719006       -0.1732874514
  59.  37.        0.0140836685        0.0090677959
  59.  38.       -1.3080760556       -0.2184485100
  59.  39.       -0.0852815366        0.2571827493
  59.  40.       -0.2643170592       -0.6968277562
  59.  41.       -0.1769989131       -0.0404796640
  59.  42.       -0.4838444112       -0.1210511629
  59.  43.       -0.3706770949        0.4464104635
  59.  44.       -0.4738401420        0.4900526026
  59.  45.        0.9308426766       -0.7245998395
  59.  46.       -0.0643049267        0.4877339226
  59.  47.       -0.0049531794       -0.5022451821
  59.  48.        0.1571890017       -0.4561619674
  59.  49.        0.2880414181       -0.4890870398
  59.  50.       -0.3328170529       -0.2905504458
  59.  51.       -0.3861415177        0.2877986563
  59.  52.       -0.5500568608       -0.7640358024
  59.  53.       -0.7098529113       -0.4414444423
  59.  54.        1.5236414835       -0.7907967490
  59.  55.       -0.4985974454        0.4516115015
  59.  56.        0.2906643842       -0.9550849721
  59.  57.        0.5012300527        0.9790997695
  59.  58.       -0.7588467919       -0.0526989802
  59.  59.        0.2162026905       -0.6807345551
  60.   0.        0.2395708779        0.0000000000
  60.   1.        0.0537577113        0.1823008555
  60.   2.        0.3870559445       -0.3952042477
  60.   3.        0.0418545369       -0.4177507965
  60.   4.        0.0900302026        0.1793005464
  60.   5.        0.7795210953       -0.2518999247
  60.   6.        0.0303786161        0.4803797501
  60.   7.        0.2488503015        0.2532516346
  60.   8.       -0.0867237904        0.2236148258
  60.   9.       -0.8030696227        0.2735560526
  60.  10.       -0.1980216066        0.0778773874
  60.  11.       -0.2248309198        0.8287019719
  60.  12.        0.4852688019        0.1899515750
  60.  13.        0.0801767461       -0.1636286500
  60.  14.       -0.0371408135       -0.0129997436
  60.  15.       -0.1854021469        0.7257904857
  60.  16.        0.2005258807        0.3315192580
  60.  17.       -0.7485187515        0.0587585840
  60.  18.        0.2052656282       -0.5914614867
  60.  19.       -0.1481574858        0.0022673118
  60.  20.       -0.6074866970        0.1913298496
  60.  21.        0.9089876910        0.1448387148
  60.  22.       -0.5894486404       -0.0896708613
  60.  23.        0.7491403400        0.6592262173
  60.  24.       -0.4290052146        0.4184922053
  60.  25.        0.1737167544       -0.1445042035
  60.  26.       -0.3190905381       -0.3006819256
  60.  27.        0.2320997825        0.3162125827
  60.  28.       -0.1916920185        0.1509154443
  60.  29.       -0.5475818642       -0.0157336778
  60.  30.       -0.3218626007        0.1191156307
  60.  31.        0.5480570932        0.4574365430
  60.  32.        0.0651032138       -0.4548617472
  60.  33.        0.1030330028       -0.1471360674
  60.  34.       -0.5951659096       -0.0847286241
  60.  35.        0.5388918728        0.1105699451
  60.  36.       -0.0176018905        0.0477739770
  60.  37.        0.7683881225        0.0848729339
  60.  38.       -0.1586102216       -0.2062124319
  60.  39.       -0.6181973942       -0.2289717458
  60.  40.        0.1149478498        0.2187317053
  60.  41.        0.6796276628        0.1830456650
  60.  42.        0.5807455764        0.5018431072
  60.  43.        0.3739134327        0.0834553898
  60.  44.       -0.5419674457        0.1571478094
  60.  45.        0.8319292632        0.2199310365
  60.  46.        0.7738784874       -0.7074165674
  60.  47.        0.0291044753       -0.1618013029
  60.  48.        0.3928729320       -0.7751612132
  60.  49.       -1.0144744826        0.2107398683
  60.  50.        0.2031957978       -0.1128211327
  60.  51.       -1.2753929852       -0.4699097521
  60.  52.        0.8097117031        0.5491727296
  60.  53.       -0.7545433215        0.2146073391
  60.  54.        0.4171155910        0.4961542910
  60.  55.       -0.2237576651       -0.4786756972
  60.  56.       -0.9918939976        0.4282611571
  60.  57.        0.0845809819       -0.5094006565
  60.  58.        0.7392004595       -0.6254525016
  60.  59.       -0.5165027585       -0.6199860413
  60.  60.        0.2606286916        0.1179521892
  61.   0.       -0.2342225099        0.0000000000
  61.   1.        0.4418805289       -0.4147645805
  61.   2.       -0.4675264691       -0.0055540084
  61.   3.       -0.4789802681       -0.5528639238
  61.   4.       -0.2206080909       -0.3465224699
  61.   5.        0.3413937913        0.6477341629
  61.   6.       -0.0738693304       -0.9749341962
  61.   7.       -0.1549394973        0.5749184385
  61.   8.        0.9687586332        0.4145317420
  61.   9.        0.0525644082       -0.5962774719
  61.  10.        0.5313168112        0.2613303989
  61.  11.       -0.6377592462       -0.4742683640
  61.  12.       -0.0268279345        0.1239123404
  61.  13.       -0.1527090583        0.1813250850
  61.  14.       -0.2365517474       -0.4857357089
  61.  15.       -0.7252749415        0.3317302271
  61.  16.       -0.1414792952        0.0920660656
  61.  17.        0.5416466014        0.0453282790
  61.  18.       -1.4771095520        0.2937491754
  61.  19.        0.5342344947       -0.3089166757
  61.  20.       -0.2171169151       -0.3415775696
  61.  21.       -0.7590716519        0.5242508202
  61.  22.        0.4665950649       -0.3376607418
  61.  23.       -0.2559715171        0.0525921639
  61.  24.        0.5152181075       -0.6487759246
  61.  25.       -0.7287864168        0.0766894849
  61.  26.       -0.6230748605       -0.0827871065
  61.  27.       -0.2553256936       -0.3706654220
  61.  28.        0.1121495005       -0.0716130908
  61.  29.        0.5241317966        0.2096843924
  61.  30.       -0.1332678530        0.1070087647
  61.  31.        0.0410092463       -0.1897046946
  61.  32.       -0.4172206408        0.2728310517
  61.  33.        0.1995029512        0.2424228496
  61.  34.        0.0265231415       -0.1878772692
  61.  35.       -0.6212174847       -0.4492777275
  61.  36.       -0.3609660647       -0.1970597229
  61.  37.       -0.5983118973        0.1703017536
  61.  38.        0.6822716222        0.4408838741
  61.  39.        0.5738718141       -0.2915190242
  61.  40.        0.1907098095        0.1352679127
  61.  41.        0.4064608586        0.4477583649
  61.  42.       -0.3985592530       -1.3179011979
  61.  43.        0.6970047498        0.6895367386
  61.  44.        0.5443174826       -0.5548331981
  61.  45.       -1.1578931277       -0.3727318532
  61.  46.        0.7196264741       -0.2621461363
  61.  47.        0.1887016472        0.2244370978
  61.  48.        0.2140293928        0.1457853223
  61.  49.        0.0308081877        0.1463883824
  61.  50.       -0.4011276735        0.6976498020
  61.  51.       -0.0971589636       -0.4142933098
  61.  52.        0.1706424105       -0.3140384286
  61.  53.        0.3531235687       -0.1343028742
  61.  54.       -0.9418371464        0.2136504307
  61.  55.        0.0962775493       -0.1584330740
  61.  56.       -1.2127140550       -0.7894540123
  61.  57.       -0.0126892500        1.0498640993
  61.  58.       -0.0695450543        0.1274017812
  61.  59.        0.0614206228        0.2236786328
  61.  60.       -0.5964545250        0.1750974846
  61.  61.        0.1321651123        0.4196486365
  62.   0.       -0.5718156028        0.0000000000
  62.   1.        0.0195495830       -0.2730919314
  62.   2.       -0.9575637004       -0.1302877332
  62.   3.        0.0224779015        0.3387454949
  62.   4.        0.0946276762        0.2005845435
  62.   5.        0.2216837699       -0.1000935462
  62.   6.        0.0378297061       -0.3541493264
  62.   7.       -0.9024449543       -0.4030845842
  62.   8.       -0.4024332525       -0.5143252148
  62.   9.        0.7773686838        0.2482758514
  62.  10.       -0.2775021859       -0.0992296046
  62.  11.       -0.0846061664       -0.3089542884
  62.  12.        0.0943566897        0.1142511495
  62.  13.       -0.0441809854        0.3965184874
  62.  14.       -0.2932358420        0.7959684048
  62.  15.        0.6400839079       -0.7022187460
  62.  16.       -0.4521343160        0.2753613805
  62.  17.        0.0635465667        0.1370737783
  62.  18.       -0.0361745944        0.1563257433
  62.  19.        0.0815423504        0.6229951860
  62.  20.        0.8963289880       -0.6278176828
  62.  21.       -0.6305236927       -0.3989475631
  62.  22.        0.3969922990        0.0776875846
  62.  23.       -0.1289820804       -0.5115794916
  62.  24.        0.0427642194       -0.0822356586
  62.  25.        0.1830049548        0.2050721063
  62.  26.        0.3012979677        0.3916283151
  62.  27.       -0.4177634506        0.3321255286
  62.  28.        0.1976433008       -0.0676583279
  62.  29.        0.1866680176        0.4872056456
  62.  30.        0.9264971119       -0.4809611654
  62.  31.        0.0947742391       -0.3942757393
  62.  32.       -0.2473271555       -0.2680834043
  62.  33.       -0.2848605422        0.4610571789
  62.  34.       -0.1625317232       -0.3773969849
  62.  35.       -0.4154522315       -0.3074744021
  62.  36.        0.4205535494        0.0032667946
  62.  37.        0.2966792561        0.0695152202
  62.  38.       -0.5406215270        0.0012350250
  62.  39.        0.1251004857       -0.1108469531
  62.  40.        0.2811824497        0.2718674938
  62.  41.       -0.1391162077       -0.2416410691
  62.  42.        0.4089911357       -0.5277043370
  62.  43.       -0.8339818642       -0.9408087162
  62.  44.        0.0996189762        0.2266550767
  62.  45.        0.2438942779       -1.2928695712
  62.  46.       -0.6226314384        0.5132051982
  62.  47.        0.0105834322       -0.9292170903
  62.  48.       -0.3366682558        0.7735235421
  62.  49.        0.5934834152       -0.5335583082
  62.  50.       -0.3692101196       -0.6918822194
  62.  51.        0.6379298110        0.2577192208
  62.  52.       -0.8794950523        0.2870762944
  62.  53.       -0.8111185187       -0.2591711186
  62.  54.        0.7117387836       -1.1234751966
  62.  55.       -0.3004381377        1.0879914381
  62.  56.       -0.2368840224        0.0428985744
  62.  57.       -0.4943436495        0.5866782572
  62.  58.        1.6202921805        1.1586806679
  62.  59.       -0.6639799020       -0.1282299888
  62.  60.       -0.2312870157       -0.7796801778
  62.  61.        0.0298546742        0.7023778242
  62.  62.       -0.1558251646       -0.6459564352
  63.   0.       -0.1529288918        0.0000000000
  63.   1.       -0.0711770691        0.8073316496
  63.   2.        0.2019874733       -0.0129603506
  63.   3.        0.1005813606       -0.3601352901
  63.   4.       -0.2338777451        0.3145214950
  63.   5.       -0.0789116885       -0.4020807637
  63.   6.        0.2743683478        0.6465979960
  63.   7.        0.3860476284        0.0720533368
  63.   8.       -0.5403447593       -1.0201586153
  63.   9.        0.0732243792        1.0395697539
  63.  10.       -0.1196947724        0.0186010520
  63.  11.       -0.2038665855       -0.2389939424
  63.  12.       -0.0376705510        0.0686114482
  63.  13.        0.1370942134       -0.1586813301
  63.  14.        0.4504744890        0.1140797805
  63.  15.        0.0691465791       -0.3396779085
  63.  16.        0.6961562980       -0.7272627195
  63.  17.       -0.4817719751       -0.0429468354
  63.  18.        1.0638675974        0.0267111425
  63.  19.       -1.1997066891       -0.2555296964
  63.  20.       -0.0159272557        0.2484031946
  63.  21.        0.3262082124       -0.1335404210
  63.  22.       -0.3808657954       -0.2385838786
  63.  23.        0.2165559859       -0.4056496086
  63.  24.       -0.4244164230       -0.1028031872
  63.  25.        0.2590610171       -0.2022797704
  63.  26.        0.5286167397       -0.0337487079
  63.  27.        0.0576424029        0.3794796199
  63.  28.        0.0776041569       -0.2268968169
  63.  29.       -0.5554783115       -0.1430371178
  63.  30.       -0.2914309302       -0.5933150652
  63.  31.       -0.1276140984        0.2699270868
  63.  32.        0.1598839811       -0.0215608337
  63.  33.        0.1064918730       -0.2071197952
  63.  34.       -0.4528632502        0.7591713019
  63.  35.       -0.0057924183       -0.2916403039
  63.  36.       -0.2601788929        0.2459322278
  63.  37.        0.2967874861       -0.7255327860
  63.  38.        0.8317818734        0.1647961922
  63.  39.       -0.7177752011       -0.1019815716
  63.  40.       -0.0328046748        0.1893887078
  63.  41.       -0.6742110929       -0.1697710080
  63.  42.        0.6112101181        0.8202927984
  63.  43.        0.1789112403       -0.2208012685
  63.  44.       -0.5789496680        0.0576024830
  63.  45.        0.0055748549        0.6935765665
  63.  46.       -0.2674627991       -0.2161240367
  63.  47.        0.7223428759        0.3991015184
  63.  48.       -0.1183028367        0.1489950998
  63.  49.       -0.3340569202        0.1554463356
  63.  50.        0.3429056760       -0.7486469180
  63.  51.       -0.6837732025       -0.6983923776
  63.  52.        0.3594071998       -0.1943390822
  63.  53.        0.2007372254        0.4512174544
  63.  54.       -0.4524165299        0.7022269177
  63.  55.       -0.0778156572       -1.3476818411
  63.  56.        0.0533168559       -0.0168206509
  63.  57.        0.1309472496       -0.1432465798
  63.  58.       -0.3394326959        0.8857935937
  63.  59.        0.5589198869       -1.4759561576
  63.  60.       -0.6442828101        1.5804202970
  63.  61.       -0.2241653484       -0.7540915855
  63.  62.        0.1506949977       -0.1960270012
  63.  63.       -0.9072828547        0.1350545040
  64.   0.        0.0408585070        0.0000000000
  64.   1.        0.5721864321       -0.0260409096
  64.   2.        0.8453022903        0.4211756387
  64.   3.       -0.2044179816       -0.2112163608
  64.   4.       -0.0921607425       -0.4089568123
  64.   5.        0.3981005206        0.4455973104
  64.   6.       -0.1466356382        0.2472313971
  64.   7.        0.6856155066        0.1456316709
  64.   8.        0.1111579189       -0.2701282620
  64.   9.        0.0499704131       -0.3955320175
  64.  10.       -0.0825649060        0.1871588827
  64.  11.        0.2045521875       -0.5653068207
  64.  12.       -0.0052914747        0.2122298469
  64.  13.        0.7179726727       -0.3951885169
  64.  14.       -0.5932996361       -0.6976637108
  64.  15.        0.2238997298        0.2192486209
  64.  16.        0.7989478313       -0.0858520437
  64.  17.        0.0732297630       -0.2311451478
  64.  18.       -0.4318813071        0.7857620097
  64.  19.        0.1828521226       -0.3214006223
  64.  20.       -0.2700929730        0.1086159692
  64.  21.       -0.0428157316        0.2319369822
  64.  22.        0.1172646702        0.0789047732
  64.  23.       -0.2493314901       -0.0966839627
  64.  24.       -0.2266682800        0.0328964575
  64.  25.       -0.2003276712       -0.5872326428
  64.  26.       -0.9192291965       -0.0495756930
  64.  27.        0.6627069272        0.1893627289
  64.  28.        0.1228714119        0.4325122390
  64.  29.        0.2485959303       -0.6007749938
  64.  30.       -0.6486249818        0.6818877617
  64.  31.       -0.2746920575        0.0214431535
  64.  32.        0.2642566308        0.3684619106
  64.  33.       -0.1611424412       -0.5446343795
  64.  34.        0.3561417801        0.1980503109
  64.  35.       -0.2285869138       -0.0920006391
  64.  36.        0.1282343144        0.2248349579
  64.  37.        0.0460833399       -0.2479512601
  64.  38.       -0.1067342881        0.0371466230
  64.  39.        0.2415315234        0.5478213463
  64.  40.       -0.1845849240        0.2338604789
  64.  41.       -0.2469858975        0.3224521361
  64.  42.       -1.0490741524        0.1460092319
  64.  43.        0.8915526433        0.3824892710
  64.  44.        0.1113438128        0.1365135545
  64.  45.        0.4932578059        0.6710153173
  64.  46.       -0.1885747684       -0.0680420299
  64.  47.       -0.2692337114        0.7600046572
  64.  48.        0.2958529451        0.5473713392
  64.  49.       -0.0763411248       -0.2312931412
  64.  50.       -0.4715759909        1.0786751453
  64.  51.       -0.0536424003       -0.0775025898
  64.  52.       -0.2017142692       -0.9757268717
  64.  53.        0.8860569847       -0.0984415141
  64.  54.       -0.6721600942       -0.1213378945
  64.  55.        0.1462105729        1.0762509483
  64.  56.        0.4383540844       -0.5753171746
  64.  57.        0.1130426263       -0.1156432014
  64.  58.        0.3383844711       -0.3859068032
  64.  59.       -0.9836417049        0.2431742221
  64.  60.        0.0448074803       -0.9066510239
  64.  61.        0.1802360172        1.7798292105
  64.  62.       -0.3994607159       -0.4705888256
  64.  63.        0.0325582332       -0.3494141498
  64.  64.        0.1572346480       -0.4987950031
  65.   0.       -0.5079323515        0.0000000000
  65.   1.        0.4687854718       -0.6076729156
  65.   2.        0.5122440402        0.3064319070
  65.   3.        0.3839062976        0.2971496100
  65.   4.        0.6073493824       -0.0795135464
  65.   5.       -0.1898705224        0.4809923532
  65.   6.        0.7303181488        0.8307493891
  65.   7.       -0.1879597143       -0.3989522305
  65.   8.        0.0591213647        0.5544103256
  65.   9.       -0.0348068662       -0.1212995925
  65.  10.       -0.2928742583       -0.3020914475
  65.  11.        0.9713382208        1.0535957879
  65.  12.       -0.2535664530        0.4139660708
  65.  13.       -0.1936194281        0.1928277823
  65.  14.        0.1897386143        0.1961740808
  65.  15.       -1.1321917360       -0.3223846563
  65.  16.       -0.7727121291        0.6234174802
  65.  17.        0.0010198137       -0.1022948572
  65.  18.       -0.4448565878       -0.4649238496
  65.  19.        0.6834176870        0.3227817444
  65.  20.        0.1684645266       -0.2678127749
  65.  21.       -0.0852682675        0.0035829670
  65.  22.       -0.6403978522       -0.0443345964
  65.  23.        0.4212157905       -0.3869686432
  65.  24.       -0.4618906931        0.4572026508
  65.  25.        0.5676172382       -0.1662200464
  65.  26.        0.0135531502        0.0450392858
  65.  27.        0.2313639147       -0.2759518044
  65.  28.        0.1200172159        0.1201219913
  65.  29.        0.6710878967       -0.1305925987
  65.  30.        0.6062100121        0.7303822795
  65.  31.       -0.0314333753        0.3658767063
  65.  32.        0.0419121770       -0.1712421971
  65.  33.       -0.2035960402        0.3814722373
  65.  34.       -0.2310309743        0.0136118700
  65.  35.        0.4973059047        0.2665845848
  65.  36.        0.2398861960        0.0391610015
  65.  37.        0.9025670046       -0.1333343256
  65.  38.       -1.0895356844       -0.1824632699
  65.  39.        0.5377498072       -0.3694307071
  65.  40.       -0.5248039085        0.0027937828
  65.  41.        0.6552178107        0.1666888149
  65.  42.       -0.4483461688        0.3455069202
  65.  43.       -1.1786529056       -0.8142513503
  65.  44.       -0.0532145042        0.7695008648
  65.  45.        0.2965977956        0.0255119102
  65.  46.       -0.7625601589        0.1327507214
  65.  47.       -0.0168006089       -0.5423419340
  65.  48.       -0.5303582700       -0.2978892472
  65.  49.        0.4979067104       -0.4200627588
  65.  50.        0.6966770816        0.2887176738
  65.  51.        0.4945249106        0.3059447219
  65.  52.       -0.3512402011       -0.2247311545
  65.  53.       -0.7493774404        0.2899724030
  65.  54.        1.3185016592       -0.2242571926
  65.  55.       -0.5320946230       -0.2702340230
  65.  56.        0.6389225181        0.8287368030
  65.  57.       -0.1587752768       -1.6758166045
  65.  58.       -0.3590241133        0.1839429059
  65.  59.       -0.2140821391       -0.5447089783
  65.  60.       -0.6157466759        0.8930559650
  65.  61.       -0.3574585091        0.3485421234
  65.  62.        0.6071495295        0.4582658191
  65.  63.       -0.0273337340       -0.0982152754
  65.  64.        0.1519928694       -0.3378916318
  65.  65.        0.0287232649       -0.2596743819
  66.   0.        0.1861388771        0.0000000000
  66.   1.       -0.5134273874       -0.4524744185
  66.   2.        0.1165847845       -0.3196471324
  66.   3.        0.6140664458       -0.2849960728
  66.   4.        0.0187589142        0.2720480433
  66.   5.       -0.8108299245       -0.2349678313
  66.   6.        0.1151960618        0.1653766706
  66.   7.       -0.0173337770        0.0280182534
  66.   8.        0.5142760004        0.3520903522
  66.   9.       -0.5102633335        0.4669300475
  66.  10.        0.1975716105       -0.2377513184
  66.  11.       -0.7314706797       -0.0250070394
  66.  12.        0.2029323216       -0.3486549707
  66.  13.       -0.7752875589       -0.5586839543
  66.  14.       -0.0928499139        0.1429773991
  66.  15.        0.1151482008        0.1527443851
  66.  16.       -0.2107480047       -0.1547838330
  66.  17.       -0.2267117978        0.6418036002
  66.  18.        0.2579059687       -0.6161494829
  66.  19.       -0.1192350468        0.4022949375
  66.  20.       -0.8650410264        0.0328666645
  66.  21.        0.1158879269        0.0715345830
  66.  22.       -0.7125561969        0.0414223512
  66.  23.        0.0941166848        0.1250214596
  66.  24.       -0.1101277334        0.3547374508
  66.  25.       -0.1868458634        0.8615795751
  66.  26.        1.0531568308       -0.1421288158
  66.  27.       -0.4621400123       -0.0568110335
  66.  28.        0.2009340151       -0.1975142319
  66.  29.       -0.0589941778       -0.2679353952
  66.  30.       -0.2579212151       -0.0404165340
  66.  31.        0.3938270973        0.0831417140
  66.  32.        0.0811417474       -0.2314201499
  66.  33.        0.1381139913        0.1680936665
  66.  34.       -0.3965473416       -0.2674478160
  66.  35.        0.4929664145       -0.4269527952
  66.  36.       -0.5473045844        0.3678091560
  66.  37.       -0.3504964653        0.4183158035
  66.  38.        0.5627852087        0.1573219174
  66.  39.        0.1136368736       -0.8764261716
  66.  40.       -0.2198735208       -0.3866142274
  66.  41.        0.1754195969        0.0212088511
  66.  42.        0.4652635614        0.1586074334
  66.  43.        0.6678397763        0.1278381161
  66.  44.       -0.6216599428       -0.3164664725
  66.  45.       -0.3044413009        0.0360484773
  66.  46.       -0.0478562635       -0.7010912624
  66.  47.        0.7955923525        0.4358439771
  66.  48.       -0.0866019688       -0.8045509057
  66.  49.       -0.2642202463        0.7738769039
  66.  50.       -0.0862206908        0.7034036068
  66.  51.       -0.3665176942        0.2742562765
  66.  52.        0.4762572091        0.1376005630
  66.  53.       -0.4870081105       -0.3458728643
  66.  54.        0.2682099925        0.6205132176
  66.  55.        0.6389345562       -0.2149341166
  66.  56.       -0.0241007009       -0.2678615636
  66.  57.        0.4581668597        0.1080334983
  66.  58.       -0.4522664995       -0.4639094841
  66.  59.        0.2959726399       -0.3120131189
  66.  60.       -0.4666361099       -0.6624637117
  66.  61.        0.4343905150        1.0020012221
  66.  62.       -0.8224458506       -0.2857840775
  66.  63.        0.5164439414       -0.4796718899
  66.  64.       -0.3209650309        0.3066903655
  66.  65.        0.1023029519       -0.2608203255
  66.  66.       -1.0788446404        0.3847491072
  67.   0.        0.0464368283        0.0000000000
  67.   1.       -0.6248865374        0.0315252478
  67.   2.       -0.6486925962       -0.2900895746
  67.   3.       -0.0060061285        0.0366095884
  67.   4.       -0.4452063545       -0.3430798096
  67.   5.        0.3647654877       -0.6011775124
  67.   6.       -0.9240188314       -0.5299281217
  67.   7.        0.3389496154        0.0786032479
  67.   8.        0.3365171264        0.4210017819
  67.   9.       -0.6007450533       -0.5782844606
  67.  10.        0.7668973557        0.1367374042
  67.  11.       -0.0053830745       -0.2270709966
  67.  12.       -0.0792524344        0.1915919806
  67.  13.       -0.1326472617        0.2190535252
  67.  14.       -0.6458189455       -0.3757861245
  67.  15.        0.7475518368        0.9482190100
  67.  16.        0.1509687187       -0.3660701341
  67.  17.       -0.2262547394       -0.3915615919
  67.  18.        0.2306473364        0.4319544276
  67.  19.       -0.0980881912       -0.2500056812
  67.  20.        0.1185374431       -0.2810901946
  67.  21.       -0.0577881230        0.2870284605
  67.  22.        0.5696062762       -0.1334163305
  67.  23.       -0.3840781421        0.1428366100
  67.  24.        0.8614440153       -0.4721613975
  67.  25.       -0.8399174791       -0.3775634763
  67.  26.       -0.1324649503        0.3284849935
  67.  27.       -0.4173572917       -0.2374286367
  67.  28.       -0.4157486790        0.4646014815
  67.  29.       -0.2747469045        0.1253019955
  67.  30.        0.0124195638        0.3325824010
  67.  31.       -0.4221437484       -0.4416347400
  67.  32.        0.2052610396       -0.2160891564
  67.  33.        0.3835616802        0.7044500707
  67.  34.        0.5059119927        0.1671586904
  67.  35.       -0.6362750462       -0.0049763441
  67.  36.       -0.4004880466       -0.6747220039
  67.  37.       -0.6359357329        0.2797070201
  67.  38.        0.9909601223        0.1169932667
  67.  39.        0.4377662886        0.6224184028
  67.  40.        0.3459981000        0.0917829261
  67.  41.        0.6410268123        0.0911333948
  67.  42.       -0.3921871508       -1.0088373847
  67.  43.        0.2475275119        0.0181064533
  67.  44.        0.2574968056       -0.0979710221
  67.  45.       -0.1659918166        0.1451763453
  67.  46.        0.4807169016        0.4732807147
  67.  47.       -0.6779802521       -0.1597952644
  67.  48.       -0.0882097865       -0.1479828051
  67.  49.        0.0880357399       -0.5632537079
  67.  50.        0.1131747945        0.9542483061
  67.  51.        0.1301885884       -0.2859494964
  67.  52.       -0.5678062344        0.6490083408
  67.  53.        0.8367156239       -0.0140024297
  67.  54.        0.3879599346       -0.2213101746
  67.  55.       -0.0125364184        0.4976372293
  67.  56.       -0.3540063730       -0.3467663608
  67.  57.       -0.1841234776       -0.2763250377
  67.  58.        0.0332006475       -0.1075775827
  67.  59.       -0.5120879725       -0.0263694030
  67.  60.       -0.0847775464       -0.1474538730
  67.  61.       -0.5192509458       -0.5945023202
  67.  62.        1.1504002695        0.6431872741
  67.  63.       -0.6828843171        0.4605593849
  67.  64.        0.7375952869       -0.1810641101
  67.  65.       -0.0393227127        0.2370577546
  67.  66.       -0.3830967203        0.1893250480
  67.  67.        0.0919834408        0.2081968547
  68.   0.       -0.1195438036        0.0000000000
  68.   1.        0.4520472246        0.5230836478
  68.   2.       -0.3886502874        0.0931154259
  68.   3.       -0.6842955654        0.2319128989
  68.   4.       -0.5220545680        0.0846805833
  68.   5.        0.0471337605       -0.1096196172
  68.   6.       -0.0947522168       -0.2861074163
  68.   7.       -0.2286786904       -0.1096910803
  68.   8.        0.0162321774        0.4156704797
  68.   9.        0.4443958652       -0.0382669892
  68.  10.       -0.7547571457        0.4787938107
  68.  11.        0.5050085436        0.2687221096
  68.  12.       -0.3711602869       -0.0428448288
  68.  13.        0.1172394187       -0.0405060059
  68.  14.        0.4786511073       -0.6869554570
  68.  15.        0.0565224132       -0.5792940381
  68.  16.        0.2746329645        0.2980219358
  68.  17.       -0.2450169670       -0.5162314553
  68.  18.        0.2800958434        0.3812691457
  68.  19.       -0.0026114602        0.0127127109
  68.  20.        0.8759484167       -0.1241289064
  68.  21.       -0.7165085064       -0.1192285377
  68.  22.        0.0325076509       -0.2792447373
  68.  23.        0.5399360005       -0.1982711009
  68.  24.       -0.1552598010        0.5462500999
  68.  25.        0.4045063042       -0.2059601959
  68.  26.       -0.4171570598       -0.0411748205
  68.  27.        0.1506494202       -0.3367189045
  68.  28.        0.7433897242       -0.5293693816
  68.  29.       -0.2135973293        0.1952898473
  68.  30.        0.6948760316       -0.0495519111
  68.  31.        0.0745112069        0.3584721001
  68.  32.       -0.0726946262       -0.2100651624
  68.  33.       -0.1227258544        0.0119111034
  68.  34.       -0.0532491153        0.4155803289
  68.  35.       -0.2572818955        0.4632385132
  68.  36.        0.1808959644        0.4629390800
  68.  37.        0.0943554163       -0.0804110696
  68.  38.       -0.5041316438       -0.1673102209
  68.  39.        0.6562213193       -0.3995814855
  68.  40.        0.5216204471        0.6165749753
  68.  41.        0.1541531287       -0.2594805401
  68.  42.        1.0121528015       -0.0086024879
  68.  43.       -1.3352347250       -0.3476711421
  68.  44.        0.8390483308       -0.0422200642
  68.  45.       -0.1044991172        0.2001108507
  68.  46.        0.0897767974        1.4548811781
  68.  47.        0.1093538527       -0.0767075335
  68.  48.       -0.5338514516       -0.2292018556
  68.  49.        0.3032775572       -0.0715597586
  68.  50.        0.4586459243       -0.8654798264
  68.  51.        0.1247206648        0.8155456831
  68.  52.        0.8779139231       -0.8681989747
  68.  53.       -0.3731827146       -0.0814179394
  68.  54.        0.7466549305       -0.3052594126
  68.  55.        0.3989307814       -0.2250182174
  68.  56.        0.0826308459        0.0818325877
  68.  57.       -1.9240965340        0.3524179486
  68.  58.        0.1533478613       -0.0267838572
  68.  59.        0.1582403014       -0.2294772690
  68.  60.       -0.6326896456       -0.1457155577
  68.  61.        0.9949449353       -0.9635034068
  68.  62.       -0.6705377639       -0.1367071489
  68.  63.        0.4785677721       -0.4693794501
  68.  64.       -0.2467380068        0.7680532256
  68.  65.        0.1995204235       -0.3302815440
  68.  66.       -0.6316479025        0.2464080753
  68.  67.        0.6949833474        0.5137316242
  68.  68.       -0.8077909222       -0.2888807184
  69.   0.       -0.0347031006        0.0000000000
  69.   1.        0.5005449806       -0.0520876344
  69.   2.       -0.3516772727       -0.0776038225
  69.   3.       -0.5060002735        0.3575167680
  69.   4.        0.4216641166       -0.2377963603
  69.   5.       -0.1419120008        0.2493919587
  69.   6.        0.5800730747        0.4560611378
  69.   7.        0.1251527618        0.1086469851
  69.   8.       -0.6497797632       -0.4265223131
  69.   9.        0.4802805103        0.1323700479
  69.  10.       -0.4290952423       -0.3371090071
  69.  11.        0.1199293129       -0.2234598118
  69.  12.        0.0944737745       -0.3961954470
  69.  13.        0.0771987556       -0.4758188685
  69.  14.        0.0009740122        0.3754927927
  69.  15.        0.1686264721       -0.5220484336
  69.  16.        0.2523228190       -0.3671366844
  69.  17.       -0.0712901806        0.3003986599
  69.  18.        0.4951538576       -0.3832745320
  69.  19.       -0.4189367818        0.0979082323
  69.  20.       -0.3626331611        0.7104935013
  69.  21.        0.4668236595       -0.9639511946
  69.  22.       -0.1868148261        0.1984764343
  69.  23.        0.4513045000       -0.3912965471
  69.  24.       -0.4352315113       -0.2028716779
  69.  25.        0.5158155359        0.5566666448
  69.  26.        0.4922144140        0.2295770551
  69.  27.       -0.2836955363        0.6050850536
  69.  28.       -0.3455232977       -1.3138323714
  69.  29.        0.0160376593       -0.3217826506
  69.  30.       -0.0903873399        0.2906036221
  69.  31.        0.1217901465        0.0261470121
  69.  32.       -0.1554848391        0.6365339139
  69.  33.       -0.0180333381       -0.7010149312
  69.  34.       -0.3399383191        0.2070226074
  69.  35.       -0.2145084713        0.0775491190
  69.  36.        0.0185464002        1.0651845931
  69.  37.        0.1350378794       -0.8571526169
  69.  38.       -0.2076138228       -0.0510040653
  69.  39.       -0.2574201127       -0.2700843634
  69.  40.        0.1509738831       -0.6399014334
  69.  41.       -0.4174401577        0.1256408797
  69.  42.        0.0215058831        0.6420059758
  69.  43.       -0.0718923420        0.3431086210
  69.  44.       -0.5550188868        0.2812427840
  69.  45.        0.4326501836       -0.7906589241
  69.  46.       -0.5316639564       -0.2666813171
  69.  47.        0.7503448124        1.2016428408
  69.  48.       -0.4567119996       -0.1006566094
  69.  49.        0.1631013668        0.2697014487
  69.  50.       -0.0489237172       -1.0365079745
  69.  51.        0.3659161445       -0.1341169627
  69.  52.        0.2122525767        0.2619050453
  69.  53.       -0.1177530038       -0.0713500531
  69.  54.       -0.5883127621        0.5908190641
  69.  55.       -0.2115673281        0.2176971855
  69.  56.       -0.0539844523        0.0243615148
  69.  57.        1.0762886125        0.7879386546
  69.  58.       -1.3112133902       -0.1930742943
  69.  59.        0.1885115345       -0.5781709107
  69.  60.        0.1454994137       -0.9249252287
  69.  61.       -0.2199006142        0.0432091838
  69.  62.        0.8906361431       -1.1464370178
  69.  63.       -0.9002459500        0.2568791524
  69.  64.        0.0097118513       -0.2868490821
  69.  65.        0.3020780342        0.4334051699
  69.  66.       -0.5584701582       -0.8158878549
  69.  67.        0.7859169239        0.4437827423
  69.  68.       -0.3034006794       -0.4448414454
  69.  69.       -0.3208634084       -0.7233859121
  70.   0.       -0.0166396648        0.0000000000
  70.   1.        0.5710205120       -0.0201078268
  70.   2.        0.7658710393       -0.2169476947
  70.   3.        0.1293376162        0.1104949129
  70.   4.        0.2426070817       -0.3535217765
  70.   5.        0.1405108838        0.1740175368
  70.   6.        0.0806836485       -0.0923849298
  70.   7.        0.4518836512        0.1807201184
  70.   8.       -0.2292774173       -0.5858416253
  70.   9.       -0.4668609348       -0.1298986190
  70.  10.        0.7198260061        0.3924886723
  70.  11.        0.0293870713       -0.6041637155
  70.  12.        0.3285099654        0.4997901889
  70.  13.        0.0103972505        0.6358325796
  70.  14.       -0.9772828678        0.3655681663
  70.  15.       -0.2648660433        0.6520128137
  70.  16.        0.2103005379       -0.4026823689
  70.  17.        0.1375435061       -0.3583984755
  70.  18.        0.0296485966        0.3248584705
  70.  19.        0.2775440621       -0.9619341172
  70.  20.        0.3983279853        0.3050866259
  70.  21.        0.4607606978       -0.1989414378
  70.  22.       -0.1093773715       -0.1008291695
  70.  23.       -0.2522499941        0.6198281973
  70.  24.        0.2031487021       -0.4717781869
  70.  25.       -0.4285311003       -0.2252405469
  70.  26.       -0.2029854015       -0.2148142669
  70.  27.        0.5275000871        0.3620842628
  70.  28.       -0.5954986656        0.9999076548
  70.  29.        0.6153348845       -0.2484958254
  70.  30.       -0.2640642327        0.4062204222
  70.  31.       -0.0762459517       -0.3102505673
  70.  32.       -0.1454600626       -0.2128080064
  70.  33.       -0.4476776375        0.1122498799
  70.  34.        0.6713335131       -0.3637687710
  70.  35.        0.4061670943       -0.2557042710
  70.  36.        0.6086461212       -0.4643113186
  70.  37.       -0.1306140436        0.4719419916
  70.  38.       -0.2872694240       -0.0701600350
  70.  39.        0.2265257243        0.1528714574
  70.  40.       -0.1098522001        0.3101519612
  70.  41.        0.2256745346        0.1892508334
  70.  42.       -1.3354545558        0.5399204542
  70.  43.        0.6764216127       -0.2877185532
  70.  44.       -0.3747287661        0.6943511327
  70.  45.       -0.1739416760        0.3093759905
  70.  46.        0.5839974738        0.0005930214
  70.  47.       -0.3665732892       -0.4188770740
  70.  48.        0.9718021290        1.0249237940
  70.  49.       -0.6249722694       -0.2561502627
  70.  50.        0.1930062788        0.2687647060
  70.  51.        0.0110255288       -1.7062750732
  70.  52.       -0.2980768313       -0.1873333941
  70.  53.       -0.2151923335        0.3917907429
  70.  54.        0.7158631884       -0.7545593480
  70.  55.       -0.1755831396        0.5713420112
  70.  56.        0.0921503294        0.5309495681
  70.  57.       -0.1383775799        0.3732099111
  70.  58.        0.9489220843        0.2811749313
  70.  59.       -0.9121522502       -0.4191351879
  70.  60.        0.3878599375        0.3851727178
  70.  61.        0.0253469477       -0.2481415147
  70.  62.       -0.0291278650        0.7034939671
  70.  63.        0.1265341688       -0.1883689575
  70.  64.        0.1672225280        0.7652315539
  70.  65.        0.5380095958       -0.1186404064
  70.  66.        0.5940601524        0.2641055443
  70.  67.       -0.5759680569        0.2398418996
  70.  68.        0.3206194319        0.4324231164
  70.  69.        0.0327571151        0.5188887187
  70.  70.        0.1119935744       -0.3005676031
  71.   0.        0.0241711783        0.0000000000
  71.   1.       -0.5738190692        0.1428778194
  71.   2.        0.4630605381        0.5659085475
  71.   3.        0.3737445837        0.1271828026
  71.   4.       -0.7457437527        0.7447848372
  71.   5.       -0.3666383713        0.0831253496
  71.   6.        0.2192692309       -0.3094878522
  71.   7.       -0.8407668942        0.0418880883
  71.   8.        0.1662437693       -0.1185575764
  71.   9.       -0.1123167458        0.4341642063
  71.  10.       -0.2411116450       -0.0701026853
  71.  11.       -0.0585867774        0.1472495429
  71.  12.       -0.3916771880       -0.5105707109
  71.  13.        0.6863423392        0.3663028990
  71.  14.        0.3630762034       -0.2518768675
  71.  15.       -0.9081241612       -0.3792005014
  71.  16.       -0.1335683700        0.2758127060
  71.  17.        0.4802169941        0.0255426075
  71.  18.       -0.6855122149        0.2926717516
  71.  19.       -0.5287209742        0.4097689190
  71.  20.        0.9005287929       -0.8157842161
  71.  21.       -0.1834210508        0.3401334800
  71.  22.        0.2065447773       -0.6010924234
  71.  23.       -0.2558626313        0.0645980017
  71.  24.       -0.2041936799        0.5114086126
  71.  25.        0.8007943940       -0.1685492687
  71.  26.       -0.4312261598        0.1225645020
  71.  27.        0.0112857564       -0.0896604185
  71.  28.       -0.0041133189        0.0433033535
  71.  29.        0.6746034143        0.4647609014
  71.  30.        0.5045258151        0.3223362653
  71.  31.        0.2215817279        0.3224017781
  71.  32.       -0.6819813763       -1.4769361174
  71.  33.        0.2196997334       -0.1274023256
  71.  34.       -0.0975350471       -0.5408398171
  71.  35.        0.9843931729        0.7189105735
  71.  36.        0.1221263671        0.1641512846
  71.  37.        0.4972615631        0.8441954146
  71.  38.       -0.0710513020        0.2474201321
  71.  39.        0.0763908769       -0.0415649855
  71.  40.       -0.0586850390        0.4460847633
  71.  41.       -0.3008877566       -0.0729280714
  71.  42.        0.0916831545        0.2401712918
  71.  43.       -0.4987417228       -0.4761050380
  71.  44.        0.3925126168       -0.7735123793
  71.  45.       -0.0486364272        0.2579739105
  71.  46.        0.4782645317        0.4470356474
  71.  47.       -0.5957914168        0.1320648181
  71.  48.        0.4424061123       -0.8381080515
  71.  49.        0.0935088660       -0.3081690252
  71.  50.       -0.4361165680       -0.6078227972
  71.  51.        0.2885730349        0.3565542258
  71.  52.        0.1067018002       -0.9506675765
  71.  53.       -0.7664233648        0.3770525197
  71.  54.       -0.3383352844        0.1498741476
  71.  55.        0.3358867873       -0.3866246148
  71.  56.        0.3351522238       -0.0307817351
  71.  57.       -0.0541512295       -0.0201067789
  71.  58.       -0.3593980265        0.3793842432
  71.  59.        1.0221480626       -0.3170418146
  71.  60.       -0.3199847067        0.7494078619
  71.  61.       -0.3803995072       -0.2767123813
  71.  62.       -0.1200807609       -0.8824758745
  71.  63.        0.2103580740        0.5296642136
  71.  64.        0.0090909905       -0.1287998284
  71.  65.        0.3007566814        0.1032707285
  71.  66.       -0.1377592427       -0.5136428851
  71.  67.       -0.6058127278        0.7055622598
  71.  68.       -0.3520845871        0.4269842478
  71.  69.        0.2959136813        0.5104552806
  71.  70.       -0.1060537070        0.2191613277
  71.  71.        0.1326557616        0.5221596214
  72.   0.        0.2714258974        0.0000000000
  72.   1.       -0.6343187669       -0.2137785326
  72.   2.       -0.8598484630        0.5843972519
  72.   3.        0.4013109843        0.1616034761
  72.   4.        0.0207414104        0.7110939382
  72.   5.       -0.2993156623       -0.2357985970
  72.   6.        0.0651310990        0.0216070609
  72.   7.       -0.3234824899        0.0588542512
  72.   8.       -0.3383088536        0.0708334898
  72.   9.        0.0845075647        0.4308082141
  72.  10.       -0.2883904847       -0.2539313943
  72.  11.       -0.1992753786        0.9311955882
  72.  12.        0.5100522140        0.1969054863
  72.  13.       -0.4926528976        0.0658711240
  72.  14.        1.1553105273        0.4578664753
  72.  15.        0.5900665967        0.4631840685
  72.  16.       -0.4328175926        0.2118278241
  72.  17.        0.0791618380        0.9284970231
  72.  18.        0.0887516805       -0.6190897787
  72.  19.       -0.3984435085        1.0112168946
  72.  20.       -0.6824691444       -0.2483270797
  72.  21.       -0.3771228280        0.0896662071
  72.  22.       -0.1451657623        0.4884302665
  72.  23.        0.3544018799       -0.6596335304
  72.  24.       -0.2648000413        0.0688538095
  72.  25.       -0.0144799386        0.4259519864
  72.  26.        0.4398458361        0.2049715010
  72.  27.       -0.2010411058        0.3231337374
  72.  28.        0.5788546036       -0.9424436089
  72.  29.       -0.1892737590       -0.0534307791
  72.  30.       -0.9275237221       -0.6330528369
  72.  31.        0.7073716084        0.2624071352
  72.  32.       -0.0917565935        0.4572064130
  72.  33.       -0.3788312166        0.3866922575
  72.  34.        0.2475131961       -0.5629148263
  72.  35.       -0.3699874456       -0.3755246703
  72.  36.       -0.2220838404        0.1078214918
  72.  37.       -0.1928552294       -0.1872325039
  72.  38.        0.1500247136        0.4366960654
  72.  39.       -0.6171756954        0.5829787136
  72.  40.        0.4799765350       -0.7558905976
  72.  41.       -0.1232069019        0.0421886846
  72.  42.        0.3487625608       -0.1042724662
  72.  43.       -0.5466031439        0.3718151123
  72.  44.       -0.3356191232       -0.1127646725
  72.  45.        0.4927112255       -1.3296902094
  72.  46.       -0.1747770617       -0.7319638862
  72.  47.        0.0801992726        0.5624195629
  72.  48.       -0.6422105595        0.1597710254
  72.  49.       -0.1896262005       -0.2355991564
  72.  50.        0.2928809953       -0.4452839455
  72.  51.       -0.4800881896       -0.3435835682
  72.  52.        0.8993290660        0.4772866504
  72.  53.        0.5752490887       -0.4569060072
  72.  54.       -0.0121151177        0.2726821205
  72.  55.       -0.2590597364       -1.1239437680
  72.  56.       -0.0501441490       -0.2338251666
  72.  57.        0.4612911538        0.0685705644
  72.  58.        0.1712731417       -0.1362469503
  72.  59.       -0.0613133080       -0.5186468642
  72.  60.        0.0065709293       -0.5959350491
  72.  61.       -0.3576867655        0.0379579299
  72.  62.       -0.3114591476       -0.7217985896
  72.  63.       -0.3978269472       -0.6059026290
  72.  64.       -0.7018147275        0.4337009872
  72.  65.       -0.4533702643        0.5655504905
  72.  66.        0.5728812430        0.0622902353
  72.  67.       -1.3972250098        0.2475835253
  72.  68.        0.8664651099        1.1948779136
  72.  69.        0.1808593461       -0.2737909463
  72.  70.        0.6538316878        0.2416134276
  72.  71.        0.1184255895       -0.6336495173
  72.  72.       -0.6443618591       -0.2026478450
  73.   0.        0.7417647571        0.0000000000
  73.   1.        0.0188893821       -0.0313025311
  73.   2.       -0.0118448406       -0.6217649538
  73.   3.       -0.1001491641       -0.7542439359
  73.   4.        0.8051854730       -0.1555534251
  73.   5.        0.2847049422        0.0346398833
  73.   6.       -0.9468208725        0.0673789656
  73.   7.        0.7531147135       -0.0922778105
  73.   8.       -0.0333745668        0.1012059269
  73.   9.        0.3260641193        0.2321777625
  73.  10.       -0.1596039438        0.2249708084
  73.  11.        0.1352844117       -1.2089036069
  73.  12.        0.5879730608        0.6744595940
  73.  13.       -0.5509955901       -0.3092985938
  73.  14.       -0.5478242428       -0.5163626471
  73.  15.        0.5046885956        0.9514419080
  73.  16.        0.0152194667        0.0475864150
  73.  17.       -0.2907624053       -0.1271646622
  73.  18.        0.8237168480       -0.2339276356
  73.  19.       -0.1528686011       -0.1784833167
  73.  20.        0.0604554763        0.2145425497
  73.  21.       -0.7311238901       -0.0890372589
  73.  22.       -0.2326781796        0.6218164273
  73.  23.       -0.1501706228        0.4792927470
  73.  24.        0.0052846741       -0.4114753116
  73.  25.       -0.3099301689       -0.6472261145
  73.  26.       -0.0974363460        0.2262570599
  73.  27.       -0.2065310124        0.1303796994
  73.  28.       -0.2762642569        0.7873017676
  73.  29.       -0.6525699768       -0.7574571945
  73.  30.        0.2747089541       -0.1718799728
  73.  31.       -0.9597137905       -0.9044364667
  73.  32.        0.5414155955        1.0571436008
  73.  33.       -0.1002936541        0.5310649133
  73.  34.        0.5646359984       -0.0318002302
  73.  35.       -0.5456495263       -0.5179649586
  73.  36.       -0.3563870352       -0.9478220339
  73.  37.       -0.1781957795        0.4524654928
  73.  38.       -0.2015194996       -0.1301342808
  73.  39.       -0.1020901269       -0.1227290897
  73.  40.        0.3205746546        0.4710702809
  73.  41.        0.8780267348       -0.9292324846
  73.  42.       -0.0068564396        0.0927943166
  73.  43.        0.1087215625        0.1603445410
  73.  44.       -0.3219760754        0.4170818498
  73.  45.       -0.3857831284       -0.5667675795
  73.  46.       -0.0228192369       -0.8826620416
  73.  47.       -0.1310786846       -0.9198576787
  73.  48.        0.9848572460        1.1396908284
  73.  49.       -0.5798872138        0.5856323582
  73.  50.        0.0889684975        0.7417263963
  73.  51.        0.2616156260       -0.2248117661
  73.  52.       -0.1400302473       -0.1769335186
  73.  53.        0.3283676114       -0.2232918330
  73.  54.       -0.0137775946       -0.1102329734
  73.  55.        0.6266854808        0.3393391401
  73.  56.        0.3399257613        0.3270803265
  73.  57.       -0.0918585613       -0.2082734935
  73.  58.        0.0971108212        0.3706528597
  73.  59.       -0.6642863619       -0.1216858809
  73.  60.       -0.3784399855       -0.1162645201
  73.  61.       -0.2756095549       -0.3161123533
  73.  62.        0.2709859289       -0.0092552457
  73.  63.        0.3004662113       -0.1770630311
  73.  64.       -0.2882166797       -0.8779260591
  73.  65.       -0.7033789284        0.2816544935
  73.  66.       -0.8774360144        0.2110066670
  73.  67.        0.1047418679        1.0702917256
  73.  68.        0.1619546398        1.4502883342
  73.  69.       -0.1039126875       -0.3881616910
  73.  70.       -0.6896416537        0.9043073073
  73.  71.       -0.0839025123       -0.1813971348
  73.  72.       -0.6027089935       -0.3327939097
  73.  73.        0.2730907188       -0.4056443680
  74.   0.        0.2646189605        0.0000000000
  74.   1.       -0.1337113799        0.2026183043
  74.   2.        0.2205593260        0.2413645417
  74.   3.       -0.2468713667       -0.5165375818
  74.   4.        0.2351852418        0.4091150655
  74.   5.        0.2009867249        0.2419392248
  74.   6.       -0.1993012290       -0.0489057000
  74.   7.        0.0222720336       -0.0051064240
  74.   8.        0.3992823035        0.2814874723
  74.   9.       -0.3844436939       -0.4730269421
  74.  10.        0.1414816399        0.3766412075
  74.  11.        0.0153391968        0.1506579382
  74.  12.       -0.9980695984       -0.6866244459
  74.  13.        0.6044499556        0.3753699945
  74.  14.       -0.7718143500       -0.7936565673
  74.  15.       -0.4299997475       -0.4342581932
  74.  16.        0.6671459396        0.2205045983
  74.  17.       -0.1313003548       -0.3555635634
  74.  18.       -0.1765769532        0.3894749806
  74.  19.       -0.0269662332       -0.2941441273
  74.  20.        0.5116893619       -0.0728604195
  74.  21.        0.2739508122       -0.0838960682
  74.  22.        0.3860813839        0.0944088316
  74.  23.        0.7262437181        0.1183275594
  74.  24.        0.3191935814        0.2263261631
  74.  25.        0.3424014012       -0.5281629251
  74.  26.       -0.5128803754       -0.3144270214
  74.  27.       -0.1329374477       -0.8519990598
  74.  28.       -0.1969507397        0.0967293113
  74.  29.        0.1352972606       -0.1078203794
  74.  30.        0.0698169080        0.1868829189
  74.  31.       -0.3791378230        0.2177329218
  74.  32.        0.2178513960        0.0066279757
  74.  33.        0.8693274791        0.0437340547
  74.  34.       -0.2028833949        0.5435151079
  74.  35.        0.1297563438       -0.0135872808
  74.  36.       -0.1906424864        0.2058365703
  74.  37.        0.1581044389       -0.0226257259
  74.  38.        0.1389959478       -0.4726289906
  74.  39.        0.0617304448       -0.5585847746
  74.  40.       -0.6070046716        0.1143350995
  74.  41.       -0.7858069828        0.0087571474
  74.  42.        0.2696041918       -0.7254570756
  74.  43.       -0.2535346426       -0.4192760572
  74.  44.        0.6413305560        0.2981834367
  74.  45.        0.2229258332        0.7298478806
  74.  46.        0.2061665520        1.2367283449
  74.  47.        0.0152002683       -0.3124214577
  74.  48.       -0.3475099998       -0.5682952369
  74.  49.        0.7965722424        0.5428298747
  74.  50.       -0.1471238555        0.2172056573
  74.  51.       -0.0770616076        0.9002827674
  74.  52.       -0.9398034799       -0.1621701829
  74.  53.        0.3905273793       -0.4221732813
  74.  54.        0.0915916405       -0.3068310272
  74.  55.        0.3126453785       -0.1057536325
  74.  56.        0.1602676390        0.8295683935
  74.  57.        0.1617271036       -0.6622707072
  74.  58.       -0.3051404330       -0.5148129040
  74.  59.        0.5799395449        0.7122913366
  74.  60.       -0.4171207090        0.4252205637
  74.  61.        0.1986506342       -0.2103817414
  74.  62.       -0.4625849993       -0.8963820921
  74.  63.        0.3302128897        0.3801101655
  74.  64.       -0.1932242643       -0.0937494139
  74.  65.       -0.7308428409       -0.3985212092
  74.  66.       -0.0736378622       -0.1165578872
  74.  67.       -0.4262687167       -0.1004674696
  74.  68.        0.9786273249        1.2115645224
  74.  69.        0.6098344305       -0.2015590120
  74.  70.       -0.7365203788       -0.5619712093
  74.  71.        0.1620422330       -0.1229413385
  74.  72.        0.6850123040       -0.0661687010
  74.  73.       -0.4205088856       -0.1615898980
  74.  74.        0.5853981603       -0.8727744377
  75.   0.       -0.1732614437        0.0000000000
  75.   1.        0.5337074977       -0.3221792894
  75.   2.       -0.0996978301        0.1129512775
  75.   3.       -0.4442599575        0.4512117135
  75.   4.       -0.4404631170       -0.6993435719
  75.   5.        0.1336179959        0.1124302109
  75.   6.        0.8822484058       -0.1228489634
  75.   7.       -0.2489152098       -0.2729093225
  75.   8.        0.3004326209       -0.1164344649
  75.   9.       -0.1307620535       -0.1142817047
  75.  10.       -0.3942334820       -0.2129412551
  75.  11.       -0.5201466071        1.1413674884
  75.  12.       -0.0068556445       -0.3121516912
  75.  13.       -0.4481276308       -0.2794596373
  75.  14.       -0.4080984838        0.1233315327
  75.  15.       -0.3548353294       -1.1433645451
  75.  16.        0.2897556094        0.2011941811
  75.  17.        0.1350146112        0.2058767280
  75.  18.       -0.4097718033        0.0625503740
  75.  19.        0.0599921248        0.6903585003
  75.  20.       -0.0777468935        0.4219907997
  75.  21.        0.8691411663       -0.0225533437
  75.  22.       -0.1334221268       -0.2285150017
  75.  23.       -0.2526463348       -0.6024420077
  75.  24.       -0.3356085095        0.3694189453
  75.  25.       -0.1543615335        0.7905629661
  75.  26.       -0.1947494060       -0.0665690509
  75.  27.       -0.1799584491        0.1543201010
  75.  28.        0.0773257918       -1.2066411601
  75.  29.       -0.1198010913       -0.2529135119
  75.  30.        0.0659750510        0.4786528296
  75.  31.        0.4311459128        0.4607214599
  75.  32.       -0.7123050982        0.6267942505
  75.  33.        0.0078086977       -0.3053686809
  75.  34.       -0.3077744761        0.4468473637
  75.  35.       -0.2374072341       -0.0825425919
  75.  36.        0.5985236596        0.8297344632
  75.  37.        0.0098937729       -0.4204766581
  75.  38.        0.4926131245        0.2261188184
  75.  39.       -0.1649383889        0.6209666663
  75.  40.       -0.0232024050       -0.4229062958
  75.  41.       -0.2383693045        0.8313651134
  75.  42.        0.0464592733        0.3604306834
  75.  43.        0.1717533944       -0.2250519865
  75.  44.       -0.1486549561       -0.2260551902
  75.  45.        0.1079944893       -0.5440499985
  75.  46.       -0.6013649586        0.0097786940
  75.  47.        0.4969248362        0.4967153191
  75.  48.       -0.9411632463       -0.0104050452
  75.  49.       -0.0213425188       -0.4872776823
  75.  50.        0.2894907513       -0.1913139592
  75.  51.       -0.7427613644       -0.2346290424
  75.  52.        0.0384641611        0.4881003017
  75.  53.       -0.6474916901        0.3547202677
  75.  54.        0.1224791830        0.2658007173
  75.  55.        0.0733545420       -0.3836405485
  75.  56.        0.1471748280        0.1003189822
  75.  57.       -0.1156520137       -0.5619453864
  75.  58.        0.2458454650        0.0853599887
  75.  59.       -0.1045794621       -0.5214193967
  75.  60.        0.6356509087       -0.0764771209
  75.  61.        0.4115761952        0.0100226202
  75.  62.        0.4707471982        0.1162771408
  75.  63.       -0.2936436776        0.1716233139
  75.  64.        0.4184189308       -0.0034652910
  75.  65.       -0.4293323280        0.3894170470
  75.  66.       -0.0123182719        0.6615897804
  75.  67.       -0.2721905015       -0.1951398255
  75.  68.        0.0448683072        0.4740423371
  75.  69.        1.3450267045        0.0265593047
  75.  70.        0.0453248148        0.0441080258
  75.  71.       -0.3441487556       -0.1818901989
  75.  72.       -0.1295398732        0.5662193122
  75.  73.        0.3193156915        0.7904348520
  75.  74.        0.3672008313        0.6986745954
  75.  75.        0.8988529515        0.0318290923
  76.   0.       -0.4894045104        0.0000000000
  76.   1.        0.3307898857       -0.2867934746
  76.   2.        0.2172426699       -0.5930387868
  76.   3.       -0.2765706158        0.2373025818
  76.   4.        0.2425747487       -0.7937216350
  76.   5.       -0.2862337229       -0.0374232886
  76.   6.       -0.0934108349       -0.0013066696
  76.   7.        0.2726075757       -0.0995371246
  76.   8.       -0.1217527423       -0.1627551173
  76.   9.        0.4477253670        0.3207714303
  76.  10.        0.0111403864        0.0464557839
  76.  11.       -0.4854679220       -0.1841901660
  76.  12.        0.4897601067        0.1399186673
  76.  13.       -0.2217130222       -0.4653171534
  76.  14.       -0.2181656900       -0.0708053989
  76.  15.        0.2171653468        0.4619403329
  76.  16.       -0.4673026201        0.2926666828
  76.  17.       -0.2107242459        0.1048522878
  76.  18.        0.0381216720       -0.1644094512
  76.  19.        0.0257777117       -0.3507105074
  76.  20.        0.2899920920       -0.0814061324
  76.  21.       -0.1352397689        0.4318703927
  76.  22.       -0.8293272894       -0.6386421129
  76.  23.       -0.2183326429        0.4813169673
  76.  24.       -0.0047469319       -0.2763553669
  76.  25.        0.3363756395       -0.3576991321
  76.  26.        0.3410000509       -0.0636801082
  76.  27.        0.4720392449        0.5437113584
  76.  28.       -0.0766544589        0.5033703613
  76.  29.       -0.3826786893       -0.4505139585
  76.  30.        0.1355272937       -0.3572189381
  76.  31.       -0.0787146859       -0.0333094102
  76.  32.        0.2741722235        0.1884183161
  76.  33.       -0.8171086627       -0.2597609923
  76.  34.       -0.2227541918       -0.0843777177
  76.  35.        0.1244954693        0.6598790717
  76.  36.        0.0809181255       -0.9076329318
  76.  37.        0.8735538477       -0.0086659142
  76.  38.       -0.5908420772       -0.2937147731
  76.  39.       -0.2347320457        0.3443284303
  76.  40.        0.1419705245       -0.0430152021
  76.  41.        1.2444973821       -0.2834302250
  76.  42.        0.3302610069        0.0969197052
  76.  43.        0.6252331529        0.5777775296
  76.  44.        0.0876815225        0.1584083699
  76.  45.       -0.1308806910        0.9411354297
  76.  46.        0.4041980699       -0.9291878816
  76.  47.       -0.4160718386        0.0454815344
  76.  48.        0.7829762891        0.0368060765
  76.  49.       -0.6900160004       -0.2293761090
  76.  50.       -0.5195766844       -0.3040060067
  76.  51.       -0.0104672918       -0.7871233375
  76.  52.        0.3397264325        0.0552950157
  76.  53.        0.1932313259        0.5164503865
  76.  54.       -0.6909128419       -0.5453694400
  76.  55.       -0.2626329698        0.8518022258
  76.  56.        0.1137701764       -0.3361285576
  76.  57.        0.0397142565       -0.0493847393
  76.  58.        0.4170555279       -0.2112401503
  76.  59.       -0.7542126395       -0.5889266628
  76.  60.       -0.3214772252       -0.8069957024
  76.  61.       -0.1625946559       -0.2878105879
  76.  62.        0.0383070947        0.2780734496
  76.  63.       -0.0461936125        0.4093173166
  76.  64.       -0.2242686888       -0.0395589286
  76.  65.        0.6015060141       -0.0399073297
  76.  66.       -0.6954207284       -0.0291313844
  76.  67.        0.1972680115       -0.2907129149
  76.  68.       -0.0457436471        0.5626263389
  76.  69.        0.5089947694       -0.4958644889
  76.  70.       -0.2316078265       -0.3968599933
  76.  71.       -0.4259719849        0.0255732971
  76.  72.        0.3968962413        0.3624167797
  76.  73.       -0.8282925082        0.3470859330
  76.  74.        0.0054692440        0.4521764062
  76.  75.        0.1995465920       -0.1466022734
  76.  76.        0.6407242375        0.3677075882
  77.   0.       -0.3345055687        0.0000000000
  77.   1.       -0.8334284241        0.5545838900
  77.   2.       -0.3467487762       -0.2423117240
  77.   3.        0.4692042491       -0.0148039382
  77.   4.        0.0103121134        0.7114373899
  77.   5.       -0.2424180486       -0.4951029063
  77.   6.       -0.1625845377        0.3064995721
  77.   7.       -0.2328852432        0.4456377030
  77.   8.        0.0920751287        0.3348742646
  77.   9.       -0.6243768611       -0.3498890091
  77.  10.        0.8163728663       -0.1149570262
  77.  11.        0.0621345463       -0.0455475589
  77.  12.       -0.3249740195       -0.0340065792
  77.  13.        0.4722227941       -0.0425599132
  77.  14.        0.0929124679       -0.0023098174
  77.  15.        0.1722118174        0.7217739905
  77.  16.       -0.1498693065       -0.0229767338
  77.  17.       -0.8595292825       -0.4210806302
  77.  18.       -0.4971342358       -0.2782500588
  77.  19.       -0.1820404919       -0.1788964851
  77.  20.       -0.0784401872       -0.5350788044
  77.  21.       -0.0115786078        0.5410704843
  77.  22.       -0.0735391685       -0.0278356936
  77.  23.       -0.0000579204        0.4404515894
  77.  24.        0.3600696429        0.3154287298
  77.  25.        0.0044152875       -0.8025838682
  77.  26.        0.5899092689       -0.1652820152
  77.  27.        0.4140656993       -0.0928232179
  77.  28.        0.1967096545       -0.1382549418
  77.  29.        0.0346851103        0.7658597211
  77.  30.       -0.1144015482       -0.3128787146
  77.  31.       -0.1082682887        0.7350813173
  77.  32.        0.3142162625       -0.4474621873
  77.  33.        0.6905390554        0.1145922954
  77.  34.        0.0770542082       -0.0926553774
  77.  35.        0.1508058400        0.4043671343
  77.  36.       -0.5445277670       -0.2369352294
  77.  37.        0.0511368778        0.0588563634
  77.  38.        0.7009551636        0.0164663856
  77.  39.       -0.1232772800       -0.9554917343
  77.  40.       -0.0579711504        0.3868614439
  77.  41.        0.1400709316       -0.0515146320
  77.  42.        0.0614093795       -0.5101143485
  77.  43.        0.0626968041        0.5862540531
  77.  44.       -0.0203768973       -0.5216774027
  77.  45.       -0.8906040848        0.6645870126
  77.  46.       -0.6976307994        0.2668618455
  77.  47.       -0.4494235460        0.0319363078
  77.  48.        0.3756132307       -0.3576064216
  77.  49.        0.3972749208       -0.1447251524
  77.  50.        0.1882740852       -0.0078956984
  77.  51.       -0.0813634555        0.0653937144
  77.  52.        0.2588138447       -0.0611459438
  77.  53.       -0.0112107939       -0.3881929856
  77.  54.        0.3166293233       -0.3163956007
  77.  55.       -0.3458619841        0.3267620468
  77.  56.       -0.2235766054        0.3727432852
  77.  57.        0.3905676446       -0.4582952419
  77.  58.        0.4301999781        0.2625000558
  77.  59.       -0.5478691795        0.3664576937
  77.  60.       -0.1645943159        0.0162433284
  77.  61.        0.1102199557       -0.1759298544
  77.  62.       -0.0423212337       -0.5003653015
  77.  63.       -0.1309477482        0.3946723063
  77.  64.       -0.4161488345        0.4864261878
  77.  65.        1.0791631048       -0.3401234114
  77.  66.       -0.6141482183       -0.1341284431
  77.  67.        1.0644502792       -0.4793905882
  77.  68.        0.1893804881       -1.2026120602
  77.  69.        0.4204017613       -0.5199595525
  77.  70.       -0.3604445516        0.0012120470
  77.  71.       -0.2592536529        0.5925243125
  77.  72.       -0.6253465271        0.0842529695
  77.  73.        0.0289382159       -0.8469252758
  77.  74.       -0.9396591785        0.2030856906
  77.  75.        0.0559881291        0.4064797761
  77.  76.        0.2212583050        0.4937165899
  77.  77.        0.1621020044        0.7263676355
  78.   0.        0.1993401316        0.0000000000
  78.   1.       -0.4859618510        0.4308072549
  78.   2.       -0.3466347869        0.3319983757
  78.   3.        0.3093981197        0.3350308543
  78.   4.       -0.4690481731       -0.2845210907
  78.   5.        0.4877251573       -0.1814009098
  78.   6.        0.0324924994        0.0985951849
  78.   7.       -0.3489940883       -0.1041819846
  78.   8.       -0.3510820835        0.1983448600
  78.   9.        0.4154121685       -0.2454378680
  78.  10.       -0.5488778080       -0.2109112480
  78.  11.        0.5252129963       -0.3558982062
  78.  12.        0.1904158938        0.2231411296
  78.  13.       -0.0804685384        0.0583005288
  78.  14.        0.4143514811       -0.1888561910
  78.  15.       -0.1188966520       -0.4200701850
  78.  16.       -0.0022031559        0.3666612427
  78.  17.        0.2515618525       -0.5073487230
  78.  18.       -0.1139414122        0.1376824416
  78.  19.        0.2373932186        0.0980364831
  78.  20.       -0.2846822204        0.5275209148
  78.  21.       -0.0954727194       -0.8761214315
  78.  22.       -0.0229620579        0.1710735716
  78.  23.        0.2081819988       -0.2997988379
  78.  24.        0.2646606388        0.0664089923
  78.  25.       -0.6095101570        0.8584786125
  78.  26.       -0.3718334194        0.0994665603
  78.  27.       -0.4617280337       -0.1073556056
  78.  28.        0.2702706005       -0.4043663896
  78.  29.        0.1125603658       -0.0610503119
  78.  30.        0.1630132581        0.0657525124
  78.  31.       -0.1398917137       -0.3766337590
  78.  32.       -0.3136378519       -0.1306765106
  78.  33.        0.0279407824       -0.5131412788
  78.  34.        0.4680249589       -0.1287497540
  78.  35.        0.0682651263       -0.4808800764
  78.  36.       -0.0841352562        0.5766803179
  78.  37.       -1.1047838989        0.2058581880
  78.  38.        0.2980637283        0.4137034516
  78.  39.        0.8195580383       -0.1742329484
  78.  40.        0.1223634291       -0.0617235367
  78.  41.       -0.6965642795        0.2625270502
  78.  42.       -0.3637634298        0.0403401070
  78.  43.       -0.4978232943       -0.1992037228
  78.  44.        0.0492615829        0.3771446195
  78.  45.        0.3355420919       -0.9740873314
  78.  46.        0.1820282474        0.2812688176
  78.  47.       -0.2762863694        0.0120377589
  78.  48.       -0.6219532813        0.1775203329
  78.  49.       -0.2989411472       -0.8888407919
  78.  50.        1.0255457318       -0.1217488593
  78.  51.       -0.0019896257       -0.0755803620
  78.  52.        0.2819706843        0.2157084420
  78.  53.       -0.8218068336       -0.0885083797
  78.  54.        0.2665473799       -0.5104426010
  78.  55.       -0.5849868266       -0.5362796708
  78.  56.        0.1276945966       -0.3803210181
  78.  57.        0.3018195472       -0.0236880646
  78.  58.        0.1038138253       -0.3921977280
  78.  59.       -0.5008383272        0.1322523317
  78.  60.       -0.4266308453        0.2059838980
  78.  61.       -0.3377247978        0.1138411789
  78.  62.       -0.0735298167       -0.3488771585
  78.  63.       -0.1168326758        0.2353047575
  78.  64.        0.4741773155        0.2119482050
  78.  65.       -0.4362403529        0.2888269126
  78.  66.       -0.1364581375        0.2892610844
  78.  67.        0.2649390546       -0.1422991240
  78.  68.       -0.0399141739       -0.1668917747
  78.  69.       -1.3398702500       -0.0530980021
  78.  70.       -0.5683215774        0.5186857637
  78.  71.       -0.1330245991        0.1861697753
  78.  72.        0.2574881422        0.2777616340
  78.  73.       -0.4355980779        0.0858784853
  78.  74.       -0.1308088575       -0.2137552239
  78.  75.       -0.1566742907       -0.1882495373
  78.  76.       -0.5399933915        0.0919988386
  78.  77.       -0.0388249037       -0.4940290913
  78.  78.       -0.3511374594       -0.2316307398
  79.   0.       -0.1615630090        0.0000000000
  79.   1.        0.6138684621        0.0846434819
  79.   2.        0.3851356174        0.3092216732
  79.   3.       -0.0481331203       -0.4443874102
  79.   4.        0.0431542647       -0.1942484832
  79.   5.        0.0451317639        0.3304276857
  79.   6.        0.0215316405       -0.4603437025
  79.   7.        0.6222444138       -0.1146816843
  79.   8.       -0.4903861945       -0.1055340077
  79.   9.        0.8498713008       -0.2218046240
  79.  10.        0.0683961113        0.0349302560
  79.  11.        0.1226522758       -0.6564647178
  79.  12.        0.4822524789       -0.1002690944
  79.  13.       -0.0280590046        0.7154893386
  79.  14.        0.4651470556        0.3951850466
  79.  15.        0.7044353453       -0.0908416380
  79.  16.       -0.1589690017       -0.1090454625
  79.  17.        0.3689935946       -0.1275440827
  79.  18.        0.4781357170       -0.4134641590
  79.  19.        0.5594196645       -0.2521314538
  79.  20.        0.0882777905        0.5671056709
  79.  21.       -0.2616563349       -0.4480924332
  79.  22.        0.3852861564        0.3019950540
  79.  23.        0.0863237751       -0.1991795500
  79.  24.       -0.2000711472       -0.4747895612
  79.  25.        0.5030893622       -0.0334754288
  79.  26.       -0.3382272683        0.0159000729
  79.  27.       -0.2405886351       -0.0824233933
  79.  28.       -0.4665246876        0.6133593951
  79.  29.        0.1226261147       -0.3607751098
  79.  30.        0.3371491934       -0.0838122779
  79.  31.        0.0535581786       -0.5129552278
  79.  32.        0.0532401215       -0.1389260180
  79.  33.       -0.2168715669        0.1309501634
  79.  34.        0.2717451822       -0.1886434343
  79.  35.        0.2479633002       -0.1441275426
  79.  36.       -0.1453778623       -0.2871515201
  79.  37.       -0.0657932039        0.2261487218
  79.  38.       -0.7049782440       -0.3984797777
  79.  39.        0.1249492567        0.7817094151
  79.  40.       -0.0407128032       -0.0503694525
  79.  41.       -0.1103523112       -0.4305176532
  79.  42.        0.9543373571       -0.0901079258
  79.  43.       -0.1395711701       -0.6594586542
  79.  44.       -0.0892674471        0.2274812092
  79.  45.       -0.0229534344       -0.2142588520
  79.  46.        0.8552261794       -0.1625547969
  79.  47.        0.4042738313       -0.6545934647
  79.  48.        0.2801253040       -0.0336278802
  79.  49.       -0.4230136080        0.2093269008
  79.  50.       -0.3104149399        0.0613777301
  79.  51.       -0.0804070385        0.0539840207
  79.  52.       -0.2867412726       -0.0648205979
  79.  53.       -0.1581803301       -0.4036080214
  79.  54.       -0.8987101114       -0.2319150127
  79.  55.        0.1805815997       -0.0200352832
  79.  56.        0.3381857051       -0.5307979266
  79.  57.        0.1323801966       -0.1007112274
  79.  58.        0.0009968798       -0.4581414236
  79.  59.       -0.3524315608        0.2916730412
  79.  60.       -0.2749882602        0.1679047807
  79.  61.        0.7460936434       -1.1200988851
  79.  62.       -0.3690832107       -0.2120046214
  79.  63.        0.3783843376        0.0759301924
  79.  64.        0.0836733903        0.1280976034
  79.  65.        0.0215485619       -0.1227490454
  79.  66.       -0.7937937167       -0.1062120228
  79.  67.        0.2818402238        0.2490338904
  79.  68.        0.5347750509       -0.7979292558
  79.  69.       -0.1392011311        0.2509425550
  79.  70.       -0.6832197304        0.0426246691
  79.  71.       -0.3246624449        0.1477305190
  79.  72.       -0.5207671289        0.7059795504
  79.  73.        0.4919953983       -0.2220445995
  79.  74.       -0.0294667811       -0.0825042264
  79.  75.        0.2549210352       -0.2135320526
  79.  76.       -0.4651442781        0.0259392946
  79.  77.       -0.5327685879        0.4347780216
  79.  78.       -0.2197207360        0.2162751262
  79.  79.       -0.9809915840        0.2650161299
  80.   0.       -0.0847985996        0.0000000000
  80.   1.       -0.4409789110       -0.2962877796
  80.   2.        0.3839298127       -0.3606036915
  80.   3.        0.2316844349       -0.3882642320
  80.   4.        0.1358698908        0.5573233226
  80.   5.       -0.0120335896       -0.0341781124
  80.   6.        0.2834694304        0.1355577747
  80.   7.       -0.0315868185       -0.0784588804
  80.   8.        0.3015835205       -0.6321174029
  80.   9.       -0.7845442212        0.2554277688
  80.  10.        0.2308692965        0.1920443271
  80.  11.       -0.1437191728        0.1144087541
  80.  12.       -0.4004510233       -0.5478414486
  80.  13.        0.1779331682       -0.2367463652
  80.  14.       -0.0986541907        0.0362710741
  80.  15.        0.0171464781        0.3576408448
  80.  16.        0.6405530008       -0.2630755282
  80.  17.       -0.2194294787        0.1704654395
  80.  18.       -0.4219139287       -0.0392086353
  80.  19.       -0.2087843393       -0.4183192516
  80.  20.        0.7745932473       -0.3070195771
  80.  21.        0.6339462705        0.6385046462
  80.  22.       -0.4619884585        0.5990293107
  80.  23.        0.5493470564        0.6428062696
  80.  24.       -0.3812140174        0.3601550081
  80.  25.        0.5180478321       -0.5967353217
  80.  26.        0.5236507052        0.4539679625
  80.  27.        0.3287806816       -0.3813398424
  80.  28.       -0.4467688955       -0.3875120283
  80.  29.       -0.1916875350        0.1709866979
  80.  30.       -0.2773560353       -0.1219540903
  80.  31.        0.3218373792        0.3064988293
  80.  32.       -0.0341302215       -0.3075548649
  80.  33.        0.2506209065       -0.3896376258
  80.  34.       -0.5798643608        0.5928759623
  80.  35.        0.2893708390        0.2306977772
  80.  36.       -0.1489670088       -0.4325928423
  80.  37.        0.3830266640        0.0180683618
  80.  38.        0.4189274930       -0.1394332219
  80.  39.       -0.5693967478       -0.1217717640
  80.  40.       -0.4311767507        0.1067818988
  80.  41.        0.0677337161       -0.3457198357
  80.  42.        0.3315328577       -0.1056284326
  80.  43.        0.1457449766       -0.1507252384
  80.  44.        0.0142884693       -0.4993089795
  80.  45.       -0.2470577726        0.5941970745
  80.  46.       -0.9599276075        0.4886887567
  80.  47.       -0.4924000416       -0.0543274383
  80.  48.       -0.4546313244       -0.2941036295
  80.  49.        1.1196693007       -0.1735102109
  80.  50.       -0.4492271387        0.7096026786
  80.  51.        0.3560842906       -0.1561940209
  80.  52.       -0.2640733111        0.6353482937
  80.  53.        0.1515350280        0.0645171622
  80.  54.       -0.1907568410        0.4458896350
  80.  55.        0.2403523203       -0.4208312613
  80.  56.        0.2155256970        0.5364088256
  80.  57.       -0.0617502472        0.2136253717
  80.  58.        0.1308862092        0.0051702577
  80.  59.        0.0035796534        0.6335247112
  80.  60.       -0.4507329741        0.8871848090
  80.  61.        0.1766325804       -0.2516709147
  80.  62.       -0.1137728597       -0.2090152858
  80.  63.       -0.2366568340        0.2473147259
  80.  64.       -0.1999810548       -0.2821726185
  80.  65.       -1.0731674329        0.8176312052
  80.  66.       -0.1939371940       -0.4813604568
  80.  67.       -0.7756415227        0.2311397202
  80.  68.       -0.1527446818        0.1323510261
  80.  69.        0.1399893212       -0.4591463368
  80.  70.       -0.4026789998        0.3107645275
  80.  71.        0.2608190630       -0.0150131451
  80.  72.       -0.8045752865        0.0522810197
  80.  73.       -0.7473023709        0.1205418253
  80.  74.        0.2390050973       -0.3006613199
  80.  75.        0.0498273115       -0.2380452501
  80.  76.       -0.7935349493       -0.5100409259
  80.  77.        0.2183893946        0.0466439715
  80.  78.       -0.7127013898        0.1145187989
  80.  79.        0.6804372493       -0.5504182011
  80.  80.       -0.0660789338       -0.1893202860
  81.   0.       -0.1707418449        0.0000000000
  81.   1.        0.1344093584       -0.2940373816
  81.   2.        0.1545106469        0.2985451516
  81.   3.       -0.4184013015        0.2387092722
  81.   4.       -0.2445178692        0.1236945282
  81.   5.       -0.0907539806        0.3962299913
  81.   6.       -0.4585747809       -0.4705018073
  81.   7.       -0.1834883592        0.2881872340
  81.   8.        0.3446447887       -0.2692763102
  81.   9.       -0.3679820654       -0.0102057932
  81.  10.       -0.7137653561        0.0184163899
  81.  11.        0.2034908581        0.2087345937
  81.  12.       -0.3412230136        0.2107119768
  81.  13.       -0.3407557880        0.0654971409
  81.  14.       -0.2884730586       -0.1697646791
  81.  15.       -0.9360119120       -0.5210745568
  81.  16.        0.2963339542       -0.0712265805
  81.  17.        0.2726857956        0.5630901084
  81.  18.       -0.5003983376       -0.0283846838
  81.  19.       -0.1046355221        0.2070862417
  81.  20.       -0.1038717883       -0.4272101166
  81.  21.        0.2115426981       -0.5396550981
  81.  22.        0.4707051726        0.0499919267
  81.  23.       -0.1719444858        0.2208656151
  81.  24.        0.0120795204       -0.2998452106
  81.  25.       -0.5055733144        0.2315235633
  81.  26.       -0.2404056232       -0.2800780179
  81.  27.        0.5278860179        0.0607362843
  81.  28.        0.7145583668       -0.3635049532
  81.  29.       -0.7019233631        0.2570279004
  81.  30.       -0.8342630850        0.0913072846
  81.  31.       -0.2045430015        0.1673683630
  81.  32.        0.0773214744        0.2991329023
  81.  33.       -0.0316879401       -0.1664174104
  81.  34.        0.2231418312       -0.3804433979
  81.  35.       -0.5087896666       -0.0632963625
  81.  36.        0.5291966433        0.4330188293
  81.  37.        0.3462745606       -0.1516303374
  81.  38.        0.2211994650       -0.0779307851
  81.  39.        0.5734103588        0.3647592123
  81.  40.        0.2532963923       -0.2719179935
  81.  41.        0.2101865642        0.6111855515
  81.  42.       -0.8986571220        0.0234332395
  81.  43.       -0.3076041176        0.0111976452
  81.  44.       -0.0341751182        0.0163708905
  81.  45.        0.8120322699       -0.3484390497
  81.  46.       -0.2807495400        0.5965272663
  81.  47.       -0.1197558521        0.7394853077
  81.  48.       -0.2298384151       -0.2427829515
  81.  49.        0.6655156430       -0.0992436663
  81.  50.        0.5363930054        0.1494497291
  81.  51.       -0.0728440227       -0.1412640091
  81.  52.        0.1417453779        0.2820966146
  81.  53.       -0.6099176866        0.1091284313
  81.  54.        0.3245711336       -0.1618903579
  81.  55.        0.1698578389        0.6235936437
  81.  56.       -0.0742239148        0.7544169527
  81.  57.       -0.4897358583        0.8542135486
  81.  58.       -0.0103194234        0.1908459077
  81.  59.       -0.1401336358        0.6025360845
  81.  60.       -0.2075261121       -0.7178030604
  81.  61.       -0.4944197466        0.1550748928
  81.  62.        0.1523557168       -0.2679497265
  81.  63.       -0.1004463026       -0.0939420937
  81.  64.        0.2393422799       -0.6790844236
  81.  65.        0.4613508490       -0.3819559427
  81.  66.        0.3656950250        0.4721678188
  81.  67.       -0.0472895502        0.7430667550
  81.  68.        0.0146784200        0.2550709674
  81.  69.       -0.0252289801       -0.1103524917
  81.  70.       -0.2706537936        0.4075989945
  81.  71.       -0.1218332394        0.2397379754
  81.  72.        0.4627634899       -0.2451157468
  81.  73.       -1.0052615474       -0.0683671894
  81.  74.        0.1521151619        0.1910629940
  81.  75.        0.1937799673        0.0172649736
  81.  76.        0.0402232241        0.1974579860
  81.  77.       -0.8251985602       -0.1046765003
  81.  78.        0.3789557779       -0.3765291453
  81.  79.        0.1903828743        0.3460877550
  81.  80.       -0.0277727128       -0.2815318044
  81.  81.       -0.1090407084       -0.3371740693
  82.   0.       -0.6117779476        0.0000000000
  82.   1.        0.1040583782       -0.1033699840
  82.   2.       -0.5557957899       -0.0213240653
  82.   3.       -0.4433823769        0.3320244321
  82.   4.       -0.2154529237       -0.4511547374
  82.   5.       -0.2211730562        0.0951501385
  82.   6.        0.0502864313       -0.0574292595
  82.   7.        0.1550692055       -0.0123565430
  82.   8.        0.1573348228        0.7575076460
  82.   9.        0.4974568458       -0.5437257789
  82.  10.       -0.0466072332       -0.1881445293
  82.  11.       -0.4138873807        0.5056360408
  82.  12.        0.1776855822        0.4726634311
  82.  13.       -0.1889665655        0.3434951160
  82.  14.        0.5745189831        0.4181276499
  82.  15.       -0.6817813025       -0.3869099290
  82.  16.       -0.3889123306       -0.5333814415
  82.  17.        0.3707685523        0.2299620546
  82.  18.        0.4476413097       -0.0397175779
  82.  19.       -0.4675882844        0.1341375132
  82.  20.       -0.0824560142       -0.3135819083
  82.  21.       -0.8755336317        0.2998875585
  82.  22.       -0.1035339055       -0.1540269681
  82.  23.       -0.1994851637       -0.4081933621
  82.  24.        0.6265855709       -0.4161555716
  82.  25.        0.0012035647        0.1191364505
  82.  26.       -0.4413923638       -0.3913271632
  82.  27.       -0.0263030816        0.0809240776
  82.  28.        0.1013202142        0.5828387669
  82.  29.        0.3933213971       -0.2772941760
  82.  30.        0.4426939220        0.2047306320
  82.  31.        0.0804882641       -0.4778217243
  82.  32.        0.1523225738        0.1791780729
  82.  33.       -0.5513148342        0.8797087092
  82.  34.        0.0399380016       -0.5810823424
  82.  35.       -0.2777369514        0.2197012049
  82.  36.        0.2715507917       -0.5080257610
  82.  37.        0.0015013383        0.2292717235
  82.  38.       -0.5575424970        0.1740768674
  82.  39.        0.4138523694        0.2087913824
  82.  40.        0.1161335826        0.2463072050
  82.  41.        0.6795760069       -0.0960548263
  82.  42.       -0.0705632167        0.5546978224
  82.  43.        0.1913143423       -0.0971150517
  82.  44.       -0.1132434999        0.2572082330
  82.  45.       -0.1694286330        0.2297477605
  82.  46.        0.8806400970       -0.2927626118
  82.  47.        0.3455986856        0.3362509346
  82.  48.        0.4346006661        0.0523837519
  82.  49.       -0.6172086108        0.5363328285
  82.  50.        0.5150903752       -0.6794664657
  82.  51.        0.7904307316       -0.0402910665
  82.  52.        0.5761555089        0.3587751613
  82.  53.        0.0795825507        0.5135174098
  82.  54.       -0.6460133509       -0.3479553800
  82.  55.        0.6362140189        0.3318493658
  82.  56.       -0.1009813857       -0.5819868855
  82.  57.       -0.1707489389        0.0951609085
  82.  58.        0.0817784817        0.5592595797
  82.  59.       -0.2394754184       -0.2135438273
  82.  60.       -0.0343182450        0.7493294453
  82.  61.       -0.1655428715       -0.6878999272
  82.  62.        0.5668252203       -0.1280077044
  82.  63.       -0.6267915646       -0.6145911410
  82.  64.       -0.3140316730       -0.1550306823
  82.  65.        0.2250125053        0.2921095049
  82.  66.        0.5737176408       -0.2295963268
  82.  67.        0.0661719739       -0.0498294409
  82.  68.        0.2650695266        0.9177119257
  82.  69.        0.4096281694       -0.4013468267
  82.  70.        0.4983207407       -0.6101094939
  82.  71.       -0.5232072776       -0.4966119596
  82.  72.        0.5384968268       -0.1066241916
  82.  73.       -0.1661155511       -0.2915068467
  82.  74.        0.2001131089        0.4038074654
  82.  75.        0.1146570126        0.0552767591
  82.  76.       -0.4902211132       -0.9220625986
  82.  77.        0.1548659203       -0.0858312808
  82.  78.       -0.3933474198       -0.3006785921
  82.  79.       -0.1759599081       -0.4170840468
  82.  80.       -0.3858013001        0.1049348007
  82.  81.        0.6828004246       -0.1117474795
  82.  82.        0.0401126880        0.3316348528
  83.   0.        0.0850627797        0.0000000000
  83.   1.       -0.1709643876        0.3301029867
  83.   2.       -0.0442217799       -0.2963932833
  83.   3.        0.3447327341        0.3753722437
  83.   4.        0.4712367320       -0.1713521326
  83.   5.        0.1076771541       -1.0325492656
  83.   6.       -0.1644270898        0.5828931558
  83.   7.       -0.2809513555       -0.6677280890
  83.   8.       -0.4622859230       -0.1077144251
  83.   9.       -0.1961406210        0.4093311815
  83.  10.        0.3413422729        0.1707770861
  83.  11.        0.3424190006       -0.3076891908
  83.  12.       -0.1260996521        0.0982908811
  83.  13.        0.3302790174       -0.5745555002
  83.  14.       -0.3635701773       -0.4806548890
  83.  15.        0.6472217458        0.6435370227
  83.  16.       -0.0292974519        0.0715703158
  83.  17.       -0.5778427041       -0.5576137122
  83.  18.        0.1496559147        0.4012609588
  83.  19.        0.1047461777       -0.1346571657
  83.  20.        0.2326229852       -0.5178167407
  83.  21.       -0.2353640041        0.5240743858
  83.  22.        0.1273382138        0.2865456473
  83.  23.        0.0732391425        0.0804390459
  83.  24.       -0.1503433483        0.0409644054
  83.  25.        0.2225550867       -0.5797829831
  83.  26.        0.4909344794        0.0877427121
  83.  27.       -0.8394502669       -0.2166081096
  83.  28.       -0.9174147004        0.2856660856
  83.  29.       -0.1940713535        0.6926757998
  83.  30.       -0.0260419710       -0.0469882496
  83.  31.       -0.5388005553       -0.4131221505
  83.  32.       -0.1482693667       -0.1690046538
  83.  33.       -0.2333949051        0.0199662951
  83.  34.       -0.5945633417        0.6397792095
  83.  35.        0.1594589327       -0.0091510026
  83.  36.       -0.2121240322        0.0005285510
  83.  37.       -0.4775135745       -0.1724230120
  83.  38.       -0.0673874101        0.2688319058
  83.  39.       -0.5750624439       -0.6992283045
  83.  40.        0.4524709275        0.0705198675
  83.  41.       -0.0935685071        0.2118732117
  83.  42.       -0.0372195423       -0.2611217824
  83.  43.       -0.0793030644        0.6687662513
  83.  44.        0.4056757346       -0.2180406526
  83.  45.       -0.1389251257       -0.0074448991
  83.  46.       -0.3018686098       -0.1513715814
  83.  47.       -0.3405539582       -0.4289836044
  83.  48.       -0.0093512883       -0.3176103521
  83.  49.        0.0383340146       -0.7855835700
  83.  50.       -0.3916452938        0.2424633753
  83.  51.        0.6787945725        0.0445064770
  83.  52.       -0.3941295200       -0.6536464900
  83.  53.        0.5155870408        0.4267943620
  83.  54.        0.2214422428        0.3410749634
  83.  55.        0.2907452123       -0.5730850652
  83.  56.        0.2171860414       -0.4675277659
  83.  57.        0.1376073311       -0.5832765486
  83.  58.        0.3342588136        0.6133763469
  83.  59.        0.3769595943        0.1694012219
  83.  60.       -0.7099365281        0.1204214516
  83.  61.       -0.1966529807       -0.5605095818
  83.  62.       -0.3358135453        0.1098812335
  83.  63.       -0.1365032282       -0.2836619382
  83.  64.       -0.6749503385       -0.2600719782
  83.  65.       -0.2385163898       -0.1556476604
  83.  66.       -0.1241330555        0.0384721721
  83.  67.        0.3699081082       -0.6384238153
  83.  68.        0.3880625517        0.6664331221
  83.  69.       -0.6297889341        0.2950185994
  83.  70.        0.2773966275       -0.4712050673
  83.  71.        0.2541598984       -0.4418170104
  83.  72.        0.2803068886       -0.1449285116
  83.  73.        0.4614930645       -0.3302824986
  83.  74.       -0.4059974683       -0.3142985012
  83.  75.        0.3329676512        0.1085499329
  83.  76.       -0.0757038275       -0.1600325914
  83.  77.       -0.4690377370        0.3084339588
  83.  78.       -0.1571629169        0.1538970426
  83.  79.        0.3639107385       -0.0364122274
  83.  80.        0.2335968606       -0.9388469138
  83.  81.        0.0193794606       -0.2209592129
  83.  82.        0.5463501599       -0.4885999346
  83.  83.        0.4520217150       -0.1850779662
  84.   0.        0.4779584934        0.0000000000
  84.   1.        0.2630055066        0.4010259733
  84.   2.        0.5500391972        0.3246625591
  84.   3.        0.2036097316       -0.0295590696
  84.   4.        0.1803401637        0.3002625115
  84.   5.        0.0752334372        0.4140548776
  84.   6.       -0.0497164359       -0.0830274886
  84.   7.       -0.1274992361        0.6824454787
  84.   8.       -0.1892860901       -0.4117782519
  84.   9.        0.0085879029        0.3618307917
  84.  10.        0.1016601384       -0.0422440534
  84.  11.        0.4613005646       -0.2714269032
  84.  12.       -0.2136032885        0.0954557337
  84.  13.        0.5049720378       -0.6000555498
  84.  14.       -0.3416777122       -0.5234953067
  84.  15.        0.1061599818       -0.3649991808
  84.  16.       -0.2096633393        0.2780321687
  84.  17.       -0.0898243118       -0.5539797238
  84.  18.       -0.4857313259        0.4880029451
  84.  19.        0.0272523522       -0.2533026904
  84.  20.       -0.7888347341        0.3277388188
  84.  21.        0.3054369363       -1.0351760793
  84.  22.       -0.0536368489       -0.0101704307
  84.  23.       -0.2744830721        0.1200936321
  84.  24.       -0.4172380703        0.2775067570
  84.  25.       -0.4342428818       -0.2975068803
  84.  26.        0.2845656813        0.0332632350
  84.  27.        0.7051567610        0.5349656584
  84.  28.        0.3640459378       -0.4494269133
  84.  29.        0.1301661267       -0.1838375966
  84.  30.       -0.0494167687        0.0308206560
  84.  31.       -0.4754338414        0.3008338680
  84.  32.       -0.2022623478        0.2947971922
  84.  33.       -0.2152601221       -0.7374151880
  84.  34.        0.1439448134        0.6289342904
  84.  35.       -0.3003490361        0.0451006773
  84.  36.       -0.2206003045        0.3288662322
  84.  37.       -0.5492121706        0.0003935488
  84.  38.        0.0471131483        0.3013538358
  84.  39.        0.2502520902        0.1961805836
  84.  40.       -0.1680578125        0.1534179544
  84.  41.       -0.1929446275       -0.0786683333
  84.  42.       -0.1774698822       -0.8144943715
  84.  43.       -0.2360691392        0.6170679227
  84.  44.        0.3906979812       -0.0939112908
  84.  45.        0.2728217111       -0.3085148873
  84.  46.        0.1249567326        0.3785693919
  84.  47.       -0.0945578065       -0.5718228082
  84.  48.       -0.2182207655        0.5360746280
  84.  49.        0.3603361629       -0.0097534451
  84.  50.        0.2548761323       -0.1967336798
  84.  51.       -0.6125697028        0.3890444150
  84.  52.       -0.5643836357       -0.4569686075
  84.  53.        0.2351429883       -0.2005554557
  84.  54.        0.6833178658        0.3987887842
  84.  55.       -0.2966025456       -0.5686612223
  84.  56.       -0.2241360848       -0.0928303482
  84.  57.        0.4220324299       -0.1486318224
  84.  58.       -0.1976244920       -0.0983607108
  84.  59.        0.0567576333        0.4051190184
  84.  60.       -0.3092542764       -0.4414781200
  84.  61.        0.3086024032        0.6898282188
  84.  62.        0.1779773354        0.0968981954
  84.  63.       -0.6612069607        0.1788694533
  84.  64.       -0.2473195379        0.1421349435
  84.  65.       -0.1296557788       -0.2353838342
  84.  66.       -0.5068071628        0.5634245030
  84.  67.        0.4901005955        0.0831203204
  84.  68.       -0.7381197350       -0.0638253897
  84.  69.        0.9380331224        0.3795478422
  84.  70.       -0.4422181181       -0.4635707384
  84.  71.       -0.3052749088       -0.4163208688
  84.  72.        0.2759999970       -0.4848040155
  84.  73.        0.2162121598       -0.5087907417
  84.  74.       -0.6121004898        0.0974061223
  84.  75.        0.1924761105       -1.0013110403
  84.  76.       -0.4644852331        0.0360267484
  84.  77.       -0.3370490892        0.3060614357
  84.  78.        0.2783641111        0.9382441354
  84.  79.        0.3941921560        0.1357713861
  84.  80.        0.1894925515       -0.2015220721
  84.  81.       -0.2890648099       -0.0767866433
  84.  82.       -0.2529942445       -0.2237324358
  84.  83.        0.2146253881        0.2570262836
  84.  84.       -0.5981070078        0.4125292787
  85.   0.        0.5777459880        0.0000000000
  85.   1.       -0.3933717272       -0.4181470312
  85.   2.       -0.0637170218        0.2017941459
  85.   3.       -0.0323873628       -0.0250503707
  85.   4.       -0.2755248381        0.0461576284
  85.   5.       -0.1655921174        0.7280242124
  85.   6.        0.1125122916       -0.2273467600
  85.   7.        0.0734296399        0.2133331996
  85.   8.        0.2030736167        0.5203845437
  85.   9.        0.3531959488       -0.2809061639
  85.  10.        0.2437044178       -0.0471971971
  85.  11.       -0.3590040286        0.1122751521
  85.  12.        0.1200800618       -0.7699957580
  85.  13.       -0.4359034275        0.5306993646
  85.  14.        0.1029166809        0.3032774872
  85.  15.        0.2286924943        0.0987393923
  85.  16.        0.1838882921        0.4666134072
  85.  17.        0.4636722321       -0.3152998645
  85.  18.       -0.3303845678       -0.2651856822
  85.  19.        0.4033562271       -0.3805382613
  85.  20.       -0.1092829287        0.6546340329
  85.  21.        0.4120012424       -0.1816505687
  85.  22.       -0.2257362788       -0.5532576628
  85.  23.        0.4812467393        0.0234425285
  85.  24.        0.2059657883        0.3061878578
  85.  25.       -0.0177168955        0.1099837012
  85.  26.       -0.9400425994        0.0042674086
  85.  27.        0.0472389275        0.1823849494
  85.  28.        0.0821661467       -0.0800192204
  85.  29.       -0.1634694082       -0.3527522367
  85.  30.        0.1130819681        0.0021639304
  85.  31.        0.0390641401       -0.1479609952
  85.  32.       -0.2503922883       -0.1864463807
  85.  33.        0.2143258788       -0.1705599503
  85.  34.        0.1317082917       -0.3462796586
  85.  35.        0.2396431194       -0.1927830318
  85.  36.        0.0247136076        0.4141178775
  85.  37.        0.9856921650        0.4321010501
  85.  38.       -0.3282839517        0.5740107215
  85.  39.       -0.0513467250        0.1958157234
  85.  40.       -0.2358165755        0.2534259674
  85.  41.        0.0757608643       -0.3770734533
  85.  42.       -0.0529024537        0.0113394922
  85.  43.        0.1055237696        0.0046324366
  85.  44.       -0.6239580384        0.1040904648
  85.  45.        0.3592496336       -0.3277695288
  85.  46.        0.7358150889        0.6014651999
  85.  47.        0.2510287718        0.5301575913
  85.  48.        0.1160558348       -0.3880046611
  85.  49.       -0.4445637832        0.5488341230
  85.  50.       -0.1707859234       -0.2756309763
  85.  51.       -0.6173366492       -0.2136375493
  85.  52.        0.6250585655        0.2705125374
  85.  53.        0.0948632062        0.0663000508
  85.  54.        0.2844711671       -0.1638346631
  85.  55.       -0.0910134183       -0.0240621173
  85.  56.       -0.3507764131       -0.4599640507
  85.  57.        0.4693920096        0.0489389341
  85.  58.       -0.5734835015        0.2084327512
  85.  59.       -0.6804889873        0.1140458130
  85.  60.       -0.2118802717       -0.1352103211
  85.  61.       -0.0319225917        0.4172785590
  85.  62.        0.2522638020        0.2742109911
  85.  63.        0.4455999010       -0.1114957355
  85.  64.       -0.1523051770       -0.3001580328
  85.  65.        0.3470696905       -0.0178553473
  85.  66.        0.1214948876       -0.8527249907
  85.  67.       -0.7441852670        0.2621678353
  85.  68.       -0.3234924245       -0.5702765432
  85.  69.       -0.3603072626       -0.2276180442
  85.  70.        0.7122535933        0.7821227456
  85.  71.        0.2399555151        0.7340728779
  85.  72.       -0.4038272893        0.1388575904
  85.  73.        0.6411437473        0.0280811248
  85.  74.        0.0713123207        0.3140887260
  85.  75.        0.1987368114        0.0666040082
  85.  76.       -0.6156689986       -0.1771053157
  85.  77.       -0.1446317811       -0.5756592221
  85.  78.       -0.1744986451        0.9494829909
  85.  79.        0.4929133486        0.6623334573
  85.  80.       -0.4448674123       -0.3203106403
  85.  81.        0.6479941520        0.2666838419
  85.  82.       -0.4707266508       -0.1878891062
  85.  83.        0.1764025958       -0.6014701384
  85.  84.       -0.3989305723        0.0089640269
  85.  85.       -0.3082968648       -0.2100184869
  86.   0.        0.3324468070        0.0000000000
  86.   1.        0.4495511537       -0.3732986433
  86.   2.       -0.2055908206       -0.6687132802
  86.   3.       -0.2456633060       -0.3201663297
  86.   4.        0.1619324705       -0.4884066873
  86.   5.       -0.2069129938       -0.6454640409
  86.   6.       -0.1614138388        0.3043976334
  86.   7.        0.2087847987       -0.5811620286
  86.   8.        0.2088337160        0.0913918147
  86.   9.       -0.0306475519        0.5512845254
  86.  10.        0.5369046574        0.2525326628
  86.  11.       -0.9315098928        0.2196968000
  86.  12.        0.1855284454        0.0067118511
  86.  13.        0.1507067022        0.3066936660
  86.  14.       -0.2703524640        0.3086473711
  86.  15.        0.5659941360       -0.1409543901
  86.  16.        0.0492955941        0.3548278219
  86.  17.       -0.1188260349        1.0177002953
  86.  18.       -0.3588538751       -0.5964334105
  86.  19.        0.4839218090       -0.4072868467
  86.  20.        0.3351649628        0.2351519204
  86.  21.        0.1147525020        0.6971597804
  86.  22.       -0.7033661407        0.0054681455
  86.  23.        0.2661101684       -0.2223220275
  86.  24.        0.4686082616       -0.3627837090
  86.  25.        0.2381076085        0.0369109366
  86.  26.        0.3981451592        0.5938014703
  86.  27.       -0.1581734621       -0.3898079060
  86.  28.       -0.5489917493        0.3221931330
  86.  29.       -0.1445827234        0.2358971701
  86.  30.       -0.1983271961       -0.4186225705
  86.  31.        0.2778356984        0.2553071581
  86.  32.        0.7076409259       -0.4741407955
  86.  33.        0.3810328921        0.2433949806
  86.  34.       -0.1662647505       -0.0503644345
  86.  35.        0.2369782769        0.0740477512
  86.  36.        0.1740603220       -0.2930205161
  86.  37.        0.8986150904       -0.4700133568
  86.  38.        0.6035873888       -0.0574481402
  86.  39.       -0.5094365973       -0.0472430090
  86.  40.        0.0805277919       -0.4907454001
  86.  41.       -0.0161000907       -0.1630424942
  86.  42.        0.0004840445        0.4514299203
  86.  43.        0.6141748109        0.3634549239
  86.  44.        0.1536521544        0.2186051437
  86.  45.       -0.5363597935        0.2803277092
  86.  46.       -0.7847539572       -0.2622663684
  86.  47.        0.2847924534       -0.3791802535
  86.  48.        0.0552716625       -0.1690463202
  86.  49.       -0.0685636100       -0.3060451922
  86.  50.       -0.4469519540        0.1536828122
  86.  51.       -0.3245129470       -0.6033832868
  86.  52.       -0.1762970782        0.0330556833
  86.  53.        0.1405007071        0.2753803001
  86.  54.       -0.7355260599        0.1509638297
  86.  55.       -0.1914596018        0.3080856320
  86.  56.        0.1170034016        0.2434790684
  86.  57.       -0.2248418840       -0.0335578643
  86.  58.        0.6891296904        0.2081477580
  86.  59.       -0.3907272230        0.3087593433
  86.  60.       -0.1850715124       -0.0142806884
  86.  61.       -0.3941572412        0.3665745488
  86.  62.       -0.2306782182       -0.6072985285
  86.  63.        0.4619975303        0.1402647313
  86.  64.        0.2360332029        0.1341163119
  86.  65.       -0.5843644039        0.1155422244
  86.  66.        0.7774889719       -0.5740905408
  86.  67.        0.0305823871       -0.4823263132
  86.  68.       -1.3061648864       -0.3151145860
  86.  69.       -0.4577555627       -0.2718607236
  86.  70.       -0.5666739125        0.2544607632
  86.  71.       -0.4865273406        0.0176253389
  86.  72.        0.2764382747       -0.3476991714
  86.  73.        0.3678797458        1.2147272082
  86.  74.       -0.3479867134       -0.0686590247
  86.  75.       -0.8116332920        0.3903898296
  86.  76.        0.8081655444       -0.2553291988
  86.  77.       -0.6125098627        0.7154853931
  86.  78.       -0.2441844573       -0.5893978153
  86.  79.        0.1622400856        0.1162345531
  86.  80.        0.7539585301       -0.6993505956
  86.  81.       -0.7258457045        0.0017461367
  86.  82.       -0.3668806736       -0.0674439747
  86.  83.       -0.1166022592        0.7758989798
  86.  84.        0.2470451695        0.3084865305
  86.  85.        0.2816415116        0.1273486555
  86.  86.       -0.4945564487       -0.1621104421
  87.   0.       -0.2379795395        0.0000000000
  87.   1.        0.0734973288        0.0234522942
  87.   2.        0.0477014372       -0.3052260483
  87.   3.       -0.0178323023       -0.3830921020
  87.   4.        0.3061550100        0.1648920236
  87.   5.        0.4230842274       -0.3483733908
  87.   6.        0.2320031174        0.3085462992
  87.   7.        0.0235140834        0.2300529760
  87.   8.        0.1447957660       -0.4971687819
  87.   9.        0.0240991193        0.0926101609
  87.  10.        0.0900660810       -0.2365099358
  87.  11.        0.2350262367        0.2221095130
  87.  12.        0.1546473431        0.4881805745
  87.  13.        0.3978998425       -0.0643796377
  87.  14.       -0.0275503456        0.5751643193
  87.  15.       -0.2128145844        0.1452552789
  87.  16.        0.4922103218       -0.3428679990
  87.  17.       -0.2857194879       -0.2794759895
  87.  18.       -0.1876639442        0.0540996617
  87.  19.       -0.6421900026        0.6428848515
  87.  20.        0.4575865260       -0.2228409676
  87.  21.        0.2704971732        0.5876854028
  87.  22.        0.2028537637       -0.0081588002
  87.  23.       -0.6594394436       -0.1020697781
  87.  24.        0.4880481712       -0.0213776116
  87.  25.        0.1625271656        0.1092987520
  87.  26.        0.3296967109       -0.1413595651
  87.  27.        0.4409751199       -0.4713686146
  87.  28.       -0.1396683275       -0.2707111885
  87.  29.        0.2507706553        0.6256598502
  87.  30.       -0.4922877454        0.0443460346
  87.  31.       -0.1811275217        0.0104748710
  87.  32.        0.2213417614       -0.0517512341
  87.  33.        0.7802555370        0.1193785340
  87.  34.        1.0304705970        0.0278535276
  87.  35.       -0.5213281888        0.3792558693
  87.  36.       -0.2348702201       -0.5342144475
  87.  37.       -0.8886427624        0.1513179137
  87.  38.        0.9972604476       -0.5454429376
  87.  39.        0.3777073184        0.4200605248
  87.  40.       -0.7574560501       -0.4651502989
  87.  41.       -0.1075909480        0.6093418235
  87.  42.       -0.5345815221       -0.3865038557
  87.  43.        0.2131053870       -0.3276079551
  87.  44.        0.5859026921        0.0767634117
  87.  45.        0.1700177071        0.4372497062
  87.  46.       -0.0691090499       -0.0449212019
  87.  47.        0.0088173211       -0.0019614692
  87.  48.        0.4459769979        0.4095681357
  87.  49.        0.3960864548       -0.2481641077
  87.  50.        0.2751577050        0.2321195224
  87.  51.       -0.5266119769        0.1359755656
  87.  52.        0.2112625040       -0.8391780398
  87.  53.       -0.3119961647       -0.1916188067
  87.  54.       -0.2138095747       -0.1029494210
  87.  55.       -0.4165944726        0.7641894298
  87.  56.       -0.3828162809        0.0827402833
  87.  57.       -0.5417311946        0.4501150702
  87.  58.       -0.0582917937       -0.3333019281
  87.  59.        0.4886013725        0.4471312907
  87.  60.        0.3253665607       -0.0652811911
  87.  61.       -0.2921050515        0.2806382326
  87.  62.       -0.5390451243       -0.1302064150
  87.  63.       -0.3534760828       -0.9671460082
  87.  64.       -0.0980599309        0.3106003189
  87.  65.       -0.2173380744        0.3290756222
  87.  66.       -0.2771440590       -0.0242764061
  87.  67.        0.2221479825        0.4285717203
  87.  68.        0.3661683706        0.3898431758
  87.  69.        0.7060886544       -0.0063170295
  87.  70.        0.1373413844       -0.0790465493
  87.  71.        0.1120923060       -0.0595741735
  87.  72.       -0.2158411184        0.1198117580
  87.  73.        0.1920564923        0.2937715970
  87.  74.       -0.6604789637        0.0079019487
  87.  75.        0.2863356573       -0.2881322480
  87.  76.       -0.2205218319        0.3914211980
  87.  77.        0.6857215867       -0.4616517961
  87.  78.       -0.3593883830       -0.0419807139
  87.  79.       -0.1725711031       -0.8606241220
  87.  80.       -0.1970719991       -0.1181384558
  87.  81.        0.0150504203        0.1724764804
  87.  82.       -0.5227824101       -0.0794465415
  87.  83.       -0.0100514330        0.2726265793
  87.  84.       -0.3975031024        0.6895004381
  87.  85.        0.0194619053       -0.2773150496
  87.  86.        0.4169286571       -0.0293621818
  87.  87.       -0.2290621354        0.2615289794
  88.   0.       -0.2234531674        0.0000000000
  88.   1.        0.1002738147        0.0088427182
  88.   2.       -0.0754078256        0.6536604780
  88.   3.        0.2240516326        0.1886200588
  88.   4.       -0.3290872237       -0.0230869671
  88.   5.       -0.0102090681        0.3048766966
  88.   6.       -0.0216318203        0.0114126092
  88.   7.       -0.0125499208        0.1956690406
  88.   8.       -0.2034173252        0.0754482774
  88.   9.        0.0819534091       -1.2203613270
  88.  10.       -0.8557234060       -0.3173094367
  88.  11.        0.4766197541       -0.2715115594
  88.  12.        0.0478178566       -0.0844858519
  88.  13.       -0.4975323810       -0.0065440331
  88.  14.        0.1569727993        0.2314527581
  88.  15.        0.0218475322        0.4935240343
  88.  16.        0.3787658142       -0.2218751586
  88.  17.       -0.0052998738       -0.4907372909
  88.  18.        0.3139504037        0.4103443039
  88.  19.       -0.3233815184        0.4155677633
  88.  20.       -0.0792320395       -0.1437192370
  88.  21.       -0.3648120165       -0.5292723234
  88.  22.        0.6235137346        0.3689987657
  88.  23.       -0.0986486197        0.2980500609
  88.  24.       -0.4377795916        0.1512503940
  88.  25.       -0.1456191588       -0.0100297451
  88.  26.       -0.5943930549       -0.6594712146
  88.  27.       -0.2798389991       -0.1068800142
  88.  28.        0.1582381336       -0.0556664149
  88.  29.       -0.5055684362       -0.5319916949
  88.  30.        0.2873024700       -0.0397811580
  88.  31.        0.0764976085        0.3020440518
  88.  32.       -0.3021865746       -0.2469468959
  88.  33.       -0.7842031423       -0.0664063605
  88.  34.        0.2133602148        0.0010968394
  88.  35.        0.1118281156        0.3340760507
  88.  36.       -0.3627778502        0.2433742442
  88.  37.       -0.9024934435       -0.0667255719
  88.  38.       -0.9169843782       -0.3324689942
  88.  39.        0.5806283713        0.1694865595
  88.  40.        0.2879316277        0.0726140082
  88.  41.       -0.1212135117        0.2486203856
  88.  42.        0.2376819193        0.1561312093
  88.  43.       -0.5172662347       -0.5415800444
  88.  44.       -0.3667895308       -0.3920653593
  88.  45.       -0.0631063859       -0.0913279397
  88.  46.        0.2518466208        0.0680204358
  88.  47.       -0.9647332018        0.6475666710
  88.  48.        0.0413523145       -0.2370054779
  88.  49.        0.0077244310        0.3352210739
  88.  50.       -0.1675288018       -0.3616240774
  88.  51.       -0.0083334784       -0.2693750590
  88.  52.       -0.2521806709        0.1161983736
  88.  53.        0.3178178948       -0.2578524100
  88.  54.       -0.5719507030       -0.1254147675
  88.  55.        0.3110305117       -0.3255307478
  88.  56.       -0.0589538857       -0.4386640621
  88.  57.       -0.1846619909        0.0463181101
  88.  58.        0.4793973798       -0.2737847859
  88.  59.       -0.4386966885       -0.5419315038
  88.  60.        0.2463950884        0.2157522476
  88.  61.       -0.0731140600       -0.5722713702
  88.  62.        0.0276717132        0.2172958957
  88.  63.       -0.7077155979       -0.4450492993
  88.  64.       -0.3687776321       -0.0246224035
  88.  65.        0.2186932326        0.1641988773
  88.  66.       -0.2630014610        0.2610905492
  88.  67.       -0.1542887587        0.4139545450
  88.  68.        0.2109748988        0.0505655350
  88.  69.        0.1603822314       -0.2828272427
  88.  70.        0.6597258544        0.4886313402
  88.  71.        0.0681165675       -0.7666565842
  88.  72.       -0.0493012320        0.3555920183
  88.  73.        0.0394050436       -0.1868761723
  88.  74.        0.3943051402       -0.8332039741
  88.  75.       -0.0217859357        0.0133397819
  88.  76.       -0.4148188870       -0.8139707006
  88.  77.        0.6275433645       -0.3494557605
  88.  78.        0.2679324010       -0.0803912031
  88.  79.       -0.1024255442        0.0239008777
  88.  80.       -0.7768815359       -1.6095607036
  88.  81.        0.1784711728       -0.1720254189
  88.  82.       -0.3852040325        0.4544271650
  88.  83.        0.1743098551        0.0096185295
  88.  84.        0.5377383526       -0.2019318416
  88.  85.        0.2821305619        0.0391797186
  88.  86.       -0.7065898803       -0.0237201235
  88.  87.       -0.1404921451        0.0741367327
  88.  88.        0.2072135386       -0.2856904696
  89.   0.        0.1200802776        0.0000000000
  89.   1.        0.3049014135        0.1417995816
  89.   2.       -0.3177085662        0.1894302386
  89.   3.        0.1277367606        0.4356892849
  89.   4.        0.1259341115        0.0121822042
  89.   5.       -0.4768420843        0.4477698235
  89.   6.        0.0535831202       -0.2645771817
  89.   7.       -0.1137068028       -0.3093600572
  89.   8.       -0.2787941881        0.3264165462
  89.   9.       -0.3591304421       -0.2290381377
  89.  10.        0.0053202773        0.0972253168
  89.  11.        0.0540156042        0.1003127567
  89.  12.       -0.3176619437        0.1534593922
  89.  13.       -0.2792278738       -0.1388230271
  89.  14.        0.6440753530       -0.4447382961
  89.  15.       -0.2357971612       -0.1008976476
  89.  16.       -0.5922531011        0.2205793281
  89.  17.       -0.1928993391        0.0834359144
  89.  18.        0.3614255132       -0.1284300086
  89.  19.        0.5675142790       -0.3875078831
  89.  20.        0.0491618994       -0.0432664763
  89.  21.       -0.2282557113       -1.0729805710
  89.  22.       -0.0648291079        0.6565959159
  89.  23.        0.0838331359       -0.2589850548
  89.  24.        0.2007113071       -0.1189387903
  89.  25.        0.5244779478       -0.4234124255
  89.  26.        0.5728075911        0.3260724368
  89.  27.       -0.2499241931       -0.5845730862
  89.  28.       -0.4977508649        0.7264680385
  89.  29.       -0.6616599221       -0.1234125358
  89.  30.       -0.0757342331       -0.2013810410
  89.  31.        0.1848037956       -0.0624574321
  89.  32.        0.3559842883        0.3222272271
  89.  33.       -0.5905818072        0.7127789693
  89.  34.       -0.3782080410        0.0509714400
  89.  35.        0.1586205741       -0.5198593100
  89.  36.        0.3534723743        0.3484007860
  89.  37.        0.2796137775       -0.0537720783
  89.  38.       -0.0513829522       -0.1320688258
  89.  39.       -0.1211237146       -0.0459690226
  89.  40.        0.6072879488        0.0213247221
  89.  41.       -0.1176543982       -0.2724192075
  89.  42.       -0.0110004457        0.0028859046
  89.  43.       -0.0451768242        0.1414351353
  89.  44.       -0.2584884317       -0.2775892316
  89.  45.        0.2345282510       -0.5167892109
  89.  46.       -0.6938191355       -0.3003014738
  89.  47.        0.1139866458       -0.3531876712
  89.  48.       -0.3281830464        0.3240589960
  89.  49.       -0.2031398830       -0.0551321827
  89.  50.       -0.1669811813        0.2478364537
  89.  51.        0.2418029355        0.0384901454
  89.  52.       -0.7239048151        0.0652540197
  89.  53.        0.4844854885        0.2412532382
  89.  54.        0.3098876157       -0.1826315368
  89.  55.       -0.1523634527        0.2561341514
  89.  56.        0.2616265482        0.3582400336
  89.  57.       -0.0934167580       -0.0507232995
  89.  58.        0.0373518751        0.1613656811
  89.  59.        0.4111933081       -0.2127754000
  89.  60.       -0.7364220023        0.2014403379
  89.  61.        0.1196354514       -0.2822912466
  89.  62.        0.4074020253        0.5452194065
  89.  63.        0.0072063703        0.3590039331
  89.  64.        0.1602794582        0.3094411324
  89.  65.        0.3537033419       -0.5289144925
  89.  66.        0.6203613870        0.4203231195
  89.  67.        0.0411541736        0.3206808179
  89.  68.        0.6981729679        0.4077032677
  89.  69.        0.0324021085       -0.1027522502
  89.  70.       -0.7635236533       -0.3832360067
  89.  71.        0.4371233900        0.6859578159
  89.  72.       -0.5940886325        0.0081507402
  89.  73.       -0.3167866887        0.1083601487
  89.  74.       -0.6482652307       -0.1292581742
  89.  75.       -0.1832066707       -0.2918049278
  89.  76.        0.3880201275       -0.3441597965
  89.  77.       -0.8805432891       -0.1769023621
  89.  78.        0.0179742229       -0.3822172716
  89.  79.       -0.5218660840       -0.5027303976
  89.  80.       -0.0597775198        0.3501472438
  89.  81.       -0.0966086166       -0.5551253494
  89.  82.        0.0874846237        0.4843922467
  89.  83.        0.2661707943        0.4867844818
  89.  84.        0.1387027786        0.8769986267
  89.  85.        0.1993273408       -0.3814421598
  89.  86.        0.4065309471        0.3676607099
  89.  87.       -0.5871421213        0.1299670699
  89.  88.        0.5738490345        0.3742873882
  89.  89.        0.1223989833        0.0561345264
  90.   0.        0.5271864718        0.0000000000
  90.   1.       -0.2077368838        0.4225123929
  90.   2.        0.2949215214       -0.2945701462
  90.   3.        0.0829558627        0.0653658066
  90.   4.        0.3520125889        0.8077367237
  90.   5.        0.2504367174       -0.0483855465
  90.   6.       -0.4288865431       -0.6722630861
  90.   7.       -0.2391358463       -0.0388923762
  90.   8.       -0.0819160150       -0.3406106621
  90.   9.       -0.2988943944        0.8296701462
  90.  10.        0.1648840414       -0.1588111242
  90.  11.        0.4105036810       -0.3401369666
  90.  12.       -0.3073068604        0.1695644137
  90.  13.        0.3030747677       -0.1218636168
  90.  14.       -0.0252307037       -0.4746478749
  90.  15.       -0.1406208350       -0.0394611426
  90.  16.        0.0122344144       -0.4268891347
  90.  17.        0.2490391332       -0.0180571651
  90.  18.        0.1835568380        0.3429929794
  90.  19.       -0.1712384758       -0.0193287965
  90.  20.        0.1969690646        0.2021150744
  90.  21.        0.0691859084        0.1488756962
  90.  22.       -0.6095842818       -0.1615091409
  90.  23.        0.0123685719       -0.1134563912
  90.  24.        0.0071957996       -0.0529273996
  90.  25.       -0.0364587599       -0.2039364161
  90.  26.        0.4566414317        0.7268998645
  90.  27.        0.5567956230        0.4467187709
  90.  28.       -0.1725983289        0.0609016105
  90.  29.       -0.2019822050        0.5434941016
  90.  30.       -0.3775776267        0.1302103617
  90.  31.        0.0500884952       -0.4216728360
  90.  32.       -0.2917522639        0.0441393431
  90.  33.        0.0701645756       -0.5798117411
  90.  34.       -0.3277043800        0.0787609072
  90.  35.        0.0579081190        0.3795596463
  90.  36.       -0.1304427896       -0.3740403568
  90.  37.       -0.4564166213        0.2672516208
  90.  38.        0.9008781992       -0.3281451688
  90.  39.       -0.2017909346        0.1778805649
  90.  40.       -0.2235045850       -0.0135320485
  90.  41.       -0.1472352643       -0.4433329355
  90.  42.       -0.2022829941       -0.4793359457
  90.  43.       -0.1261025336       -0.0762893088
  90.  44.        0.0546684945        0.2211265175
  90.  45.        0.2878583649       -0.1544500461
  90.  46.        0.1602152622        0.2339501010
  90.  47.        0.3117615467       -0.3600011937
  90.  48.       -0.1239549005        0.3170581687
  90.  49.       -0.3196690447       -0.5549830881
  90.  50.        0.0917690364        0.5419731324
  90.  51.        0.4208955139        0.6328839180
  90.  52.        0.5896454133       -1.0672945740
  90.  53.       -0.3734958204        0.3364453579
  90.  54.        0.7141161489       -0.3547686416
  90.  55.        0.6146856383       -0.0918170409
  90.  56.       -0.0477907314        0.6048170183
  90.  57.        0.3422102789       -0.4052933931
  90.  58.       -0.5101935123        0.0780074118
  90.  59.        0.4871860100        0.4254615924
  90.  60.       -0.6027607263       -0.2593137847
  90.  61.        0.4490328990       -0.0407943691
  90.  62.       -0.0208703145        0.1589455382
  90.  63.       -0.1320822941       -0.5431690010
  90.  64.        0.1405623906        0.1013251334
  90.  65.        0.2873611398       -0.5843473022
  90.  66.       -0.5774819477       -0.0678984036
  90.  67.        0.6213612792        0.4638475675
  90.  68.       -0.1965824854       -0.2373143362
  90.  69.       -0.3996759714        0.7142831955
  90.  70.       -0.2297516207       -0.2134124445
  90.  71.       -0.4928393169       -0.2305087856
  90.  72.        0.4971537032       -0.1851411068
  90.  73.       -0.7004549996       -0.3354528922
  90.  74.        0.0496821307       -0.1070275061
  90.  75.        0.1178006842       -0.6752743698
  90.  76.       -0.3653100997        0.1119179031
  90.  77.        0.6855944064       -1.2116841472
  90.  78.       -0.3804962471        0.1997936079
  90.  79.        0.1439578806       -0.4069162175
  90.  80.       -0.7704547253       -0.5883080906
  90.  81.        0.9471369946        0.2813224589
  90.  82.       -0.7239199745       -0.3724446751
  90.  83.        0.5091735769       -0.3584286318
  90.  84.       -0.2484182388       -0.0660933086
  90.  85.        0.4802851095        0.4002727828
  90.  86.       -0.2917583990       -0.0922843324
  90.  87.        0.1584603322       -0.0836395743
  90.  88.        0.1805956490       -0.0313994344
  90.  89.       -0.1152213837        0.2136061554
  90.  90.       -0.1544973722        0.0989114117
  91.   0.       -0.1505434067        0.0000000000
  91.   1.       -0.1709477555       -0.2254470236
  91.   2.        0.1545503466       -0.1047092880
  91.   3.       -0.2673057863       -0.7786386744
  91.   4.       -0.5212880591       -0.1357383159
  91.   5.        0.5200501562        0.1309902479
  91.   6.        0.2144143628        0.0557704014
  91.   7.        0.1521798543        0.0218826650
  91.   8.        0.5750434588        0.0484887727
  91.   9.        0.1037055410        0.1743461064
  91.  10.       -0.1704740629        0.0221620083
  91.  11.       -0.1021524496        0.0949202839
  91.  12.        0.3416471525       -0.1405644222
  91.  13.       -0.0547671412        0.4258115447
  91.  14.       -0.0887153096        0.2532562784
  91.  15.       -0.1080745494       -0.0779371849
  91.  16.       -0.0209954541       -0.1021492644
  91.  17.        0.2720935482        0.1674764333
  91.  18.       -0.2591793074       -0.2447581198
  91.  19.       -0.0787040271        0.3003472780
  91.  20.       -0.4409899325       -0.2330485541
  91.  21.        0.0254776228        0.3056769626
  91.  22.       -0.0854716998       -0.6758252818
  91.  23.        0.6743606526        0.3264374679
  91.  24.        0.0816661879        0.2052951140
  91.  25.       -0.6129133111       -0.0573630360
  91.  26.       -0.7192830124       -0.4873303427
  91.  27.        0.1408346244        0.6510762462
  91.  28.        0.1481190581       -0.6000906104
  91.  29.        0.1818006336        0.3505701681
  91.  30.       -0.0342485945        0.5297323590
  91.  31.       -0.4089088164        0.0156108511
  91.  32.       -0.6009687593       -0.2311306657
  91.  33.        0.1402016028       -0.2783098767
  91.  34.        0.0975550784       -0.2910232107
  91.  35.        0.0290471278        0.5661945004
  91.  36.        0.2176365519       -0.1628860528
  91.  37.        0.3505046635       -0.1765597750
  91.  38.       -0.5766949673       -0.2306700218
  91.  39.        0.3459008338       -0.1708453946
  91.  40.        0.0883667437        0.2403565391
  91.  41.        0.4501016048        0.2567467514
  91.  42.        0.1421858635        0.3096988567
  91.  43.       -0.2102760729       -0.1679396819
  91.  44.       -0.3227432143       -0.1498619496
  91.  45.       -0.3640610929        0.4603003587
  91.  46.        0.2681371892        0.7421329993
  91.  47.        0.4586686393        0.7585014506
  91.  48.        0.0452337710       -0.8312460325
  91.  49.        0.2291993727       -0.1721541633
  91.  50.       -0.2890743521       -0.6924499443
  91.  51.        0.2636232074        0.2579884961
  91.  52.        0.6894284049        0.5049266492
  91.  53.       -0.3889488339       -1.1290404606
  91.  54.       -0.6651267847       -0.4888084846
  91.  55.        0.4735115935       -0.7605588355
  91.  56.       -0.4490103585       -0.0497368315
  91.  57.        0.0871873291        0.3890724365
  91.  58.        0.3302315231       -0.3938164706
  91.  59.       -0.8312285344       -0.1778152922
  91.  60.       -0.0704299546        0.1040835414
  91.  61.       -0.0546326595        0.0457038824
  91.  62.        0.0213800483        0.2639782620
  91.  63.       -0.1827311090        0.3862179397
  91.  64.       -0.0984840066       -0.1216115486
  91.  65.        0.1755856880        0.0978936571
  91.  66.       -0.1475519490       -0.7158327037
  91.  67.        0.3336351102       -0.1506231830
  91.  68.       -0.6808761547       -0.1278455255
  91.  69.       -0.5256908337       -0.2273304414
  91.  70.        0.2811041938        0.3192420050
  91.  71.        0.2434329187        0.1305080880
  91.  72.       -0.3181498776       -0.1137332715
  91.  73.        0.4539541115       -0.4674903459
  91.  74.       -0.6701300443        0.0508300180
  91.  75.        0.0819241975        0.0415524941
  91.  76.        0.1677562495       -0.6104156995
  91.  77.       -0.3239746375       -0.0339655591
  91.  78.        0.9119066707       -1.3878561370
  91.  79.       -0.8326911804        0.2816006557
  91.  80.        0.1788067123       -0.3328535024
  91.  81.       -0.3842147227        0.1030764140
  91.  82.        0.7948255233       -0.1422014063
  91.  83.       -0.3566732570        0.0656192560
  91.  84.        0.4566373665       -0.0536893426
  91.  85.        0.2015454054       -0.5708406053
  91.  86.        0.8873267280       -0.2156853748
  91.  87.       -0.4805112550       -0.3311633663
  91.  88.        0.1454095714       -0.1923914353
  91.  89.       -0.0015430843       -0.2523944798
  91.  90.       -0.1988247502       -0.2770916348
  91.  91.        0.0772122124        0.1233275247
  92.   0.       -0.6890111401        0.0000000000
  92.   1.       -0.3334300152       -0.4578315246
  92.   2.       -0.1119550603        0.0590952408
  92.   3.        0.0713330996       -0.1418161410
  92.   4.       -0.2400280260       -0.3325158074
  92.   5.       -0.0132872620       -0.0054808636
  92.   6.        0.6132280861        0.0319837308
  92.   7.        0.0858090736       -0.1015577864
  92.   8.        0.0283104116        0.4355225322
  92.   9.        0.1666658711        0.0189403682
  92.  10.        0.4107449210        0.2519768587
  92.  11.       -0.1671635487        0.4074097691
  92.  12.        0.2540170041       -0.5808164413
  92.  13.        0.1007686037       -0.2662864771
  92.  14.        0.2748268653        0.2481927561
  92.  15.       -0.1096145042       -0.2272323324
  92.  16.       -0.1469862835        0.5959233071
  92.  17.       -0.1355857944        0.4346632838
  92.  18.       -0.1280584844       -0.5817492477
  92.  19.        0.2957908022        0.3496864966
  92.  20.        0.0529070402       -0.4992640037
  92.  21.       -0.3591221574       -0.1110959816
  92.  22.       -0.4367667217        0.1298053553
  92.  23.       -0.0317560884        0.0602064058
  92.  24.        0.2550057649       -0.0287999326
  92.  25.       -0.0933788335        0.2683096807
  92.  26.        0.2547782487       -0.2928846160
  92.  27.       -0.3985950172       -0.6189982592
  92.  28.        0.0077425719       -0.2460433466
  92.  29.       -0.0599505464       -0.1678803093
  92.  30.        0.0224784818       -0.6298838409
  92.  31.        0.3059474425        0.7361529731
  92.  32.        0.2816858949        0.2251533533
  92.  33.       -0.3402905596        0.3118659282
  92.  34.       -0.3175019490       -0.0608257413
  92.  35.       -0.0019509182       -0.8728336765
  92.  36.        0.1179036201        0.0975332884
  92.  37.        0.7998630010        0.2136633723
  92.  38.       -0.4322616997        0.5622140347
  92.  39.       -0.3154524289       -0.5155980104
  92.  40.       -0.1840014118       -0.2827003096
  92.  41.        0.0762957248        0.4528162756
  92.  42.        0.5910659008        0.5795668328
  92.  43.        0.4876339442        0.2039310978
  92.  44.       -0.1423396187       -0.2195206673
  92.  45.        0.4635457368       -0.5736935705
  92.  46.       -0.5052961948       -0.5928341613
  92.  47.        0.2103087582        0.3350498201
  92.  48.        0.3129456046        0.1789261405
  92.  49.        0.0454475119       -0.2439639446
  92.  50.        0.5076519358       -0.0862134742
  92.  51.       -0.1433585888       -0.1730313411
  92.  52.        0.1223092267       -0.0357244395
  92.  53.        0.0065298327        0.5653319791
  92.  54.       -0.3649569941       -0.4114533946
  92.  55.       -0.3575434350        0.2978961199
  92.  56.        0.3471859014       -0.6094582660
  92.  57.       -0.5199597348        0.7555348123
  92.  58.        0.0563939469        0.3986316899
  92.  59.       -0.0158027108        0.2057740457
  92.  60.        0.1483601162       -0.5211384249
  92.  61.        0.3943742239       -0.1788421427
  92.  62.       -0.0389959276       -0.5117064430
  92.  63.        0.0903382480        0.4022438266
  92.  64.        0.1730797021        0.1601033703
  92.  65.       -0.2711534573        0.0230127233
  92.  66.       -0.2553306304        0.4114443408
  92.  67.        0.3076282633       -0.4533109402
  92.  68.        0.0535349276       -0.0388044654
  92.  69.       -0.1191755215       -0.6027129536
  92.  70.       -0.6142790903       -0.5676881128
  92.  71.        0.2299620853        0.7179376854
  92.  72.        0.3307598488       -0.1433040707
  92.  73.       -0.4156085944        0.3280551859
  92.  74.        0.0289349243       -0.3628357936
  92.  75.       -0.1670389778        0.1630093179
  92.  76.        0.2054219388        0.8208546199
  92.  77.       -0.9852975590        0.1023344326
  92.  78.       -0.2538345869        0.8512114594
  92.  79.       -0.3973602135       -0.4159755506
  92.  80.       -0.5587094960        0.4639199224
  92.  81.        0.1027195606        0.2041875516
  92.  82.       -1.2128857507       -0.2452778819
  92.  83.       -0.0329251070       -0.2248928887
  92.  84.        0.4100838341       -0.5594690684
  92.  85.       -0.0114059303        0.0630336603
  92.  86.       -0.3570395038       -0.2079380385
  92.  87.        0.3344536114       -0.3874487352
  92.  88.       -0.2774902809       -0.2463748746
  92.  89.       -0.0609194428        0.3571397159
  92.  90.        0.8482711872        0.5414499270
  92.  91.       -0.0841244703        0.1817155712
  92.  92.       -0.0628871582       -0.0359775545
  93.   0.       -0.2786864701        0.0000000000
  93.   1.       -0.0515302487        0.2698558476
  93.   2.        0.3149466320       -0.0001473345
  93.   3.        0.1896333401        0.6792965196
  93.   4.       -0.1256013700       -0.3684440318
  93.   5.       -0.1921681945       -0.3576487289
  93.   6.       -0.3670530194        0.3204879434
  93.   7.       -0.0906430630        0.3130242514
  93.   8.       -0.1535770675       -0.4429044441
  93.   9.        0.1188828731        0.2986569483
  93.  10.        0.1031700854        0.1047398979
  93.  11.       -0.1408367230       -0.3019875128
  93.  12.        0.0369972789        0.1697524214
  93.  13.        0.4321425782       -0.4983152158
  93.  14.       -0.0554233128        0.3471050964
  93.  15.        0.1889572179       -0.0365509011
  93.  16.        0.4571769806       -0.2909888238
  93.  17.       -0.1839953531        0.1009001422
  93.  18.       -0.1371784000       -0.3187689389
  93.  19.        0.0186831866       -0.1135170759
  93.  20.        0.4333627770       -0.0636489077
  93.  21.        0.4635717632       -0.1160923507
  93.  22.        0.0352914306        0.0569949606
  93.  23.       -0.9324222274       -0.2810701907
  93.  24.       -0.0332591853       -0.6761907123
  93.  25.       -0.1907317877       -0.1515243072
  93.  26.        0.2282857757        0.4348435547
  93.  27.        0.2152787583        0.5045398559
  93.  28.        0.3198773679        0.2263032741
  93.  29.       -0.1079848629        0.4162549026
  93.  30.       -0.2342393223       -0.4156929915
  93.  31.        0.1109909279       -0.0421352521
  93.  32.        0.5253568898       -0.2226536147
  93.  33.        0.0879884352        0.1115585203
  93.  34.        0.2225587567        0.4927007010
  93.  35.       -0.1818445416        0.0872806372
  93.  36.        0.0713037906       -0.5830097080
  93.  37.       -0.4670341659        0.0040992544
  93.  38.        0.0224911996        0.0899805260
  93.  39.        0.1393385594        0.6189011784
  93.  40.        0.4320568940       -0.2601076205
  93.  41.       -0.1996517186       -0.2519485036
  93.  42.       -0.3349917608       -0.2900147814
  93.  43.        0.1955805611        0.4029962086
  93.  44.       -0.0585409307        0.6336221085
  93.  45.       -0.1456163832        0.1306145436
  93.  46.        0.6418543528       -0.0548738741
  93.  47.       -0.4303090947       -0.0734245893
  93.  48.        0.3484490285        0.4312376245
  93.  49.       -0.0067672307       -0.3179962063
  93.  50.       -0.0076321369        0.2561975048
  93.  51.       -0.1770360192        0.0688376176
  93.  52.       -0.2392915363       -0.4091103770
  93.  53.        0.2118936379        0.7280095617
  93.  54.        0.6671882056        0.0904174838
  93.  55.        0.0789130176        0.0944061830
  93.  56.        0.3756462644        0.1768358010
  93.  57.        0.2749684889       -0.0270749362
  93.  58.        0.1448929032       -0.2454595006
  93.  59.        0.0905199650       -0.1338757515
  93.  60.        0.3707197609        0.3541293944
  93.  61.       -0.1940638902       -0.2197392310
  93.  62.       -0.2820382869       -0.6766475613
  93.  63.       -0.0901822463       -0.0346954249
  93.  64.       -0.1620088508        0.3051542607
  93.  65.        0.1667703625       -0.6314341498
  93.  66.        0.3786929312        0.2438365079
  93.  67.       -0.0649518502        0.1496658087
  93.  68.       -0.1337988182        0.0110234430
  93.  69.        0.3041243992        0.0199944384
  93.  70.        0.1805912845       -0.0998011336
  93.  71.       -0.8070615570        0.1324589485
  93.  72.        0.8157651959       -0.0125977346
  93.  73.        0.0115017164       -0.2837396087
  93.  74.        0.3525780182        0.0430672365
  93.  75.        0.3064816587        0.1690279386
  93.  76.       -0.8507908581       -0.4696835656
  93.  77.        0.3377489825        0.0544069623
  93.  78.       -0.4486214120        0.0195569861
  93.  79.        0.0560126110       -0.0047440127
  93.  80.       -0.3048082458       -0.4599570906
  93.  81.       -0.1568564422        0.2672785516
  93.  82.        1.0206275975        0.0681857020
  93.  83.       -1.2963018242       -0.8745264200
  93.  84.        0.0784946883       -0.1805437310
  93.  85.        0.1011886108       -0.0851944349
  93.  86.        0.2921719779        0.1660300513
  93.  87.       -0.8051370603        0.4154525315
  93.  88.        0.5699395784       -0.3319512513
  93.  89.        0.2680509605       -0.4082925469
  93.  90.       -0.1593373621       -0.2613103665
  93.  91.       -0.1592896536       -0.2130685114
  93.  92.        0.1061312018       -0.0709996922
  93.  93.       -0.5250383756       -0.1287950931
  94.   0.       -0.1490279009        0.0000000000
  94.   1.        0.2600365916        0.3795166580
  94.   2.       -0.1841102511        0.2213332202
  94.   3.       -0.0939572950       -0.0810634520
  94.   4.        0.3620113813        0.2036632926
  94.   5.        0.0760953125        0.2552473367
  94.   6.        0.0235888316        0.3862241955
  94.   7.       -0.0095115124        0.0546993434
  94.   8.       -0.1631465821       -0.0989964516
  94.   9.       -0.0667860300       -0.1757775594
  94.  10.       -0.0501056558        0.1535377803
  94.  11.        0.2394538046       -0.1925081376
  94.  12.       -0.1006318079        0.3526361123
  94.  13.        0.0296508486        0.3304513174
  94.  14.       -0.2747915197       -0.2937062765
  94.  15.        0.0171100321        0.0821364590
  94.  16.        0.0648133674       -0.0456531167
  94.  17.        0.1461318051       -0.3823494119
  94.  18.       -0.4535643823        0.3499629712
  94.  19.       -0.3885097433       -0.6425609522
  94.  20.        0.0414705703        0.2162176259
  94.  21.        0.1390118754        0.4290185220
  94.  22.        0.2656898395        0.2116665958
  94.  23.        0.3713246744       -0.2875041315
  94.  24.       -0.6470953298        0.3253869640
  94.  25.       -0.0482641412       -0.0180940125
  94.  26.       -0.5845727844       -0.1561853276
  94.  27.        0.0371294382        0.0679900016
  94.  28.       -0.0545649558        0.3521105944
  94.  29.       -0.4650929301       -0.2510016829
  94.  30.        0.4615573703        0.7005956346
  94.  31.       -0.1256533530       -0.3411045233
  94.  32.        0.0340401888       -0.6669175799
  94.  33.        0.0192854127       -0.1253491536
  94.  34.        0.0186064742        0.2980756022
  94.  35.        0.2183599368        0.8207166857
  94.  36.       -0.1824869772        0.2245081815
  94.  37.       -0.1600960505       -0.1564722141
  94.  38.       -0.2922985249        0.0119513865
  94.  39.        0.3727885620       -0.2542389305
  94.  40.       -0.2004432135        0.2369024917
  94.  41.       -0.6858827103       -0.1209863249
  94.  42.       -0.2749304562       -0.0942653204
  94.  43.       -0.3573755666        0.0865061383
  94.  44.        0.3594320587       -0.0523407677
  94.  45.       -0.3791050612        0.3836438528
  94.  46.       -0.0355385775        0.4733350829
  94.  47.       -0.0957240408       -0.1752779983
  94.  48.       -0.2420052105        0.1537501292
  94.  49.       -0.0642359008        0.1972907788
  94.  50.       -0.4441566262       -0.4151880372
  94.  51.        0.1029249619       -0.0097511981
  94.  52.        0.3184846984        0.3466324812
  94.  53.       -0.0940204594       -0.5833991295
  94.  54.       -0.0371735820       -0.3500179586
  94.  55.        0.2211205638       -0.3158818549
  94.  56.        0.1994989792       -0.0482423305
  94.  57.        0.1369054753        0.1659282481
  94.  58.        0.1221459720       -0.0955988690
  94.  59.        0.1066330308        0.1252719161
  94.  60.       -0.2683826617        0.0912012105
  94.  61.       -0.7952306365       -0.1275454924
  94.  62.        0.2168530383       -0.1269973224
  94.  63.       -0.4495827637       -0.1530682223
  94.  64.        0.0752630374       -0.0889509858
  94.  65.       -0.4824990048       -0.1906042157
  94.  66.        0.7437569294        0.1602337642
  94.  67.       -0.2519065063       -0.0666784381
  94.  68.       -0.2110280004       -0.3248669365
  94.  69.        0.0288709909       -0.5042090701
  94.  70.        0.0716511619        0.6982197704
  94.  71.        0.7479431234       -0.1010711272
  94.  72.       -0.5577326611       -0.1193764798
  94.  73.        0.5071462715       -0.0389290804
  94.  74.        0.0501966970       -0.2487940402
  94.  75.       -0.0576054967        0.1406599002
  94.  76.       -0.1566432582       -0.2086389157
  94.  77.        0.3446892972       -0.2244784908
  94.  78.       -0.9546623888       -0.5223457836
  94.  79.        0.1953877769        0.1731283515
  94.  80.        0.2645231414        0.3487907060
  94.  81.       -0.7111810243        0.3305955999
  94.  82.        0.2145659443       -0.2204657091
  94.  83.       -0.2829674582       -0.1320324395
  94.  84.       -0.2006037367       -0.0917019221
  94.  85.        0.1085363814       -0.1017868283
  94.  86.        0.1271362363        0.3139938659
  94.  87.        0.1192988833       -0.0208210555
  94.  88.       -0.8233518038        0.4293279561
  94.  89.        0.7486007126       -0.4163790171
  94.  90.        0.6357209771        0.6780559614
  94.  91.       -0.0124773549       -0.3243992118
  94.  92.       -0.5091432342       -0.0380327533
  94.  93.        0.1717408342        0.4640326498
  94.  94.        0.2722241835       -0.0627328919
  95.   0.        0.5508837934        0.0000000000
  95.   1.        0.4411248088       -0.0916137103
  95.   2.       -0.0453138239        0.2544393838
  95.   3.        0.1602775787        0.1049840399
  95.   4.        0.2562708873        0.2545415434
  95.   5.       -0.1554018816       -0.2189102477
  95.   6.        0.2217673661       -0.0502453289
  95.   7.        0.0972871322       -0.1907141683
  95.   8.       -0.1732602302        0.7343570993
  95.   9.       -0.0637304914       -0.4387126083
  95.  10.        0.0060431286       -0.1689447932
  95.  11.       -0.3313652920        0.3655616060
  95.  12.       -0.2768235346       -0.5325207947
  95.  13.       -0.3462925826        0.2721630051
  95.  14.       -0.2301081400       -0.0335682770
  95.  15.       -0.1170335765        0.0255044305
  95.  16.       -0.3569081285        0.1083737578
  95.  17.        0.2554712072       -0.5423437509
  95.  18.        0.0003738448        0.2498964274
  95.  19.       -0.0329082913       -0.0802841911
  95.  20.       -0.1316966929        0.1460262505
  95.  21.       -0.2402399918       -0.0709589032
  95.  22.       -0.2421717505        0.4810428705
  95.  23.       -0.0422628871       -0.1612178545
  95.  24.       -0.1311309501        0.2680959191
  95.  25.        0.6018958574       -0.0027132366
  95.  26.        0.1353932455       -0.0194188499
  95.  27.       -0.6087817128       -0.4271996806
  95.  28.       -0.8032014534        0.1038148658
  95.  29.       -0.2648645571       -0.4455329561
  95.  30.       -0.5114959449        0.2134403506
  95.  31.        0.4371061457        0.1476825337
  95.  32.        0.3914894899       -0.1056881427
  95.  33.       -0.3895964697       -0.4209102219
  95.  34.       -0.4066713209        0.0591094285
  95.  35.        0.2208816085       -0.4392715864
  95.  36.        0.0238288174        0.3275049723
  95.  37.        0.1362174467        0.2191221700
  95.  38.        0.5415936925       -0.0731515145
  95.  39.       -0.0091557498       -0.6707605458
  95.  40.        0.0895596535       -0.1492641444
  95.  41.        0.4429290940        0.4708424355
  95.  42.        0.0890892598       -0.3778615058
  95.  43.       -0.1222663803       -0.3605406431
  95.  44.       -0.7327465463       -0.0317394404
  95.  45.        0.0503325879       -0.6792026724
  95.  46.       -0.6010322165       -0.1684824150
  95.  47.        0.1287377229       -0.1512886509
  95.  48.       -0.4471148166        0.3200850138
  95.  49.       -0.7424646399       -0.1350525219
  95.  50.        0.4027558484        0.3827196313
  95.  51.       -0.2232420169       -0.4874971273
  95.  52.        0.0935569477       -0.0211083453
  95.  53.        0.0578483906        0.2482549724
  95.  54.       -0.3327109208        0.1907207866
  95.  55.        0.0895191314        0.2501144060
  95.  56.        0.3331617227       -0.1143031621
  95.  57.        0.1023562986       -0.1798226556
  95.  58.       -0.5978131037        0.8775836063
  95.  59.        0.2363117886        0.0509264957
  95.  60.       -0.0573865445       -0.6768254221
  95.  61.        0.3516316153       -0.0031683822
  95.  62.       -0.0187503628        0.7175706047
  95.  63.       -0.0373529642        0.0227910910
  95.  64.       -0.1395701553       -0.2375169531
  95.  65.       -0.1199752008        0.1900049262
  95.  66.        0.0198826815        0.5400032861
  95.  67.        0.7393856506       -0.4928322175
  95.  68.        0.4380224150       -0.0201715834
  95.  69.        0.2767642460       -0.5261840724
  95.  70.        0.0276608829       -0.3268516782
  95.  71.       -0.4637049261        0.2248892294
  95.  72.        0.2451258755       -0.2203902318
  95.  73.       -1.1017181411        0.3902644060
  95.  74.        0.3583030718       -0.3249443361
  95.  75.        0.2532531799       -0.0387655608
  95.  76.       -0.0413661317        0.3545796219
  95.  77.       -0.1782233695       -0.0323916042
  95.  78.        0.0197838370        0.1129034436
  95.  79.       -0.4796495655       -1.0000511320
  95.  80.       -0.5982532469       -0.0524600540
  95.  81.       -0.5592950817       -0.4387933517
  95.  82.       -0.5116574818        0.6878962748
  95.  83.       -0.0736842336       -0.6704826462
  95.  84.       -0.0607101857        0.3275109579
  95.  85.        0.2310014936        0.2451583237
  95.  86.        0.0865294019        0.1509477959
  95.  87.        0.3440696939       -0.9666301791
  95.  88.       -0.2227242040        0.0799080108
  95.  89.        0.4261319787        0.8031387797
  95.  90.       -0.2319066767       -0.6170885005
  95.  91.        0.4364728653       -0.5411140169
  95.  92.       -0.3540651822       -0.1940982555
  95.  93.        0.6589588603       -0.0585856109
  95.  94.       -0.4457669958        0.1478347034
  95.  95.        0.1057977723       -0.3074785879
  96.   0.        0.1121992701        0.0000000000
  96.   1.        0.0397111248       -0.3766842746
  96.   2.       -0.1291128373       -0.1976625924
  96.   3.       -0.2071705371        0.1364939398
  96.   4.       -0.4528445343       -0.2017211639
  96.   5.       -0.2953253538       -0.5658950967
  96.   6.       -0.2003586619       -0.0320806461
  96.   7.        0.2491029560       -0.1165979080
  96.   8.        0.2412827413       -0.0355466327
  96.   9.        0.1648617078       -0.0274181201
  96.  10.       -0.2363094586       -0.5448277509
  96.  11.       -0.6988741829        0.1707032026
  96.  12.        0.1651925955        0.1507386504
  96.  13.       -0.3592044588        0.4606174467
  96.  14.        0.0955704335        0.0205549298
  96.  15.        0.4745790561        0.0022142256
  96.  16.       -0.4135075744       -0.1181815761
  96.  17.       -0.3954915309        0.4292080132
  96.  18.       -0.4433828014       -0.3267778347
  96.  19.       -0.0259577952        0.4302604980
  96.  20.       -0.1117720425        0.2671019928
  96.  21.        0.1031054129       -0.1094879183
  96.  22.       -0.5042175176       -0.0608589500
  96.  23.       -0.1370812430        0.4669013146
  96.  24.        0.5728964647       -0.4004746730
  96.  25.       -0.0711784770        0.2439402821
  96.  26.        0.4659496966       -0.0797091868
  96.  27.        0.6359890637        0.5658002189
  96.  28.       -0.6142947254        0.3125797355
  96.  29.       -0.0262099652        0.2288665832
  96.  30.       -0.4643064583       -0.3866288286
  96.  31.        0.0671058237        0.1509356275
  96.  32.        0.0790955714        0.9390310562
  96.  33.       -0.5496896287       -0.1503149294
  96.  34.       -0.2218851466       -0.2305714955
  96.  35.        0.0822273337        0.7052071400
  96.  36.       -0.1160364799       -1.0518880893
  96.  37.        0.4300426056        0.2805669177
  96.  38.        0.2777994081       -0.1305692222
  96.  39.       -0.3960624252        0.3048221910
  96.  40.       -0.2454362221       -0.1405903628
  96.  41.       -0.1051564813       -0.2398039372
  96.  42.       -0.5249940380        0.3301478184
  96.  43.        0.7679131641       -0.6028067576
  96.  44.       -0.4279853518        0.1009006894
  96.  45.       -0.1309315198        0.2971219254
  96.  46.        0.3501599893        0.0927445587
  96.  47.       -0.4285058720        0.3503851227
  96.  48.       -0.4526925911       -0.5674676238
  96.  49.       -0.1476376306        0.0593776995
  96.  50.       -0.1577614354        0.4330335945
  96.  51.        0.2485906983        0.5047422633
  96.  52.       -0.3142684362        0.0695092263
  96.  53.        0.0010476271        0.0549320948
  96.  54.       -0.2124723088        0.4363932843
  96.  55.       -0.1863863507       -0.0408173752
  96.  56.       -0.4834890683        0.1837384130
  96.  57.       -0.0276717737       -0.2699612233
  96.  58.       -0.1635938682       -0.1535027625
  96.  59.       -0.5747936595       -0.2334748811
  96.  60.        0.5476065018       -0.1744413859
  96.  61.        0.3844040109       -0.2962111165
  96.  62.        0.5278032793        0.4046953860
  96.  63.        0.0444279164       -0.4088889273
  96.  64.        0.2613985896        0.1591128748
  96.  65.       -0.0910290307        0.0982511737
  96.  66.       -0.4599248242       -0.4159842133
  96.  67.       -0.3306896340       -0.0197693649
  96.  68.        0.2203534909       -0.2406903840
  96.  69.       -0.0797543429        0.3828223521
  96.  70.       -0.3005451891       -0.3723245626
  96.  71.       -0.1043652812       -0.4076646816
  96.  72.       -0.2500805535        0.4077325525
  96.  73.       -0.1649859287       -0.4537093251
  96.  74.       -0.3621880399        0.0846785017
  96.  75.        0.5398810732       -0.2587979631
  96.  76.       -0.4898939113       -0.1267149037
  96.  77.        0.4792367647       -0.4654242824
  96.  78.       -0.3083290189       -0.3836205837
  96.  79.       -0.1589541971        0.4475080661
  96.  80.       -0.2548777550       -1.0922064613
  96.  81.       -1.1166778341        0.2908513745
  96.  82.        0.3165150502       -0.3549495843
  96.  83.        0.1276761570        0.0168580330
  96.  84.       -0.0657772265       -0.6854968460
  96.  85.       -0.0691365942        0.1693897743
  96.  86.        0.2453784702        0.1036204441
  96.  87.       -0.5320809088       -0.1412066938
  96.  88.       -0.0723581477       -0.2092426181
  96.  89.        0.2425026527       -0.7375410413
  96.  90.        0.8417490328        0.2156261262
  96.  91.        0.5515833762       -0.4830464721
  96.  92.       -0.1629736699       -0.0919765296
  96.  93.       -0.3517675914        0.4988808539
  96.  94.        0.3056528985        0.1116569260
  96.  95.        0.0355450867       -0.0194238234
  96.  96.        0.2657598356       -0.2228160515
  97.   0.       -0.5824840451        0.0000000000
  97.   1.       -0.3921315311        0.0985005713
  97.   2.       -0.1993687974       -0.5209823266
  97.   3.       -0.0530609467       -0.2333244711
  97.   4.        0.3120106859        0.2024699104
  97.   5.       -0.2133173610        0.1586494908
  97.   6.       -0.3364000438       -0.0870052137
  97.   7.       -0.2661413064        0.1306867710
  97.   8.        0.4080667745       -0.4998012315
  97.   9.        0.1900144409        0.3578687920
  97.  10.        0.1455725542        0.3951595369
  97.  11.        0.3256911523       -0.2141122090
  97.  12.        0.2896694742        0.3235365758
  97.  13.        0.0303794194        0.1825603526
  97.  14.        0.2584723181       -0.1941501366
  97.  15.       -0.4263598464        0.0707292674
  97.  16.        0.2327657678       -0.0218112705
  97.  17.       -0.0090881191       -0.1040831065
  97.  18.        0.1921620393       -0.0935384866
  97.  19.       -0.0018406354       -0.0173703097
  97.  20.        0.5589059039        0.0837484480
  97.  21.       -0.0848725069        0.5429320535
  97.  22.        0.6107945373       -0.4278578253
  97.  23.       -0.0945175545        0.5493808132
  97.  24.        0.3611747349       -0.1300174160
  97.  25.       -0.2665524242       -0.1684945924
  97.  26.       -0.5596748902        0.1630070251
  97.  27.        0.8130459486        0.0411826896
  97.  28.        0.4439865619       -0.0446263546
  97.  29.       -0.4996637075        0.0206051339
  97.  30.        0.1720127231        0.2488150114
  97.  31.       -0.7094578607        0.1203366074
  97.  32.       -0.2207605728       -0.2171916245
  97.  33.        0.1383302225        0.2487825524
  97.  34.        0.2934818815       -0.3123640324
  97.  35.        0.2029148148        0.7289372250
  97.  36.       -0.4998999477        0.2038174754
  97.  37.        0.1693569964       -0.3724341885
  97.  38.       -0.1045252161       -0.3857621643
  97.  39.        0.2440832620       -0.0451310543
  97.  40.       -0.1844442700        0.6347681254
  97.  41.       -0.0275159588        0.0770811938
  97.  42.       -0.4867854933        0.0767556455
  97.  43.        0.1068727032        0.2169861586
  97.  44.        0.4934476900       -0.3300692452
  97.  45.        0.0782291834        0.1930065623
  97.  46.       -0.3134913260        0.3483686101
  97.  47.        0.2720003157        0.5360469664
  97.  48.        0.5881977479       -0.4936948324
  97.  49.        0.7143859219       -0.1468740940
  97.  50.        0.2070971506       -0.5438577111
  97.  51.       -0.2180311917        0.0878674943
  97.  52.        0.1850134704        0.5625857918
  97.  53.       -0.1628795383        0.0129783961
  97.  54.        0.0654263146       -0.1010413399
  97.  55.        0.1949736536       -0.3637833188
  97.  56.       -0.1585116539        0.1974723385
  97.  57.        0.1217460211        0.0385309869
  97.  58.        0.1530585981       -0.1989781567
  97.  59.       -0.0068343055       -0.1478228499
  97.  60.       -0.2945655019       -0.1793158554
  97.  61.       -0.0746644135        0.1331888003
  97.  62.        0.0460258838       -0.0144365327
  97.  63.       -0.4919791770        0.1445554832
  97.  64.       -0.0391768270       -0.1666673193
  97.  65.        0.1962145346        0.2369604925
  97.  66.       -0.1082589318       -0.4914952484
  97.  67.       -0.5979317973       -0.1462902632
  97.  68.        0.3515708697       -0.0164485860
  97.  69.       -0.5506799795       -0.0524888787
  97.  70.        0.0206682478       -0.3131464275
  97.  71.       -0.1243046830       -0.0217165814
  97.  72.       -0.6259777698        0.7397209176
  97.  73.       -0.0287573170       -0.2293602925
  97.  74.       -0.4055098145       -0.2704080041
  97.  75.       -0.1035320285       -0.9695100423
  97.  76.       -0.2698651580       -0.2663068425
  97.  77.       -0.1390549377        0.2681222418
  97.  78.        0.3070531070       -0.1162440451
  97.  79.       -0.6982125941        0.2459176881
  97.  80.       -0.3793551348        0.5734152200
  97.  81.       -0.5445697510       -0.2869294538
  97.  82.        0.2651422820        0.4968670138
  97.  83.       -0.1941215361        0.1254981033
  97.  84.       -0.2762795746        0.7034557445
  97.  85.        0.0312286811       -0.1380414668
  97.  86.        0.0562533677       -0.2255981980
  97.  87.        0.1128747463        0.0861876136
  97.  88.        0.0109536833       -0.3676381989
  97.  89.        0.2441915482        0.2802686753
  97.  90.        0.2655211560       -0.0429682362
  97.  91.        0.4831443906        0.4817162567
  97.  92.        0.1513509308       -0.1714909816
  97.  93.        0.7900458517       -0.0150592497
  97.  94.       -0.0865133129        0.2344487859
  97.  95.       -0.3446560741        0.0568377955
  97.  96.        0.1442017916       -0.1680788947
  97.  97.        0.5185071833       -0.8164193562
  98.   0.        0.3752266997        0.0000000000
  98.   1.       -0.0301721120        0.1525323852
  98.   2.        0.1080577595        0.1661536390
  98.   3.       -0.0817858683       -0.0783274202
  98.   4.       -0.0184634656        0.0876647557
  98.   5.        0.6496301568        0.6225213262
  98.   6.       -0.0232747073        0.0270330700
  98.   7.       -0.4542488488        0.0843748629
  98.   8.        0.1874627770       -0.2330254624
  98.   9.       -0.2163474486       -0.1525039948
  98.  10.       -0.1408845957        0.4797251728
  98.  11.        0.6391733270       -0.0859255969
  98.  12.       -0.0852359141       -0.2390168161
  98.  13.        0.4971362467       -0.8014851593
  98.  14.        0.3113886273        0.3836316105
  98.  15.       -0.2724800780       -0.2554623275
  98.  16.        0.4613130153        0.2083599409
  98.  17.        0.4806031198       -0.1482372372
  98.  18.        0.5664422774        0.1742320226
  98.  19.        0.0787610606        0.2104244955
  98.  20.        0.2372554442       -0.1889466196
  98.  21.       -0.2668302930       -0.0326492927
  98.  22.       -0.0501002589        0.0885449335
  98.  23.        0.2144773643       -0.4581542573
  98.  24.        0.3176348853        0.3333953077
  98.  25.       -0.1620814205        0.2226565750
  98.  26.        0.0768000958        0.2103955006
  98.  27.       -0.5233150036       -0.3340018347
  98.  28.        0.1994408062       -0.0954721479
  98.  29.       -0.0740304204       -0.1726482230
  98.  30.        0.0140070878       -0.1556577002
  98.  31.        0.5870842392        0.2176067135
  98.  32.        0.0006213393       -0.6083085012
  98.  33.       -0.2038317106        0.0091832373
  98.  34.        0.1545798980       -0.1186324215
  98.  35.        0.1795472038       -1.1808899790
  98.  36.        0.1419339367        0.5337667694
  98.  37.       -0.0516523388       -0.2940829710
  98.  38.       -0.2889729066       -0.3511104694
  98.  39.        0.2798542999        0.1929665650
  98.  40.        0.3991872822       -0.0137493040
  98.  41.        0.3248951660        0.2578836343
  98.  42.        0.1638657921       -0.3193268073
  98.  43.       -0.3789133654        0.2744323500
  98.  44.       -0.0229398514       -0.2250567201
  98.  45.        0.5225202326       -0.2779440324
  98.  46.        0.0728715058        0.0856289540
  98.  47.       -0.0037810840       -0.4318101269
  98.  48.       -0.3990273539        0.5940147675
  98.  49.       -0.3184835481       -0.0567692730
  98.  50.        0.6121859429       -0.3651227979
  98.  51.       -0.5580784267       -0.2605935530
  98.  52.       -0.0310872683        0.0348533719
  98.  53.       -0.0883784288        0.6520121689
  98.  54.       -0.1427211079        0.3537297197
  98.  55.        0.0009472449        0.6581362323
  98.  56.       -0.1424757583        0.1271935084
  98.  57.       -0.2829057247        0.6814121732
  98.  58.       -0.3348288994        0.1183169063
  98.  59.        0.4732577153        0.1302484324
  98.  60.        0.0579549459        0.1627655780
  98.  61.       -0.1195849378       -0.0801726902
  98.  62.        0.2738279968       -0.0394811972
  98.  63.       -0.1652342989        0.1848383085
  98.  64.       -0.2050751398        0.1218197743
  98.  65.        0.1662329906       -0.2046308345
  98.  66.        0.1001834362        0.7363981406
  98.  67.       -0.1157964566       -0.3463981534
  98.  68.       -0.4003409968        0.3724467556
  98.  69.        0.2081319750       -0.3831357964
  98.  70.       -0.1560121245        0.0487829128
  98.  71.       -0.2082434503        0.4092655762
  98.  72.       -0.0848529077       -0.3637156072
  98.  73.        0.0534305050        0.5609982143
  98.  74.        0.2599155010       -0.4072818390
  98.  75.       -0.4700787609        0.8088002038
  98.  76.        0.8523293367       -0.2081997445
  98.  77.       -0.3679039923       -0.3203830157
  98.  78.       -0.2812693909        0.8506208928
  98.  79.       -0.0084828883        0.4446600817
  98.  80.       -0.7796090448       -0.2475651696
  98.  81.        0.4135179631        0.3873465040
  98.  82.       -0.1330564333       -0.5835751515
  98.  83.        0.1920107647        0.1525737797
  98.  84.        0.1101811216        0.8665529060
  98.  85.        0.3230634999       -1.0111743478
  98.  86.       -0.0373621054       -0.0732019702
  98.  87.       -0.1801937072       -0.8236686113
  98.  88.        0.6078947757       -0.4259941784
  98.  89.       -0.1503574330        0.1956715919
  98.  90.        0.7964388939       -0.3196918252
  98.  91.       -0.2249679976       -0.3819454088
  98.  92.       -0.2685067333       -0.1224712970
  98.  93.       -0.4572285177        0.5881585012
  98.  94.        0.3212695189       -0.2358409728
  98.  95.       -0.6295917534        0.0035704412
  98.  96.        0.1222308148        0.2223436630
  98.  97.       -0.0315727939       -0.2453909473
  98.  98.        0.5912337148        0.2236817635
  99.   0.       -0.0353883563        0.0000000000
  99.   1.        0.3383483467       -0.2622408113
  99.   2.       -0.0484121338        0.0864853890
  99.   3.       -0.0350663058       -0.1759990727
  99.   4.       -0.5081028533       -0.2602085425
  99.   5.        0.2151660295        0.0485511262
  99.   6.        0.6095340223       -0.0195852010
  99.   7.        0.5221239449       -0.1222829262
  99.   8.       -0.6192700281        0.0212477944
  99.   9.       -0.1218952166        0.1547602846
  99.  10.       -0.3839359327       -0.5343227174
  99.  11.        0.1298242995       -0.1845927887
  99.  12.       -0.3648184572        0.2810811591
  99.  13.       -0.0039723911       -0.3299249559
  99.  14.        0.2603034429       -0.0691862138
  99.  15.        0.3817520234        0.3728603154
  99.  16.       -0.1885711314        0.0107793194
  99.  17.       -0.2737603729        0.1847001682
  99.  18.       -0.0134975705       -0.0362460686
  99.  19.       -0.0536603904        0.4328061274
  99.  20.       -0.0651591493        0.0917436134
  99.  21.        0.3336655251       -0.4892848963
  99.  22.       -0.7686246890        0.3834208682
  99.  23.       -0.5926337681       -0.2981076792
  99.  24.       -0.2182071503       -0.3850978995
  99.  25.        0.1158596747        0.1560104950
  99.  26.        0.3704666556        0.4615095323
  99.  27.       -0.1061138848        0.0520771998
  99.  28.       -0.2038015014       -0.1860444926
  99.  29.        0.3168203838       -0.4172419592
  99.  30.        0.2852633092        0.5309209338
  99.  31.        0.3164364136        0.3738574952
  99.  32.        0.4429351437        0.1557011097
  99.  33.       -0.3594502254       -0.3045414793
  99.  34.       -0.2017720368        0.7377181051
  99.  35.       -0.2791339079       -0.0864545809
  99.  36.        0.2348375381       -0.5542240791
  99.  37.       -0.2993351459        0.1119248191
  99.  38.       -0.3355687054        0.4861231997
  99.  39.       -0.3813889680       -0.1233753381
  99.  40.        0.4868679316       -0.3902692817
  99.  41.        0.2151647373       -0.2226598164
  99.  42.        0.6448289700        0.0372150473
  99.  43.        0.3947733896       -0.1025479576
  99.  44.       -0.1802681991        0.2219718876
  99.  45.       -0.4092170538        0.0576305532
  99.  46.        0.4153066210       -0.5458827196
  99.  47.       -0.6236546241       -0.1623802487
  99.  48.        0.8312156854       -0.2338289689
  99.  49.       -0.3192401667       -0.0828848816
  99.  50.       -0.3792465544       -0.1458929035
  99.  51.        0.6462629483        0.0740447054
  99.  52.       -0.3437481348       -0.5891904806
  99.  53.        0.2050630759        0.0744470128
  99.  54.       -0.3181100368       -0.2472267256
  99.  55.        0.1346392766        0.5819416633
  99.  56.       -0.1169460767       -0.1866407098
  99.  57.       -0.0758649008        0.0245489711
  99.  58.        0.2274114232       -0.1522105204
  99.  59.        0.2395218838        0.1370371472
  99.  60.        0.2936916574        0.5517026554
  99.  61.       -0.1432856639        0.0305760738
  99.  62.       -0.1456783820       -0.1150856408
  99.  63.       -0.1530869833        0.1301145532
  99.  64.       -0.1325498782       -0.2632892765
  99.  65.       -0.3115316188       -0.1100445455
  99.  66.        0.3846489051        0.0098027688
  99.  67.        0.1928295435        0.1441515693
  99.  68.       -0.0734924311       -0.5737164449
  99.  69.       -0.0027129184        0.5814779354
  99.  70.        0.1755934356       -0.2250653878
  99.  71.       -0.2244041260        0.1013101391
  99.  72.       -0.1045863095       -0.0658055268
  99.  73.        0.3558663224       -0.2660637901
  99.  74.        0.3106719461        0.3108186841
  99.  75.        0.2730490528       -0.0060652874
  99.  76.       -0.0392788544       -0.1422789343
  99.  77.        0.1387775666        0.3239129133
  99.  78.       -0.1059743366       -0.4438354586
  99.  79.        1.3052859346        0.4014463959
  99.  80.       -0.2711463461       -0.0199397777
  99.  81.        0.1946983894       -0.2719574380
  99.  82.       -0.1508151345       -0.5300813772
  99.  83.        0.0041538602       -0.1476641988
  99.  84.       -0.2902741428       -0.3005106044
  99.  85.       -0.3510745700       -0.7440051069
  99.  86.        0.1446147560       -1.0587153711
  99.  87.       -0.4961003689        0.5634367181
  99.  88.       -0.7002723610        0.1492447205
  99.  89.        0.0994411301       -0.7479491036
  99.  90.        0.0491967806        0.3629160062
  99.  91.       -0.0849491182       -0.2040902409
  99.  92.       -0.3998249304        0.2610666047
  99.  93.       -0.0292049377       -0.3590889644
  99.  94.       -0.0584051625        0.2227765518
  99.  95.        0.0762610457       -0.3609752284
  99.  96.        0.2190925817       -0.1735233998
  99.  97.       -0.4149596485        0.3404570687
  99.  98.        0.2159954500       -0.1844731435
  99.  99.       -0.2213367967        0.1980566385
 100.   0.       -0.3261923631        0.0000000000
 100.   1.       -0.1847777821        0.0663532936
 100.   2.        0.3049912390       -0.1977147409
 100.   3.        0.1211101114        0.2012668208
 100.   4.        0.3422252017       -0.2383390589
 100.   5.       -0.7608740091       -0.3798702043
 100.   6.        0.2072752605        0.0572627353
 100.   7.        0.7161343829        0.1836304244
 100.   8.       -0.4165869222        0.1339694710
 100.   9.       -0.2181492611       -0.0058106397
 100.  10.        0.5443560203       -0.1783909578
 100.  11.       -0.3591991451       -0.0908035567
 100.  12.        0.1190321883        0.0796402427
 100.  13.       -0.2805147688        0.4263484701
 100.  14.       -0.4738727385        0.0161436169
 100.  15.        0.3955543303        0.0117912700
 100.  16.       -0.3973987848       -0.2636422104
 100.  17.       -0.1851818322       -0.1916802126
 100.  18.        0.2006555857        0.1725790562
 100.  19.        0.0939331983       -0.4597466248
 100.  20.       -0.2781419610       -0.2820673536
 100.  21.        0.1965466028        0.1600867730
 100.  22.       -0.0693179500        0.0824808797
 100.  23.        0.5683284372        0.6590553268
 100.  24.       -0.4716973643        0.1726444882
 100.  25.        0.2789284338       -0.5479421213
 100.  26.       -0.3826277267        0.1038534503
 100.  27.        0.4383198372        0.0375197699
 100.  28.        0.0267735537        0.4176695881
 100.  29.       -0.1456978112        0.1898861553
 100.  30.        0.0841396709        0.1566304924
 100.  31.       -0.6805834954       -0.3923016571
 100.  32.        0.2012683568       -0.0909515151
 100.  33.        0.2461573499       -0.3887435441
 100.  34.       -0.1200534950        0.3586988232
 100.  35.       -0.0212515731        0.8198525252
 100.  36.       -0.2510013147        0.0653677002
 100.  37.       -0.2006341776       -0.0567442952
 100.  38.        0.2271577602        0.5180997612
 100.  39.        0.4146400368       -0.0268314186
 100.  40.       -0.1914281800        0.3371662512
 100.  41.       -0.4050770159       -0.1519804619
 100.  42.        0.3309901698       -0.0878965348
 100.  43.       -0.1948577871       -0.4240630417
 100.  44.       -0.0307459846       -0.3934157036
 100.  45.       -0.3159897369       -0.0123937389
 100.  46.       -0.5169811635        0.1719250891
 100.  47.       -0.0652775226       -0.4269694836
 100.  48.       -0.0023035742        0.4083568506
 100.  49.        0.5300177610        0.2295764254
 100.  50.       -0.1300853310       -0.1484523297
 100.  51.       -0.0868883444        0.2860988703
 100.  52.        0.1611196164        0.0316233842
 100.  53.        0.0433899369       -0.2690515930
 100.  54.        0.5041151283        0.2092729868
 100.  55.       -0.1341186369       -0.4506518192
 100.  56.        0.1172635918        0.2987203992
 100.  57.        0.4476766348       -0.0943234789
 100.  58.        0.1787243547       -0.2617476440
 100.  59.        0.3233749854        0.0380878473
 100.  60.        0.1423364634       -0.4440510329
 100.  61.       -0.2041024323        0.4476139603
 100.  62.       -0.4826836544       -0.2187405523
 100.  63.        0.0550681386        0.2092844610
 100.  64.        0.3231561393        0.0019578695
 100.  65.        0.1777839738       -0.1790516637
 100.  66.        0.1310973775        0.2130607438
 100.  67.        0.1282100771        0.1059654965
 100.  68.        0.5041857339        0.3522311386
 100.  69.        0.7901617203        0.1334956049
 100.  70.        0.3726331568        0.0919453122
 100.  71.        0.1853832557        0.6022901210
 100.  72.       -0.2910747520        0.3245516050
 100.  73.        0.3826551246       -0.6975040216
 100.  74.        0.5541649408       -0.1111829458
 100.  75.        0.0621525057       -0.2052869038
 100.  76.       -0.0782272986        0.3356855838
 100.  77.       -0.7843161813        0.3151284980
 100.  78.        0.5473653117       -0.1160076645
 100.  79.       -0.4944645342        0.0685227136
 100.  80.        0.3929455875        0.3000693273
 100.  81.        0.2797326640        0.0363109006
 100.  82.        0.2181182955       -0.6570743981
 100.  83.       -0.5640592744       -0.3159013765
 100.  84.        0.0482541482        0.1292258828
 100.  85.        0.3285535296       -0.3773832057
 100.  86.       -0.5793241795        0.3463966176
 100.  87.        0.3422885627       -0.3576300102
 100.  88.        0.1808782446       -0.0322142850
 100.  89.       -0.3300923414        0.4016748461
 100.  90.       -0.8224556734        0.0807874619
 100.  91.        0.0614498800       -0.3177738280
 100.  92.       -0.2829087689       -0.5079237607
 100.  93.       -0.5410719773        1.2235452613
 100.  94.        0.0584269980       -0.4214366604
 100.  95.        0.4173144487       -0.1254878010
 100.  96.        0.3004604392       -0.2268029067
 100.  97.        0.0310499962       -0.3885482110
 100.  98.       -0.7950444899       -0.2686925894
 100.  99.        0.5825996446        0.7955058561
 100. 100.        0.3534697388        0.2978641679
 101.   0.        0.5526896237        0.0000000000
 101.   1.       -0.3446880986        0.1376402537
 101.   2.       -0.0517419108        0.4125048058
 101.   3.        0.0223145071       -0.2977111705
 101.   4.        0.2334621500        0.3710018582
 101.   5.        0.4017048575       -0.2025985435
 101.   6.       -0.4560134680       -0.1915192133
 101.   7.       -0.5028990816        0.0216260353
 101.   8.        0.2080093091       -0.0369278730
 101.   9.       -0.2438878295       -0.2310662115
 101.  10.        0.0782009562        0.2840877684
 101.  11.        0.0817964962        0.6477704614
 101.  12.       -0.1362789356       -0.4026187179
 101.  13.       -0.2841304038        0.1229550126
 101.  14.       -0.6349209812       -0.0413256028
 101.  15.       -0.1910691004       -0.4198559203
 101.  16.        0.0611032072        0.0262792216
 101.  17.        0.1123204540        0.2300956948
 101.  18.       -0.5638935251       -0.1895982711
 101.  19.        0.3478282527       -0.1673368058
 101.  20.       -0.4482349688       -0.2983547238
 101.  21.       -0.5462322455        0.3580244295
 101.  22.       -0.0090799432       -0.0742186022
 101.  23.        0.6837435743        0.2795414735
 101.  24.        0.1844014877        0.2024006960
 101.  25.       -0.0043402831       -0.1892640788
 101.  26.       -0.1876318767       -0.7554133495
 101.  27.       -0.2469172581        0.2379451054
 101.  28.        0.5566828340        0.0296620647
 101.  29.       -0.2067117507        0.2550332435
 101.  30.       -0.2224133048       -0.2957787767
 101.  31.        0.0253320519        0.0754990098
 101.  32.       -0.7016988510       -0.5576877083
 101.  33.       -0.0145266302       -0.0246154772
 101.  34.       -0.0930110428       -0.2388413877
 101.  35.        0.2311967544       -0.0932994476
 101.  36.        0.0407644256        0.4287856933
 101.  37.        0.2415835988       -0.1865995474
 101.  38.       -0.0603030081       -0.1123975920
 101.  39.        0.4688269691       -0.0639024716
 101.  40.        0.0093926896       -0.5629766546
 101.  41.        0.0585881555        0.3704870594
 101.  42.       -0.2422657978        0.2911366351
 101.  43.       -0.3372265638        0.3558059966
 101.  44.       -0.2169412892       -0.0018842620
 101.  45.        0.6289304693       -0.1953178841
 101.  46.       -0.2539566239        0.7300026132
 101.  47.        0.7243657500        0.0545349953
 101.  48.       -0.8566970749        0.4427750180
 101.  49.       -0.4532926516        0.0475419069
 101.  50.        0.3117086405        0.2467046144
 101.  51.       -0.4507497044       -0.3935972894
 101.  52.        0.2192895160       -0.1362175890
 101.  53.        0.0748667518       -0.1163145263
 101.  54.       -0.3967280850        0.1762390576
 101.  55.        0.1221398919        0.0707911961
 101.  56.        0.0381309738       -0.2935612521
 101.  57.        0.1618730041        0.0412293405
 101.  58.       -0.0884048572        0.3026789890
 101.  59.       -0.3781204827       -0.1884030102
 101.  60.       -0.6269495086       -0.1429530512
 101.  61.        0.3692155276       -0.6374702466
 101.  62.       -0.0714491587        0.2369945177
 101.  63.        0.0329131208        0.1066297161
 101.  64.        0.5491765376        0.1596350642
 101.  65.        0.2914545042        0.3157939306
 101.  66.       -0.0564343265       -0.0925021332
 101.  67.        0.0829046199       -0.1652790579
 101.  68.       -0.2239297197        0.1171858371
 101.  69.       -0.2873885139       -0.4701997037
 101.  70.        0.5348686216       -0.2615142496
 101.  71.       -0.1115088435       -0.0922567747
 101.  72.       -0.2720382247       -0.3604697996
 101.  73.       -1.0635455293        0.5038580141
 101.  74.        0.2911458432        0.2297197664
 101.  75.        0.0908117366        0.3022222244
 101.  76.        0.0677220480       -0.3002344871
 101.  77.       -0.0302624742       -0.1574777060
 101.  78.       -0.1939711511        0.4558075430
 101.  79.        0.3809819863       -0.8870131442
 101.  80.       -0.0773529290        0.2830347114
 101.  81.        0.3507303252        0.1582986624
 101.  82.       -0.3688399716        0.0284810036
 101.  83.        0.2399287259        0.4272464697
 101.  84.       -0.7176305273       -0.5280273065
 101.  85.       -0.2039015556        0.8036475748
 101.  86.        0.7281787691       -0.6015673372
 101.  87.       -0.6546523718        0.2803624081
 101.  88.        0.5182062015       -0.8149748903
 101.  89.        0.0427817010        0.0439535878
 101.  90.       -0.5318705803        0.1752654262
 101.  91.       -0.4551591984        0.8438011179
 101.  92.       -0.0291410891       -0.4554105973
 101.  93.       -0.0318545695       -0.5634483083
 101.  94.        0.4168513517        0.3897120346
 101.  95.        0.4459536986       -0.1873582724
 101.  96.       -0.0495548960       -0.2349520482
 101.  97.        0.1660127484       -0.0956518178
 101.  98.       -0.3439560405       -0.3107371891
 101.  99.       -0.1510182188        0.3540953519
 101. 100.        0.3209099331       -0.0721007062
 101. 101.       -0.0749512947       -0.0661034827
 102.   0.        0.2952709826        0.0000000000
 102.   1.        0.1012171298       -0.1330536918
 102.   2.       -0.0456129178        0.3809226566
 102.   3.        0.2513962976       -0.2650377893
 102.   4.       -0.1846692221       -0.1063709096
 102.   5.       -0.0301816801        0.0437398402
 102.   6.       -0.1441027638       -0.3283006665
 102.   7.       -0.5763265901       -0.1826951106
 102.   8.        0.4488745465        0.3941327249
 102.   9.        0.4081456864        0.1777720905
 102.  10.       -0.2168186701        0.0721013378
 102.  11.        0.0029002013        0.0601836618
 102.  12.        0.2992077168        0.3241186729
 102.  13.       -0.1915732559       -0.2773365537
 102.  14.        0.2717513726       -0.2527269108
 102.  15.       -0.5514032127       -0.0709142066
 102.  16.       -0.4735006008       -0.0217798115
 102.  17.        0.1079849787        0.3807851098
 102.  18.       -0.3803418118       -0.0227047240
 102.  19.        0.3436583350        0.1612025589
 102.  20.        0.4819452898        0.2648658958
 102.  21.       -0.4909237920       -0.1886777624
 102.  22.        0.0324558035       -0.1675488207
 102.  23.       -0.1430796086       -0.3761508964
 102.  24.        0.6949647196       -0.1875007711
 102.  25.       -0.1604864043        0.6748532156
 102.  26.        0.1046170203        0.0575856754
 102.  27.        0.1047442087        0.0684648829
 102.  28.       -0.1973789599       -0.2027101938
 102.  29.        0.0523434156       -0.2216519131
 102.  30.       -0.1893329022       -0.0547443678
 102.  31.        0.3917498321        0.3751955333
 102.  32.       -0.0759980123        0.0984974245
 102.  33.       -0.4576236119        0.4733832872
 102.  34.       -0.4223545983       -0.5748689034
 102.  35.        0.0722242273        0.1463723266
 102.  36.        0.3744064001       -0.2931451596
 102.  37.        0.3402617213        0.7265260746
 102.  38.       -0.2198443820        0.1074323818
 102.  39.       -0.2622122081        0.4739702139
 102.  40.       -0.1897505067       -0.1027602362
 102.  41.        0.1066561556       -0.4584102352
 102.  42.        0.2672854474        0.1969438426
 102.  43.        0.3006464637        0.2015432205
 102.  44.       -0.0412320697        0.5861546370
 102.  45.        0.1770123280       -0.3542448995
 102.  46.        0.7146080591       -0.5694651730
 102.  47.       -0.1128148541        0.6020779871
 102.  48.        0.3378517509       -0.2967515286
 102.  49.       -0.3776452140       -0.0057284119
 102.  50.        0.0384377153        0.2070180278
 102.  51.        0.6869847566        0.4107333070
 102.  52.       -0.0814162810       -0.2681309344
 102.  53.       -0.1409613617       -0.2782160179
 102.  54.        0.0907781100       -0.2341723395
 102.  55.        0.0088791819        0.2377849085
 102.  56.       -0.2211699457        0.1252331817
 102.  57.       -0.0328901694       -0.2522821708
 102.  58.        0.1882918083       -0.0823167117
 102.  59.        0.0937235945       -0.0084225368
 102.  60.       -0.3687739024        0.2652636383
 102.  61.       -0.1686043320       -0.3487179772
 102.  62.        0.4706220978       -0.2516915035
 102.  63.        0.0572451445       -0.1159042300
 102.  64.        0.1063337411       -0.3023993501
 102.  65.       -0.6086095681        0.2607642553
 102.  66.       -0.2824407337       -0.6449455320
 102.  67.       -0.0158860912        0.3452803990
 102.  68.       -0.1824400035       -0.6689326436
 102.  69.       -0.1658619826       -0.2493045163
 102.  70.        0.1992211857        0.5171997012
 102.  71.       -0.1197579447       -0.0396706155
 102.  72.        0.3534176899       -0.1390205588
 102.  73.       -0.8429687021       -0.4549778650
 102.  74.       -0.4071871411        0.3001129877
 102.  75.       -0.2341134073        0.0540950859
 102.  76.        0.3655404391       -0.2468708401
 102.  77.       -0.0881794681       -0.4187746339
 102.  78.       -0.5316215182       -0.7628317127
 102.  79.        0.2936025115       -0.0844043310
 102.  80.       -0.6449731830       -0.1283270457
 102.  81.        0.1985675443        0.1103682956
 102.  82.        0.3745796815        0.4342038379
 102.  83.       -0.1637691690        0.6095664658
 102.  84.        0.2337821659       -0.1932762513
 102.  85.       -0.0401238633       -0.8384241304
 102.  86.        0.4220553585        0.5719322368
 102.  87.       -0.1634657256        0.0110649065
 102.  88.       -0.3885210076       -0.2651244008
 102.  89.        0.4004405451        0.0699149758
 102.  90.       -0.1098225100        0.3582938345
 102.  91.        0.0207325258        0.1084253799
 102.  92.       -0.0097230160        0.5068279769
 102.  93.       -0.0348207451        0.0327158133
 102.  94.       -0.1070050004        0.1517449260
 102.  95.       -0.0944596747       -0.7496012680
 102.  96.        0.3428475073        0.0046127251
 102.  97.        0.2959077709        0.0436289816
 102.  98.        0.0963011703        0.3804494201
 102.  99.        0.1532280306       -0.4466937723
 102. 100.       -0.0579407087        0.7489482964
 102. 101.       -0.2167796911        0.4676624745
 102. 102.        0.5637658287        0.0251109880
 103.   0.       -0.3134560099        0.0000000000
 103.   1.        0.1143387163        0.1532401750
 103.   2.       -0.0041416067       -0.2674021961
 103.   3.       -0.3073113526        0.6360154563
 103.   4.        0.3719890359       -0.3245640790
 103.   5.       -0.3463977473        0.6065085424
 103.   6.        0.0314413688        0.3631166200
 103.   7.        0.2942230868       -0.2206791841
 103.   8.       -0.0304436939        0.1048872646
 103.   9.        0.5361648504        0.0739349717
 103.  10.        0.2010652373        0.1930964229
 103.  11.       -0.0475245491       -0.5397352202
 103.  12.        0.2362042351        0.2663819840
 103.  13.        0.3464780048       -0.0309595028
 103.  14.        0.1128158174        0.4016855904
 103.  15.        0.2636914481        0.5067634790
 103.  16.        0.0320712376       -0.1583882551
 103.  17.       -0.4171849333       -0.0843471387
 103.  18.        0.1812365105        0.2404192600
 103.  19.       -0.5913554847       -0.4507645668
 103.  20.        0.5158612919        0.2124500903
 103.  21.        0.5222915406        0.0890748253
 103.  22.        0.1994164425        0.0171775204
 103.  23.        0.0569866336       -0.0876265779
 103.  24.        0.2704022131       -0.3900196523
 103.  25.        0.0459185951       -0.4960052360
 103.  26.       -0.0521951632        0.3005806013
 103.  27.        0.0473332189       -0.1417951121
 103.  28.       -0.1967655358       -0.2495471792
 103.  29.       -0.3003652666        0.0993910319
 103.  30.        0.8336551453       -0.1709771372
 103.  31.       -0.1557897160        0.0488452594
 103.  32.        0.7648771518        0.1562414924
 103.  33.        0.4286818524        0.2089848396
 103.  34.       -0.3245560587        0.3955630081
 103.  35.       -0.2102096952        0.1693650633
 103.  36.       -0.2691923681       -0.4373333270
 103.  37.        0.0410541684       -0.0974099248
 103.  38.        0.4508115635        0.0788266445
 103.  39.        0.1884523157       -0.3809792408
 103.  40.        0.3271614938        0.6147562535
 103.  41.       -0.0254607366        0.3972984480
 103.  42.       -0.3595819065       -0.0116191917
 103.  43.        0.0189555439       -0.6796516199
 103.  44.        0.0660617213       -0.4899942084
 103.  45.       -0.3339479663        0.4027958217
 103.  46.       -0.2720884419       -0.8891828230
 103.  47.        0.1513755596       -0.0217713526
 103.  48.        0.0677984487        0.3529287394
 103.  49.        0.3053673441       -0.2838805097
 103.  50.       -0.1050919750        0.1530454380
 103.  51.       -0.2162178333        0.1727583889
 103.  52.       -0.0178059206        0.0842677089
 103.  53.       -0.2355184058       -0.1456835271
 103.  54.        0.2654921657       -0.3631160747
 103.  55.       -0.0534751735       -0.1472550231
 103.  56.       -0.1166758579        0.5808333396
 103.  57.       -0.4815571455        0.0505424756
 103.  58.       -0.0925626769       -0.2848790470
 103.  59.        0.4021009238        0.1621768389
 103.  60.        0.4861833544       -0.0629354937
 103.  61.        0.0626361691        0.1835105326
 103.  62.       -0.3575650355       -0.0606296857
 103.  63.        0.6173860885       -0.1113807713
 103.  64.       -0.1632221859       -0.4628746820
 103.  65.       -0.4818680326        0.0393731349
 103.  66.       -0.8597902316        0.2033795322
 103.  67.       -0.5304005371       -0.1449738232
 103.  68.       -0.3073665194       -0.1644095848
 103.  69.        0.4033849998       -0.2009120756
 103.  70.       -0.1333913101        0.0089161026
 103.  71.        0.9050142353        0.0802089013
 103.  72.       -0.2858884882        0.6237142125
 103.  73.        0.7781276859       -0.3535602198
 103.  74.       -0.4350010491       -0.6251623646
 103.  75.       -0.0919317836        0.2156939457
 103.  76.       -0.0060201609       -0.0281900650
 103.  77.        0.2894513779        0.3449808780
 103.  78.        0.0600147880       -0.6892074223
 103.  79.       -0.4344027695        0.2522339636
 103.  80.        0.7456784353        0.3208015126
 103.  81.       -0.1075091414       -0.0147453627
 103.  82.       -0.1297170044       -0.1575775387
 103.  83.       -0.1298863027        0.6185057064
 103.  84.       -0.3645624165        0.6360355790
 103.  85.        0.1390705358        0.3801091381
 103.  86.       -0.4245378156        0.1160846099
 103.  87.       -0.2227125297        0.4847640666
 103.  88.       -0.0927788756       -0.6241475677
 103.  89.       -0.2588756196        0.3079871636
 103.  90.        0.1212781694        0.2160542824
 103.  91.        0.2049334809       -0.0263200673
 103.  92.       -0.1471245022        0.3266031780
 103.  93.       -1.0323978291       -0.3057916683
 103.  94.        0.2589693962       -0.1008371358
 103.  95.        0.0385682458       -0.1567187691
 103.  96.       -0.0403753236       -0.2248279845
 103.  97.        0.0557646807       -0.1660436434
 103.  98.        0.5945238699        0.2868345481
 103.  99.       -0.1057986994        0.5357763068
 103. 100.        0.3117228040        0.2598150061
 103. 101.       -0.3004890530        0.0569830348
 103. 102.        0.6822710855       -0.9157632059
 103. 103.        1.1041965348       -0.2801041281
 104.   0.        0.2007147351        0.0000000000
 104.   1.       -0.2877889060       -0.0029891166
 104.   2.       -0.1154528767       -0.5121513126
 104.   3.       -0.1383666621        0.2815781670
 104.   4.       -0.2171782208        0.4579698828
 104.   5.        0.5979570669        0.2307999889
 104.   6.       -0.2230295359        0.5006541353
 104.   7.        0.1025723557       -0.0855670726
 104.   8.       -0.0341287883       -0.3484207255
 104.   9.       -0.0340778078       -0.0069292235
 104.  10.       -0.1529711889        0.0614437199
 104.  11.        0.3451662638        0.2035120833
 104.  12.       -0.7073334269       -0.3047577733
 104.  13.        0.2056392132        0.2473058860
 104.  14.       -0.0070916402       -0.2239002067
 104.  15.        0.0166853669       -0.1133281906
 104.  16.        0.6041179621        0.4110671671
 104.  17.        0.1585415599       -0.3523708607
 104.  18.        0.0944579230        0.1665516782
 104.  19.       -0.0592859174        0.0463908119
 104.  20.       -0.2422783513       -0.2589175640
 104.  21.        0.3263007935       -0.2356035876
 104.  22.        0.1796306520        0.3281844240
 104.  23.       -0.4184757843       -0.5423349668
 104.  24.       -0.4787455845        0.1769171421
 104.  25.        0.1542446226        0.0967635727
 104.  26.        0.2490387697        0.3142557809
 104.  27.       -0.1484064253       -0.0419869805
 104.  28.        0.2663716249       -0.2417913681
 104.  29.       -0.4728658618        0.1383643535
 104.  30.        0.0694317937        0.4080694844
 104.  31.        0.1299686623        0.1214980377
 104.  32.        0.1509253861       -0.1756521037
 104.  33.       -0.1108206214       -0.5544908387
 104.  34.        0.0836949975        0.3276416073
 104.  35.        0.1849469549       -0.2538960694
 104.  36.        0.3458186995        0.7385518075
 104.  37.       -0.1126762510       -0.5661383076
 104.  38.       -0.4397291788       -0.2367759646
 104.  39.       -0.2067330803       -0.1629431866
 104.  40.        0.1564858679       -0.5774978543
 104.  41.        0.2582427618        0.2145735427
 104.  42.       -0.0251804147       -0.0770971827
 104.  43.       -0.4567591775        0.2352943217
 104.  44.        0.1958948251       -0.1439447628
 104.  45.       -0.2001174139       -0.5145424852
 104.  46.       -0.0938218683        0.6771845827
 104.  47.        0.1586353701       -0.6027581814
 104.  48.        0.2427208991        0.1042153855
 104.  49.       -0.3027527736       -0.0442510198
 104.  50.        0.4908170784        0.1255246087
 104.  51.       -0.1485705674       -0.2826073608
 104.  52.       -0.2310838022        0.0798180063
 104.  53.        0.1075166387        0.6157421293
 104.  54.       -0.4512711485       -0.3676288835
 104.  55.        0.4716190193       -0.0966046073
 104.  56.        0.1135903082       -0.4393571847
 104.  57.        0.1598675243        0.2337694735
 104.  58.       -0.2528039373        0.0810811107
 104.  59.       -0.7328148681       -0.4178095150
 104.  60.       -0.1231136536       -0.0752942459
 104.  61.        0.1181515705       -0.0738328147
 104.  62.       -0.4384433654        0.2722102612
 104.  63.       -0.5645131153        0.0293538462
 104.  64.       -0.4310781820        0.6958027200
 104.  65.        0.2399243114       -0.0938374379
 104.  66.        0.2386731743        0.0859183776
 104.  67.       -0.1423343681        0.1221894636
 104.  68.        0.1369501616        0.4253624712
 104.  69.       -0.4977692220        0.0224662165
 104.  70.        0.2860299286       -0.2619103087
 104.  71.        0.8331587239        0.0199502377
 104.  72.       -0.3906958269        0.1279901182
 104.  73.        0.3120178037        0.7184624812
 104.  74.        0.3800300854       -0.0861695114
 104.  75.        0.0144939694       -0.3202625052
 104.  76.       -0.0869529440        0.1276877469
 104.  77.       -0.2276123714        0.4599359548
 104.  78.       -0.1558759723        0.5921859578
 104.  79.        0.0113473899       -0.4506082917
 104.  80.        0.6093626928        0.1266220575
 104.  81.        0.3708426552       -0.0275384763
 104.  82.       -0.8031991360       -0.1203646269
 104.  83.        0.5176863068       -0.5773216178
 104.  84.       -0.2812307539        0.1396054171
 104.  85.       -0.2139363158       -0.1129749034
 104.  86.       -0.4189632424        0.3882257740
 104.  87.       -0.0640599489        0.3712452285
 104.  88.       -0.0717892006        0.0157388943
 104.  89.        0.0841756957       -0.1005077761
 104.  90.        0.0496983872        0.2910961482
 104.  91.       -0.1061289224       -0.7063632625
 104.  92.        0.4802218395        0.0172990440
 104.  93.        0.1803544385       -0.9975169519
 104.  94.       -0.7707421440        0.0154144746
 104.  95.        0.5599113717       -0.1257985186
 104.  96.        0.5832740810       -0.2856634928
 104.  97.       -0.1294609487       -0.5303630983
 104.  98.       -0.0602345260        0.2332015534
 104.  99.        0.4434892743       -0.2408335388
 104. 100.       -0.3373113075        0.3225208707
 104. 101.       -0.2028157857       -0.4810267433
 104. 102.       -0.8969924154        0.2073159456
 104. 103.        0.5800445362       -0.2032439649
 104. 104.       -0.0343921451       -0.2192986956
 105.   0.        0.1319359295        0.0000000000
 105.   1.        0.1357038933        0.0741135889
 105.   2.        0.1338822025        0.1595039706
 105.   3.        0.0392615523       -0.0672759712
 105.   4.       -0.4410900909       -0.0507898329
 105.   5.       -0.0942410847       -0.4940485434
 105.   6.        0.2828380437       -0.4523165077
 105.   7.       -0.0094262583        0.5525956501
 105.   8.       -0.0710416093       -0.0633477856
 105.   9.       -0.4454421077       -0.4377118718
 105.  10.       -0.6717597810       -0.6199319210
 105.  11.        0.0594194844       -0.1654175045
 105.  12.        0.3499278640       -0.1425800515
 105.  13.        0.0691315461       -0.0417274270
 105.  14.        0.4076886500       -0.0521083415
 105.  15.       -0.2695465683       -0.3329919082
 105.  16.       -0.0314354795        0.0486928531
 105.  17.        0.3303694053       -0.0822442489
 105.  18.        0.0830223557       -0.4143532471
 105.  19.        0.3648467917        0.2798815804
 105.  20.       -0.2331608408       -0.1262034187
 105.  21.       -0.0374991070       -0.1050598233
 105.  22.       -0.4264457091        0.1084140045
 105.  23.       -0.1909699632       -0.3938619604
 105.  24.       -0.0612364459       -0.0248838445
 105.  25.       -0.3123136998        0.3692602219
 105.  26.        0.0888697241        0.1553673050
 105.  27.       -0.1281249892       -0.0431184997
 105.  28.       -0.0514180568        0.3575488708
 105.  29.        0.3920303957       -0.5927678823
 105.  30.       -0.6035668378        0.2545191516
 105.  31.       -0.3441460127       -0.2190244273
 105.  32.       -0.0879087309        0.4467375869
 105.  33.       -0.5366455560       -0.1014684053
 105.  34.       -0.0924408782       -0.4292147666
 105.  35.       -0.0299586032       -0.1973675850
 105.  36.       -0.1163824049        0.4987679901
 105.  37.       -0.0677096428        0.2805603385
 105.  38.       -0.2619913348       -0.1598449399
 105.  39.        0.2247061540        0.1180009067
 105.  40.        0.0824284923       -0.2397411274
 105.  41.       -0.1827821461       -0.2450494404
 105.  42.        0.7059097434        0.3151216499
 105.  43.        0.3540327899       -0.0454285611
 105.  44.       -0.2974411585        0.5289424383
 105.  45.       -0.1566452571       -0.6306628067
 105.  46.        0.0692480208       -0.0031694302
 105.  47.       -0.3518645925        0.2747559574
 105.  48.        0.1956872465       -0.3088480455
 105.  49.       -0.5695280844        0.4932692681
 105.  50.       -0.4776396888        0.1690408385
 105.  51.        0.2743197997        0.0937415474
 105.  52.       -0.0386123952       -0.0940857565
 105.  53.        0.4555422346        0.3728145009
 105.  54.       -0.1346836474        0.3084538744
 105.  55.        0.1135592397        0.4048034603
 105.  56.        0.3130135445        0.1166662383
 105.  57.        0.4826572524        0.2964367927
 105.  58.        0.2320672538        0.5534902702
 105.  59.       -0.0535307487       -0.0885736122
 105.  60.        0.0009583908       -0.1296982536
 105.  61.        0.0927142304       -0.1013614088
 105.  62.        0.2069220270       -0.2086885536
 105.  63.       -0.4080706811        0.3713598590
 105.  64.       -0.0318347325       -0.2467372634
 105.  65.        0.4554702036        0.1985565778
 105.  66.        0.2191282603       -0.0955318063
 105.  67.        0.3071824572       -0.0814531540
 105.  68.       -0.4603985769        0.1060401516
 105.  69.        0.2932831182        0.1941688416
 105.  70.       -0.0170715630       -0.2532331450
 105.  71.       -0.1617776377        0.1298178095
 105.  72.        0.4150427184        0.2846046308
 105.  73.       -0.1675681214       -0.0751347075
 105.  74.        0.2476423124       -0.0396701596
 105.  75.       -0.3711116252       -0.4395390086
 105.  76.       -0.0286005487       -0.0420725275
 105.  77.        0.2320638621       -0.2394236164
 105.  78.       -0.1644275398       -0.0744414726
 105.  79.        0.2540182839       -0.0029971299
 105.  80.        0.3713736764       -0.0881495163
 105.  81.       -0.0577738953        0.1833652933
 105.  82.        0.6761763294        0.6119671401
 105.  83.       -0.2257646331        0.3337910806
 105.  84.        0.4744604392       -0.7919863489
 105.  85.       -0.0487841077       -0.1900146653
 105.  86.        0.1860363527        0.3171675329
 105.  87.        0.0711353767       -0.1545007599
 105.  88.        0.2008290775       -0.1306197755
 105.  89.       -0.1127850147       -0.7252934221
 105.  90.        0.3664332664       -0.1101385106
 105.  91.        0.3648662318        0.0172856637
 105.  92.       -0.3475795232       -0.5163731951
 105.  93.       -0.1549619437        0.5288249316
 105.  94.       -0.8949066658       -0.6111638409
 105.  95.       -0.0491257243        0.3173074573
 105.  96.       -0.4922544135       -0.5761000175
 105.  97.       -0.3780406293       -0.1269466235
 105.  98.        0.0985764493        0.2578959629
 105.  99.       -0.4752393894        0.2293100389
 105. 100.        0.3587605709        0.0037021613
 105. 101.       -0.1413777493        0.3385546939
 105. 102.       -0.4157009262       -0.3540670804
 105. 103.        0.0954535310        0.1072506010
 105. 104.        0.3187648259        0.4919339765
 105. 105.        0.2337510028       -0.3440857616
 106.   0.       -0.3579387718        0.0000000000
 106.   1.        0.2546737340       -0.0115267142
 106.   2.        0.0861098802        0.0318559193
 106.   3.       -0.0442866657       -0.2887194682
 106.   4.        0.4716799843       -0.3569158647
 106.   5.       -0.3060297388       -0.3713154441
 106.   6.        0.0717063688       -0.2846435237
 106.   7.        0.1523511064       -0.0778881025
 106.   8.       -0.2872086326       -0.1720844880
 106.   9.        0.0909530615        0.2195188639
 106.  10.       -0.0144767640        0.2720728551
 106.  11.       -0.6847355620       -0.2818253119
 106.  12.        0.3239989767       -0.2372290924
 106.  13.        0.0546455670       -0.0458648579
 106.  14.       -0.1107570233        0.0484499358
 106.  15.        0.5440583594        0.1925961181
 106.  16.       -0.1206460032       -0.3802389826
 106.  17.       -0.1792982218        0.2485516403
 106.  18.        0.1557020884       -0.0131207510
 106.  19.       -0.1759092357       -0.1170391050
 106.  20.        0.0771768177        0.0785766760
 106.  21.        0.2029711389        0.5904112366
 106.  22.       -0.1753742924       -0.1740678013
 106.  23.        0.4680381535        1.1212411218
 106.  24.        0.4642755962        0.0945031140
 106.  25.        0.2601878125       -0.3376825142
 106.  26.       -0.0494543062       -0.1584436083
 106.  27.        0.5508582683        0.4534783845
 106.  28.        0.0397898923        0.4939130933
 106.  29.        0.2107862568       -0.2667161149
 106.  30.        0.4450342251       -0.0998833494
 106.  31.        0.1218326131       -0.0833410370
 106.  32.        0.2480015527        0.1159520489
 106.  33.        0.0281891487        0.2472118036
 106.  34.       -0.5200584193        0.1105003696
 106.  35.       -0.0900958291        0.2624003762
 106.  36.       -0.8295616053       -0.5450872619
 106.  37.        0.2827046497        0.2402446613
 106.  38.        0.2768684280        0.2470897001
 106.  39.       -0.3087197658       -0.3855229233
 106.  40.       -0.4310121207        0.1323290417
 106.  41.       -0.3377260999       -0.3675044096
 106.  42.        0.0451962254        0.0263957174
 106.  43.       -0.1036224464       -0.1012421508
 106.  44.        0.2515851820       -0.2611058278
 106.  45.       -0.0436351849        0.5510462059
 106.  46.       -0.2457358805       -0.2175418729
 106.  47.        0.0137951652        0.1014733456
 106.  48.       -0.0771830025        0.1199171371
 106.  49.        0.0938769345       -0.3836767397
 106.  50.        0.0885934170       -0.2540788351
 106.  51.       -0.4409966115       -0.1033037341
 106.  52.       -0.3414023415        0.3696400284
 106.  53.       -0.3505324349        0.0060688835
 106.  54.        0.2702000533        0.1549788857
 106.  55.       -0.2602527941       -0.2592617181
 106.  56.        0.1193513582       -0.3452387136
 106.  57.        0.0833969733        0.0050945745
 106.  58.       -0.2179940798        0.0908796645
 106.  59.        0.5152820571        0.1848897064
 106.  60.        0.3357292515       -0.0358325002
 106.  61.        0.5595324980        0.3069357395
 106.  62.       -0.0722015615        0.0360137752
 106.  63.        0.4901647292        0.0881476334
 106.  64.        0.1924504992        0.4498550739
 106.  65.        0.7592845985       -0.2862609462
 106.  66.       -0.6303708596        0.1569753142
 106.  67.       -0.1040588508       -0.1336163465
 106.  68.        0.0725409373       -0.3459094153
 106.  69.        0.2433804314        0.2377806883
 106.  70.        0.2600258591       -0.1273311810
 106.  71.       -0.3511789286       -0.0268137175
 106.  72.        0.0208669124        0.4175666679
 106.  73.        0.0548252075       -0.4522514490
 106.  74.        0.2675407199        0.0014151851
 106.  75.        0.2969667647        0.4386593662
 106.  76.       -0.6022871572       -0.0784065639
 106.  77.        0.1942678914       -0.1359486576
 106.  78.        0.3343808801       -0.2718567338
 106.  79.       -0.0990458812        0.0510775539
 106.  80.        0.0555090408        0.3686795534
 106.  81.       -0.1544334882       -0.0906068378
 106.  82.        0.4202736068       -0.1433138594
 106.  83.        0.5889012928       -0.3675772936
 106.  84.        0.1189047359        0.1432633863
 106.  85.       -0.1387883484       -0.4652845818
 106.  86.       -0.6467687763       -0.4001393632
 106.  87.        0.2378727164       -0.1860733528
 106.  88.        0.0398818677       -0.1611853990
 106.  89.       -0.0710788337        0.2385177335
 106.  90.       -0.3566698116       -0.6978782125
 106.  91.       -0.2646056274       -0.5269580185
 106.  92.        0.3547267546        0.1825965029
 106.  93.       -0.4267088378        0.1023118563
 106.  94.       -0.1069002728        0.1378381112
 106.  95.       -0.1848560530        0.4358906851
 106.  96.        0.2710749405        0.3438928541
 106.  97.       -0.5139612154       -0.1988409052
 106.  98.        0.5073022907       -0.4896598939
 106.  99.        0.2830564398        0.3722742604
 106. 100.        0.3367403140        0.5935397025
 106. 101.       -0.1673656861       -0.4592640174
 106. 102.       -0.2087677806        0.1135353703
 106. 103.       -0.2299389700        0.0199424043
 106. 104.       -0.3671969073       -0.4218956284
 106. 105.        0.1596606004        0.3349885333
 106. 106.        0.4826818015       -0.2579284163
 107.   0.       -0.0309140516        0.0000000000
 107.   1.       -0.4708471797       -0.3888700081
 107.   2.       -0.2581000541        0.0146353390
 107.   3.        0.2124309595       -0.1613546805
 107.   4.       -0.0320376394        0.2358938105
 107.   5.        0.2010209325       -0.0516435355
 107.   6.       -0.3939506616        0.3490376515
 107.   7.       -0.2688677754       -0.2470282168
 107.   8.        0.2717934190        0.0108147231
 107.   9.       -0.2537466074        0.2180465994
 107.  10.        0.7834772334        0.6432220602
 107.  11.        0.0091966646        0.2837762679
 107.  12.       -0.4449844921        0.0844222052
 107.  13.       -0.1560629580        0.0564132907
 107.  14.       -0.4808927092       -0.3366886264
 107.  15.       -0.1395913376       -0.0332832469
 107.  16.        0.2098416440        0.1333765285
 107.  17.       -0.0513206864        0.1012393350
 107.  18.        0.2810243707        0.2931717714
 107.  19.        0.0146416312        0.3720847431
 107.  20.        0.1697381592       -0.0604623253
 107.  21.       -0.2604408949       -0.1447297526
 107.  22.        0.6391979247       -0.0790696488
 107.  23.       -0.1704404946        0.3300723457
 107.  24.        0.1354001109       -0.0770836900
 107.  25.        0.5491402337       -0.1285232536
 107.  26.       -0.0237981759        0.1187108614
 107.  27.        0.2047213652       -0.0533463616
 107.  28.        0.0228789931       -0.1323589404
 107.  29.       -0.4995151842        0.4136476007
 107.  30.       -0.0488123956        0.0817933644
 107.  31.        0.2634530904        0.1436556094
 107.  32.       -0.0615260310       -0.2149563821
 107.  33.        0.2379556027       -0.0794867513
 107.  34.       -0.1196379654        0.3937534420
 107.  35.       -0.0622710160        0.2892011632
 107.  36.        0.3937685654       -0.1268801828
 107.  37.       -0.1604396553       -0.2552333388
 107.  38.       -0.1943751425       -0.0986606674
 107.  39.        0.0123062857        0.0249061558
 107.  40.       -0.4014620184        0.1315237565
 107.  41.        0.6049133129        0.2216279898
 107.  42.       -0.2942599484       -0.2594586884
 107.  43.       -0.2481568981       -0.1686734557
 107.  44.       -0.0058804798       -0.1595210837
 107.  45.        0.3718971539        0.1597669868
 107.  46.       -0.4861652900        0.5879155261
 107.  47.       -0.0247850077       -0.3242437834
 107.  48.       -0.0476058011       -0.2343204925
 107.  49.        0.1723954306       -0.2338017766
 107.  50.        0.7199113333       -0.1591016408
 107.  51.       -0.0774939499       -0.0396768058
 107.  52.        0.0944871918       -0.2938934222
 107.  53.       -0.1530432557       -0.7605718409
 107.  54.       -0.1477048918        0.2039233556
 107.  55.        0.2908920532       -0.0824182172
 107.  56.       -0.2613324065       -0.1253230695
 107.  57.       -0.0928058198        0.1633379432
 107.  58.       -0.8762898837       -0.1898305138
 107.  59.       -0.0037439924        0.3428849627
 107.  60.       -0.3748408914        0.0448473307
 107.  61.       -0.3599708337       -0.1409142139
 107.  62.        0.1318194097        0.5648963811
 107.  63.        0.4092530382       -0.3359506074
 107.  64.       -0.1632407128       -0.5091123792
 107.  65.        0.1776650532        0.5567365180
 107.  66.        0.3524699210        0.1140645342
 107.  67.        0.1726419078        0.1820196242
 107.  68.       -0.1212649162        0.1888752753
 107.  69.       -0.1593237633       -0.3566981325
 107.  70.        0.1605598723        0.1592360379
 107.  71.        0.2468258254        0.1186885157
 107.  72.       -0.4923285746       -0.3872271030
 107.  73.        0.3899092964        0.4453743835
 107.  74.       -0.1732793626        0.2062008887
 107.  75.       -0.0648747169        0.4213712068
 107.  76.        0.8940964060       -0.0472238949
 107.  77.       -0.3666811842        0.4697735617
 107.  78.       -0.0408510113        0.3914975376
 107.  79.        0.3455366791       -0.1374030257
 107.  80.       -0.1701279236        0.1738976568
 107.  81.       -0.3852368998       -0.4329821096
 107.  82.       -0.6906731426        0.2721333739
 107.  83.        0.1364477745       -0.2735435797
 107.  84.        0.4463162053       -0.5856829182
 107.  85.       -0.0599063838        0.2798754205
 107.  86.       -0.2647263396       -0.8290239226
 107.  87.        0.2688754569        0.1377687952
 107.  88.       -0.2969057452        0.3909934702
 107.  89.       -0.0509581057       -0.5185132760
 107.  90.        0.1523745645        0.4252512853
 107.  91.       -0.1767600551       -0.6261040840
 107.  92.       -0.8835972151       -0.4445015546
 107.  93.        0.1681020849        0.7509680163
 107.  94.        0.1975513875        0.2252484018
 107.  95.       -0.1308773722        0.1773256316
 107.  96.       -0.1249156083       -0.1426671766
 107.  97.        0.1796125097        0.0884474086
 107.  98.       -0.3965167348       -0.3345468546
 107.  99.       -0.1436086432        0.2648336186
 107. 100.        0.4712988413        0.3622390096
 107. 101.       -0.2756534253        0.5507866328
 107. 102.       -0.4793748795       -0.2619583740
 107. 103.        0.5550887484        0.4481900809
 107. 104.       -0.6445936709       -0.2662625840
 107. 105.       -0.4005460571       -0.6242877562
 107. 106.       -0.5828385256       -0.2777705708
 107. 107.        0.3278436199       -0.3260607172
 108.   0.        0.0279159673        0.0000000000
 108.   1.        0.3470650500        0.2312757385
 108.   2.       -0.3675102334        0.2729142112
 108.   3.        0.0932639200        0.2664889375
 108.   4.       -0.4672855873       -0.0520732094
 108.   5.       -0.2033788594        0.2298591411
 108.   6.        0.4974839693        0.1403707113
 108.   7.       -0.4931932534        0.6126912251
 108.   8.        0.0993872745        0.4052710025
 108.   9.       -0.1941419818       -0.1436815788
 108.  10.        0.1308725205       -0.3989216779
 108.  11.        0.6623504029       -0.1485401811
 108.  12.        0.2020223532        0.1720097708
 108.  13.        0.0248801508        0.1034563257
 108.  14.        0.3550423703        0.0746145979
 108.  15.       -0.4038285834       -0.0361932855
 108.  16.        0.0665877141       -0.1372039109
 108.  17.        0.0992838579       -0.0625026962
 108.  18.        0.2266683684        0.0803152061
 108.  19.       -0.4134027128        0.2111564436
 108.  20.       -0.1103164396        0.6746213673
 108.  21.       -0.5009196746       -0.2499253733
 108.  22.        0.0018964466       -0.2877229039
 108.  23.        0.0208265200       -0.5410285801
 108.  24.       -0.1525988014       -0.2025333093
 108.  25.        0.0272338251        0.4224497766
 108.  26.       -0.2054634181       -0.0854638579
 108.  27.       -0.0169813815       -0.1953421493
 108.  28.        0.0572653980        0.0553709794
 108.  29.        0.1351809486        0.0368523292
 108.  30.       -0.3627926828        0.1300440853
 108.  31.       -0.0886288931        0.4362963097
 108.  32.        0.2097761516       -0.3260137420
 108.  33.       -0.1950753209        0.0956743438
 108.  34.        0.3745591458        0.0418417553
 108.  35.        0.0335641665       -0.0245850576
 108.  36.        0.5733646990        0.1851540971
 108.  37.        0.4371571363       -0.0657865236
 108.  38.       -0.2288314552        0.1003455796
 108.  39.        0.0741715396        0.1683750885
 108.  40.       -0.4650573816       -0.2556288839
 108.  41.        0.1267495409        0.1983393098
 108.  42.        0.3304710598        0.3516509337
 108.  43.        0.4253106847        0.1548251173
 108.  44.       -0.3406633696        0.0369736302
 108.  45.        0.2631649011       -0.1439597401
 108.  46.        0.2340988129        0.1349281240
 108.  47.        0.1848715987        0.4044043465
 108.  48.       -0.0741624430       -0.1625478017
 108.  49.       -0.4621192741        0.2272653427
 108.  50.       -0.6371069944       -0.2126530544
 108.  51.       -0.0754374644       -0.1205203557
 108.  52.        0.3949111569       -0.1145141272
 108.  53.        0.4489767993       -0.0342198230
 108.  54.       -0.3720592968       -0.2854544868
 108.  55.       -0.1179565901        0.4349397315
 108.  56.       -0.2490335256        0.1885987737
 108.  57.       -0.2010404975        0.2414673457
 108.  58.        0.0857548489        0.2321356656
 108.  59.       -0.6214329636       -0.0468188491
 108.  60.       -0.0090680377        0.3575342714
 108.  61.       -0.9467236138        0.1043153483
 108.  62.        0.1506925846       -0.2534659145
 108.  63.       -0.0178913088        0.0701946273
 108.  64.        0.2253770605       -0.7173304856
 108.  65.       -0.1400515532        0.0680131206
 108.  66.       -0.5820517299       -0.0428046451
 108.  67.        0.1822944849        0.1085959806
 108.  68.       -0.5817617475       -0.2452397158
 108.  69.        0.4746195342        0.1694650750
 108.  70.       -0.4768888086        0.4125888089
 108.  71.       -0.1453809662       -0.0995318534
 108.  72.        0.2229215917       -0.2797153478
 108.  73.       -0.3933996608       -0.2761288484
 108.  74.       -0.0054653049        0.1027346543
 108.  75.       -0.1451217811        0.0112042037
 108.  76.        0.4231532594        0.2034000733
 108.  77.       -0.3775143178       -0.3646774850
 108.  78.       -0.0759894056       -0.4227739066
 108.  79.       -0.1258533032       -0.0882454307
 108.  80.        0.0014857541       -0.3873555657
 108.  81.        0.2357362809        0.1321811192
 108.  82.       -0.0442024128       -0.3875354340
 108.  83.       -0.2914466206        0.4408688275
 108.  84.        0.4705754239       -0.1118037505
 108.  85.        0.0811272542       -0.2265852422
 108.  86.        0.8409769452       -0.4890212303
 108.  87.        0.1797904475        0.1580245532
 108.  88.       -0.0769470928        0.0013944806
 108.  89.       -0.4267936961        0.1916962637
 108.  90.       -0.0923095095       -0.0073925826
 108.  91.       -0.0668736507        0.3347227235
 108.  92.       -0.3459530101       -0.3667228021
 108.  93.       -0.3015949380        0.1399209974
 108.  94.        0.1614407700       -0.5424495211
 108.  95.        0.0830256391        0.0915435139
 108.  96.       -0.2179353936        0.0417032891
 108.  97.       -0.6201625959       -0.0144330528
 108.  98.        0.4108460326       -0.6248042019
 108.  99.        0.1205605997        0.2365662943
 108. 100.       -0.1034521758        0.0566736768
 108. 101.        0.0813668509       -0.3562595617
 108. 102.       -0.2045454706        0.3120683215
 108. 103.        0.0056050297        0.0124404819
 108. 104.        0.1043885462        0.0817238266
 108. 105.       -0.2100100198       -0.2125879053
 108. 106.       -0.1566622434       -0.3021629969
 108. 107.       -0.5027757551        0.2236459421
 108. 108.        0.0763444551        0.6482736428
 109.   0.       -0.0115442110        0.0000000000
 109.   1.        0.4282910146        0.2724843390
 109.   2.        0.2811053066       -0.1346849133
 109.   3.        0.1401935828       -0.0288712119
 109.   4.        0.1388910288       -0.0060762653
 109.   5.       -0.4069864455        0.3724020216
 109.   6.        0.0543640786       -0.4009059659
 109.   7.        0.5515227537       -0.5019941280
 109.   8.       -0.0972925404        0.2322036589
 109.   9.        0.6179533837        0.3152336155
 109.  10.       -0.2376421367       -0.1772612985
 109.  11.       -0.3516916501       -0.0989302347
 109.  12.        0.3563180734       -0.0016800993
 109.  13.        0.0892728512       -0.1445457210
 109.  14.        0.1751150065        0.0491834219
 109.  15.        0.6409358515        0.2755902813
 109.  16.       -0.3396173131       -0.1501696848
 109.  17.        0.0105435402       -0.1331110881
 109.  18.        0.0088192860       -0.1905024664
 109.  19.       -0.1695693890       -0.5412318364
 109.  20.       -0.0430491623        0.2291663754
 109.  21.        0.0134520131       -0.0057355843
 109.  22.       -0.2460614411        0.1488204740
 109.  23.        0.1311730101        0.2084890166
 109.  24.        0.1258752762        0.0833983522
 109.  25.       -0.0481726045       -0.1343201728
 109.  26.        0.3224820338        0.7325137640
 109.  27.       -0.0917321782        0.1057063528
 109.  28.       -0.1873781963       -0.0849875379
 109.  29.       -0.3325763024       -0.0182537136
 109.  30.        0.4574670101       -0.4780244312
 109.  31.        0.2967902975        0.0242469296
 109.  32.        0.0821045981        0.0602085893
 109.  33.       -0.4206205386        0.4820630940
 109.  34.       -0.2065063062       -0.0381057231
 109.  35.        0.1484832676       -0.2196071959
 109.  36.       -0.2958586294       -0.0824203878
 109.  37.        0.2085019378       -0.0274148495
 109.  38.        0.2012517919        0.2417977709
 109.  39.        0.1637242887        0.3245896905
 109.  40.        0.7325050476        0.3015921942
 109.  41.       -0.1647503428       -0.2860297834
 109.  42.        0.1799196493        0.0753063207
 109.  43.        0.1622255191       -0.0519506170
 109.  44.        0.0825684074       -0.0170066361
 109.  45.       -0.3400530898        0.2336850048
 109.  46.       -0.0105927557       -0.8143833222
 109.  47.       -0.0644898722       -0.1963489692
 109.  48.        0.1657288724        0.4601417587
 109.  49.        0.0179902013       -0.5369103677
 109.  50.       -0.7920318986        0.5303094555
 109.  51.       -0.1915276422        0.2025619500
 109.  52.        0.4312492651       -0.0013906442
 109.  53.       -0.4279843036        0.3874170580
 109.  54.        0.3691672897       -0.0818934681
 109.  55.        0.0029265185       -0.3859788133
 109.  56.        0.5529212522       -0.2670335818
 109.  57.       -0.1770306520       -0.2910651847
 109.  58.        0.2815824666       -0.1192275706
 109.  59.        0.3695375677        0.0794861480
 109.  60.        0.2823714615       -0.2374385274
 109.  61.        0.2432984054       -0.0467017385
 109.  62.        0.0550648824        0.1064204534
 109.  63.       -0.1353699496       -0.3944783698
 109.  64.       -0.1068545197        0.3365302136
 109.  65.        0.0558785064       -0.4237472007
 109.  66.        0.1075254361        0.2580923599
 109.  67.       -0.4785282607        0.0502596534
 109.  68.        0.4112619185       -0.2201185020
 109.  69.       -0.0178825922       -0.1319510610
 109.  70.        0.5368472501        0.0262771550
 109.  71.       -0.1505484878        0.1819725658
 109.  72.        0.1003321937        0.2790052344
 109.  73.       -0.2598392704       -0.3746291956
 109.  74.        0.1681445076        0.0189421111
 109.  75.        0.2859424413        0.4508627631
 109.  76.       -0.2558620043       -0.5950335635
 109.  77.        0.7538627475       -0.2177861430
 109.  78.        0.3120584107       -0.5518742608
 109.  79.       -0.4618379544        0.3056314706
 109.  80.        0.1293758659        0.4967677551
 109.  81.       -0.4721554935       -0.0236619274
 109.  82.       -0.0729964032       -0.1296108076
 109.  83.        0.2499137366       -0.0411944378
 109.  84.       -0.3117644962        0.4060156181
 109.  85.        0.6062594732        0.0874622021
 109.  86.       -0.5689236241        0.2672368088
 109.  87.        0.7707985767       -0.2284429641
 109.  88.       -0.0040043589       -0.0255150001
 109.  89.        0.0120217435        0.3251051933
 109.  90.       -0.4051872419       -0.1620525874
 109.  91.       -0.0270015349        0.0950486976
 109.  92.        0.5140177036        0.4151968370
 109.  93.       -0.0422263440        0.5640833106
 109.  94.       -0.0827681243       -0.6056615719
 109.  95.        0.7837854338       -0.9715027069
 109.  96.        0.2239760371        0.4625323776
 109.  97.        0.4067391165        0.0792984815
 109.  98.       -0.4860865894        0.0216128666
 109.  99.        0.0672614970       -0.9983996421
 109. 100.        0.2098516706        0.0099398471
 109. 101.       -0.2377585677       -0.5072265469
 109. 102.       -0.5389605811       -0.1212842842
 109. 103.       -0.1501410369        0.4227645179
 109. 104.       -0.0813547099       -0.1505909952
 109. 105.       -0.0352088570        0.1854891209
 109. 106.       -0.1197942422       -0.3953526813
 109. 107.       -0.0446891029        0.0012512422
 109. 108.       -0.1688682654        0.1622539348
 109. 109.        0.5557360751       -0.0860402864
 110.   0.       -0.0718908262        0.0000000000
 110.   1.       -0.3069636553       -0.0079163435
 110.   2.        0.4558768032       -0.2241292734
 110.   3.       -0.2649689236       -0.2914938164
 110.   4.        0.3387619137        0.0561856204
 110.   5.        0.4182631956        0.0967708427
 110.   6.       -0.5341664782       -0.0081936672
 110.   7.        0.4905329275       -0.5436383647
 110.   8.       -0.1781728227       -0.3703882467
 110.   9.       -0.0721976879       -0.0853751614
 110.  10.        0.0444215111       -0.2175932727
 110.  11.       -0.1063839488        0.8180822182
 110.  12.       -0.5361382488        0.3931839984
 110.  13.       -0.2628251104       -0.1245451780
 110.  14.       -0.5631735967        0.0294578430
 110.  15.        0.0102602293       -0.1263997870
 110.  16.       -0.1792577882        0.3408760806
 110.  17.       -0.0849592272        0.2563225421
 110.  18.       -0.0723683293        0.1742310755
 110.  19.        0.5153203313       -0.2763781111
 110.  20.        0.0954669975       -0.7795543009
 110.  21.        0.0727663188        0.0007835810
 110.  22.       -0.3181988151        0.5397799903
 110.  23.       -0.1334331051        0.0802073177
 110.  24.        0.0686150285        0.5816102618
 110.  25.        0.0850247265       -0.1752363920
 110.  26.        0.1423572395        0.1199005158
 110.  27.        0.2435854124        0.0927874841
 110.  28.       -0.0568734188       -0.4465670411
 110.  29.       -0.4186445419       -0.1562889267
 110.  30.       -0.1203480933        0.0599725916
 110.  31.       -0.0691036517       -0.3186583035
 110.  32.       -0.2488082280       -0.0988607496
 110.  33.        0.2128413000       -0.3726330988
 110.  34.       -0.3897643940        0.2869341132
 110.  35.       -0.4447459662       -0.0953402896
 110.  36.       -0.1136714213        0.1192278275
 110.  37.       -0.2386682134       -0.0915775453
 110.  38.        0.1015470290        0.0822249610
 110.  39.        0.2141359023       -0.2474663161
 110.  40.        0.0913965311        0.1322545235
 110.  41.       -0.0261029326        0.0599260327
 110.  42.       -0.1846719319       -0.3775227183
 110.  43.       -0.0585055397        0.3059022106
 110.  44.        0.3631641397        0.0233316752
 110.  45.        0.1065591182       -0.3612398199
 110.  46.        0.3583908709        0.2468356092
 110.  47.       -0.2341375017       -0.6811173873
 110.  48.       -0.0433797073        0.2774146352
 110.  49.        0.1013074995        0.3715374300
 110.  50.        0.4315181959       -0.0190337406
 110.  51.        0.0126075663        0.4234608340
 110.  52.       -0.2187086213       -0.0603943868
 110.  53.       -0.0926425078        0.2626463572
 110.  54.        0.0444892916       -0.2437154417
 110.  55.        0.7353735804        0.1277023216
 110.  56.       -0.3176751706       -0.0503660397
 110.  57.        0.3187732194       -0.4828398871
 110.  58.        0.0459592868       -0.1978481073
 110.  59.        0.2959463887        0.1414494833
 110.  60.       -0.5846516588        0.0278473270
 110.  61.        0.1835225383       -0.0384943969
 110.  62.        0.3211408793        0.3889657584
 110.  63.        0.1801073324       -0.3442619029
 110.  64.       -0.6532520944        0.0504084194
 110.  65.       -0.3373003542        0.3780739323
 110.  66.        0.2907322179        0.4864071577
 110.  67.       -0.3598798980        0.2830024234
 110.  68.        0.2392951282        0.1321991651
 110.  69.        0.1128365416       -0.6491160305
 110.  70.        0.4311800213        0.0880946414
 110.  71.       -0.0465257137       -0.1758788707
 110.  72.       -0.2526235380        0.2371567460
 110.  73.       -0.5019235795        0.1311388903
 110.  74.       -0.0481560749       -0.1009853459
 110.  75.       -0.1452028785        0.1609056764
 110.  76.        0.6189269334       -0.0164714463
 110.  77.       -0.3407801281       -0.1909974032
 110.  78.       -0.2914897068        0.1600168926
 110.  79.       -0.3708075465       -0.1444782722
 110.  80.       -0.1049759379        0.0124549152
 110.  81.       -0.0101302825       -0.2884171848
 110.  82.       -0.5147041071        0.2267479633
 110.  83.        0.0004323676        0.3513366348
 110.  84.        0.5010033987       -0.4612424966
 110.  85.       -0.0450075659        0.3444168174
 110.  86.       -0.0882305846        0.3161577351
 110.  87.       -0.7587174503        0.6355364948
 110.  88.        0.4733305638        0.2012253525
 110.  89.        0.4472089934       -0.1298596089
 110.  90.        0.0187930465        0.1332237410
 110.  91.       -0.0917150290        0.0869670594
 110.  92.       -0.0190622874       -0.2632947962
 110.  93.        0.5767248263        0.2597630583
 110.  94.       -0.2994366779        0.1767409534
 110.  95.       -0.0403078227        0.2459902304
 110.  96.       -0.0455833638       -0.5268392094
 110.  97.       -0.3963399023        0.4640552953
 110.  98.        0.1918096107       -0.3146253683
 110.  99.       -0.4318513166        0.0810982538
 110. 100.        0.3996921323       -0.6460630019
 110. 101.        0.4919346241       -0.2754660802
 110. 102.        0.0366651887       -0.6486275377
 110. 103.       -0.4075153479       -0.4098944653
 110. 104.        0.0881564765        0.6843262623
 110. 105.        0.2638650188        0.0915358505
 110. 106.        0.0563124758       -0.3565921432
 110. 107.       -0.6701350428        0.3116613774
 110. 108.       -0.5596468326       -0.2725629014
 110. 109.        0.2890207627        0.1355941657
 110. 110.       -0.0114013765        0.3571849427
 111.   0.       -0.0774926050        0.0000000000
 111.   1.       -0.0388207281       -0.1823160126
 111.   2.        0.2684722273        0.0723245292
 111.   3.       -0.4039494698       -0.0842459749
 111.   4.       -0.0597908467       -0.0317102280
 111.   5.        0.4237031569       -0.2445522369
 111.   6.        0.1133212883        0.1879271124
 111.   7.       -0.5735716899        0.6040307338
 111.   8.        0.1366095587       -0.4135116554
 111.   9.       -0.0478905658       -0.5265430513
 111.  10.       -0.0634420959       -0.2966894015
 111.  11.        0.2522547596       -0.0399847060
 111.  12.       -0.3715873485        0.1067881851
 111.  13.       -0.4566784741        0.3199627074
 111.  14.       -0.0688486843        0.0432450860
 111.  15.       -0.3576538923       -0.1042598289
 111.  16.        0.0654929328       -0.1710203962
 111.  17.       -0.0893350420        0.0950529979
 111.  18.       -0.4655802880       -0.3335861457
 111.  19.        0.2985475708        0.1815888024
 111.  20.       -0.3965392301       -0.0917771632
 111.  21.        0.2184714095       -0.0076250642
 111.  22.        0.0690798532       -0.1894157612
 111.  23.        0.4038451850       -0.1943611889
 111.  24.        0.2249794636       -0.0614054395
 111.  25.       -0.0542273563        0.1769728544
 111.  26.       -0.1043978702       -0.4731391104
 111.  27.       -0.0575977268       -0.1352013002
 111.  28.        0.2938691744        0.1393956705
 111.  29.        0.5262831222       -0.0274131785
 111.  30.       -0.1842621752        0.4157238792
 111.  31.       -0.7843372992       -0.2159935597
 111.  32.       -0.0096891220        0.1940207512
 111.  33.        0.2107133057       -0.4238795086
 111.  34.        0.0720347749        0.1884767331
 111.  35.        0.1782190503        0.2909927063
 111.  36.       -0.5037028484       -0.1209238729
 111.  37.       -0.1855273240       -0.0874348356
 111.  38.       -0.2036686929        0.0389552244
 111.  39.       -0.0843669541        0.0210234854
 111.  40.       -0.0564459860       -0.0782038594
 111.  41.       -0.0241727621        0.0093725880
 111.  42.        0.4684850018        0.4230843283
 111.  43.       -0.2562933591       -0.2677541592
 111.  44.       -0.4501086677        0.1838290105
 111.  45.       -0.1934119769       -0.1544769146
 111.  46.        0.5918897446        0.5872311086
 111.  47.       -0.0834613452        0.1204921902
 111.  48.       -0.0731775415       -0.5264242861
 111.  49.       -0.4218734318        0.7221396737
 111.  50.        0.1766531338        0.0789619807
 111.  51.        0.4730861733       -0.0203739018
 111.  52.        0.2546734701       -0.1139492270
 111.  53.        0.1053325141        0.2517671594
 111.  54.        0.0258726045       -0.1628878359
 111.  55.       -0.1354090498       -0.1659130880
 111.  56.       -0.0063343426        0.3861660805
 111.  57.        0.3334569311        0.2280387893
 111.  58.        0.1351050330        0.1949335296
 111.  59.       -0.0256149863       -0.0263902163
 111.  60.        0.1333769431       -0.0103219147
 111.  61.       -0.1116593231        0.1420785929
 111.  62.        0.2409197418       -0.1904220670
 111.  63.       -0.1916563117        0.6180125401
 111.  64.       -0.1392800278       -0.1746878140
 111.  65.       -0.3940234778       -0.5030087694
 111.  66.        0.0063602248       -0.0217494315
 111.  67.        0.1889588485       -0.0016153112
 111.  68.       -0.5736101837        0.0861170194
 111.  69.        0.2580069544       -0.4430160947
 111.  70.       -0.3318995216       -0.4689556145
 111.  71.        0.0515001807       -0.1330271687
 111.  72.        0.2478052940       -0.3165701185
 111.  73.        0.2258095681       -0.1213154667
 111.  74.        0.1430860363       -0.2140559094
 111.  75.       -0.2378182335       -0.8354870875
 111.  76.        0.0846541784        0.6924735141
 111.  77.        0.3960866758        0.0028083243
 111.  78.        0.0160378363        0.3429019111
 111.  79.        0.8286074411       -0.0412152467
 111.  80.       -0.3898581383       -0.3270953050
 111.  81.        0.7124529880       -0.0123507207
 111.  82.        0.6759159125       -0.2860456967
 111.  83.        0.0852988103        0.2695995590
 111.  84.       -0.0821005531       -0.0651252029
 111.  85.       -0.0738151784       -0.1661741566
 111.  86.        0.3210434038        0.1592621109
 111.  87.        0.2234475024        0.3511585903
 111.  88.       -0.1168686828        0.6602286450
 111.  89.       -0.1872575248       -0.3615085733
 111.  90.        0.6054551630       -0.3956643831
 111.  91.        0.3541709139        0.0293586908
 111.  92.       -0.3106106653        0.3767130361
 111.  93.        0.0795033883       -0.0143032249
 111.  94.       -0.0309788064       -0.5121136320
 111.  95.        0.2404751820       -0.1748136807
 111.  96.        0.0454014130        0.2791321828
 111.  97.       -0.5556017455       -0.6678711671
 111.  98.       -0.0470660231        0.4987285040
 111.  99.       -0.5208512221       -0.5184676677
 111. 100.       -0.4724378542        0.2198997970
 111. 101.        0.2072602498       -0.5121273136
 111. 102.       -0.1824697321       -0.3075326505
 111. 103.        0.2314103645       -0.0715868618
 111. 104.        0.0083088115       -0.1611492936
 111. 105.        0.3694252809        0.4523687979
 111. 106.        0.2205162200       -0.0242764353
 111. 107.        0.1340671063       -0.1946219909
 111. 108.        0.0956872059        0.0932784980
 111. 109.       -0.5768703823       -0.2607958786
 111. 110.        0.5129229515       -0.0417772299
 111. 111.        0.1557741650       -0.0638142010
 112.   0.       -0.3232554423        0.0000000000
 112.   1.       -0.0970761139       -0.3523297065
 112.   2.       -0.3775999019        0.2026894499
 112.   3.        0.3091044540        0.2124054758
 112.   4.       -0.0653088860        0.0445887054
 112.   5.       -0.2690351637       -0.2124014559
 112.   6.        0.5247848279       -0.3370634565
 112.   7.        0.0532363786        0.1142872572
 112.   8.       -0.1350666287        0.4064306474
 112.   9.        0.1671465887       -0.1514980870
 112.  10.       -0.3704272974        0.4596790782
 112.  11.       -0.1802815092       -0.5620262793
 112.  12.        0.5054544200       -0.4191889981
 112.  13.        0.1766566559       -0.1550364179
 112.  14.        0.4304189831       -0.0290268662
 112.  15.        0.0432305264        0.1818203444
 112.  16.       -0.1957595558        0.0559496386
 112.  17.       -0.0139303871       -0.1104229697
 112.  18.        0.1618400183        0.2091577161
 112.  19.       -0.1856257761        0.2623476822
 112.  20.        0.3405049940        0.0840207711
 112.  21.       -0.0644383907        0.0292467197
 112.  22.       -0.0611077431       -0.4850276043
 112.  23.       -0.1964249122       -0.1209710123
 112.  24.        0.2900367740       -0.4810501008
 112.  25.       -0.1791561611        0.1890859877
 112.  26.       -0.0294905693        0.1307289652
 112.  27.       -0.2859679926       -0.1733763635
 112.  28.       -0.0097094629        0.1804554871
 112.  29.        0.2757198398       -0.4829968109
 112.  30.        0.5422516121       -0.0769235625
 112.  31.        0.1073229972        0.3316490007
 112.  32.       -0.2145316823       -0.0971492832
 112.  33.       -0.3836107722        0.3355373780
 112.  34.        0.0264924914       -0.6419053426
 112.  35.        0.1675786300        0.0051728250
 112.  36.        0.3020212221        0.2210336056
 112.  37.        0.6093532427       -0.0163041653
 112.  38.       -0.0119774278       -0.0462487706
 112.  39.       -0.5887648491        0.4231637231
 112.  40.        0.1048876436        0.1423394597
 112.  41.       -0.4553245321       -0.0800533298
 112.  42.        0.2800655186        0.5233463534
 112.  43.       -0.1117102821        0.0284694052
 112.  44.        0.2309835645        0.1502427491
 112.  45.        0.1107877370        0.3364311676
 112.  46.       -0.5575873212       -0.1703345604
 112.  47.        0.1821756321        0.0520732650
 112.  48.        0.1127147291       -0.3313210122
 112.  49.        0.0864881276       -0.3260252334
 112.  50.        0.0291224553        0.2681655746
 112.  51.       -0.0786678619        0.0501354447
 112.  52.       -0.2505802685       -0.3167371270
 112.  53.       -0.0082189053       -0.4759185009
 112.  54.        0.0132154423        0.0762239696
 112.  55.       -0.3355792309       -0.0718378757
 112.  56.       -0.3173299745       -0.1666951477
 112.  57.       -0.4080085822       -0.0155173000
 112.  58.       -0.1658910214       -0.0117109154
 112.  59.        0.0970249198        0.5808001450
 112.  60.        0.2205122908       -0.0120198015
 112.  61.        0.1576992474       -0.1533218076
 112.  62.       -0.1428687118        0.0783344573
 112.  63.        0.3570774793        0.2469887143
 112.  64.        0.3160714489        0.6060941412
 112.  65.       -0.2242938238       -0.4356283172
 112.  66.       -0.3065970047       -0.1483577751
 112.  67.       -0.0723859147       -0.2532224439
 112.  68.        0.1557941771       -0.6055357214
 112.  69.       -0.0122499896        0.2531712924
 112.  70.        0.6043395978       -0.1317965210
 112.  71.       -0.2590126259        0.1086409036
 112.  72.        0.1368678116       -0.1854485903
 112.  73.        0.0297113092       -0.2212799056
 112.  74.        0.0780334001        0.0423239024
 112.  75.        0.6629139821       -0.0927798261
 112.  76.       -0.4949686427        0.1085082612
 112.  77.       -0.0171804324        0.1959567341
 112.  78.       -0.2621158705       -0.1259049723
 112.  79.        0.4992889281        0.2370378038
 112.  80.        0.0112679206       -0.2228148952
 112.  81.       -0.3674222701       -0.2304092960
 112.  82.        0.6465084777        0.1947040438
 112.  83.        0.2324572965       -0.7214247597
 112.  84.       -0.5161432652        0.4169845746
 112.  85.        0.1504714023        0.1245103448
 112.  86.       -0.7354432467        0.3083227364
 112.  87.        0.4230941950       -0.2426294875
 112.  88.       -0.0489190167       -0.1093939329
 112.  89.       -0.4317784209        0.5338711098
 112.  90.        0.0715034364       -0.5800452877
 112.  91.        0.4474374615       -0.4004799508
 112.  92.       -0.2765520520        0.0739501342
 112.  93.       -0.0819190321       -0.1552869871
 112.  94.       -1.0828651919       -0.5050981047
 112.  95.       -0.2099069842       -0.5796414645
 112.  96.        0.3706074625       -0.5762242491
 112.  97.       -0.0251598130       -0.0988371699
 112.  98.       -0.2297641868       -0.3113768949
 112.  99.        0.2705706765       -0.4772504740
 112. 100.       -0.2591667382       -0.5430527011
 112. 101.        0.1487001631        0.5765540060
 112. 102.       -0.2681118026       -0.2539392218
 112. 103.        0.0518957694        0.0314215491
 112. 104.       -0.1751112283        0.4184096829
 112. 105.        0.1332770604        0.2515073948
 112. 106.       -0.4108776623       -0.2141462739
 112. 107.        0.0306401567       -0.5296127930
 112. 108.        0.4375109728       -0.1473121205
 112. 109.       -0.0615808561        0.0183306938
 112. 110.       -0.4328898752        0.0211448152
 112. 111.        0.5285384683       -0.0789984265
 112. 112.       -0.1727392506        0.2577021444
 113.   0.       -0.1758994421        0.0000000000
 113.   1.       -0.2809939371        0.1479654651
 113.   2.       -0.3347969562       -0.0505393623
 113.   3.        0.2421894639        0.4321601555
 113.   4.        0.0923916222        0.2828541455
 113.   5.       -0.0009954721       -0.0565648200
 113.   6.       -0.0817356615        0.2331723498
 113.   7.        0.2557012537       -0.4851663258
 113.   8.       -0.1471960949        0.1467715219
 113.   9.       -0.4259102612        0.2700664617
 113.  10.        0.2542580955        0.2286372233
 113.  11.       -0.4073588065        0.0649140806
 113.  12.        0.0492751339       -0.0558208511
 113.  13.        0.4775345815       -0.3152333630
 113.  14.       -0.1264565160        0.2057175501
 113.  15.       -0.0035442748       -0.0586570159
 113.  16.        0.4229239118        0.3002272902
 113.  17.       -0.0854348333       -0.1247581477
 113.  18.        0.1535064766        0.2571263579
 113.  19.       -0.2351245615       -0.1202511187
 113.  20.        0.4789372256       -0.0848752455
 113.  21.        0.2544762952        0.1721422779
 113.  22.       -0.0003847705        0.0655899273
 113.  23.       -0.4923957939        0.1236533297
 113.  24.        0.1445449072       -0.0977473199
 113.  25.        0.2123869533       -0.5025332546
 113.  26.        0.3549123978        0.2736969672
 113.  27.       -0.2526033415        0.2443693541
 113.  28.        0.0198960925       -0.0241401391
 113.  29.       -0.6981279145        0.0420243218
 113.  30.        0.0095260114       -0.1078503549
 113.  31.        0.5708739950        0.0115797466
 113.  32.       -0.0095349239       -0.1492663182
 113.  33.        0.0638489406       -0.0614433973
 113.  34.       -0.6284370222        0.1313114784
 113.  35.        0.1110069976        0.1239794237
 113.  36.        0.1009485481        0.2048283581
 113.  37.       -0.3935856079       -0.0019537884
 113.  38.        0.1095134518       -0.0711663011
 113.  39.        0.0302252130       -0.0319585792
 113.  40.       -0.0767099097       -0.0675415971
 113.  41.        0.0803322259       -0.0328396930
 113.  42.       -0.3289989268       -0.1746486212
 113.  43.        0.0653514885        0.1236380472
 113.  44.        0.4509547137       -0.1924666961
 113.  45.        0.0293770976        0.1010943535
 113.  46.        0.3695228367       -0.2286122191
 113.  47.       -0.1194004594        0.1068069804
 113.  48.       -0.0685906795        0.1508261422
 113.  49.        0.4916863494       -0.4323623318
 113.  50.        0.1392876152       -0.4340340103
 113.  51.       -0.1894412014        0.2413263873
 113.  52.       -0.4137074162        0.0259409894
 113.  53.       -0.0803809595       -0.2577872689
 113.  54.       -0.1457356206       -0.4564897657
 113.  55.       -0.1692188201        0.1516884434
 113.  56.       -0.4274795773        0.0394512139
 113.  57.        0.2223873998        0.1747889606
 113.  58.       -0.6544064306        0.0080485299
 113.  59.       -0.5525451372       -0.1647778841
 113.  60.        0.0730702040        0.3576698016
 113.  61.        0.4469563297       -0.0813945453
 113.  62.        0.0485519988       -0.2764789816
 113.  63.       -0.6272594040       -0.5535556328
 113.  64.        0.3868035475        0.0085644054
 113.  65.       -0.1011126965        0.6748224198
 113.  66.        0.0629698026       -0.4719009444
 113.  67.        0.1245513674        0.1185450846
 113.  68.       -0.0323071038       -0.2926462474
 113.  69.       -0.2150300218       -0.2775656256
 113.  70.        0.2102064448        0.2255104051
 113.  71.        0.3802326251       -0.1332365680
 113.  72.       -0.2277220444        0.1642445471
 113.  73.        0.2721437294        0.1086935840
 113.  74.       -0.4756332366       -0.0976064888
 113.  75.        0.1423603892        0.2839344619
 113.  76.       -0.2173311994       -0.5212057635
 113.  77.       -0.1660595785        0.0273388909
 113.  78.       -0.0594365324       -0.2841488121
 113.  79.       -0.3581923088       -0.0916501973
 113.  80.       -0.1748897823        0.0284309205
 113.  81.       -0.2545305501        0.1039999498
 113.  82.       -0.1449852699        0.0479264966
 113.  83.        0.1497197590       -0.0074703610
 113.  84.        0.0480760549       -0.0900985869
 113.  85.       -0.1342488814        0.2648028412
 113.  86.        0.4796243197        0.0149464921
 113.  87.       -0.8471060304       -0.2432557276
 113.  88.        0.5007503437       -0.3676762374
 113.  89.       -0.0501255219        0.4411771884
 113.  90.        0.2439446469       -0.0111876054
 113.  91.       -0.0776134204       -0.0837235681
 113.  92.        0.0297280721       -0.4460118300
 113.  93.        0.3637097310        0.0000648644
 113.  94.       -0.0450133194       -0.1457810021
 113.  95.       -0.3395186664       -0.2445346004
 113.  96.        0.5681100195       -0.5118524613
 113.  97.        0.3610879035       -0.2167103064
 113.  98.        0.2354834443        0.6849407234
 113.  99.       -0.4161249996       -0.3776774598
 113. 100.        0.3272532969       -0.4069212535
 113. 101.       -0.4506805892       -0.2932339100
 113. 102.        0.6869022995        0.1292527176
 113. 103.       -0.5480119993        0.8226235348
 113. 104.        0.2738318054       -0.6893212254
 113. 105.        0.0801052937        0.5990443354
 113. 106.       -0.2495268674        0.3593478758
 113. 107.        0.0461644200       -0.4108888094
 113. 108.       -0.2947726626        0.2287250458
 113. 109.        0.0221907874        0.2227756518
 113. 110.       -0.0149467956       -0.3976203385
 113. 111.       -0.1165465846       -0.5299918622
 113. 112.        0.1371511772        0.1497537275
 113. 113.        0.4905233197        0.1587822291
 114.   0.        0.4056796509        0.0000000000
 114.   1.        0.2251170898        0.3509711289
 114.   2.        0.0792093192       -0.0864390737
 114.   3.       -0.1950723391       -0.0413132447
 114.   4.        0.0176170797        0.1975278892
 114.   5.        0.0647666988        0.1283042709
 114.   6.       -0.5906844901        0.1346246263
 114.   7.       -0.3640283740        0.1671361740
 114.   8.        0.4332941684       -0.4314584402
 114.   9.       -0.0568166224        0.0267688219
 114.  10.        0.1193922440       -0.1109855087
 114.  11.        0.1908614073       -0.3292715060
 114.  12.       -0.4345974144        0.2125789504
 114.  13.        0.0301151484        0.2271281628
 114.  14.       -0.2334962045       -0.0689584510
 114.  15.       -0.0683432711       -0.1678243896
 114.  16.        0.3215289114       -0.1900728339
 114.  17.        0.2159956528       -0.2014691309
 114.  18.       -0.2266486471       -0.1658978034
 114.  19.       -0.2018812902        0.0507029574
 114.  20.       -0.2789086705        0.2912861270
 114.  21.        0.1828471823        0.0490337912
 114.  22.        0.6078291636        0.3072203129
 114.  23.       -0.1154858696       -0.1709482968
 114.  24.       -0.0911335426        0.2153085385
 114.  25.       -0.1065351601        0.5457967826
 114.  26.        0.0346407354        0.6304488198
 114.  27.       -0.0000380528        0.2344493348
 114.  28.       -0.0775982795       -0.1262355054
 114.  29.       -0.1325787376        0.2633253067
 114.  30.       -0.0317158146        0.4203781102
 114.  31.       -0.0490415778       -0.3246671406
 114.  32.        0.0650171009       -0.0153960438
 114.  33.       -0.2733757598       -0.2695165447
 114.  34.        0.2135371708       -0.0950011585
 114.  35.        0.0746630444        0.1837552466
 114.  36.       -0.0521196297        0.1552509471
 114.  37.       -0.0324040582        0.1234431270
 114.  38.       -0.8328322491       -0.0561256304
 114.  39.        0.4350821723       -0.1878311886
 114.  40.       -0.3320798801       -0.4456116333
 114.  41.        0.3440621049        0.0543771885
 114.  42.       -0.0398799914       -0.2333510938
 114.  43.       -0.1633324390       -0.2533136094
 114.  44.       -0.2191983503       -0.2398084715
 114.  45.        0.0748858282       -0.2649308721
 114.  46.        0.0547711467        0.0517166349
 114.  47.       -0.2499513804        0.3735744552
 114.  48.       -0.2655811282       -0.3659601164
 114.  49.       -0.0403067878       -0.2112217700
 114.  50.       -0.5582276824       -0.4258547432
 114.  51.        0.0730100437       -0.1281380968
 114.  52.       -0.0330635420        0.2784367447
 114.  53.        0.1142492564        0.1480390957
 114.  54.        0.2286276960        0.0927434449
 114.  55.        0.1248666173       -0.2788730245
 114.  56.       -0.2656691518       -0.0139020469
 114.  57.       -0.3840338025        0.2176874317
 114.  58.        0.3751005737        0.5129279108
 114.  59.       -0.1095353630       -0.4014670760
 114.  60.        0.4173950434       -0.2067995470
 114.  61.       -0.1076303074       -0.0822972502
 114.  62.       -0.3914446533       -0.1124065305
 114.  63.       -0.2410688027       -0.2433608037
 114.  64.       -0.3471882612        0.1785813307
 114.  65.        0.1157208498        0.1378879078
 114.  66.       -0.4128270747        0.3611874039
 114.  67.       -0.0468112651       -0.1348101582
 114.  68.        0.4259188404       -0.0305025747
 114.  69.       -0.3365282567       -0.6500051734
 114.  70.       -0.3885900932        0.2633025720
 114.  71.        0.3313226175        0.2003023241
 114.  72.       -0.0654430183       -0.3185845280
 114.  73.        0.0874318961       -0.0249494530
 114.  74.       -0.1353944978        0.0463202994
 114.  75.       -0.6740025356       -0.7043491302
 114.  76.       -0.0160473359        0.4279018344
 114.  77.       -0.1526259777       -0.1174210317
 114.  78.       -0.0002028847       -0.2208525065
 114.  79.       -0.0101865425       -0.2518176373
 114.  80.        0.3029581172        0.1541838326
 114.  81.       -0.3252693722        0.4124884677
 114.  82.       -0.4506861726       -0.6271822564
 114.  83.       -0.3293355868        0.2863774000
 114.  84.       -0.2773263807       -0.1039331843
 114.  85.       -0.3042487085       -0.1896712038
 114.  86.        0.1106087574       -0.0314185098
 114.  87.        0.4009608527        0.3106568968
 114.  88.       -0.1032310165        0.0500343738
 114.  89.        0.1971111563       -0.5752626802
 114.  90.       -0.5023821980        0.3288844711
 114.  91.       -0.0369564633        0.3471404047
 114.  92.        0.1746865498       -0.0623142772
 114.  93.       -0.6064560583       -0.2117402815
 114.  94.       -0.1117166168       -0.4780141905
 114.  95.        0.0096561914       -0.1640976710
 114.  96.       -0.0557711358        0.9854285944
 114.  97.       -0.1882077842       -0.5279576598
 114.  98.       -0.2923509941       -0.2467159215
 114.  99.        0.7618934700       -0.2145268041
 114. 100.       -0.2723300003       -0.2851145057
 114. 101.        0.3407647117       -0.1713209191
 114. 102.        0.0692250313       -0.5905622572
 114. 103.        0.4098549610        0.0974160550
 114. 104.       -0.4951457787        0.2216241611
 114. 105.        0.6414354703       -0.3342395397
 114. 106.        0.5577559850        0.0020510349
 114. 107.       -0.6560117391       -0.0780145529
 114. 108.       -0.0815272228       -0.3961802764
 114. 109.        0.8845575836        0.3607949748
 114. 110.       -0.0043389095        0.2688252779
 114. 111.       -0.7354272883        0.3584521326
 114. 112.       -0.1341548518       -0.1329793412
 114. 113.        0.3891987554        0.4264498823
 114. 114.       -0.0231255960       -0.1721771752
 115.   0.        0.0744993847        0.0000000000
 115.   1.        0.2709123850       -0.0065654971
 115.   2.       -0.0518990010       -0.1181315987
 115.   3.       -0.0490427735       -0.3156024009
 115.   4.       -0.1554541499       -0.8394392976
 115.   5.       -0.1299545374       -0.0046183317
 115.   6.        0.3668988225       -0.2788329241
 115.   7.        0.0436002417        0.6287204667
 115.   8.        0.0390021722        0.3362086115
 115.   9.        0.3666602172        0.1166808093
 115.  10.       -0.2553210623       -0.0473066309
 115.  11.        0.3705812618        0.1522103549
 115.  12.        0.3701780983       -0.6388226558
 115.  13.        0.2265368339        0.1827329572
 115.  14.        0.2253480106       -0.3313567032
 115.  15.        0.0135932352       -0.0242699220
 115.  16.       -0.3527968663       -0.2562819284
 115.  17.        0.2719814017        0.0183812975
 115.  18.        0.2959991021        0.1498253062
 115.  19.       -0.0259413353       -0.0381591351
 115.  20.       -0.1699107393       -0.0066731310
 115.  21.       -0.2503571119       -0.1094947531
 115.  22.       -0.3414640982        0.1027857193
 115.  23.        0.4245506539        0.0042524772
 115.  24.       -0.1638369266        0.0734157428
 115.  25.        0.4605329798        0.3023621239
 115.  26.       -0.2866383975        0.3169811104
 115.  27.        0.2476935706        0.1690674032
 115.  28.        0.1262710972       -0.3078369668
 115.  29.       -0.0092161239       -0.3038762113
 115.  30.        0.0387901866        0.0413106200
 115.  31.       -0.2070726097        0.7541846938
 115.  32.        0.2779046630        0.0164124465
 115.  33.       -0.1755439330        0.5204292831
 115.  34.        0.0540148888       -0.0973438224
 115.  35.       -0.1180905457       -0.5181102901
 115.  36.        0.1317881442        0.4031014156
 115.  37.        0.2026554423        0.2269662309
 115.  38.       -0.0748174191        0.0567042681
 115.  39.       -0.0646447214        0.2013436317
 115.  40.       -0.0324386951       -0.1524571006
 115.  41.       -0.2619172310        0.0684717354
 115.  42.        0.2808920356        0.1100001080
 115.  43.       -0.0351905237       -0.0538413210
 115.  44.        0.1202368157        0.2366050303
 115.  45.        0.0502500435       -0.0664266911
 115.  46.       -0.6452110139       -0.3596744288
 115.  47.        0.1564432622       -0.0212133660
 115.  48.       -0.1129821069        0.2736593966
 115.  49.        0.0900587001        0.1909754263
 115.  50.       -0.2881896715       -0.1834571131
 115.  51.       -0.1092019606        0.0860674222
 115.  52.        0.0144827948       -0.3100723535
 115.  53.        0.0967319844        0.1486551652
 115.  54.       -0.1717625822        0.3209517926
 115.  55.        0.0526701583        0.7243468631
 115.  56.        0.3910198544       -0.2421162276
 115.  57.       -0.2309965327       -0.1456568834
 115.  58.       -0.0912588976       -0.5484850302
 115.  59.        0.1035836262        0.5967903449
 115.  60.       -0.3220448986        0.3454935108
 115.  61.       -0.1553920325       -0.3468289263
 115.  62.       -0.5184709453        0.2036785485
 115.  63.        0.0834723392        0.4052391211
 115.  64.        0.0568893342        0.4607931043
 115.  65.       -0.2294654600       -0.2656795801
 115.  66.       -0.0016827415        0.0215969605
 115.  67.       -0.0358307038        0.2443668997
 115.  68.        0.1236978223        0.1419242042
 115.  69.       -0.1340878767        0.3622404923
 115.  70.       -0.3205326162       -0.1129681647
 115.  71.       -0.1330856829        0.2813858961
 115.  72.        0.0620765523        0.0821212639
 115.  73.       -0.1658602976       -0.4018543841
 115.  74.       -0.1957607156        0.1304006987
 115.  75.        0.2955325716        0.5282215140
 115.  76.       -0.0687552242       -0.2692766752
 115.  77.       -0.1719180418        0.2300876177
 115.  78.        0.3710880055       -0.0573669899
 115.  79.        0.2677276441        0.2179842326
 115.  80.        0.3973379978       -0.4017558115
 115.  81.       -0.1421094063        0.0844399540
 115.  82.        0.1078015960        0.4704518329
 115.  83.       -0.4275014976        0.3267840505
 115.  84.        0.3271876531        0.1721769074
 115.  85.        0.1918544352       -0.3790471469
 115.  86.       -0.1259314016        0.1680294490
 115.  87.        0.3369592753       -0.2941482000
 115.  88.        0.1550826348        0.3188628084
 115.  89.       -0.2067266467        0.1546852138
 115.  90.       -0.2354783336        0.0854303068
 115.  91.       -0.4202305954        0.0463382674
 115.  92.        0.5739029600       -0.0031925914
 115.  93.        0.0590594265       -0.2465477717
 115.  94.       -0.2637385354        0.6123826915
 115.  95.        0.1104271861       -0.1905152711
 115.  96.       -0.3909844763        0.4398170110
 115.  97.        0.0655052399        0.0311807536
 115.  98.       -0.4909439907       -0.0909024368
 115.  99.       -0.3817038086       -0.1961797876
 115. 100.        0.2117961267        0.0836646239
 115. 101.       -0.0377690210        0.2507657029
 115. 102.        0.5519388364       -0.0295065884
 115. 103.       -0.3239624333       -0.4284096494
 115. 104.        0.7792868206       -0.1379527651
 115. 105.       -0.2271035925       -0.1254805365
 115. 106.        0.1423775459       -0.1475624483
 115. 107.       -0.2835673704       -0.2697941031
 115. 108.       -0.3960083136        0.0658416845
 115. 109.        0.4836214610        0.0228750908
 115. 110.        0.2258209761       -0.2449726724
 115. 111.       -0.4158789934       -0.0691444293
 115. 112.       -0.1749700391       -0.3506084805
 115. 113.       -0.3051910305       -0.0412153689
 115. 114.        0.5189508482        0.4724896626
 115. 115.        0.6217199721        0.1923445288
 116.   0.        0.1683135705        0.0000000000
 116.   1.        0.0167136429       -0.3857589712
 116.   2.        0.1126399776       -0.1262171427
 116.   3.        0.2499274963        0.2401376774
 116.   4.       -0.0598141725       -0.0463021839
 116.   5.       -0.2062173910       -0.0815355507
 116.   6.        0.2186857802        0.0955447096
 116.   7.        0.1764591975       -0.2719572911
 116.   8.       -0.2732477322        0.1743436696
 116.   9.       -0.0055605343        0.3140384660
 116.  10.        0.3641209104       -0.1773651021
 116.  11.       -0.1660060961        0.7445046835
 116.  12.        0.4253179059       -0.1774020411
 116.  13.       -0.0474247935       -0.2851744182
 116.  14.        0.0171098581        0.0769241363
 116.  15.        0.0113087636        0.0362608580
 116.  16.       -0.0846832983       -0.0464588958
 116.  17.       -0.1067912673        0.1671735669
 116.  18.        0.1847301013       -0.1000930931
 116.  19.        0.4959504902       -0.2493965034
 116.  20.       -0.0684102570       -0.3637124677
 116.  21.        0.1231511619       -0.3094448779
 116.  22.       -0.5484292992       -0.0505733057
 116.  23.       -0.0400914141        0.1935656810
 116.  24.       -0.3112563584       -0.0146262727
 116.  25.        0.2478637176       -0.2925397436
 116.  26.        0.0341560463       -0.3009650267
 116.  27.        0.1401070167        0.2947895167
 116.  28.       -0.2060375299        0.3377783047
 116.  29.        0.0538276669        0.0425223611
 116.  30.       -0.1980662652       -0.2910487162
 116.  31.        0.0985651129        0.1811226616
 116.  32.        0.0120267531       -0.0506757462
 116.  33.        0.4800846685        0.0293968305
 116.  34.       -0.5244308148        0.4010858381
 116.  35.       -0.1720605946       -0.1269613182
 116.  36.       -0.1794301660       -0.2546523080
 116.  37.        0.3132499163        0.4067924037
 116.  38.        0.4429575111        0.2847820805
 116.  39.       -0.4266811438        0.1055635738
 116.  40.       -0.1083209599       -0.0053380443
 116.  41.       -0.0070569078        0.3936350218
 116.  42.       -0.1607509560        0.2937552203
 116.  43.       -0.1748998293       -0.4163750018
 116.  44.        0.2880100892       -0.1087266995
 116.  45.       -0.2587032886        0.3838251210
 116.  46.        0.0630822479        0.1186801224
 116.  47.       -0.3343939879       -0.5465385921
 116.  48.       -0.1184286541        0.2442713365
 116.  49.       -0.1615261113        0.2076896246
 116.  50.        0.2192529341        0.2834120828
 116.  51.       -0.0849383769        0.1646274925
 116.  52.        0.1603121942       -0.5153873680
 116.  53.       -0.0091712159       -0.1503488148
 116.  54.       -0.3080279420       -0.0501199803
 116.  55.       -0.1939236327        0.2722277300
 116.  56.       -0.1347530930        0.4964564208
 116.  57.        0.3865875759       -0.6521028473
 116.  58.       -0.4009417604       -0.1443474496
 116.  59.        0.1487372389       -0.4008187864
 116.  60.       -0.2734388270        0.2619228390
 116.  61.       -0.3526569645        0.3078493481
 116.  62.        0.1241554736       -0.1250408478
 116.  63.       -0.6142671045       -0.4685509439
 116.  64.       -0.0225969643       -0.1027398813
 116.  65.        0.1184826145       -0.0603402882
 116.  66.        0.4033124489       -0.1271190425
 116.  67.       -0.2583850389        0.3864569078
 116.  68.        0.0159940890       -0.1971392688
 116.  69.        0.2805640311        0.1726198495
 116.  70.       -0.0603098833       -0.4695445039
 116.  71.        0.2271937245       -0.2546173202
 116.  72.       -0.2768437451        0.2228989791
 116.  73.        0.3248797154        0.0789629137
 116.  74.        0.0691979245       -0.2726150218
 116.  75.        0.1066017167        0.5658177949
 116.  76.        0.6153391053        0.2060546957
 116.  77.       -0.2609538382       -0.1090294077
 116.  78.       -0.0074925626       -0.0083023636
 116.  79.        0.0215336619       -0.3054961081
 116.  80.        0.1200836640        0.5077475650
 116.  81.        0.5628819017       -0.1300333875
 116.  82.       -0.1569557417       -0.0225942080
 116.  83.        0.0883429246       -0.5398402559
 116.  84.       -0.0208668604       -0.1181834600
 116.  85.        0.0198471333        0.2279581084
 116.  86.        0.4746876201       -0.1280161143
 116.  87.       -0.4601883386       -0.0542160674
 116.  88.        0.7319522085       -0.3866373499
 116.  89.       -0.1471838561       -0.0291628936
 116.  90.        0.2509135415        0.5091238862
 116.  91.       -0.0665450166        0.0808197129
 116.  92.        0.1776627792       -0.1598463305
 116.  93.        0.8548809599        0.6651896557
 116.  94.        0.0994476605       -0.1681165050
 116.  95.       -0.4038450944        0.2031460415
 116.  96.       -0.6535586123       -0.2005317326
 116.  97.        0.5095711277       -0.0794301809
 116.  98.        0.0020429908        0.0803117346
 116.  99.        0.0422960255       -0.0859490934
 116. 100.       -0.5054636964       -0.2587810526
 116. 101.       -0.0980299701       -0.0819610274
 116. 102.        0.4188684088        0.3642711670
 116. 103.        0.3091944747       -0.4926362902
 116. 104.       -0.6093719417       -0.4657425925
 116. 105.        1.2953238579        0.3806357913
 116. 106.       -0.3776302226        0.1550078399
 116. 107.       -0.0013630830       -0.1625655239
 116. 108.       -0.0238421684        0.2898980662
 116. 109.        0.7612857705        0.2712407607
 116. 110.       -0.6194655521        0.2803836391
 116. 111.        0.7269073171        0.0447507803
 116. 112.       -0.3370052374       -0.0979008541
 116. 113.       -0.0938114546       -0.3891490023
 116. 114.        0.2089863769       -0.2611366315
 116. 115.        0.0312733944        0.2663984511
 116. 116.        0.3178416412        0.4118015383
 117.   0.        0.3801315284        0.0000000000
 117.   1.        0.0242025416       -0.1720361161
 117.   2.        0.0507646957        0.1228582227
 117.   3.        0.0798258027       -0.2486623056
 117.   4.        0.2325705353        0.4254657403
 117.   5.        0.1245537644        0.1451024046
 117.   6.       -0.4929006752        0.2963265044
 117.   7.       -0.2252599766       -0.4176441763
 117.   8.       -0.0975408661       -0.4289218855
 117.   9.       -0.3365995822        0.0844078851
 117.  10.       -0.0342911209        0.2055536443
 117.  11.        0.2516284237       -0.0715173006
 117.  12.       -0.4194050895        1.0036067370
 117.  13.       -0.6128650687        0.0165075699
 117.  14.        0.0506869737        0.0932133133
 117.  15.        0.1305300769        0.2177992620
 117.  16.        0.2597059421        0.0794821337
 117.  17.       -0.2456146607       -0.0619688094
 117.  18.       -0.0956159105       -0.3000741069
 117.  19.       -0.0436290878        0.3066959463
 117.  20.       -0.3639699780        0.1556198499
 117.  21.       -0.1089761925        0.1922889644
 117.  22.        0.6519640367       -0.1468638824
 117.  23.       -0.2668145957       -0.1517930767
 117.  24.        0.0804098067        0.2302749465
 117.  25.       -0.5077971455        0.2229251469
 117.  26.        0.2392132339       -0.1367815912
 117.  27.        0.4344028714       -0.1053928376
 117.  28.        0.1108066203       -0.0630174412
 117.  29.       -0.0283669622        0.2907262620
 117.  30.       -0.3659883875        0.1046668766
 117.  31.       -0.2868509232       -0.7750421039
 117.  32.       -0.2278003763       -0.2550574742
 117.  33.        0.2793151318       -0.1991121853
 117.  34.        0.2489611479        0.0602133646
 117.  35.        0.3909963237        0.5857219231
 117.  36.       -0.3757339645       -0.2277400172
 117.  37.       -0.0237015652       -0.8713297019
 117.  38.       -0.5227476289       -0.0159169881
 117.  39.       -0.0137397188       -0.5464125108
 117.  40.       -0.3252067605        0.4746471335
 117.  41.        0.2651724719        0.0542748067
 117.  42.       -0.0325417843        0.4119322744
 117.  43.       -0.2615659622        0.2161266618
 117.  44.       -0.0145492971       -0.2561321891
 117.  45.       -0.1903409039       -0.1376012868
 117.  46.       -0.1560690171        0.1452132259
 117.  47.        0.0472495454        0.3697806426
 117.  48.       -0.3904100084       -0.2669249789
 117.  49.       -0.0895485947       -0.1300741955
 117.  50.       -0.0551355025       -0.0408423489
 117.  51.        0.1846847215       -0.0592342036
 117.  52.        0.2408799206        0.3455543366
 117.  53.       -0.0026441452       -0.3415897778
 117.  54.        0.2294362853        0.1881904552
 117.  55.       -0.1231996463       -0.5278315490
 117.  56.        0.1695285476       -0.0648310710
 117.  57.        0.2689714456        0.4165159616
 117.  58.       -0.1743721998        0.2147633862
 117.  59.        0.0396898786       -0.1672385728
 117.  60.        0.0253468661       -0.4329222631
 117.  61.       -0.3091347802       -0.2333955363
 117.  62.        0.1821969548        0.0719820824
 117.  63.       -0.0249406022        0.3922205983
 117.  64.       -0.2440643070        0.0034199670
 117.  65.        0.1833358721       -0.2792866197
 117.  66.        0.4490687739        0.1359369273
 117.  67.       -0.1658720812        0.2422938563
 117.  68.       -0.0073754150        0.2843422765
 117.  69.       -0.0395537163       -0.0449571497
 117.  70.       -0.3289530324        0.0651040697
 117.  71.        0.2670658685       -0.2332178486
 117.  72.        0.3831302866       -0.5202587635
 117.  73.       -0.6477686357        0.7994390534
 117.  74.        0.3311269245       -0.2345909420
 117.  75.       -0.6383434243       -0.2925842824
 117.  76.        0.1036207470        0.1814304874
 117.  77.       -0.1020083819        0.0609381787
 117.  78.       -0.4682877588       -0.2368545278
 117.  79.        0.3106610202       -0.0395164407
 117.  80.       -0.3303098992       -0.5701451618
 117.  81.        0.3487370624        0.7121199185
 117.  82.        0.3408491656       -0.0072945637
 117.  83.       -0.5106041879       -0.0804185900
 117.  84.        0.1278362794        0.0521762624
 117.  85.       -0.4020510646       -0.0965374366
 117.  86.       -0.1285092941        0.5750398903
 117.  87.        0.3163242765        0.5132025432
 117.  88.       -0.1614051141        0.2723109213
 117.  89.        0.2843697922       -0.0458309583
 117.  90.        0.4847106156        0.2896329187
 117.  91.        0.1225572938        0.1899861135
 117.  92.        0.3683310708        0.1132481765
 117.  93.       -0.0235880469       -0.6426276061
 117.  94.       -0.2962282585        0.2127684681
 117.  95.        0.2055783564       -0.5895669431
 117.  96.       -0.1214333909        0.0085119301
 117.  97.       -0.0228604894       -0.1597289639
 117.  98.        0.0543985319       -0.3818105195
 117.  99.        0.4224165852       -0.2303267479
 117. 100.        0.0508450379       -0.1583068266
 117. 101.        0.0776983403        0.0507504607
 117. 102.       -0.0909065745       -0.0375862786
 117. 103.       -0.0315044129        0.0576570102
 117. 104.       -0.0325220116       -0.2200749162
 117. 105.       -0.5041357287        0.2588589977
 117. 106.        0.4101234943       -0.3563308293
 117. 107.        0.1693018555       -0.4108784506
 117. 108.       -0.3951038035       -0.0440871845
 117. 109.        0.3461028775        0.2700671013
 117. 110.        0.6509154605        0.2608517646
 117. 111.       -0.3507685131        0.2112825428
 117. 112.       -0.0069674583       -0.2786044214
 117. 113.        0.0398740048        0.3025448128
 117. 114.       -0.4929343913       -0.0236633661
 117. 115.       -0.3392232665       -0.3180382749
 117. 116.       -0.3282019631        0.0946370488
 117. 117.       -0.0177481214        0.4335978038
 118.   0.       -0.1057086217        0.0000000000
 118.   1.       -0.2748290995        0.4332460460
 118.   2.        0.0817640633        0.2730273350
 118.   3.       -0.2409070305       -0.5178010732
 118.   4.       -0.1337230618       -0.0545903247
 118.   5.        0.5101977187       -0.1021073835
 118.   6.       -0.0476952054        0.1451072547
 118.   7.       -0.0760186599       -0.0045998052
 118.   8.        0.3993230732        0.2227916161
 118.   9.       -0.1105788840       -0.3418594392
 118.  10.       -0.3012365253        0.1885662862
 118.  11.        0.0863060125       -0.7117551650
 118.  12.        0.0588343462       -0.0913959474
 118.  13.        0.2310160671        0.2260982477
 118.  14.        0.0139321591        0.0810669316
 118.  15.       -0.1160441601       -0.1824530534
 118.  16.        0.1258408235        0.4022229014
 118.  17.        0.2211453330        0.1723752001
 118.  18.        0.0228408351        0.0659495070
 118.  19.       -0.3486152810        0.2045924308
 118.  20.        0.1593126618        0.2095180678
 118.  21.       -0.5071107925        0.1437087475
 118.  22.       -0.0196499189        0.0874363147
 118.  23.        0.2344456405        0.0882285238
 118.  24.        0.5084170976       -0.4723782231
 118.  25.        0.2346294064        0.1385126637
 118.  26.       -0.2273452357        0.1678892169
 118.  27.       -0.0458695912       -0.3387487698
 118.  28.        0.5996153138       -0.4757435468
 118.  29.        0.0327092722       -0.4234988043
 118.  30.       -0.0504572465        0.3938272689
 118.  31.        0.2090328198        0.4760821654
 118.  32.       -0.1197618059       -0.1868163510
 118.  33.       -0.6243725710        0.2568506218
 118.  34.       -0.1725185850       -0.6169404122
 118.  35.       -0.2514723442        0.1572035779
 118.  36.        0.1722707390        0.1145017827
 118.  37.        0.3141807622       -0.1555031903
 118.  38.       -0.0809451490        0.1458372894
 118.  39.       -0.1684598014        0.1896986416
 118.  40.        0.2685492833       -0.2808004043
 118.  41.       -0.1527787899       -0.3792394869
 118.  42.        0.2602197833       -0.1922402405
 118.  43.        0.3235978840        0.0803593571
 118.  44.       -0.2937024897        0.1846394528
 118.  45.        0.2395391745        0.0104870424
 118.  46.       -0.3218089311        0.1174712242
 118.  47.        0.6328242141       -0.0117671394
 118.  48.        0.4545912314        0.0227674848
 118.  49.       -0.8029712714       -0.0547475586
 118.  50.        0.4722682518        0.2653388832
 118.  51.       -0.0357532854       -0.3566997350
 118.  52.        0.0026525720        0.1214501575
 118.  53.       -0.1102741020       -0.2057273279
 118.  54.        0.0651157504       -0.0714857674
 118.  55.        0.0826465170        0.3124897567
 118.  56.       -0.0885185794       -0.2031647930
 118.  57.       -0.1882303060       -0.0377189304
 118.  58.        0.3314166032       -0.0650901670
 118.  59.       -0.4871482883        0.3619903341
 118.  60.       -0.0321902286        0.1661333259
 118.  61.        0.5259448973       -0.2162100129
 118.  62.        0.1807378806       -0.1161792640
 118.  63.        0.3739221124       -0.0978714541
 118.  64.        0.0723692357        0.4892105673
 118.  65.       -0.4514991792        0.0205600280
 118.  66.       -0.0590338839       -0.4464218683
 118.  67.        0.2445449967        0.1098686021
 118.  68.        0.1693707393       -0.0505655134
 118.  69.       -0.2572806839       -0.0146271617
 118.  70.        0.7898539730        0.0243415740
 118.  71.       -0.3332471897       -0.0770559165
 118.  72.       -0.4632035170       -0.1013789052
 118.  73.       -0.0908821114        0.2065832753
 118.  74.       -0.4099873686        0.2945590118
 118.  75.        0.3031390781       -0.4229444888
 118.  76.       -0.2055087211       -0.4116913985
 118.  77.        0.2915760731        0.3405311766
 118.  78.       -0.1974474139       -0.1561093957
 118.  79.       -0.2958218743        0.3079287139
 118.  80.        0.0070645696       -0.1932299357
 118.  81.       -0.1805217348        0.1689121359
 118.  82.        0.3683651604        0.0438851724
 118.  83.        0.0868792682       -0.0146358412
 118.  84.       -0.3763737075        0.3465016950
 118.  85.        0.2172530828       -0.3364608520
 118.  86.       -0.4634486893        0.0637854484
 118.  87.        0.0348572431       -0.0821671372
 118.  88.        0.4944023704        0.4614745908
 118.  89.       -0.4648262667       -0.3260308815
 118.  90.        0.0933687938       -0.2592483725
 118.  91.        0.4477625212        0.5356461361
 118.  92.       -0.1941371291        0.0410908466
 118.  93.        0.1139464040       -0.1810561213
 118.  94.       -0.0252806510       -0.0447769401
 118.  95.       -0.2253477764        0.6298197941
 118.  96.        0.2030640529       -0.2704302911
 118.  97.        0.0307688760        0.5888981646
 118.  98.       -0.1584692789        0.3314358755
 118.  99.       -0.2925904757       -0.0982472302
 118. 100.       -0.0240883110        0.1679971666
 118. 101.        0.1128229797        0.0763854275
 118. 102.       -0.1891244407        0.1293948435
 118. 103.       -0.0210070112       -0.5237053727
 118. 104.        0.2407229665       -0.1833756602
 118. 105.        0.1633438672        0.0380382753
 118. 106.        0.1978834177        0.4397954826
 118. 107.       -0.3152926977        0.0519454288
 118. 108.        0.8194398100        0.0467669130
 118. 109.        0.4559337626        0.1632980649
 118. 110.       -0.2649845054        0.4130553782
 118. 111.       -0.1443499145       -0.2222517940
 118. 112.       -0.2415982418       -0.0369443189
 118. 113.        0.1337627334       -0.8446939294
 118. 114.       -0.1490140173        0.1057327660
 118. 115.       -0.3194746294       -0.2837894312
 118. 116.        0.0705139753       -0.4028094538
 118. 117.        0.0805951463       -0.0147751367
 118. 118.       -0.2595610585        0.2554201903
 119.   0.        0.0055141149        0.0000000000
 119.   1.       -0.0718074343        0.1508294485
 119.   2.       -0.0936197890        0.2278375811
 119.   3.        0.0202597759        0.5178913569
 119.   4.       -0.3167718469        0.3724232306
 119.   5.       -0.2108486586        0.0176665161
 119.   6.        0.1636544769       -0.0304686408
 119.   7.        0.1033520155       -0.0448893844
 119.   8.       -0.0818590452        0.1658586534
 119.   9.        0.5380884355       -0.3205817146
 119.  10.        0.0029477047       -0.2365666947
 119.  11.       -0.5293992603       -0.1704032622
 119.  12.        0.1177478710       -0.4801302334
 119.  13.        0.4243372470       -0.1609524897
 119.  14.       -0.1954092530        0.2993617722
 119.  15.       -0.1009814129       -0.2401469853
 119.  16.       -0.1621663442        0.1751950327
 119.  17.       -0.0305648323        0.1151642168
 119.  18.       -0.3489566862       -0.1152009206
 119.  19.        0.0522465988       -0.2816401824
 119.  20.        0.3856193066       -0.1083730217
 119.  21.        0.0384492525        0.0435155294
 119.  22.       -0.3835397297        0.3947525301
 119.  23.       -0.1181140845        0.1762796802
 119.  24.        0.4368134099       -0.4877445800
 119.  25.        0.3815767983       -0.5031432572
 119.  26.        0.0335011619        0.3440911312
 119.  27.       -0.6394478053        0.3334915327
 119.  28.       -0.2861408427        0.0877268642
 119.  29.        0.0175983655       -0.1616230147
 119.  30.        0.1075069902       -0.3568124568
 119.  31.        0.3752746126        0.0451134081
 119.  32.        0.1017881016        0.3593546297
 119.  33.        0.0052416415        0.1184751619
 119.  34.        0.2517609128        0.2367098236
 119.  35.        0.2095134693       -0.4830181834
 119.  36.        0.0172434312       -0.2277253337
 119.  37.        0.1007218930        0.7715044441
 119.  38.        0.2204129725       -0.2324472424
 119.  39.       -0.2572685710        0.1803443379
 119.  40.        0.0968336647        0.1035978738
 119.  41.        0.0567983060       -0.5833283391
 119.  42.       -0.1315996955       -0.1522917005
 119.  43.        0.2836926646       -0.0625078625
 119.  44.        0.1723918581       -0.0925464236
 119.  45.       -0.1803780188        0.3641875280
 119.  46.        0.2774521736       -0.0273804433
 119.  47.       -0.0967841284       -0.2266666047
 119.  48.        0.4229273649       -0.0008209503
 119.  49.        0.1004917410       -0.1588640377
 119.  50.       -0.0725275966        0.1432035226
 119.  51.        0.2089562928       -0.0380411557
 119.  52.        0.0850145716        0.0678816149
 119.  53.       -0.3148192794        0.4071858229
 119.  54.        0.0124210562       -0.6402865486
 119.  55.        0.0297320528        0.2588624201
 119.  56.       -0.3021528023        0.3729097528
 119.  57.        0.1780608620       -0.3714534216
 119.  58.        0.3351087259        0.2032156851
 119.  59.       -0.3565561106       -0.1051558393
 119.  60.       -0.0191653284        0.0493987997
 119.  61.       -0.1529652119        0.2257240299
 119.  62.        0.2524749143        0.0825317453
 119.  63.        0.1467084487       -0.5655071069
 119.  64.        0.2177230177       -0.4676763432
 119.  65.       -0.1918408378        0.1225748235
 119.  66.       -0.6188775937       -0.0862794629
 119.  67.        0.1960093433       -0.2375748105
 119.  68.        0.5706876026       -0.1246626506
 119.  69.       -0.2303760899        0.1030123399
 119.  70.        0.0395577437        0.2703351536
 119.  71.        0.2626831025        0.3405863635
 119.  72.       -0.1161702423        0.0070110455
 119.  73.        0.2222961464       -0.2008732716
 119.  74.       -0.3281806147       -0.0811569056
 119.  75.       -0.0798129500        0.0516589149
 119.  76.       -0.1374567630       -0.2386314122
 119.  77.        0.1385955830        0.3043563311
 119.  78.        0.1459618698       -0.0504257360
 119.  79.       -0.2071954815       -0.1829704370
 119.  80.       -0.2423272234        0.1335430877
 119.  81.        0.0976143754       -0.0812061995
 119.  82.       -0.3871539529       -0.0900585938
 119.  83.       -0.1184918711        0.7246874044
 119.  84.       -0.3286662459        0.0388361701
 119.  85.       -0.0418332272        0.2156800334
 119.  86.       -0.5301103503       -0.7043005192
 119.  87.       -0.6110976127        0.2696857181
 119.  88.       -0.0227734941       -0.0781897625
 119.  89.        0.0810419998       -0.0946410944
 119.  90.        0.0827692658        0.1941187730
 119.  91.       -0.3641180334        0.2051872665
 119.  92.       -0.0973653831       -0.0341735304
 119.  93.       -0.0771548445        0.0424523306
 119.  94.        0.3947117362       -0.3050195321
 119.  95.        0.0948810219        0.2985513425
 119.  96.        0.4117486385       -0.2502599319
 119.  97.        0.5152414346        0.0425019698
 119.  98.        0.2811152156       -0.1414283036
 119.  99.        0.0292816532       -0.3103013119
 119. 100.       -0.2883265546       -0.0883864716
 119. 101.       -0.1635471096        0.1007914742
 119. 102.       -0.0699432859        0.0066668622
 119. 103.       -0.3497870591        0.1379071941
 119. 104.       -0.0222373269        0.1519378400
 119. 105.        0.1981580221        0.3323833164
 119. 106.        0.1257760776        0.2777997431
 119. 107.        0.4878536100        0.2390053722
 119. 108.       -0.2539085496       -0.1401420723
 119. 109.        0.5859245695        0.2760812167
 119. 110.        0.0688452861        0.1480730244
 119. 111.       -0.4802859789        0.1348178995
 119. 112.       -0.3783275885       -0.3927803766
 119. 113.        0.4832606807        0.4293663870
 119. 114.       -0.5336425605        0.0395626637
 119. 115.       -0.2359298254        0.0927648554
 119. 116.        0.1304977445        0.0194225404
 119. 117.       -0.1655835102       -0.2893615056
 119. 118.       -0.8541890297        0.2873387621
 119. 119.        0.4860666276        0.3912580490
 120.   0.       -0.1009418047        0.0000000000
 120.   1.        0.1520355559        0.0301644570
 120.   2.        0.1155275108       -0.2154088055
 120.   3.        0.0600427502        0.3353841945
 120.   4.        0.3458441275        0.0614136363
 120.   5.       -0.3430202821        0.2876717901
 120.   6.        0.0448466808       -0.3130878851
 120.   7.        0.3314406540        0.3545826176
 120.   8.       -0.3022849136       -0.5439219806
 120.   9.        0.2042283138        0.2435916028
 120.  10.        0.2040010483       -0.1760377000
 120.  11.       -0.0845074930        0.2047071465
 120.  12.       -0.4657114131        0.3354254709
 120.  13.       -0.1998248799       -0.2171815683
 120.  14.        0.0630889105       -0.1679093390
 120.  15.        0.3992853241        0.1645440695
 120.  16.       -0.2367231456       -0.5802815106
 120.  17.       -0.3102334226        0.0190099998
 120.  18.       -0.0572829047        0.2487769129
 120.  19.        0.1435374099       -0.0666292624
 120.  20.       -0.1836187181        0.1110368340
 120.  21.        0.2968839791        0.0633994749
 120.  22.       -0.0216273012        0.0062680595
 120.  23.       -0.2369523134        0.0162333761
 120.  24.       -0.3228646222        0.3824130278
 120.  25.       -0.0696668509       -0.1807324527
 120.  26.       -0.0385279292       -0.0769247698
 120.  27.        0.1593162543        0.0281508910
 120.  28.       -0.5238639408        0.0525644290
 120.  29.       -0.2646052042        0.1551590193
 120.  30.        0.3258603133        0.2997789911
 120.  31.       -0.3987323450       -0.5679100561
 120.  32.        0.1428166674       -0.0269413889
 120.  33.       -0.0256991049       -0.3260571183
 120.  34.        0.0236275399        0.4334328873
 120.  35.       -0.4970093388        0.1837283181
 120.  36.        0.1129552546        0.1263124352
 120.  37.       -0.1114104025       -0.2901219483
 120.  38.       -0.2993134924       -0.0261365390
 120.  39.        0.3672328783       -0.0698061974
 120.  40.       -0.4285774678       -0.0965683702
 120.  41.       -0.0472953698        0.0927340887
 120.  42.        0.0237727363        0.0551566303
 120.  43.       -0.3353620773        0.1429075738
 120.  44.        0.7165568819        0.3895105159
 120.  45.       -0.0487752233        0.0383420429
 120.  46.        0.3093196060        0.1211560273
 120.  47.       -0.1907079617       -0.4030739163
 120.  48.       -0.2469308055       -0.4951917918
 120.  49.        0.4608131678        0.0967901688
 120.  50.       -0.1954370144        0.1625461009
 120.  51.       -0.0822613117        0.1027856298
 120.  52.        0.0698820705        0.1695203877
 120.  53.       -0.3132243027        0.4694379603
 120.  54.       -0.1260029962        0.2259981378
 120.  55.        0.2309012440       -0.3424583758
 120.  56.        0.0465858484       -0.1305461951
 120.  57.       -0.1519460711        0.4084634776
 120.  58.       -0.0436244569        0.0774304508
 120.  59.        0.3865558744        0.2809511736
 120.  60.        0.1365667303       -0.0819700055
 120.  61.        0.3252349009       -0.0806179566
 120.  62.       -0.4801297550       -0.0267496888
 120.  63.        0.2803982234        0.2623876341
 120.  64.       -0.2675817462       -0.4871269503
 120.  65.        0.2494282054        0.1262093393
 120.  66.       -0.2908821878        0.1071238323
 120.  67.       -0.0940645890        0.0443112937
 120.  68.       -0.1580596994        0.1812079071
 120.  69.       -0.0841802207       -0.1340523429
 120.  70.       -0.4368316073       -0.1785155868
 120.  71.        0.1301241319        0.1743115697
 120.  72.        0.3901469408       -0.1854013519
 120.  73.        0.2434308846        0.1097515883
 120.  74.        0.0816725624       -0.0557412036
 120.  75.       -0.1143520443        0.0406042362
 120.  76.        0.0201386835       -0.0327652170
 120.  77.        0.2949048049        0.0290920333
 120.  78.       -0.2401231429        0.5652184712
 120.  79.        0.0416191541       -0.1528653130
 120.  80.       -0.1807956372        0.0084076197
 120.  81.        0.4254161976       -0.2209591313
 120.  82.       -0.0309316024       -0.0432905667
 120.  83.       -0.0170138298        0.3731410625
 120.  84.        0.2478306164       -0.0971133818
 120.  85.       -0.3281363504       -0.2513011789
 120.  86.        0.3543784898       -0.1017102364
 120.  87.       -0.0371724201       -0.0000000337
 120.  88.       -0.4514554989        0.0141791204
 120.  89.        0.1597140175       -0.5145803201
 120.  90.        0.4863079221        0.1247425228
 120.  91.       -0.0045875243        0.0213853467
 120.  92.       -0.3452297852        0.3571075514
 120.  93.        0.0936210916        0.1422176169
 120.  94.       -0.2066851599       -0.1329639676
 120.  95.       -0.1010208564       -0.0311086713
 120.  96.       -0.0004333467        0.3918357240
 120.  97.       -0.3351363773       -0.2623331212
 120.  98.       -0.3118319584       -0.6504638041
 120.  99.        0.3239530963        0.0310778631
 120. 100.        0.3320281021       -0.0505855109
 120. 101.       -0.6674569516        0.2747798706
 120. 102.       -0.4613343111       -0.2966398619
 120. 103.        0.2878841452        0.1897586520
 120. 104.        0.1980825264        0.6878340193
 120. 105.       -0.0738516616        0.3130298413
 120. 106.        0.1001859246        0.0614998095
 120. 107.       -0.0564458190        0.5449525515
 120. 108.        1.2129462161        0.5151774140
 120. 109.       -0.3022163527       -0.4337189929
 120. 110.       -0.0621684457       -0.0699654568
 120. 111.        0.1840299508        0.0005101335
 120. 112.       -0.1256294771        0.2769981558
 120. 113.       -0.0536075627       -0.9865283251
 120. 114.        0.5846823310        0.8805873540
 120. 115.       -0.2607128203        0.1575931439
 120. 116.        0.2679252679       -0.1683354849
 120. 117.       -0.3628862637       -0.2231485106
 120. 118.       -0.3154829245       -0.0985170697
 120. 119.       -0.0093462655       -0.0535834459
 120. 120.        0.1632632316        0.3075618156
 121.   0.       -0.3611441217        0.0000000000
 121.   1.        0.0015549847       -0.0296144338
 121.   2.        0.2829811527       -0.2572477018
 121.   3.       -0.0724363060       -0.4616299947
 121.   4.        0.2669232142       -0.3419529378
 121.   5.        0.1017030276       -0.1225787606
 121.   6.        0.3230314670       -0.2361943475
 121.   7.        0.0649939201        0.2837776852
 121.   8.       -0.0259511509        0.0091372692
 121.   9.       -0.5398990080        0.0509863153
 121.  10.        0.2519448325        0.0127519984
 121.  11.        0.4449127175        0.1601392188
 121.  12.       -0.0442086188       -0.1964822625
 121.  13.       -0.5132200903        0.3377392148
 121.  14.        0.2470836913       -0.3968969984
 121.  15.       -0.2222578289        0.2002645454
 121.  16.       -0.0957153721        0.0686895987
 121.  17.        0.2743017499       -0.2855440882
 121.  18.        0.1949899267        0.2615189494
 121.  19.       -0.0287479116       -0.0465800886
 121.  20.       -0.3128593853       -0.0608011516
 121.  21.        0.0573858371        0.0739711057
 121.  22.        0.1431259815       -0.4507148641
 121.  23.        0.6962665105       -0.0779806536
 121.  24.       -0.2397182756        0.1801643295
 121.  25.        0.1429633202        0.6021462164
 121.  26.       -0.2815080219        0.0119386140
 121.  27.        0.2763357980        0.1184887654
 121.  28.        0.3730468200        0.0769518057
 121.  29.       -0.1208690096       -0.2717289075
 121.  30.        0.2574687302        0.3644518233
 121.  31.        0.2192428222        0.3446766582
 121.  32.       -0.2934335782       -0.0991321623
 121.  33.       -0.2748413186       -0.4614121318
 121.  34.       -0.2850974691       -0.4957726894
 121.  35.        0.2317910473        0.0672418920
 121.  36.        0.1963184081        0.7434676001
 121.  37.       -0.5631087319       -0.0014593919
 121.  38.       -0.2366813412        0.2255847530
 121.  39.        0.2082731642       -0.0469776829
 121.  40.        0.2633507202       -0.1900748832
 121.  41.       -0.4721808656        0.1367349282
 121.  42.        0.4432401653       -0.4486900929
 121.  43.       -0.1337745407       -0.2360467366
 121.  44.       -0.0706832655        0.2749429607
 121.  45.        0.0720146489        0.0680792134
 121.  46.       -0.1714199671        0.0978482314
 121.  47.        0.2047366317        0.1504787572
 121.  48.        0.0207795511        0.2803742003
 121.  49.        0.0157233792        0.0723394625
 121.  50.        0.2619596765       -0.0179874066
 121.  51.       -0.0923471738       -0.2583608011
 121.  52.        0.1890385563       -0.1346999978
 121.  53.        0.3023687115       -0.1417679404
 121.  54.       -0.0754142481        0.3983017742
 121.  55.       -0.0749865201       -0.0004198674
 121.  56.        0.4046984929       -0.3273131721
 121.  57.       -0.1121604361        0.0009154931
 121.  58.        0.0012886283       -0.1540680477
 121.  59.        0.3149085881        0.0760288967
 121.  60.       -0.0775023973       -0.0015826705
 121.  61.        0.5658715381        0.2354732226
 121.  62.       -0.1259608972       -0.3821990924
 121.  63.       -0.5057289524        0.2242243992
 121.  64.       -0.1710776110        0.6643018432
 121.  65.       -0.2253971833        0.2531860711
 121.  66.        0.3667708276       -0.5243257035
 121.  67.       -0.2345379336       -0.0249907268
 121.  68.       -0.2459631407        0.1173757189
 121.  69.        0.3412819127        0.0081230990
 121.  70.        0.0527784048        0.0515846414
 121.  71.       -0.5956737351        0.1452604508
 121.  72.        0.0213235540       -0.3196391854
 121.  73.        0.1337580162       -0.0355465104
 121.  74.        0.2243139103        0.3865610270
 121.  75.        0.1121859379        0.6375729225
 121.  76.        0.3482419632       -0.2265769685
 121.  77.       -0.1577666786        0.1091203505
 121.  78.        0.0492868590        0.0264496289
 121.  79.        0.1069212664        0.2744800665
 121.  80.       -0.1403155742        0.2245153995
 121.  81.       -0.1619100110       -0.0399190463
 121.  82.        0.3549388108       -0.1444349724
 121.  83.        0.1012371376        0.3090709019
 121.  84.        0.3499059612       -0.1051655657
 121.  85.        0.2259288520       -0.2183385810
 121.  86.       -0.3679795506       -0.4381617729
 121.  87.       -0.2146848092       -0.4013634999
 121.  88.       -0.1825259082        0.1210462234
 121.  89.        0.1839628943       -0.0453728784
 121.  90.       -0.0089999205        0.1111201669
 121.  91.        0.2668195075       -0.2409977457
 121.  92.        0.2464860688       -0.0174039366
 121.  93.       -0.4888935450        0.3666998640
 121.  94.       -0.1176859912        0.1331078476
 121.  95.       -0.1235814077       -0.3402710977
 121.  96.       -0.4687650053       -0.0225590249
 121.  97.        0.1975243596        0.5887387523
 121.  98.       -0.1787879003       -0.0192487472
 121.  99.       -0.1441964808       -0.2619427738
 121. 100.        0.4253428034       -0.4899954246
 121. 101.       -0.0542462816        0.7851030465
 121. 102.       -0.1465972342        0.3969792397
 121. 103.        0.3092978324       -0.2882557346
 121. 104.       -0.1796272644        0.1613033742
 121. 105.        0.3345968414       -0.1103768328
 121. 106.       -0.6932421340        0.5231316628
 121. 107.       -0.0935537209       -0.1747721412
 121. 108.        0.3765885597        0.0308891002
 121. 109.        0.0928394452        0.1261604173
 121. 110.       -0.7408164267       -0.5951887619
 121. 111.       -0.0949513238        0.4053930893
 121. 112.        0.4785485000       -0.6888350300
 121. 113.        0.2477940222        0.7047638725
 121. 114.       -0.4073673938       -0.2519139518
 121. 115.        0.1645679299       -0.1089454339
 121. 116.       -0.5322550002        0.2380552177
 121. 117.        0.3730853086       -0.1172981650
 121. 118.       -0.5715256564        0.0671413783
 121. 119.       -0.1853482053        0.1894917114
 121. 120.        0.0772944026        0.1604436722
 121. 121.        0.2237669474        0.1809593218
 122.   0.        0.1130492548        0.0000000000
 122.   1.       -0.0676123894       -0.3943143717
 122.   2.       -0.3041120519        0.0979533768
 122.   3.       -0.0189208606       -0.1554523093
 122.   4.       -0.4528705563       -0.3055082295
 122.   5.       -0.1438984453       -0.1649776305
 122.   6.        0.0796563831        0.1935409620
 122.   7.       -0.2620370067       -0.4390044104
 122.   8.        0.0690788544        0.5522748495
 122.   9.       -0.2151587130        0.0981396151
 122.  10.       -0.1633306479        0.2301825617
 122.  11.       -0.0818587435        0.3190429577
 122.  12.        0.2959336394       -0.2387704614
 122.  13.       -0.1551073925        0.0153552809
 122.  14.       -0.1570485329        0.1886672623
 122.  15.       -0.1624615688        0.2006903030
 122.  16.       -0.0461915305        0.1760493358
 122.  17.        0.2988625678        0.0098354423
 122.  18.       -0.0400678562       -0.0916636291
 122.  19.        0.0640126651        0.0316858804
 122.  20.        0.2979429738       -0.2293346338
 122.  21.        0.1623186578       -0.2305679688
 122.  22.       -0.1653207917       -0.2721356634
 122.  23.       -0.1439509625       -0.0705566533
 122.  24.        0.1533972202        0.0478359729
 122.  25.       -0.2908583117        0.3429449978
 122.  26.        0.3863771220        0.4234730888
 122.  27.       -0.0545952846        0.1245846022
 122.  28.       -0.0017103319       -0.0715490406
 122.  29.       -0.1083752865        0.0109132265
 122.  30.       -0.2516133112       -0.1765391005
 122.  31.        0.3428673443        0.3768854867
 122.  32.       -0.1507757184       -0.0296707823
 122.  33.        0.1276745481        0.5013929586
 122.  34.        0.0618581297       -0.4226545502
 122.  35.        0.6442203289       -0.2312019439
 122.  36.       -0.1355157571        0.0406418891
 122.  37.        0.3904985535        0.3011769325
 122.  38.        0.3404799995        0.0090776847
 122.  39.       -0.7393811548        0.1350091221
 122.  40.        0.2792394132        0.3754586838
 122.  41.        0.1497116037       -0.1668296537
 122.  42.       -0.0278251107        0.3441767493
 122.  43.        0.3026903948       -0.1813013852
 122.  44.       -0.3309072050       -0.0404006538
 122.  45.       -0.1189666916        0.0346960640
 122.  46.       -0.1265093821        0.1446817325
 122.  47.       -0.2285322405        0.2158009406
 122.  48.        0.0399425695       -0.1054048194
 122.  49.        0.3568992226        0.0659810543
 122.  50.       -0.0145895466       -0.1455326134
 122.  51.        0.3967995332        0.2035914876
 122.  52.       -0.5189994262       -0.1493889630
 122.  53.        0.3514953522       -0.3281768975
 122.  54.        0.4326969146       -0.2141146935
 122.  55.       -0.4867489085        0.0080335481
 122.  56.       -0.0958476223       -0.1896953408
 122.  57.        0.3591752118       -0.2362812589
 122.  58.       -0.2459783719        0.0259514652
 122.  59.       -0.3742208809       -0.3840005509
 122.  60.        0.1195633163        0.0404099499
 122.  61.        0.0758895557       -0.0334429621
 122.  62.        0.3137360090       -0.1158002641
 122.  63.       -0.4324162511       -0.1427753122
 122.  64.        0.0412216364        0.1640195004
 122.  65.       -0.0675465364        0.1651216985
 122.  66.       -0.0337229708        0.2452063898
 122.  67.        0.0205261863       -0.1880242476
 122.  68.        0.0509548032       -0.1175375719
 122.  69.       -0.1035490393        0.1966994084
 122.  70.        0.1397333001       -0.0979138424
 122.  71.        0.3296353135        0.1535048074
 122.  72.       -0.0923735534       -0.0730608533
 122.  73.        0.0653742744       -0.6609876608
 122.  74.       -0.0708126646       -0.2987278740
 122.  75.        0.0901494098       -0.0216470286
 122.  76.        0.0533246997        0.1175012060
 122.  77.       -0.3896597268        0.1331817146
 122.  78.       -0.0149815086        0.1066746555
 122.  79.       -0.1414699918        0.2527896867
 122.  80.        0.1915713631        0.1589656507
 122.  81.        0.4079728541        0.2186818390
 122.  82.        0.1730511762       -0.0328009775
 122.  83.        0.4332217174        0.3549228366
 122.  84.       -0.0578946830       -0.1318114213
 122.  85.       -0.1960284313       -0.1030689735
 122.  86.       -0.2732664498        0.2569850046
 122.  87.       -0.0571780833       -0.0508189905
 122.  88.       -0.0257111506       -0.2445199903
 122.  89.        0.0588411558        0.2865565473
 122.  90.       -0.2054460185        0.3068802733
 122.  91.        0.3494072851       -0.1464684281
 122.  92.        0.0871503254       -0.3405098438
 122.  93.        0.1223417210        0.3020728672
 122.  94.        0.3539097624        0.0308888197
 122.  95.        0.1060256951        0.4787545179
 122.  96.       -0.0537771419       -0.4304495170
 122.  97.        0.1793368758       -0.1208571080
 122.  98.        0.2339061017       -0.1410363191
 122.  99.       -0.2682007103        0.1641471873
 122. 100.        0.1634813492       -0.1612787716
 122. 101.       -0.2833496693       -0.2308135815
 122. 102.        0.2669575152        0.0889402222
 122. 103.        0.3190731492       -0.1711805257
 122. 104.        0.1549042935       -0.3264115331
 122. 105.        0.0778014150        0.1110398379
 122. 106.       -0.3352167059       -0.1286587135
 122. 107.        0.0046894937        0.0108323108
 122. 108.        0.1410305172        0.2920149045
 122. 109.        0.1772978780        0.0783536024
 122. 110.       -0.3481052058       -0.3949729368
 122. 111.       -0.5501263643       -0.2298116561
 122. 112.        0.3027235633       -0.6589350029
 122. 113.        0.3534078302        0.1542179598
 122. 114.       -0.0284662017        0.1531496876
 122. 115.       -0.2166726204       -0.3327568459
 122. 116.        0.1062539236       -0.1503765535
 122. 117.       -0.0816357896        0.4542270560
 122. 118.        0.1317655780       -0.3982690419
 122. 119.        0.1375534596       -0.1974737836
 122. 120.       -0.0474719043       -0.1006636678
 122. 121.        0.1001867210        0.1887868652
 122. 122.        0.1477699633       -0.0903176527
 123.   0.        0.0015012475        0.0000000000
 123.   1.       -0.0024215513       -0.0223974489
 123.   2.       -0.4187514712       -0.1156851839
 123.   3.       -0.2155108787        0.3349593081
 123.   4.        0.2582176774       -0.0167384014
 123.   5.       -0.0436212303       -0.0119393328
 123.   6.       -0.4612620056        0.2481385465
 123.   7.       -0.0023328320       -0.3605581228
 123.   8.        0.3894962291       -0.1352425508
 123.   9.        0.1544056106        0.4127056954
 123.  10.       -0.2190169000        0.1863775594
 123.  11.       -0.0371175270       -0.0913668348
 123.  12.        0.3266536138        0.3477342050
 123.  13.        0.4380311510       -0.3767933482
 123.  14.       -0.0785824026        0.2216209350
 123.  15.        0.0545380281       -0.0506304839
 123.  16.        0.2275701952       -0.1408785084
 123.  17.       -0.2739921343        0.0812761638
 123.  18.        0.0423073172       -0.1998987617
 123.  19.       -0.0418233786        0.0182615939
 123.  20.       -0.0588538963        0.2610497430
 123.  21.        0.0469209906       -0.1933820682
 123.  22.        0.0785360788        0.1306976073
 123.  23.       -0.6514822713        0.0340161235
 123.  24.        0.2555350941       -0.2684231114
 123.  25.       -0.2050424745       -0.2384312432
 123.  26.        0.3141044975        0.0827440754
 123.  27.        0.1469612908       -0.0290381674
 123.  28.        0.1080285693       -0.1811527643
 123.  29.       -0.0243376369        0.2468144180
 123.  30.       -0.4766638738       -0.5431948395
 123.  31.       -0.4182907084       -0.1131523626
 123.  32.        0.3900620959        0.0454533389
 123.  33.       -0.1990298003        0.0511973908
 123.  34.       -0.0092124806        0.5163987566
 123.  35.        0.2242689969        0.3371043754
 123.  36.       -0.1409430695       -0.6649997660
 123.  37.        0.0876699554       -0.0460659939
 123.  38.       -0.1362726391       -0.0307936052
 123.  39.        0.0594008377       -0.4391419562
 123.  40.       -0.2073604868        0.2858400476
 123.  41.       -0.0149368948       -0.2268101232
 123.  42.       -0.2090933439        0.1582452320
 123.  43.       -0.0250797163       -0.0352053540
 123.  44.        0.0784207679       -0.2857513721
 123.  45.       -0.7395779178       -0.0896616937
 123.  46.       -0.0329672442        0.5408190158
 123.  47.       -0.0210069045       -0.3720759867
 123.  48.       -0.3236096746       -0.2362443536
 123.  49.        0.0891366194       -0.0857203312
 123.  50.       -0.0634474881       -0.4490251790
 123.  51.       -0.1834632772        0.4605891753
 123.  52.       -0.0099592493        0.2859839691
 123.  53.       -0.2110351454        0.0242010329
 123.  54.        0.1194550672        0.2816524312
 123.  55.        0.3386010613       -0.0714015420
 123.  56.       -0.3197458837        0.1191858874
 123.  57.        0.1170843442       -0.1461715309
 123.  58.       -0.0993916670        0.0337414246
 123.  59.       -0.1331600489        0.3392577425
 123.  60.        0.2789342379        0.1653977866
 123.  61.       -0.2544958666        0.0068910083
 123.  62.        0.2434112159        0.1039657251
 123.  63.        0.2396319687        0.0493642677
 123.  64.        0.0793470292        0.2139185166
 123.  65.        0.2252519247       -0.1357011127
 123.  66.       -0.2760333713        0.2354914553
 123.  67.       -0.2921392716        0.1813106522
 123.  68.        0.0770190960        0.0734687446
 123.  69.       -0.2145455649       -0.3782195622
 123.  70.       -0.1989423505        0.0506775403
 123.  71.        0.4411590342       -0.3301354011
 123.  72.        0.3704049975       -0.0086906787
 123.  73.       -0.6205535166        0.7251513567
 123.  74.        0.2525274552       -0.3710951403
 123.  75.       -0.1902558697       -0.0594204369
 123.  76.        0.1619918924       -0.0202954566
 123.  77.        0.0254103800       -0.3035938203
 123.  78.        0.1772697635        0.0951806182
 123.  79.        0.3233545051        0.1267329608
 123.  80.       -0.1894553497       -0.4706789111
 123.  81.        0.0946225403        0.0792582990
 123.  82.        0.3390502221        0.1396096624
 123.  83.        0.1513502959        0.0697702356
 123.  84.       -0.0936597080       -0.1720260930
 123.  85.       -0.6459921958       -0.0628269824
 123.  86.        0.2492529500        0.7864264563
 123.  87.        0.5158794488       -0.0417376892
 123.  88.        0.1643419253        0.2734623061
 123.  89.       -0.4581541764       -0.0688270817
 123.  90.       -0.2746648726        0.3139224231
 123.  91.        0.3148113534       -0.0276675561
 123.  92.        0.1306193317       -0.1051656057
 123.  93.       -0.1893755251       -0.1516133331
 123.  94.        0.1079990183       -0.2554537450
 123.  95.        0.1751509724       -0.3534032371
 123.  96.        0.3699127885        0.6258649113
 123.  97.       -0.4474632441        0.4173143845
 123.  98.        0.2666844389       -0.4055940015
 123.  99.        0.0905441940       -0.0399088780
 123. 100.       -0.1109973671        0.0409076081
 123. 101.       -0.2549932137        0.1459439823
 123. 102.       -0.0056012232       -0.1002831858
 123. 103.        0.1814887106       -0.1349475293
 123. 104.       -0.0070363534       -0.2638456293
 123. 105.       -0.0083960017       -0.0895736011
 123. 106.       -0.1837819488       -0.1487082585
 123. 107.        0.3297467351       -0.2352351454
 123. 108.       -0.0775162412       -0.0501376228
 123. 109.        0.0286665019        0.0611669156
 123. 110.        0.5802692236        0.3253312184
 123. 111.        0.3087724936       -0.1053754404
 123. 112.       -0.0150689839        0.1383943750
 123. 113.       -0.1679101711       -0.0162085205
 123. 114.        0.1354053701       -0.0946830523
 123. 115.        0.2298560720        0.2123829970
 123. 116.       -0.1559176218       -0.1521758212
 123. 117.        0.3668264042       -0.9259461087
 123. 118.        0.2107954541        0.3521583219
 123. 119.       -0.3501913826       -0.0074268443
 123. 120.       -0.3498523242       -0.4997869070
 123. 121.       -0.1651013523       -0.6605814057
 123. 122.        0.0461427062       -0.0746341244
 123. 123.        0.1019500204       -0.1492348294
 124.   0.       -0.1390284597        0.0000000000
 124.   1.       -0.0735062109        0.1635122479
 124.   2.        0.2190727166       -0.0524030202
 124.   3.        0.0391148956        0.2089192691
 124.   4.        0.1027735959        0.2489851692
 124.   5.        0.3979156525        0.0011384700
 124.   6.       -0.1188935540        0.0627548659
 124.   7.       -0.1201478441        0.4506116910
 124.   8.       -0.1853775776       -0.2019017449
 124.   9.        0.1607299010       -0.3545536416
 124.  10.       -0.0005488789       -0.1970941864
 124.  11.        0.1356281972       -0.2407354355
 124.  12.       -0.1704698723        0.0187197846
 124.  13.        0.2202501722        0.4517204057
 124.  14.        0.1636878404       -0.2320736608
 124.  15.       -0.0655587597       -0.3915232932
 124.  16.        0.2332549295        0.1360075237
 124.  17.       -0.2803571255       -0.2219701912
 124.  18.        0.1695750230        0.0710310307
 124.  19.       -0.0327823608       -0.2043948036
 124.  20.        0.2575177173        0.0497736960
 124.  21.       -0.4507335389       -0.0231411050
 124.  22.        0.2016053509        0.1795539602
 124.  23.        0.3964565366       -0.1302498933
 124.  24.       -0.0565511226        0.1988199334
 124.  25.        0.3409743366       -0.2616553601
 124.  26.       -0.4101071204        0.0404333614
 124.  27.       -0.1241687006        0.1767290053
 124.  28.        0.1260508064       -0.2961959798
 124.  29.       -0.0323610266       -0.3009584627
 124.  30.        0.2084106291        0.2610518272
 124.  31.        0.0797333073        0.0148728691
 124.  32.       -0.3907783820       -0.1578830020
 124.  33.        0.1953412834        0.1152492553
 124.  34.        0.1597248172       -0.3838197092
 124.  35.        0.1921802997        0.4089677716
 124.  36.        0.1959968200        0.1987079863
 124.  37.        0.5021749623       -0.1358751653
 124.  38.       -0.6153854860        0.2740320576
 124.  39.       -0.0069510386       -0.0548986149
 124.  40.        0.2868068955       -0.5206664098
 124.  41.        0.1696463698        0.2647973572
 124.  42.       -0.1579975219       -0.1812823680
 124.  43.        0.0154554409        0.2077535183
 124.  44.        0.1271013627        0.2217546606
 124.  45.        0.1016694873       -0.2299799411
 124.  46.       -0.1755059931        0.0539499113
 124.  47.       -0.0464361114        0.1961564578
 124.  48.       -0.4477641330        0.1127910093
 124.  49.       -0.6730054285       -0.3009869648
 124.  50.       -0.0394846783       -0.1421148331
 124.  51.       -0.1445197496       -0.1917249862
 124.  52.        0.2231148510       -0.0494051245
 124.  53.       -0.0751994977       -0.2223511235
 124.  54.       -0.2259120228       -0.2264841833
 124.  55.        0.1076242095        0.3663670383
 124.  56.       -0.1592308508        0.0137479599
 124.  57.       -0.1480881707       -0.0432675128
 124.  58.        0.2188548730        0.0249422047
 124.  59.        0.1502312596        0.2057316422
 124.  60.        0.0064528961        0.0797926011
 124.  61.       -0.2977239072       -0.0857500398
 124.  62.       -0.0135900228        0.0461340900
 124.  63.        0.1935433583       -0.0530600560
 124.  64.        0.4651988058        0.0006018509
 124.  65.       -0.3123429006       -0.2162409023
 124.  66.        0.0752122872       -0.2597593608
 124.  67.       -0.0181782585        0.1937985176
 124.  68.       -0.1080892711       -0.0163047964
 124.  69.       -0.1545349714       -0.2012889933
 124.  70.       -0.4139830333        0.2190556210
 124.  71.       -0.3930113094        0.2265125097
 124.  72.        0.4591100191        0.4575601318
 124.  73.       -0.1411352395        0.0726604384
 124.  74.        0.2196601337       -0.0394852743
 124.  75.       -0.0308476355       -0.0318637300
 124.  76.        0.2966113817        0.2780419083
 124.  77.        0.4646142257       -0.2165692141
 124.  78.       -0.4300795564       -0.2143032748
 124.  79.       -0.2617740654       -0.0864496589
 124.  80.       -0.0672431172        0.1404328284
 124.  81.        0.1478733502       -0.2405661273
 124.  82.       -0.0341645241       -0.1503383227
 124.  83.       -0.0294672553       -0.0391748286
 124.  84.        0.0231037715       -0.0675690334
 124.  85.       -0.0048751466       -0.4218278287
 124.  86.       -0.0051049216       -0.0883832255
 124.  87.        0.8334650269        0.1933478659
 124.  88.       -0.0286831786       -0.4956875194
 124.  89.        0.0428446047        0.0286935357
 124.  90.       -0.2594584350       -0.3916559531
 124.  91.        0.1642039359       -0.1650931460
 124.  92.        0.2981371458       -0.0772418557
 124.  93.        0.0001106288        0.4236408169
 124.  94.       -0.1797165401        0.1310375345
 124.  95.        0.2419194398       -0.1963547230
 124.  96.        0.1118248717       -0.5279957319
 124.  97.        0.1908081171        0.4837775001
 124.  98.        0.1285125941        0.2530915873
 124.  99.       -0.0091749408       -0.0752641818
 124. 100.       -0.0199893729       -0.0923275026
 124. 101.       -0.0384129979       -0.1334825335
 124. 102.        0.4824500034       -0.0082985411
 124. 103.       -0.0833597566        0.0602966935
 124. 104.        0.1147892937       -0.2816920463
 124. 105.        0.2440911350       -0.1007776434
 124. 106.       -0.2980816353       -0.6100893412
 124. 107.        0.1350241320        0.2105175857
 124. 108.       -0.1687456576       -0.1457138589
 124. 109.        0.8217020834       -0.0872335888
 124. 110.       -0.2100996351        0.2060478026
 124. 111.        0.4048677877        0.1867967708
 124. 112.        0.3514824319        0.2737954070
 124. 113.        0.0744405101       -0.0228676261
 124. 114.        0.0681398581       -0.1641360178
 124. 115.        0.0578234963        0.2337942981
 124. 116.        0.6471365546       -0.4091890877
 124. 117.        0.1093652844        0.0065019787
 124. 118.        0.0793243554       -0.4136265318
 124. 119.        0.3273308571        0.5927593204
 124. 120.       -0.1931792142       -0.3360465838
 124. 121.        0.1276725844        0.0069490229
 124. 122.       -0.5251707846       -0.0649388018
 124. 123.        0.2969709918        0.2239530190
 124. 124.        0.3107359675        0.1468320830
 125.   0.        0.2160699489        0.0000000000
 125.   1.        0.0512916657        0.1519651213
 125.   2.        0.2086029612        0.3279364724
 125.   3.        0.3909159369       -0.1459396918
 125.   4.       -0.6349500466       -0.0656570786
 125.   5.       -0.0479560433        0.0573534254
 125.   6.        0.2455502162       -0.2420008814
 125.   7.       -0.0651763312        0.2989208329
 125.   8.       -0.1190191165        0.2926509663
 125.   9.       -0.0130537937       -0.5353409314
 125.  10.       -0.0442689218       -0.4084248893
 125.  11.       -0.1122712479        0.1392706526
 125.  12.       -0.1540075872       -0.2515058902
 125.  13.        0.0076473598        0.2023480332
 125.  14.       -0.2235329218        0.1893158587
 125.  15.        0.0221280795       -0.0693586641
 125.  16.       -0.0324716604       -0.1211416255
 125.  17.        0.1216860790       -0.0939403043
 125.  18.       -0.1482138183       -0.0924272132
 125.  19.        0.1039833883        0.1466266315
 125.  20.        0.0829330475       -0.2030275862
 125.  21.        0.2216084072        0.0337377214
 125.  22.       -0.2410112511        0.2496429300
 125.  23.        0.1156604296       -0.2594141111
 125.  24.       -0.2725632831        0.2791059098
 125.  25.        0.3815689519        0.1520335428
 125.  26.        0.0160341163        0.0148060967
 125.  27.       -0.3332994807        0.2968243712
 125.  28.       -0.2802900088       -0.2080684022
 125.  29.       -0.0662037414       -0.2673769552
 125.  30.        0.1557019140        0.4783241691
 125.  31.        0.2298692039        0.2997882707
 125.  32.       -0.1023620033       -0.0137254109
 125.  33.       -0.2659971003        0.2072918626
 125.  34.        0.2928292474        0.1792562761
 125.  35.       -0.1296790948       -0.5573515019
 125.  36.       -0.1032822558        0.1750572200
 125.  37.       -0.2366407433       -0.1846621913
 125.  38.       -0.0051933893       -0.0980074252
 125.  39.       -0.1042104675        0.3503217165
 125.  40.        0.1141106556       -0.4095637922
 125.  41.       -0.1031240014        0.0944137075
 125.  42.       -0.1749304037        0.2669510743
 125.  43.        0.1364733208        0.0346687432
 125.  44.       -0.2854204135       -0.0463918047
 125.  45.        0.3643354644        0.3222045095
 125.  46.        0.2283152281       -0.2553769124
 125.  47.        0.0126650336       -0.0064941801
 125.  48.        0.1385888921        0.1749338147
 125.  49.       -0.2532722767       -0.2474895091
 125.  50.        0.0456321969        0.2186489978
 125.  51.        0.2349412934        0.0279210594
 125.  52.       -0.5142917322       -0.0442113714
 125.  53.       -0.4078504662        0.1087414117
 125.  54.       -0.1686424204       -0.2426064589
 125.  55.       -0.0876547888        0.3325685748
 125.  56.       -0.1323035491        0.0402029124
 125.  57.        0.1029417313       -0.0545539044
 125.  58.       -0.0437577293       -0.1239814790
 125.  59.        0.0664836209       -0.3918158893
 125.  60.        0.1696123548        0.2041555208
 125.  61.       -0.3473528493        0.0576849629
 125.  62.       -0.2057803033       -0.0775329150
 125.  63.       -0.2322119509       -0.3780274380
 125.  64.        0.1184154339       -0.1707279966
 125.  65.        0.1258251207       -0.1170941191
 125.  66.       -0.4572539595       -0.0029012242
 125.  67.       -0.2206954779       -0.0481517077
 125.  68.       -0.0939072828       -0.0069154442
 125.  69.        0.2161576858        0.1272149040
 125.  70.        0.1817390948        0.6637484439
 125.  71.       -0.1469735566       -0.3683922812
 125.  72.       -0.0285304777        0.6580919755
 125.  73.        0.2038102802       -0.1082345081
 125.  74.       -0.0880999266        0.1072037249
 125.  75.       -0.1528111374       -0.0297123413
 125.  76.        0.0892886836       -0.1427668367
 125.  77.        0.0728519839        0.3466604895
 125.  78.       -0.0820523975        0.1566441689
 125.  79.       -0.2997841436       -0.2609169685
 125.  80.       -0.1893847410       -0.4000282818
 125.  81.       -0.0047256470        0.0841279159
 125.  82.        0.0605999973        0.2673058726
 125.  83.       -0.2037767193       -0.0974587119
 125.  84.       -0.1627291555        0.1387957063
 125.  85.       -0.0191887325        0.3668416050
 125.  86.        0.2808702895       -0.1265347222
 125.  87.        0.1480058407        0.1308588231
 125.  88.        0.3795501371       -0.2263984874
 125.  89.        0.0015079020        0.2788359722
 125.  90.        0.1881672496       -0.0293817251
 125.  91.       -0.2815650699       -0.4074770973
 125.  92.       -0.1439299160       -0.3041442004
 125.  93.        0.0146349949        0.4281639479
 125.  94.        0.2488101771        0.3477298707
 125.  95.       -0.3466539678       -0.2103916796
 125.  96.        0.4367006765       -0.2339555825
 125.  97.       -0.0800797653       -0.0011205180
 125.  98.       -0.0880491720       -0.0431004932
 125.  99.       -0.5819225851       -0.0548940227
 125. 100.       -0.0800176085        0.4371410179
 125. 101.       -0.0722327040       -0.5308169897
 125. 102.        0.2142928412        0.2129712046
 125. 103.        0.4331912484        0.0278144108
 125. 104.       -0.0529136483        0.4221111311
 125. 105.        0.1956601247       -0.0628472567
 125. 106.        0.0452065877       -0.8158514715
 125. 107.       -0.2868564935       -0.0459872314
 125. 108.        0.1756702500       -0.0460729746
 125. 109.       -0.3547507466        0.0687921105
 125. 110.        0.2277587538        0.0258910545
 125. 111.        0.2335222811        0.6587382823
 125. 112.        0.1605162721        0.5971593684
 125. 113.        0.0120004123       -0.0718028235
 125. 114.        0.0156686023        0.1710083485
 125. 115.       -0.1792963992       -0.5788905568
 125. 116.        0.0413247680        0.5736764581
 125. 117.        0.3072945412       -0.4464521003
 125. 118.       -0.2467083228        0.2071792485
 125. 119.       -0.5293902922        0.1860719839
 125. 120.        0.7606655212       -0.2022981978
 125. 121.       -0.3416513615        0.2443762245
 125. 122.        0.2337952487        0.1384285672
 125. 123.       -0.2829693899       -0.0093531050
 125. 124.        0.0705186802       -0.4748920260
 125. 125.        0.4296882922        0.5355333563
 126.   0.        0.0599686536        0.0000000000
 126.   1.        0.2312430281        0.0551586921
 126.   2.       -0.1099348871        0.0212237177
 126.   3.        0.1086376529       -0.0945494343
 126.   4.        0.4535683630        0.0664589582
 126.   5.       -0.3933541543       -0.0455732787
 126.   6.        0.1911575582       -0.1785859457
 126.   7.        0.2123821848       -0.2810967597
 126.   8.        0.0731066506       -0.1385230536
 126.   9.       -0.0978357624        0.3129925556
 126.  10.        0.0474407423       -0.0716797238
 126.  11.       -0.1506523728        0.0427443165
 126.  12.        0.1204206683        0.1263445138
 126.  13.       -0.0382153302       -0.3619872558
 126.  14.        0.0829536796        0.0752301147
 126.  15.        0.0675336833        0.4874292924
 126.  16.       -0.1889165059        0.0960786450
 126.  17.        0.0631476969        0.1258632810
 126.  18.       -0.2108025866       -0.1018763964
 126.  19.       -0.1164804480        0.2211733841
 126.  20.       -0.5966362281        0.2530246319
 126.  21.        0.4206803521        0.1318293949
 126.  22.       -0.1070203750       -0.0408562995
 126.  23.        0.2140938838        0.1949684099
 126.  24.        0.1939315924       -0.3796585539
 126.  25.       -0.1260501346        0.1673512232
 126.  26.        0.2817163452       -0.0364618684
 126.  27.        0.5634385090        0.2350029372
 126.  28.       -0.1706476135        0.3557549363
 126.  29.        0.0323695813        0.0157957320
 126.  30.        0.0266390810        0.0317805611
 126.  31.        0.1504266421       -0.1808669036
 126.  32.        0.1266412220       -0.1436983532
 126.  33.       -0.1179248214       -0.4154251137
 126.  34.       -0.3218975405        0.2942339522
 126.  35.       -0.1515818991       -0.0205911156
 126.  36.        0.0518336065       -0.4361401633
 126.  37.       -0.1712867522        0.1626746219
 126.  38.        0.2079812846       -0.0724873621
 126.  39.        0.2564509228        0.2476436350
 126.  40.       -0.3810323279        0.2221858024
 126.  41.       -0.0104101847       -0.2281975023
 126.  42.        0.1872867389       -0.0681849558
 126.  43.        0.0770698782       -0.0038132635
 126.  44.        0.2526337987        0.2264655297
 126.  45.        0.0147846192        0.3521683778
 126.  46.       -0.1518926859       -0.3938797348
 126.  47.        0.0363486283       -0.2055414882
 126.  48.        0.1605935785        0.2247259341
 126.  49.        0.3310073880       -0.0976839773
 126.  50.       -0.3184690471       -0.0192198479
 126.  51.        0.1307747876        0.2998078402
 126.  52.        0.3300720081        0.1115601014
 126.  53.       -0.0424100012        0.1274366286
 126.  54.        0.4215207779        0.0534437049
 126.  55.        0.2089717179        0.1438471511
 126.  56.        0.5198172023        0.2973604641
 126.  57.        0.2252473085        0.2272337171
 126.  58.       -0.1540703736       -0.1825605027
 126.  59.        0.1143821765        0.1613745639
 126.  60.        0.2945635635       -0.2907131833
 126.  61.        0.2402646350        0.2498774905
 126.  62.       -0.4478724726        0.1105343899
 126.  63.        0.0167981382       -0.3011682014
 126.  64.        0.0067313508        0.1263410542
 126.  65.        0.1194905214        0.0851429705
 126.  66.        0.5192364224       -0.4020571501
 126.  67.       -0.5136292728        0.1189245553
 126.  68.        0.1113609685        0.0358051999
 126.  69.        0.0452599495        0.0016038812
 126.  70.       -0.1094265934       -0.0673853108
 126.  71.        0.3245871646        0.0657529783
 126.  72.       -0.1220784286       -0.4154353288
 126.  73.       -0.3408702952        0.0940547975
 126.  74.       -0.1515921769        0.0079793828
 126.  75.       -0.2668802829        0.3526476135
 126.  76.        0.1955891913       -0.0993859719
 126.  77.       -0.0232353115       -0.0932874759
 126.  78.        0.3224718210        0.5173362653
 126.  79.        0.0841398667        0.0566331417
 126.  80.       -0.2617411187        0.0619492219
 126.  81.        0.0954490550       -0.4130691664
 126.  82.        0.0841622918        0.1694992420
 126.  83.        0.1201987415       -0.0477777475
 126.  84.        0.0115964697       -0.0280479737
 126.  85.       -0.1484553907       -0.0084621302
 126.  86.        0.2041167757       -0.0783704897
 126.  87.       -0.0936438168        0.2221642126
 126.  88.        0.1372925164       -0.0158010503
 126.  89.        0.0339522601       -0.0042883870
 126.  90.       -0.1166147007        0.0862562372
 126.  91.       -0.2933818988       -0.2842061017
 126.  92.        0.0454058195        0.0178349588
 126.  93.       -0.2227365731       -0.2772667212
 126.  94.        0.2949491655        0.2584696330
 126.  95.        0.0251985195        0.2823806326
 126.  96.        0.2610126021        0.0208517616
 126.  97.       -0.4053207924        0.1699331720
 126.  98.       -0.1858179836       -0.1886311756
 126.  99.        0.2654033106        0.0933741562
 126. 100.       -0.6119921874       -0.1474407292
 126. 101.       -0.0651251239        0.4105592279
 126. 102.       -0.3358280208        0.3071331816
 126. 103.       -0.2994136817        0.2033858381
 126. 104.        0.1804985346       -0.0148613720
 126. 105.       -0.4669925420        0.1723445075
 126. 106.       -0.2767832234       -0.1369528086
 126. 107.       -0.2312568213       -0.0588231974
 126. 108.        0.4415989242        0.2963564945
 126. 109.        0.0985323529        0.3374500709
 126. 110.       -0.0888630939        0.2921968812
 126. 111.        0.2683986646       -0.1115185391
 126. 112.        0.3399816729        0.3967942894
 126. 113.        0.8076289576        0.1838094068
 126. 114.       -0.0496457900       -0.0647496038
 126. 115.        0.2045883320        0.0057670281
 126. 116.        0.0420711585        0.2917266323
 126. 117.       -0.0458447447        0.4199456140
 126. 118.       -0.0705184725       -0.1911655530
 126. 119.        0.1227779576        0.5190112671
 126. 120.        0.1607783395       -0.1177608696
 126. 121.        0.1246341899       -0.0111356681
 126. 122.        0.0180108119        0.3897824563
 126. 123.       -0.4239477198       -0.3076595189
 126. 124.       -0.3206392678       -0.7338415723
 126. 125.        0.1805702384        0.2105956875
 126. 126.       -0.0049096325        0.3303973259
 127.   0.       -0.4364837558        0.0000000000
 127.   1.       -0.3331526490       -0.1295755515
 127.   2.        0.2128487332       -0.4679174065
 127.   3.       -0.2137190897       -0.1513071939
 127.   4.        0.1127489149        0.2430125842
 127.   5.        0.3179725326        0.0691653890
 127.   6.       -0.1041972732        0.0581414387
 127.   7.       -0.1094517026       -0.1533502647
 127.   8.       -0.0423049548       -0.2574948666
 127.   9.        0.1105741114        0.2016727743
 127.  10.        0.2821108603        0.5640706183
 127.  11.       -0.1940685250       -0.0656492143
 127.  12.       -0.2940100032        0.3462898137
 127.  13.       -0.0565620390        0.0144585343
 127.  14.        0.1603032138       -0.2444876807
 127.  15.        0.1528994916       -0.1308554330
 127.  16.       -0.0676322037        0.0075262722
 127.  17.       -0.2064857037        0.3541035179
 127.  18.        0.3798953359        0.0252690269
 127.  19.        0.0235430325        0.0553365307
 127.  20.       -0.0701639448       -0.1575329481
 127.  21.       -0.2276900402        0.1097659295
 127.  22.        0.2369923119       -0.3860686607
 127.  23.        0.0082513134        0.5015997049
 127.  24.        0.2009151772       -0.1048054289
 127.  25.        0.1385603138       -0.3049214240
 127.  26.       -0.2103531339        0.2588103389
 127.  27.        0.4223782933       -0.5390216886
 127.  28.        0.2914876268       -0.0813204928
 127.  29.       -0.2123285630        0.0438070431
 127.  30.       -0.0451178251        0.1938906349
 127.  31.       -0.1354380134       -0.3032729850
 127.  32.       -0.0599200089       -0.0516550124
 127.  33.        0.4754146423       -0.6150697018
 127.  34.       -0.3520448261       -0.5373317286
 127.  35.       -0.0274397130        0.3952621605
 127.  36.       -0.0847998879        0.2069272805
 127.  37.       -0.0697971709        0.0884526879
 127.  38.        0.0674045765       -0.3553132528
 127.  39.        0.0260980594       -0.4199290586
 127.  40.       -0.0709873829        0.1261935392
 127.  41.       -0.0276998999        0.1764767681
 127.  42.        0.1503125368       -0.2254959596
 127.  43.       -0.5474641297       -0.1145328434
 127.  44.        0.1523598451        0.0961447227
 127.  45.        0.0929643523       -0.0252129240
 127.  46.       -0.3541684416        0.4735122462
 127.  47.        0.0366234610       -0.1607933701
 127.  48.       -0.4518685044       -0.1915261064
 127.  49.       -0.2146201358        0.1300034182
 127.  50.        0.0813542427       -0.0760524635
 127.  51.       -0.2060610512        0.2264486444
 127.  52.        0.4807156371       -0.1372378411
 127.  53.        0.1485892313        0.2009386208
 127.  54.       -0.0952646309        0.0885770814
 127.  55.        0.2263118894        0.0557420239
 127.  56.        0.2446032542       -0.3410412083
 127.  57.        0.2479432296        0.4405982288
 127.  58.       -0.0330931961        0.1760054612
 127.  59.       -0.1080172016       -0.0650392786
 127.  60.       -0.3647457162       -0.1346314677
 127.  61.        0.2647492738       -0.0237349800
 127.  62.       -0.0507569331        0.0179558560
 127.  63.       -0.0698672354        0.0097535561
 127.  64.        0.1579576645       -0.0017807695
 127.  65.       -0.3546873162        0.0013422042
 127.  66.        0.3176345346       -0.0223338356
 127.  67.        0.2797545235       -0.1395047342
 127.  68.        0.2530554330       -0.4300445414
 127.  69.        0.6712344158       -0.4032037687
 127.  70.       -0.2671432311       -0.1701539351
 127.  71.       -0.4375352115        0.2443980641
 127.  72.        0.1723193908       -0.2775503070
 127.  73.        0.2367776940       -0.2039987359
 127.  74.        0.0565143638        0.0521737776
 127.  75.       -0.1119069897        0.4322673642
 127.  76.       -0.3549942514        0.1972362386
 127.  77.       -0.3363161793        0.0362833166
 127.  78.       -0.3339836042       -0.2514104824
 127.  79.        0.4681657565        0.6715078285
 127.  80.       -0.0302627486        0.1131852735
 127.  81.       -0.2667939861        0.1610868716
 127.  82.        0.1072579334       -0.2904372923
 127.  83.       -0.1823606587        0.1767536682
 127.  84.       -0.1953000172       -0.3273675433
 127.  85.       -0.2942850936       -0.7120532554
 127.  86.        0.1744749113        0.0135323412
 127.  87.       -0.2224702181        0.4001179029
 127.  88.       -0.0658875649       -0.2091948276
 127.  89.        0.0008689769       -0.2551462912
 127.  90.       -0.4906431440       -0.1390088541
 127.  91.       -0.1064780581        0.4195848787
 127.  92.       -0.0752076706       -0.0969293645
 127.  93.       -0.0940127927       -0.3009849255
 127.  94.       -0.5574054472        0.2740429351
 127.  95.       -0.2401127051       -0.1164987403
 127.  96.       -0.0298496133       -0.1822435244
 127.  97.        0.7580004003       -0.4124407741
 127.  98.       -0.1275142466        0.1708259344
 127.  99.        0.2008818998        0.0101914411
 127. 100.       -0.0073895352       -0.0808205252
 127. 101.       -0.0191385471       -0.3371057752
 127. 102.       -0.1024474541        0.3816115342
 127. 103.       -0.1394942790       -0.0551761094
 127. 104.       -0.2700643543       -0.1873247458
 127. 105.        0.6237971790       -0.2152861280
 127. 106.       -0.0500788052        0.0547742169
 127. 107.       -0.4030510642       -0.0538447229
 127. 108.       -0.0428196967       -0.3104453220
 127. 109.        0.1138406861       -0.2582317823
 127. 110.       -0.1471961118       -0.0774297404
 127. 111.       -0.4190000229        0.5627782227
 127. 112.        0.1798986436       -0.4014439204
 127. 113.        0.1419677270        0.1349382263
 127. 114.        0.0802585829       -0.0778247311
 127. 115.       -0.1517215136        0.2171846947
 127. 116.        0.0407969680       -0.3276792048
 127. 117.        0.2317946952        0.0791475619
 127. 118.        0.3050490734       -0.1821682651
 127. 119.       -0.5727676561       -0.0773638584
 127. 120.        0.7001004870        0.5654477836
 127. 121.        0.0207292842        0.5128442687
 127. 122.       -0.0401496945       -0.0184475008
 127. 123.       -0.0043623947        0.5227137534
 127. 124.       -0.2352243933       -0.7110810397
 127. 125.        0.0858982464       -0.0708795349
 127. 126.        0.2027743406       -0.0129495253
 127. 127.       -0.0030627365        0.7901852589
 128.   0.       -0.1244567438        0.0000000000
 128.   1.       -0.0936879490        0.0576966257
 128.   2.       -0.4473320149        0.1685122665
 128.   3.       -0.0961088006       -0.0894902809
 128.   4.       -0.4994874509       -0.3232540258
 128.   5.        0.1882617963        0.1784563033
 128.   6.        0.2072464366        0.2516565511
 128.   7.       -0.1011268945       -0.1289755470
 128.   8.        0.1368791463        0.3471964922
 128.   9.        0.2143180817       -0.3702011831
 128.  10.        0.0026894972        0.1848866705
 128.  11.        0.2175151350       -0.1405063786
 128.  12.        0.0762033351       -0.0711463726
 128.  13.       -0.0836927059        0.0619404643
 128.  14.       -0.0407882299        0.3323902281
 128.  15.        0.0413324782       -0.2243307464
 128.  16.        0.0201494006       -0.1482013300
 128.  17.        0.2433155181        0.0361853418
 128.  18.        0.0586979650       -0.0038101096
 128.  19.        0.0958705365        0.2659254343
 128.  20.        0.2883943752       -0.2543070124
 128.  21.       -0.3670400944       -0.0439131200
 128.  22.       -0.0650206779       -0.0072003648
 128.  23.       -0.2528320392        0.0551741717
 128.  24.       -0.1249019610        0.3401158683
 128.  25.       -0.0201269486        0.1099895786
 128.  26.        0.0432445342        0.1791191481
 128.  27.       -0.4596467768       -0.0526034006
 128.  28.        0.2492177502       -0.5073967044
 128.  29.       -0.1163872623       -0.1087235504
 128.  30.       -0.0331137874        0.0973752331
 128.  31.        0.1611512172        0.4365420775
 128.  32.        0.0287422044        0.2278994231
 128.  33.       -0.2403248980        0.3983773927
 128.  34.        0.1411816290       -0.3637662445
 128.  35.        0.0903684942       -0.2087896702
 128.  36.        0.2029244436        0.3714474194
 128.  37.        0.2803134063        0.2169500629
 128.  38.       -0.0277153570        0.2512579900
 128.  39.        0.1460789635        0.1738885344
 128.  40.        0.2115030390       -0.1284878941
 128.  41.        0.0682197401        0.1015442172
 128.  42.        0.0358201992        0.4741906972
 128.  43.        0.0828373879        0.0441910767
 128.  44.       -0.2091154421        0.3519608095
 128.  45.       -0.0992419727        0.0561877680
 128.  46.        0.1084110747        0.1001680668
 128.  47.        0.0513959076        0.2729929338
 128.  48.        0.3998710959       -0.3656390164
 128.  49.       -0.1560072020       -0.1213712245
 128.  50.        0.3944681979        0.1497980272
 128.  51.       -0.2522147353       -0.1078279044
 128.  52.       -0.2523220066       -0.4374583200
 128.  53.       -0.1082371105       -0.0726658150
 128.  54.       -0.2534924754       -0.2146272377
 128.  55.       -0.3194733596       -0.2476822582
 128.  56.       -0.0469306075       -0.1501950655
 128.  57.       -0.0508402203       -0.0522624200
 128.  58.        0.0647928429        0.1444806914
 128.  59.        0.0302965817       -0.2679467834
 128.  60.       -0.1048438835       -0.1528380751
 128.  61.       -0.1674373738        0.1237941517
 128.  62.        0.2716278724       -0.1742547537
 128.  63.       -0.1317768820        0.3495447171
 128.  64.       -0.0559631680       -0.2025320293
 128.  65.        0.8566228353       -0.1451663328
 128.  66.       -0.4072324692        0.2725687885
 128.  67.        0.1136909992       -0.1000935292
 128.  68.        0.0885025135       -0.2609778230
 128.  69.        0.4083957790        0.0446558587
 128.  70.        0.0996045471        0.0777749797
 128.  71.       -0.2704645445       -0.2670915410
 128.  72.       -0.1835563185        0.0888196410
 128.  73.        0.1529502112        0.0018175840
 128.  74.       -0.1310130289        0.2991879534
 128.  75.       -0.3667125393        0.0847835987
 128.  76.        0.2453176701       -0.0183092416
 128.  77.       -0.4544662604        0.4275349470
 128.  78.        0.3079493217       -0.0359507020
 128.  79.        0.1021821758       -0.6174078056
 128.  80.        0.3238574473        0.1027211168
 128.  81.        0.0002728267        0.0746872374
 128.  82.       -0.3058684564        0.0675429353
 128.  83.        0.1659612213        0.4285591939
 128.  84.       -0.2559925724        0.3191151229
 128.  85.       -0.0423655139       -0.0527613684
 128.  86.       -0.2624883875       -0.0399397821
 128.  87.       -0.2721645479        0.1312126013
 128.  88.       -0.1608839619        0.4749016968
 128.  89.       -0.1486658919        0.1852027540
 128.  90.        0.0600688195       -0.0020429491
 128.  91.        0.0643926302       -0.0230366550
 128.  92.       -0.1114609605        0.1972802466
 128.  93.       -0.0295011554       -0.0678369776
 128.  94.        0.1234774119        0.0986886273
 128.  95.        0.2756909641       -0.0864080923
 128.  96.       -0.1954208861        0.4007895185
 128.  97.        0.3616898352       -0.4382734184
 128.  98.        0.1023729576        0.3355066104
 128.  99.        0.2901568328        0.1224431012
 128. 100.        0.1068928356        0.1306879831
 128. 101.       -0.1376312394        0.0274010267
 128. 102.       -0.2158655134       -0.3550841755
 128. 103.       -0.0331142887        0.3873874978
 128. 104.        0.0307927126        0.2945352423
 128. 105.        0.4952204133        0.2183213647
 128. 106.        0.2820470326       -0.4617528241
 128. 107.        0.2521883577        0.2828204682
 128. 108.        0.6307278645       -0.1490675840
 128. 109.       -0.3648094938        0.2421391389
 128. 110.        0.0965977016       -0.1096214936
 128. 111.       -0.0303058641        0.1520435495
 128. 112.       -0.4109726449        0.4361291930
 128. 113.       -0.0141186411       -0.4720045710
 128. 114.       -0.1496311890       -0.0965825761
 128. 115.       -0.0862662588        0.0917629745
 128. 116.       -0.1081231727        0.0960228150
 128. 117.        0.0805664488       -0.1488159487
 128. 118.        0.8999622434        0.1945348418
 128. 119.        0.0763933833        0.7034258796
 128. 120.       -0.2432106731       -0.2064268908
 128. 121.        0.1179211890        0.3315765763
 128. 122.        0.0278589025        0.5772924709
 128. 123.       -0.1643469083       -0.3133050849
 128. 124.        0.2785760674       -0.0329201856
 128. 125.       -0.0905083313       -0.3762353909
 128. 126.       -0.0071691119       -0.2621316924
 128. 127.        0.0122499816       -0.5164304682
 128. 128.        0.0891449570        0.1177330047
 129.   0.        0.3500499653        0.0000000000
 129.   1.        0.2565577126       -0.1224505720
 129.   2.       -0.2590614194        0.4268755865
 129.   3.       -0.2170334365        0.2399766499
 129.   4.        0.4071222728        0.0371018265
 129.   5.       -0.3849170223        0.0425362046
 129.   6.       -0.1358754615       -0.0617225428
 129.   7.        0.4899536334        0.1090387373
 129.   8.       -0.1259672902        0.1048056824
 129.   9.        0.2111715938        0.3616763686
 129.  10.       -0.3381433769       -0.1476355875
 129.  11.        0.1436608069       -0.1633129153
 129.  12.        0.2169776155       -0.3456997596
 129.  13.       -0.0334935307       -0.2035790147
 129.  14.        0.0828468438       -0.1010515515
 129.  15.       -0.0119547268        0.2329422152
 129.  16.        0.0446842956        0.1554674606
 129.  17.        0.0834020631       -0.2011979197
 129.  18.       -0.4111566598       -0.0374488696
 129.  19.       -0.2625095290       -0.3005462158
 129.  20.        0.0155867830        0.4589642442
 129.  21.       -0.0493514071       -0.1969043867
 129.  22.        0.1031822988        0.4092289950
 129.  23.        0.0384953476       -0.2190943740
 129.  24.        0.2709900690       -0.0500955009
 129.  25.       -0.4806126770        0.0749477637
 129.  26.        0.2514147266       -0.1961017773
 129.  27.       -0.2952956277        0.3827545453
 129.  28.       -0.3208912565       -0.1755877812
 129.  29.        0.1397990302       -0.0784859154
 129.  30.       -0.1267543532       -0.2940211947
 129.  31.        0.2063271934        0.1184537757
 129.  32.        0.3457588838       -0.0111957135
 129.  33.       -0.6779573827        0.2728580602
 129.  34.        0.1814228917        0.7786825062
 129.  35.        0.2052800473       -0.1708617769
 129.  36.       -0.1980210970       -0.4592631715
 129.  37.       -0.1510490638        0.0333089706
 129.  38.       -0.2244290989       -0.1451905630
 129.  39.       -0.0764089381        0.0710939850
 129.  40.        0.0155261306        0.5276486183
 129.  41.       -0.2259729953       -0.2904221694
 129.  42.        0.0251024880       -0.2074121088
 129.  43.       -0.0272397636        0.3057890820
 129.  44.        0.1389527131       -0.1405581605
 129.  45.       -0.3447370153        0.2569160054
 129.  46.        0.2983478403       -0.1774500075
 129.  47.       -0.2583159850       -0.2058732242
 129.  48.        0.0189500487       -0.3462161094
 129.  49.        0.3026221370        0.0731628249
 129.  50.       -0.4413364590       -0.1449445334
 129.  51.        0.1795353228       -0.0364153486
 129.  52.       -0.0129445510        0.1585988822
 129.  53.        0.0389162674       -0.2792542225
 129.  54.        0.5070534629       -0.1989385957
 129.  55.        0.0518313736       -0.0048416717
 129.  56.       -0.2464096187        0.3899363616
 129.  57.       -0.2513137683       -0.1441303182
 129.  58.        0.0440537445       -0.3142573199
 129.  59.       -0.1809676638        0.3194217982
 129.  60.        0.1403222578        0.3739611772
 129.  61.        0.1922864988        0.0154730311
 129.  62.       -0.0339141186        0.2000498465
 129.  63.        0.0171037478        0.3022382103
 129.  64.       -0.3062352219       -0.1163578580
 129.  65.        0.3932089603       -0.1234313324
 129.  66.        0.2576096752       -0.2365959528
 129.  67.       -0.3417270296        0.0931985445
 129.  68.       -0.1036735039        0.2196961259
 129.  69.       -0.5654234834        0.1361101604
 129.  70.        0.6012630899       -0.0789788055
 129.  71.       -0.0193334189        0.2617368023
 129.  72.        0.0054217199       -0.2201784500
 129.  73.       -0.3765890037        0.3456104519
 129.  74.        0.1533523869        0.3741637806
 129.  75.        0.2674469309       -0.1311208705
 129.  76.        0.0120285195       -0.2759536396
 129.  77.        0.0509218664        0.1820048680
 129.  78.       -0.0518236244       -0.1865895921
 129.  79.       -0.0499927195       -0.1342292693
 129.  80.        0.1574015061        0.3718424610
 129.  81.        0.2315553874        0.0071908184
 129.  82.       -0.2578616735       -0.0495543492
 129.  83.       -0.1564196981       -0.5348382006
 129.  84.        0.1996640600       -0.1655854425
 129.  85.        0.3171947138        0.2348082563
 129.  86.        0.1942514637        0.0893298147
 129.  87.        0.0087844733       -0.0941762427
 129.  88.       -0.4132585217       -0.0664375264
 129.  89.        0.5145303063        0.3180692082
 129.  90.        0.4208014130        0.2976334739
 129.  91.        0.2540755746        0.1326606468
 129.  92.       -0.5412627988        0.2474420054
 129.  93.        0.4890958027       -0.3216376460
 129.  94.       -0.2029774072       -0.3051195339
 129.  95.        0.5576417065       -0.1603657203
 129.  96.       -0.1299570678        0.2012770620
 129.  97.        0.5220057909       -0.1368148155
 129.  98.        0.2379063849       -0.4511794821
 129.  99.        0.2868148482        0.3778433495
 129. 100.       -0.0904976625       -0.0789770557
 129. 101.        0.0466076313       -0.1089929633
 129. 102.       -0.4578426253       -0.4613253755
 129. 103.        0.8389407402       -0.3147388249
 129. 104.        0.6562007519       -0.2314897872
 129. 105.       -0.5243991093        0.2747093381
 129. 106.       -0.2068810123        0.0600011957
 129. 107.        0.0277590951       -0.2392644783
 129. 108.       -0.0676580777        0.2401138000
 129. 109.        0.2336715662       -0.1706668738
 129. 110.        0.1058049008       -0.0264001734
 129. 111.       -0.0650509485       -0.2152702342
 129. 112.       -0.5682679964       -0.0107521901
 129. 113.        0.3743301133       -0.1673916876
 129. 114.       -0.1118841563       -0.3863610506
 129. 115.        0.6151002641       -0.1406368075
 129. 116.       -0.1308404694       -0.0783400137
 129. 117.        0.2187023907        0.1722109871
 129. 118.        0.2491631368       -0.0744553192
 129. 119.        0.0175965042        0.3732883972
 129. 120.        0.2980340074       -0.0388679331
 129. 121.        0.3109100851        0.1018443473
 129. 122.       -0.2799150875       -0.3550539115
 129. 123.        0.1661759728        0.2771766583
 129. 124.        0.1677993781       -0.1595955127
 129. 125.       -0.2877293069        0.3801415430
 129. 126.       -0.1270191735       -0.3170550507
 129. 127.        0.4059218620       -0.2863205719
 129. 128.        0.3859614919        0.0639711533
 129. 129.        0.0073002403        0.7050474015
 130.   0.       -0.1201800111        0.0000000000
 130.   1.        0.1517722185       -0.1086852389
 130.   2.        0.6196874150       -0.3716440476
 130.   3.       -0.0367965420        0.0584867489
 130.   4.        0.2934981250        0.2373485532
 130.   5.       -0.0261331017       -0.1534613637
 130.   6.       -0.5845297299       -0.2288635947
 130.   7.        0.1312786389        0.1560173968
 130.   8.       -0.1587670776       -0.4527065595
 130.   9.       -0.1636670659        0.0844052970
 130.  10.        0.1082133308       -0.0442734796
 130.  11.       -0.0414473914        0.2284531740
 130.  12.       -0.0389710604        0.0518840697
 130.  13.        0.0810129398        0.0282800786
 130.  14.       -0.2754256470       -0.4685478101
 130.  15.       -0.0665605303       -0.1701929180
 130.  16.        0.1131714864        0.2075358408
 130.  17.       -0.1202157485        0.0180270688
 130.  18.        0.1760491726        0.2710980255
 130.  19.        0.1284595114       -0.4095125037
 130.  20.       -0.0532777909       -0.0461702323
 130.  21.        0.2474299883       -0.0991620856
 130.  22.       -0.2869976453        0.1063025788
 130.  23.        0.0198827042       -0.0973349348
 130.  24.       -0.2026983648        0.0295601734
 130.  25.        0.3431562183       -0.0670432620
 130.  26.       -0.5233691679       -0.1159068670
 130.  27.        0.3694399770       -0.0731569375
 130.  28.       -0.0357067780        0.3582962058
 130.  29.       -0.2609641270       -0.0402367730
 130.  30.        0.0148464841        0.1074795477
 130.  31.       -0.0312766707       -0.2623323482
 130.  32.       -0.4421745694       -0.1158990262
 130.  33.        0.1500469138        0.0856214870
 130.  34.       -0.4833190023       -0.1134507411
 130.  35.       -0.1291750493        0.2864164735
 130.  36.        0.0230460717        0.0476720142
 130.  37.        0.2049363485       -0.6265192605
 130.  38.        0.0575111402        0.2977365251
 130.  39.       -0.0561608981       -0.2389270102
 130.  40.       -0.2537160381        0.0171446858
 130.  41.       -0.1158776168        0.1119068032
 130.  42.        0.0045388238       -0.2352608619
 130.  43.       -0.0961721921       -0.1618594629
 130.  44.        0.2630718618       -0.0343892850
 130.  45.       -0.1160562308       -0.0908085115
 130.  46.       -0.0517184969        0.1592117836
 130.  47.        0.0221491901       -0.3953593311
 130.  48.       -0.8777887523        0.3446217961
 130.  49.        0.1009280642        0.0484880560
 130.  50.        0.0150508707        0.0869620657
 130.  51.       -0.0710423223        0.2012683822
 130.  52.        0.0689516105        0.1463149649
 130.  53.        0.1297247720        0.3346441510
 130.  54.        0.0019872306        0.0021272665
 130.  55.        0.1194105443        0.1140428743
 130.  56.       -0.1517128155       -0.3182273947
 130.  57.        0.1878310924        0.0909132826
 130.  58.       -0.1918265983       -0.0574720436
 130.  59.       -0.1624038698       -0.1028825687
 130.  60.       -0.2931927049        0.4897499882
 130.  61.       -0.0079433341       -0.3034470076
 130.  62.        0.1388394660       -0.0319796192
 130.  63.        0.3324036218       -0.1726168359
 130.  64.       -0.0291250272       -0.0395632779
 130.  65.       -0.6149691963        0.2575708853
 130.  66.        0.2031832668        0.1884122869
 130.  67.        0.3181237881       -0.4076680610
 130.  68.       -0.0343386167        0.2968824818
 130.  69.       -0.2560382530        0.0599911401
 130.  70.       -0.2758395950        0.2657640846
 130.  71.       -0.3290887380        0.3635342860
 130.  72.       -0.0094355760        0.0850713707
 130.  73.        0.1687598906       -0.2501378234
 130.  74.       -0.0676296555       -0.2418524351
 130.  75.        0.1698875340        0.3107083183
 130.  76.        0.2908400914       -0.2432968659
 130.  77.        0.4483522408       -0.3150781110
 130.  78.       -0.4498612511       -0.2626941350
 130.  79.       -0.3144255650       -0.5964649187
 130.  80.        0.0861559595        0.0698055661
 130.  81.        0.1291623374        0.3373684268
 130.  82.        0.2482295766        0.3725310345
 130.  83.       -0.4968253675        0.2310049375
 130.  84.       -0.1002754694       -0.4174121751
 130.  85.        0.1909653962       -0.1919012210
 130.  86.       -0.0249904120        0.0924462712
 130.  87.        0.0958782264       -0.3861558375
 130.  88.       -0.0703324000        0.0479435395
 130.  89.       -0.2281025765       -0.1839746937
 130.  90.        0.0597789576       -0.1108146984
 130.  91.        0.2703459359        0.3381133629
 130.  92.       -0.2756542518        0.1653035678
 130.  93.        0.1044069661       -0.0227393532
 130.  94.        0.2007103649        0.2186523451
 130.  95.       -0.2760427624       -0.1187128968
 130.  96.        0.3654945704       -0.4921037465
 130.  97.        0.0923190746        0.1957524832
 130.  98.       -0.3445152237        0.0707635452
 130.  99.       -0.4241978918       -0.2839412051
 130. 100.        0.1311419882        0.2714690902
 130. 101.       -0.3678065340        0.1261841780
 130. 102.        0.0354979432       -0.0654486569
 130. 103.        0.3581708485       -0.4148939600
 130. 104.        0.3426148288        0.4217393302
 130. 105.        0.0337998463       -0.3244854503
 130. 106.       -0.0715099775        0.0654577373
 130. 107.       -0.2404506635        0.3583362404
 130. 108.        0.2404426949        0.0926821367
 130. 109.        0.2966549116       -0.2653938812
 130. 110.       -0.4093916276        0.0602775561
 130. 111.        0.2793347104        0.1898742355
 130. 112.       -0.3912938782       -0.4176191804
 130. 113.        0.0942127153       -0.0508467548
 130. 114.        0.3051255207       -0.1293405405
 130. 115.       -0.9643231112       -0.3341705334
 130. 116.        0.5255959874       -0.2752935935
 130. 117.       -0.0368698641       -0.0233465844
 130. 118.        0.3370468819       -0.0892105551
 130. 119.       -0.1990850366        0.6357223088
 130. 120.        0.3291466688        0.0066686632
 130. 121.        0.7110352981        0.0282488243
 130. 122.       -0.3658174486        0.1267937801
 130. 123.       -0.3836863372       -0.3859505171
 130. 124.       -0.0706231899        0.4633175669
 130. 125.       -0.1386651836        0.2859051361
 130. 126.        0.3195472861       -0.3393941532
 130. 127.        0.0561862795       -0.1260587499
 130. 128.        0.0728889592        0.0962463662
 130. 129.        0.3744113453       -0.0155601534
 130. 130.        0.4297242672        0.2797180788
 131.   0.        0.1515832673        0.0000000000
 131.   1.        0.0092917776        0.1307027359
 131.   2.        0.3157741759        0.0151534979
 131.   3.        0.3160806812       -0.0171764708
 131.   4.       -0.4125578344       -0.3535477089
 131.   5.        0.2575559758       -0.1916487585
 131.   6.        0.3336579752        0.1191661629
 131.   7.       -0.4945318256        0.1477205363
 131.   8.        0.0789436245       -0.1120557311
 131.   9.       -0.4667553314       -0.4096132180
 131.  10.       -0.0741290580       -0.4008145024
 131.  11.        0.0483673452        0.1516507326
 131.  12.       -0.0450720605        0.1241350268
 131.  13.       -0.0993064749        0.1886436210
 131.  14.       -0.1655665931        0.0486985181
 131.  15.       -0.3756726955       -0.0019412792
 131.  16.       -0.1573594742       -0.2380130561
 131.  17.        0.1561856956       -0.2044167962
 131.  18.       -0.0241939386        0.0676858639
 131.  19.        0.0137852481        0.2064350458
 131.  20.       -0.0495490077       -0.3500939143
 131.  21.        0.2986360276        0.2757187479
 131.  22.        0.0940222049       -0.2434123002
 131.  23.        0.0712502416       -0.2857006012
 131.  24.       -0.3136170636       -0.1517648501
 131.  25.        0.2847303389        0.1046465155
 131.  26.        0.0785790078        0.4231559167
 131.  27.       -0.0356367129        0.0325968619
 131.  28.        0.0933463098       -0.2793517478
 131.  29.       -0.1313674934       -0.0435913845
 131.  30.       -0.1296098308        0.3326187819
 131.  31.        0.0872046697       -0.1389693551
 131.  32.       -0.0838129098        0.0539126755
 131.  33.        0.1412507313       -0.0927035045
 131.  34.        0.1289863320       -0.3068882553
 131.  35.        0.2486276249       -0.2474531708
 131.  36.        0.2495500162        0.2711999345
 131.  37.       -0.2510198185        0.1516574693
 131.  38.       -0.3201555158        0.0839188412
 131.  39.        0.1487792287        0.0317727741
 131.  40.        0.4683695731       -0.4641612737
 131.  41.        0.0591128638        0.0498551140
 131.  42.       -0.0188275810        0.1003717280
 131.  43.        0.1500474134       -0.2099676217
 131.  44.       -0.7305201605        0.3575286328
 131.  45.        0.1960518227       -0.3907068852
 131.  46.       -0.1754947339        0.0028638528
 131.  47.        0.4308648701        0.0207100786
 131.  48.       -0.0713322327        0.0668702574
 131.  49.       -0.7072734337       -0.0849455452
 131.  50.        0.0532337769       -0.3771099391
 131.  51.        0.2937824257        0.2393618150
 131.  52.        0.1169932717       -0.0102056617
 131.  53.        0.1705422295        0.1954289419
 131.  54.       -0.2154143179       -0.0404205591
 131.  55.       -0.2438011670        0.0410320100
 131.  56.        0.1951985170        0.0066537674
 131.  57.        0.2330119878       -0.2307652690
 131.  58.        0.3473926280        0.1237379764
 131.  59.       -0.0584573038       -0.2391432396
 131.  60.       -0.2575070492       -0.1676645946
 131.  61.       -0.0867329689        0.2908376963
 131.  62.       -0.1660052813       -0.4533236677
 131.  63.        0.2952729267        0.2702035256
 131.  64.        0.1181283431        0.1044814419
 131.  65.       -0.3345387375        0.0950775776
 131.  66.       -0.3711044200       -0.0286876468
 131.  67.        0.3122536998       -0.2349167488
 131.  68.        0.1382757616        0.2874957065
 131.  69.        0.1813479706        0.2041507551
 131.  70.       -0.0634038230       -0.2950475332
 131.  71.        0.0577781102       -0.6399673286
 131.  72.       -0.0930575076        0.3396795068
 131.  73.        0.0387473321       -0.1106285440
 131.  74.        0.2731043008       -0.3922843224
 131.  75.       -0.3744054385       -0.0113478385
 131.  76.       -0.1529644499        0.0703532178
 131.  77.        0.1554996051        0.0896915951
 131.  78.        0.0887036022        0.1766285799
 131.  79.       -0.5103634799        0.0771829022
 131.  80.       -0.0632011718       -0.4313421040
 131.  81.        0.0560977082       -0.5376773945
 131.  82.       -0.0705741099        0.2986811710
 131.  83.       -0.0662719464        0.3639058623
 131.  84.       -0.5594512134       -0.0403561477
 131.  85.        0.0361689656        0.2107739157
 131.  86.        0.1163559664        0.0210992850
 131.  87.       -0.2110115741        0.0377046440
 131.  88.        0.0339714278       -0.1148925566
 131.  89.        0.0170071420       -0.0356285610
 131.  90.       -0.2312188134       -0.2956044861
 131.  91.       -0.4377443971       -0.4381443653
 131.  92.        0.3754521232       -0.0454361833
 131.  93.        0.2067778047        0.0298711958
 131.  94.       -0.1341584719       -0.1076360467
 131.  95.       -0.1858002564        0.4388622875
 131.  96.        0.2919124737       -0.5603589332
 131.  97.        0.2644068585        0.2990474156
 131.  98.        0.6838963785       -0.1439719205
 131.  99.       -0.3708434626       -0.0955182864
 131. 100.        0.1399584611        0.3389799176
 131. 101.        0.0764475104        0.1199859376
 131. 102.        0.3233220795        0.0884697692
 131. 103.        0.1097274911        0.1248726242
 131. 104.       -0.2029446691        0.3615513390
 131. 105.        0.1200341885        0.3504713212
 131. 106.        0.3966219672        0.2287012423
 131. 107.       -0.2094676589        0.4818178508
 131. 108.        0.4135668285       -0.0008625717
 131. 109.       -0.4009246962        0.2405539272
 131. 110.       -0.0083361170       -0.1377958790
 131. 111.        0.1523101534       -0.3820308768
 131. 112.        0.1554544018       -0.1413712104
 131. 113.       -0.5591711771       -0.2819324300
 131. 114.        0.0571907217        0.0156981958
 131. 115.        0.1721304748        0.1272590681
 131. 116.       -0.4960824269       -0.1052660870
 131. 117.        0.2351150371       -0.5556790228
 131. 118.       -0.0384664122        0.2009918157
 131. 119.       -0.0096863421       -0.1001957740
 131. 120.       -0.2706487317       -0.2146255274
 131. 121.        0.1744893783        0.0902037242
 131. 122.        0.1740616831        0.2040926300
 131. 123.        0.0909848954        0.3004059533
 131. 124.       -0.6868431093       -0.4084856766
 131. 125.        0.2710601600        0.1016825233
 131. 126.        0.0262080511       -0.0520164792
 131. 127.        0.1115697764       -0.0503409648
 131. 128.       -0.0368020618        0.1013230445
 131. 129.        0.1713010547       -0.0043583832
 131. 130.        0.0117383837       -0.2718344176
 131. 131.       -0.1820430811        0.2247337458
 132.   0.        0.3622563665        0.0000000000
 132.   1.       -0.1968195107       -0.1267364501
 132.   2.       -0.1763810916        0.4043417491
 132.   3.       -0.0333805807        0.1605420379
 132.   4.       -0.0313709878       -0.1035931970
 132.   5.       -0.1415598115       -0.0619259601
 132.   6.        0.2265468718       -0.0826081540
 132.   7.       -0.0566509747        0.0768772739
 132.   8.        0.0501912409        0.5486658121
 132.   9.       -0.0599609805        0.1849460539
 132.  10.       -0.1194447593        0.0807690306
 132.  11.       -0.1802831215       -0.0854237781
 132.  12.       -0.0198877163       -0.1490870679
 132.  13.       -0.0549589182       -0.0572329854
 132.  14.        0.3473134602        0.3364922677
 132.  15.       -0.0613226091        0.0402825148
 132.  16.       -0.0741705054       -0.0585979105
 132.  17.       -0.0022540790       -0.0757644282
 132.  18.       -0.2294736285       -0.0787777199
 132.  19.       -0.0234635812        0.2803702187
 132.  20.        0.1797678219        0.1032032722
 132.  21.        0.0307047450       -0.1871935401
 132.  22.        0.1509418903        0.0311068935
 132.  23.        0.1214330521        0.0439155086
 132.  24.        0.4020538604       -0.0556293781
 132.  25.       -0.2755863256        0.1974312486
 132.  26.        0.4987252380        0.1908128905
 132.  27.       -0.0605101409        0.4543072477
 132.  28.       -0.1898486771        0.1159660266
 132.  29.        0.4435625138       -0.1701164632
 132.  30.        0.0555532929        0.2983553449
 132.  31.        0.1610686970        0.2169024180
 132.  32.        0.1426517955       -0.0640820201
 132.  33.       -0.6455056691       -0.1615626107
 132.  34.       -0.0162486184        0.2881407040
 132.  35.        0.0693162322        0.3799790833
 132.  36.       -0.0445929621       -0.2730008912
 132.  37.        0.1494225761        0.3768280157
 132.  38.       -0.2720891697       -0.0967229855
 132.  39.       -0.1259749560        0.4113552863
 132.  40.        0.0807871294        0.2827384295
 132.  41.        0.4261258715       -0.3030345547
 132.  42.       -0.0063232985       -0.0203737253
 132.  43.        0.0815773900       -0.0354011941
 132.  44.       -0.1487717933       -0.1276934311
 132.  45.        0.2400733595        0.0340472234
 132.  46.        0.3136520815       -0.3752984156
 132.  47.       -0.2447360643        0.3341213236
 132.  48.        0.5045996103        0.0472386397
 132.  49.       -0.0631721899       -0.1529360511
 132.  50.       -0.0844763208       -0.1924750300
 132.  51.        0.1441571713       -0.1293279444
 132.  52.        0.1296489867       -0.0264131910
 132.  53.       -0.2403613769        0.0350773688
 132.  54.       -0.0591347625       -0.0082018727
 132.  55.        0.2065360967       -0.1305931104
 132.  56.        0.3713173280        0.3955224833
 132.  57.       -0.0872468551        0.1060204797
 132.  58.       -0.2985892752       -0.2374703291
 132.  59.        0.5212119235        0.2525838698
 132.  60.        0.1380532729       -0.0252946102
 132.  61.        0.1256536740       -0.0405591757
 132.  62.       -0.1527389825        0.3331000501
 132.  63.       -0.2524034537       -0.1622751637
 132.  64.       -0.1114520944        0.0253129624
 132.  65.        0.0287815659        0.0341021580
 132.  66.        0.2476735458       -0.0017843657
 132.  67.       -0.2727199663        0.0297990043
 132.  68.        0.0085983085       -0.1216356726
 132.  69.       -0.2526530607        0.0883111795
 132.  70.       -0.0092818765        0.2520617174
 132.  71.        0.3207093964       -0.0322434691
 132.  72.       -0.0349931293       -0.1528219871
 132.  73.       -0.1661172063       -0.1071897466
 132.  74.       -0.1274471649       -0.0252381199
 132.  75.        0.3587633925        0.3121255816
 132.  76.       -0.1623554471        0.1963136352
 132.  77.        0.1943051957       -0.2182498101
 132.  78.        0.2902660248       -0.1204836006
 132.  79.        0.1111869430        0.1746350182
 132.  80.        0.2489205518        0.4066834401
 132.  81.        0.4696315441       -0.3030121794
 132.  82.       -0.1484910714       -0.2645197232
 132.  83.       -0.2912542751       -0.0003693982
 132.  84.        0.2709581327       -0.3325507150
 132.  85.        0.0106161116        0.2530334703
 132.  86.        0.2400795371       -0.1472754080
 132.  87.       -0.1951490387        0.1312955738
 132.  88.       -0.1928501317        0.0808025332
 132.  89.        0.5216167886        0.1567440235
 132.  90.       -0.1134555663       -0.1337175784
 132.  91.       -0.0232673603        0.4509001712
 132.  92.       -0.4703171041        0.0645258331
 132.  93.        0.0052909689       -0.1734878000
 132.  94.        0.1517005431       -0.2548227018
 132.  95.       -0.4390209280        0.2143838545
 132.  96.       -0.3724257975        0.4261453743
 132.  97.        0.0004851357       -0.0960305646
 132.  98.       -0.1751353389       -0.0970998978
 132.  99.        0.4649873941       -0.0382156221
 132. 100.       -0.2259080516        0.4927059194
 132. 101.       -0.4621914176        0.4797038718
 132. 102.       -0.0614307034       -0.1275694507
 132. 103.        0.0579872680       -0.5340205256
 132. 104.        0.1044915189        0.1786797316
 132. 105.       -0.6067653119       -0.2729688698
 132. 106.       -0.1786115428        0.0116269777
 132. 107.        0.2907048681        0.3694410066
 132. 108.       -0.4709226657       -0.0087730744
 132. 109.        0.4202386779       -0.3476760813
 132. 110.       -0.5896943330        0.2454094717
 132. 111.        0.2429346665       -0.0163262137
 132. 112.       -0.4742507155       -0.2620083774
 132. 113.        0.4473447897        0.6888882251
 132. 114.        0.1731249456       -0.0139721812
 132. 115.       -0.4844969839        0.6532324867
 132. 116.        0.1874424670       -0.2093568972
 132. 117.       -0.3388391235        0.2398995119
 132. 118.        0.2442043409       -0.0016624984
 132. 119.        0.0050100328        0.6386961738
 132. 120.        0.2255625026       -0.0314584992
 132. 121.       -0.3429250507        0.2805433130
 132. 122.       -0.3356329352       -0.2479405331
 132. 123.        0.2556143024        0.1783438433
 132. 124.       -0.0056009561        0.6376447346
 132. 125.       -0.3146310770       -0.1440704716
 132. 126.        0.5767907925       -0.1666097110
 132. 127.        0.1597581561        0.3472648383
 132. 128.        0.2821750976        0.0001301062
 132. 129.       -0.3485492236        0.1001252869
 132. 130.       -0.3654589410       -0.1899664170
 132. 131.        0.2711275281        0.3295984515
 132. 132.        0.3202270769        0.5318468633
 133.   0.       -0.0538185645        0.0000000000
 133.   1.        0.0566526683       -0.0085489954
 133.   2.       -0.3855732801       -0.4368847024
 133.   3.       -0.2132500689        0.0645885670
 133.   4.        0.2415096748        0.3967057323
 133.   5.       -0.0904321170       -0.0267408432
 133.   6.       -0.2413625842       -0.0127533711
 133.   7.        0.1086483270       -0.4839921756
 133.   8.       -0.1050233949        0.0856067692
 133.   9.        0.1638241830       -0.1096833748
 133.  10.        0.4812695499        0.3731167765
 133.  11.       -0.2995152656        0.0970274897
 133.  12.        0.0365012213        0.0665748046
 133.  13.        0.1672758011       -0.1150611308
 133.  14.        0.1121707007        0.1143256598
 133.  15.        0.5006269235        0.0673315563
 133.  16.        0.1227267920        0.2256504731
 133.  17.       -0.3667991502        0.1244296602
 133.  18.        0.1818864384       -0.0052582817
 133.  19.        0.1343564759       -0.0662418482
 133.  20.        0.0632057188        0.1381230011
 133.  21.       -0.2802040106        0.0799234820
 133.  22.        0.0427085544       -0.2466088610
 133.  23.       -0.1356608200        0.2705155434
 133.  24.        0.1878981348        0.1037616308
 133.  25.        0.1123765584        0.0371360117
 133.  26.       -0.2166884010       -0.3003343236
 133.  27.        0.2569997506        0.0316478456
 133.  28.        0.0144825282        0.0334687244
 133.  29.       -0.0961609056        0.0264684560
 133.  30.        0.2968645160       -0.0740499672
 133.  31.       -0.0471567372        0.3212879485
 133.  32.        0.0088006160        0.1068064026
 133.  33.       -0.1347974958       -0.0204921340
 133.  34.        0.2336273326       -0.0012521360
 133.  35.       -0.5361002542        0.2811463155
 133.  36.       -0.2280883228       -0.0852893291
 133.  37.        0.0281576660       -0.3736462889
 133.  38.        0.4878182906       -0.0865499626
 133.  39.        0.0553821254       -0.4446433948
 133.  40.       -0.0741565622        0.1559345649
 133.  41.       -0.1458699993        0.4270013136
 133.  42.       -0.0451526322        0.1278594757
 133.  43.       -0.0361305365        0.3049087536
 133.  44.        0.1615868143       -0.1934580619
 133.  45.       -0.0992171402        0.3820613794
 133.  46.        0.0094104632        0.2706162702
 133.  47.       -0.1183365807       -0.3334415035
 133.  48.       -0.2317312825       -0.3836878031
 133.  49.        0.2099572523        0.0049009980
 133.  50.        0.3433339449       -0.0982060942
 133.  51.        0.0558913785        0.0161623509
 133.  52.       -0.1851922969        0.1700961942
 133.  53.       -0.2985524048        0.1510805467
 133.  54.        0.0205010787        0.1260113488
 133.  55.        0.3226568036       -0.1035764868
 133.  56.       -0.2583893738       -0.0932499572
 133.  57.       -0.0818058398        0.4162157011
 133.  58.       -0.2698227840       -0.1650049352
 133.  59.       -0.2580235721        0.0616061980
 133.  60.        0.0783181647        0.1145725456
 133.  61.       -0.1579187162       -0.1408741021
 133.  62.        0.2209445993        0.4647487106
 133.  63.       -0.0905309941       -0.4325798994
 133.  64.        0.1558154590       -0.1547665330
 133.  65.       -0.0427319058        0.2452639057
 133.  66.       -0.0060335806        0.0577249790
 133.  67.       -0.1082395081       -0.0755979150
 133.  68.        0.2629529141       -0.3915219010
 133.  69.        0.2287520482        0.0405272045
 133.  70.       -0.4515025985       -0.1990270061
 133.  71.        0.3367672300       -0.0166099788
 133.  72.        0.0667672464       -0.1321456778
 133.  73.        0.2128320129        0.2093856231
 133.  74.       -0.1216655602        0.0393811454
 133.  75.       -0.2266770528       -0.0505948134
 133.  76.        0.0172448436        0.3111304659
 133.  77.        0.1070651037        0.0019092337
 133.  78.       -0.0767163988        0.0149283078
 133.  79.       -0.1567366729        0.1363197934
 133.  80.       -0.0031608374       -0.0416178303
 133.  81.       -0.3074970769        0.3698346643
 133.  82.        0.5508387988       -0.4313474993
 133.  83.       -0.2498007233       -0.0613582820
 133.  84.       -0.1269753947       -0.0588183295
 133.  85.       -0.0890953710       -0.0000044235
 133.  86.        0.4499234538        0.3633330806
 133.  87.       -0.2165326446       -0.2260798563
 133.  88.       -0.1366997753        0.0861092463
 133.  89.       -0.2027189329        0.0041599268
 133.  90.       -0.0713767118       -0.3933246352
 133.  91.        0.0478673966       -0.3028861864
 133.  92.        0.6246990261        0.3006237585
 133.  93.       -0.4567846090        0.1594050157
 133.  94.       -0.5267067311        0.3556393839
 133.  95.       -0.2717252263       -0.2799895651
 133.  96.       -0.2452954447        0.1084790870
 133.  97.       -0.1011873014       -0.2589843297
 133.  98.       -0.3885615241       -0.1009174481
 133.  99.       -0.0410609817       -0.1495578313
 133. 100.        0.0126301109       -0.0877149401
 133. 101.       -0.1526677122        0.4348366984
 133. 102.        0.2686116533        0.0722585344
 133. 103.       -0.7273181994       -0.1585287225
 133. 104.        0.0712317895       -0.1621341667
 133. 105.        0.5353269532       -0.1134939845
 133. 106.        0.0325033955        0.2325289311
 133. 107.       -0.1618764442        0.0320829432
 133. 108.        0.1855057111       -0.4377477254
 133. 109.        0.6830576779        0.6173389787
 133. 110.        0.3201659691        0.1077504632
 133. 111.       -0.1189168158        0.2610423372
 133. 112.        0.4332185798       -0.1055876782
 133. 113.       -0.1497783297        0.0192294512
 133. 114.        0.2289223429        0.2625449610
 133. 115.       -0.0722862912        0.1294199891
 133. 116.       -0.0169368857        0.3943885478
 133. 117.        0.1513663947       -0.6595880750
 133. 118.       -0.0088615386        0.2817870738
 133. 119.       -0.2502008578        0.3130512354
 133. 120.       -0.0228960782        0.0839806537
 133. 121.        0.2869655546       -0.0054247855
 133. 122.        0.2073413094        0.2301000952
 133. 123.       -0.0890393046        0.0660710227
 133. 124.       -0.0966838890       -0.3723812373
 133. 125.        0.2557368833       -0.1880071986
 133. 126.       -0.5438000251        0.0977516224
 133. 127.        0.1291677289       -0.1527197250
 133. 128.       -0.4403637136        0.0610767956
 133. 129.        0.1056253516        0.0769613536
 133. 130.       -0.2134757130       -0.1314843254
 133. 131.        0.1321230139        0.0618722684
 133. 132.       -0.0655707766        0.6982589790
 133. 133.        0.2286273356       -0.0448574380
 134.   0.        0.1113911524        0.0000000000
 134.   1.       -0.2096811639        0.3073276812
 134.   2.       -0.0838683389       -0.3203197037
 134.   3.        0.0788737401       -0.3332694575
 134.   4.       -0.1500236954        0.3330937878
 134.   5.        0.3861781258        0.2271762640
 134.   6.       -0.0543194574        0.2763412529
 134.   7.       -0.3188519631        0.0780209508
 134.   8.        0.2327934175       -0.5623274837
 134.   9.        0.1138091653       -0.1214859363
 134.  10.        0.0632865958       -0.0127325368
 134.  11.        0.4012752956        0.0952895350
 134.  12.       -0.0387246470        0.1705868338
 134.  13.        0.0142840799        0.1552099499
 134.  14.       -0.1371824092       -0.2532910152
 134.  15.        0.0562607619       -0.2085995670
 134.  16.        0.1760573580       -0.2471636243
 134.  17.       -0.0889352598       -0.0046780514
 134.  18.        0.0349697628       -0.1971322610
 134.  19.       -0.1108736054        0.1282592042
 134.  20.        0.1265520871        0.0502861100
 134.  21.       -0.1747974447        0.1525149608
 134.  22.       -0.0008371649       -0.0326566771
 134.  23.       -0.3613442236       -0.1528202499
 134.  24.       -0.4466388261        0.1473366728
 134.  25.        0.0578453932        0.0977029991
 134.  26.       -0.0485992358        0.1979606111
 134.  27.        0.0945417491       -0.0651748868
 134.  28.        0.2865656936       -0.2831442402
 134.  29.       -0.5271613572        0.2076960808
 134.  30.       -0.0109677947       -0.0942754213
 134.  31.        0.1907741449        0.1423860665
 134.  32.       -0.3007741945       -0.0363828457
 134.  33.        0.4627941769        0.3022195914
 134.  34.        0.1790191875       -0.2086342963
 134.  35.        0.1522640524       -0.2709408573
 134.  36.       -0.0606173551        0.2189508270
 134.  37.       -0.0660398465       -0.2296953235
 134.  38.        0.1565673870        0.1437810401
 134.  39.        0.3462984994       -0.1723130204
 134.  40.        0.1315252558       -0.3123340231
 134.  41.       -0.5514015284        0.4208567863
 134.  42.        0.1133840604        0.2382837583
 134.  43.        0.1192056258        0.1838656903
 134.  44.        0.2155834366        0.1350855143
 134.  45.        0.2389055335       -0.0841476496
 134.  46.       -0.0222934663        0.1461208347
 134.  47.        0.0133227604        0.2124877840
 134.  48.        0.0205268937        0.0569060964
 134.  49.       -0.5376733438        0.1087608230
 134.  50.       -0.2979835885       -0.1159565140
 134.  51.       -0.0487605327        0.0366471516
 134.  52.       -0.2310721690       -0.2976493470
 134.  53.        0.3158110484       -0.2018724086
 134.  54.        0.0862174105        0.2300674472
 134.  55.       -0.4024298139        0.1356102882
 134.  56.       -0.1965778165        0.0406910373
 134.  57.        0.0961932424        0.0825810376
 134.  58.        0.6483458405        0.2491172136
 134.  59.        0.0767519540       -0.0859853546
 134.  60.        0.1067107677        0.2582774339
 134.  61.       -0.1990966167       -0.1243401930
 134.  62.        0.1353743246       -0.2914734156
 134.  63.        0.3845869450       -0.0929584991
 134.  64.       -0.1935200769       -0.1222638396
 134.  65.        0.2126294957       -0.4480015784
 134.  66.        0.1002475767       -0.0592929631
 134.  67.       -0.0886039244       -0.1564383307
 134.  68.       -0.0139762302        0.1708427647
 134.  69.        0.4721598255        0.3607275901
 134.  70.       -0.1689887701        0.2602673455
 134.  71.       -0.3142283988       -0.1749015281
 134.  72.        0.0155880078       -0.1165686181
 134.  73.        0.1971710579        0.0946917310
 134.  74.        0.5296505696        0.4393390144
 134.  75.       -0.2136850021       -0.0386854231
 134.  76.       -0.2505437319       -0.1919791170
 134.  77.       -0.2319768719       -0.0207125973
 134.  78.        0.3252877937       -0.1259007805
 134.  79.        0.1054059515        0.2969677212
 134.  80.        0.3720584612        0.1018387986
 134.  81.       -0.4806360775        0.0860165763
 134.  82.       -0.0213293254       -0.0963435409
 134.  83.        0.2194001429       -0.4481491459
 134.  84.       -0.1195348048        0.1318416746
 134.  85.        0.0908719441        0.0033439135
 134.  86.       -0.5413164256        0.4120333206
 134.  87.       -0.0380940753       -0.3195120060
 134.  88.        0.5401970003       -0.5764116184
 134.  89.       -0.0788205304        0.1547546002
 134.  90.       -0.0057512362        0.0894146401
 134.  91.       -0.0057063148       -0.1377866666
 134.  92.        0.3809958122       -0.0520140314
 134.  93.        0.5836885937        0.2015568177
 134.  94.       -0.2148762455        0.4324396695
 134.  95.       -0.1027892826        0.2641652505
 134.  96.       -0.0997512758        0.3910801008
 134.  97.        0.0670759726       -0.3183728417
 134.  98.        0.0191952689       -0.1850936620
 134.  99.        0.2262798057        0.6070173072
 134. 100.       -0.2075227693       -0.0052454474
 134. 101.       -0.3673782356       -0.0692362360
 134. 102.        0.1057391498       -0.1366867672
 134. 103.        0.3736680778        0.3388984843
 134. 104.       -0.0655643657       -0.1421403748
 134. 105.        0.2608204482        0.1935769005
 134. 106.       -0.1121426978       -0.6993694983
 134. 107.        0.0775613207        0.3351506496
 134. 108.        0.0257301678       -0.0873741029
 134. 109.       -0.7969915137       -0.0663547959
 134. 110.        0.6660403226        0.3151503037
 134. 111.       -0.2198769706        0.0995766203
 134. 112.        0.1215631864       -0.1242759871
 134. 113.       -0.1990753252       -0.0235520709
 134. 114.        0.1684440244        0.0782464452
 134. 115.        0.1292493587       -0.0169039378
 134. 116.       -0.0752133265        0.3558212874
 134. 117.       -0.5554573919        0.2036435528
 134. 118.       -0.1147735471       -0.2093450083
 134. 119.        0.2842427261        0.8277004945
 134. 120.       -0.1760025369       -0.5796747800
 134. 121.       -0.1196382781        0.3310275753
 134. 122.        0.0929213302       -0.0674738496
 134. 123.        0.1259030848        0.5500916373
 134. 124.        0.3141427135        0.0739805710
 134. 125.       -0.0730745585       -0.2940069594
 134. 126.        0.1361338751        0.4403311889
 134. 127.       -0.3874722788       -0.0470925193
 134. 128.        0.3054444628        0.0496995588
 134. 129.        0.0626339990        0.1819086471
 134. 130.       -0.1781189826       -0.0088106773
 134. 131.        0.1489955843        0.2291490971
 134. 132.        0.0118246854        0.6039132734
 134. 133.        0.1747843901       -0.0522428425
 134. 134.        0.1966736110        0.1034347775
 135.   0.        0.0003191944        0.0000000000
 135.   1.       -0.0941483641        0.0698579365
 135.   2.        0.0179481643        0.5456233355
 135.   3.        0.3286359625       -0.0431284278
 135.   4.       -0.0088597188       -0.2975602233
 135.   5.       -0.1073499283        0.1267151993
 135.   6.        0.1454380712        0.0201987210
 135.   7.        0.2210002990        0.4679284934
 135.   8.       -0.0369526010        0.1591218019
 135.   9.        0.2260296594        0.1726746539
 135.  10.       -0.4954418063       -0.0748894301
 135.  11.        0.3539828171       -0.2546941420
 135.  12.        0.0461715251       -0.1923096754
 135.  13.       -0.0692636061        0.0363549541
 135.  14.       -0.0143075336        0.0957370083
 135.  15.       -0.3795060997        0.0622326869
 135.  16.        0.0531891639       -0.2533369043
 135.  17.        0.5228382983        0.1818140579
 135.  18.       -0.1356171253       -0.1932474857
 135.  19.        0.1345719244       -0.1518851102
 135.  20.       -0.0565809919        0.1692201475
 135.  21.       -0.0181981254       -0.2687000229
 135.  22.       -0.0220513231        0.4011964662
 135.  23.       -0.1442648705       -0.1708109433
 135.  24.       -0.1447581626       -0.2030804266
 135.  25.       -0.4060225364       -0.1699775101
 135.  26.        0.0612617739        0.0521402400
 135.  27.       -0.0972257337        0.1351542586
 135.  28.       -0.1868121853       -0.2561615346
 135.  29.        0.1103343716       -0.4566832556
 135.  30.       -0.0807474137        0.1468025181
 135.  31.       -0.0363638974       -0.1035794268
 135.  32.        0.0616901177       -0.0495036918
 135.  33.       -0.3956586489        0.0779345400
 135.  34.       -0.2451365398        0.2841676627
 135.  35.        0.2002014277       -0.5541610037
 135.  36.        0.1471256072       -0.2154148306
 135.  37.        0.0980208613        0.3650097177
 135.  38.       -0.1629774943       -0.1254426551
 135.  39.        0.1471161176        0.0290667648
 135.  40.        0.0159114321        0.0425983078
 135.  41.        0.2609160208       -0.2164737747
 135.  42.        0.1777454679        0.1661980293
 135.  43.        0.0035854599       -0.3060098949
 135.  44.        0.1287687885        0.2422450611
 135.  45.        0.0644509557        0.2943561522
 135.  46.       -0.0262512269       -0.2936515935
 135.  47.       -0.1174463667        0.2552312465
 135.  48.        0.1237205460        0.1058286504
 135.  49.       -0.2275554783       -0.4282360120
 135.  50.       -0.3098553540        0.2933195644
 135.  51.       -0.2043178082       -0.0828190687
 135.  52.        0.1225096458        0.1588242038
 135.  53.        0.1986204326        0.0641536616
 135.  54.        0.4046598634       -0.0504062437
 135.  55.       -0.4716508095        0.1088925131
 135.  56.        0.1728962487        0.1677201576
 135.  57.        0.2266583162       -0.2986251568
 135.  58.       -0.1993646351        0.0091622694
 135.  59.        0.1148297931        0.2894950083
 135.  60.        0.2374601637       -0.2304559043
 135.  61.        0.4547417476       -0.3378462753
 135.  62.        0.1213211431        0.0148836254
 135.  63.        0.2493270805       -0.0776526349
 135.  64.        0.2279533220        0.0678702868
 135.  65.       -0.0349212920       -0.0752343551
 135.  66.        0.0924535474       -0.2121392722
 135.  67.       -0.1072535715       -0.0105426595
 135.  68.       -0.1023490789       -0.0232871059
 135.  69.       -0.4521378209        0.2276514444
 135.  70.        0.3926970990        0.1294806189
 135.  71.       -0.3156049367        0.2278930467
 135.  72.        0.2106474504       -0.3019255770
 135.  73.        0.2835877912       -0.3105754484
 135.  74.       -0.1900829744        0.2980089346
 135.  75.        0.3217839967        0.3146886158
 135.  76.       -0.3223689575       -0.3457391116
 135.  77.       -0.0462741350        0.0625505341
 135.  78.        0.2744135017       -0.0350249385
 135.  79.        0.1637465257        0.6016831921
 135.  80.       -0.3953006171        0.0909452751
 135.  81.        0.2876782725       -0.2527136020
 135.  82.       -0.0464330703       -0.3082182948
 135.  83.       -0.1592878384       -0.2947009991
 135.  84.        0.0475263907        0.2921526511
 135.  85.        0.1818597205       -0.0155643289
 135.  86.       -0.4686366452        0.1019324774
 135.  87.       -0.1847036625        0.1596225632
 135.  88.        0.1210421573       -0.1728253554
 135.  89.        0.2424802957       -0.3082045148
 135.  90.        0.2395890480        0.0064847778
 135.  91.       -0.1645803242        0.5435719259
 135.  92.       -0.2197723154       -0.1662374691
 135.  93.        0.1901113249       -0.6642451926
 135.  94.        0.4531582619       -0.3881876765
 135.  95.        0.0683600131        0.3911905079
 135.  96.       -0.1433193529        0.1529563735
 135.  97.       -0.5237330831       -0.0913094239
 135.  98.       -0.5448745973       -0.1047461150
 135.  99.        0.3418670269        0.3347413151
 135. 100.        0.4161779244        0.1763766565
 135. 101.        0.1217621889        0.0365748626
 135. 102.       -0.2055199955       -0.3033197649
 135. 103.        0.0532340803        0.1716373873
 135. 104.        0.2752715668        0.2647686106
 135. 105.       -0.1646503599        0.1567253324
 135. 106.        0.2869274293       -0.2024069649
 135. 107.       -0.2181150894       -0.1623108581
 135. 108.       -0.2224477270       -0.0416256494
 135. 109.        0.5866942886       -0.3825965655
 135. 110.       -0.3803113587       -0.1506445417
 135. 111.        0.4555913899       -0.0143481941
 135. 112.       -0.5229836694        0.2742861713
 135. 113.        0.6208563683        0.1747626339
 135. 114.       -0.3624173219        0.5628605462
 135. 115.       -0.4790444910       -0.2619462888
 135. 116.       -0.1400749911       -0.6119452790
 135. 117.        0.3398267436        0.1670922248
 135. 118.       -0.3036947194        0.2185445991
 135. 119.        0.0896837011       -0.0413121689
 135. 120.        0.3751366696        0.7229173670
 135. 121.       -0.6146507317        0.2316318095
 135. 122.        0.0979556044        0.3117785563
 135. 123.        0.0729194088       -0.0142499848
 135. 124.       -0.0559568688        0.2000268728
 135. 125.        0.1043419803        0.0498918798
 135. 126.       -0.4196492117       -0.0663732999
 135. 127.        0.2478514728       -0.2047466015
 135. 128.        0.1444687111       -0.0543519922
 135. 129.        0.0660741840        0.2040386117
 135. 130.       -0.0782374923        0.4064735934
 135. 131.       -0.4987474947        0.2079515246
 135. 132.        0.0576488296       -0.1657368572
 135. 133.        0.1928187264       -0.0324468717
 135. 134.       -0.0141390197        0.1552227072
 135. 135.       -0.1851567478       -0.0066481014
 136.   0.       -0.2918085876        0.0000000000
 136.   1.        0.4203559080       -0.3322359539
 136.   2.        0.2388662715        0.0305921507
 136.   3.       -0.0448635813        0.3495742646
 136.   4.        0.1307627575       -0.2413596984
 136.   5.       -0.2773696786       -0.2114036437
 136.   6.        0.1285060387       -0.1871638159
 136.   7.        0.3706266138       -0.3970763937
 136.   8.       -0.2168051326        0.1491435455
 136.   9.       -0.1224181165        0.3897139912
 136.  10.       -0.1239379276       -0.3208929235
 136.  11.       -0.3052512243       -0.0854849062
 136.  12.       -0.1130233710       -0.1386097056
 136.  13.        0.0523004916       -0.1874025142
 136.  14.        0.0853193783       -0.0426323806
 136.  15.        0.1688393362        0.2625870197
 136.  16.       -0.3526514763        0.0453756755
 136.  17.        0.1743105428        0.2185201137
 136.  18.        0.2441991607        0.4090881170
 136.  19.       -0.2458644990       -0.4188890212
 136.  20.       -0.1889503942       -0.3080102198
 136.  21.        0.1587836155        0.1264883174
 136.  22.       -0.0544182939       -0.2237146298
 136.  23.        0.3446130121        0.2789127302
 136.  24.        0.3223805483        0.0362140286
 136.  25.        0.2486398826       -0.3029144519
 136.  26.       -0.0608439021       -0.0527817320
 136.  27.       -0.1911677326       -0.3909324577
 136.  28.       -0.1583664186       -0.0299272298
 136.  29.        0.0631332007       -0.3416919756
 136.  30.       -0.1336142056        0.0644000041
 136.  31.       -0.1633140298        0.1321512800
 136.  32.        0.1057865079        0.0247603511
 136.  33.        0.0803759379       -0.0455086180
 136.  34.       -0.4405636859        0.0901323325
 136.  35.       -0.0109940165        0.0465392615
 136.  36.        0.0177946973       -0.2069847304
 136.  37.       -0.0796556348       -0.0564871735
 136.  38.        0.1396137030       -0.0621850869
 136.  39.       -0.1642548351       -0.0449344706
 136.  40.       -0.0902093758        0.1479381775
 136.  41.        0.0938917877       -0.0622837894
 136.  42.       -0.0876516613       -0.3530132033
 136.  43.       -0.1133254485       -0.0469398656
 136.  44.        0.0214936582        0.1197687372
 136.  45.       -0.0950416127        0.3403150208
 136.  46.       -0.1298955692        0.1303844830
 136.  47.        0.1667179463       -0.3847952517
 136.  48.       -0.3208324657        0.0141173255
 136.  49.        0.4323333794       -0.1277594921
 136.  50.        0.0600780789        0.0862994914
 136.  51.       -0.2410867296        0.2736773302
 136.  52.        0.0664768032       -0.1803777494
 136.  53.       -0.0864241194        0.5907319959
 136.  54.        0.0043795831        0.0971940061
 136.  55.        0.2812491099        0.0490807992
 136.  56.        0.3327386338        0.2839245924
 136.  57.       -0.0803802454        0.0953951999
 136.  58.       -0.4536324436       -0.1553726797
 136.  59.        0.0768228976        0.1061848196
 136.  60.       -0.2913560658       -0.3220248914
 136.  61.        0.0199905637       -0.0054363472
 136.  62.        0.0161384180        0.0278251873
 136.  63.       -0.1825427079       -0.3971270794
 136.  64.        0.1256305552       -0.1311537577
 136.  65.        0.0463713494        0.4190427012
 136.  66.       -0.0126322235        0.0633132299
 136.  67.       -0.2232597464       -0.1441167263
 136.  68.        0.2921609940        0.2986211012
 136.  69.       -0.1107346780       -0.0990284123
 136.  70.        0.1187848861       -0.5682225159
 136.  71.        0.2418889211       -0.2714278778
 136.  72.       -0.1352287141        0.0560722692
 136.  73.        0.2200035530       -0.0246094725
 136.  74.       -0.1384875782        0.1073238708
 136.  75.        0.0275755404        0.0403260117
 136.  76.        0.2848622940       -0.1830366792
 136.  77.        0.0724068315        0.0073253495
 136.  78.       -0.1092233292       -0.1865385573
 136.  79.       -0.0504092980       -0.3132805880
 136.  80.       -0.1940347148       -0.2005566193
 136.  81.       -0.2592491029       -0.1465125639
 136.  82.       -0.0833595828        0.3936384146
 136.  83.        0.1572347378        0.2556414750
 136.  84.        0.1381236060       -0.2113029261
 136.  85.        0.0214391571       -0.4697379639
 136.  86.        0.3008513884       -0.3562884462
 136.  87.       -0.3303871085       -0.1027310055
 136.  88.        0.1862956452        0.1779258147
 136.  89.       -0.1817972207       -0.0826638716
 136.  90.        0.2314939079       -0.4733944978
 136.  91.        0.1957283969       -0.0021894116
 136.  92.       -0.0852432651        0.0650092880
 136.  93.       -0.4393865468       -0.1261655428
 136.  94.        0.0221211951       -0.2575714781
 136.  95.       -0.0078207741        0.1239013009
 136.  96.        0.0417629148       -0.2994223626
 136.  97.       -0.1230148998        0.4091622918
 136.  98.       -0.0979368562        0.1306129267
 136.  99.       -0.0935868127       -0.1783331232
 136. 100.       -0.1641448433       -0.4882006957
 136. 101.        0.3310810679        0.2653695982
 136. 102.        0.0500462441       -0.3263883660
 136. 103.       -0.5100620133       -0.1934424606
 136. 104.       -0.3173960427       -0.0230234986
 136. 105.        0.2893255917        0.0964691056
 136. 106.       -0.0683361334        0.2014079825
 136. 107.       -0.2735749832        0.1670551350
 136. 108.       -0.0111680566       -0.6025089088
 136. 109.        0.0867739773       -0.3350549452
 136. 110.        0.1380939302       -0.5194595767
 136. 111.       -0.4241043124        0.1566074464
 136. 112.       -0.1049131049        0.0227012114
 136. 113.       -0.7291884332       -0.4164990639
 136. 114.        0.2545202850       -0.3874232027
 136. 115.       -0.3141930262       -0.2670957701
 136. 116.       -0.5263447425        0.0879880938
 136. 117.        0.3090227123       -0.3836110024
 136. 118.       -0.1059056455       -0.0189160584
 136. 119.       -0.0735770499        0.0229290538
 136. 120.        0.1730327176       -0.4490772668
 136. 121.        0.5235979377        0.5651246748
 136. 122.        0.1644418721        0.2210928737
 136. 123.       -0.0500830485       -0.3423645192
 136. 124.       -0.2262317747       -0.3514462778
 136. 125.        0.4133083270       -0.1493460333
 136. 126.       -0.0137398418        0.1352673438
 136. 127.        0.2073184377        0.2066834407
 136. 128.        0.3482970161       -0.4396850649
 136. 129.       -0.3124233497        0.2484428077
 136. 130.        0.2751175391       -0.1217615356
 136. 131.        0.5778966417        0.5194337331
 136. 132.       -0.4310826050        0.0113004415
 136. 133.       -0.2517402917        0.1248796651
 136. 134.        0.2331011252        0.0467091413
 136. 135.       -0.1252758217       -0.0576458499
 136. 136.       -0.0245381535        0.1753234963
 137.   0.       -0.0934257732        0.0000000000
 137.   1.        0.1365757915        0.0152862130
 137.   2.        0.3192760800       -0.3816054256
 137.   3.       -0.0558379163       -0.4569658860
 137.   4.       -0.1248543710        0.0801749392
 137.   5.        0.1011140288       -0.0894053592
 137.   6.       -0.1435546439        0.0179969866
 137.   7.       -0.2679932396       -0.1388861272
 137.   8.        0.1761902490       -0.4142565524
 137.   9.       -0.3673262822        0.0419453037
 137.  10.        0.2248688965        0.0475556236
 137.  11.        0.1074290713        0.0097911408
 137.  12.       -0.1230444343        0.2871912954
 137.  13.        0.0138174001        0.2618892253
 137.  14.       -0.1787305400       -0.1862959887
 137.  15.        0.3664697009       -0.2270423889
 137.  16.        0.0935568257        0.2892100238
 137.  17.       -0.4276008377       -0.2790855723
 137.  18.        0.0397751804        0.1252263657
 137.  19.        0.0154035075        0.3709906812
 137.  20.       -0.1711036603       -0.3565986361
 137.  21.        0.2651791437        0.1725856885
 137.  22.        0.1343184865       -0.2186048243
 137.  23.        0.0419978851        0.0593798600
 137.  24.        0.0839673958        0.0318176656
 137.  25.        0.3836235507       -0.1605028118
 137.  26.       -0.1322386413        0.4082326559
 137.  27.       -0.0438486073        0.0967803390
 137.  28.        0.2445453382       -0.1736648461
 137.  29.       -0.0861827178        0.3749402438
 137.  30.       -0.0637705615        0.3056215839
 137.  31.        0.2166723739        0.1962252630
 137.  32.       -0.1406830932       -0.1892150432
 137.  33.       -0.0105939530       -0.4192082988
 137.  34.       -0.1473616905        0.0938792586
 137.  35.       -0.1562582358        0.6483685063
 137.  36.        0.0245717127        0.0612266735
 137.  37.       -0.4759731409       -0.2322799748
 137.  38.       -0.2266392388        0.1342948677
 137.  39.        0.2131847169        0.0525540403
 137.  40.        0.1192275357        0.0499578120
 137.  41.        0.1775819493        0.4202677669
 137.  42.        0.2649451842        0.1932375773
 137.  43.       -0.2184992249       -0.0601100720
 137.  44.       -0.3314154396       -0.2678566122
 137.  45.       -0.0121895457       -0.4520315058
 137.  46.        0.2974164831        0.0907038255
 137.  47.        0.0030093029       -0.1034151646
 137.  48.       -0.4060660901       -0.3626458991
 137.  49.       -0.0763866103        0.1815622076
 137.  50.        0.2482075150       -0.3637443650
 137.  51.        0.0868221597       -0.0216311928
 137.  52.        0.2918110934       -0.1848991349
 137.  53.       -0.1677502641       -0.1290880248
 137.  54.       -0.2571041518       -0.2204932125
 137.  55.       -0.1377907637       -0.3132552095
 137.  56.       -0.0154272465       -0.2022364344
 137.  57.        0.1978907375        0.1792864978
 137.  58.        0.3729016894        0.3451206605
 137.  59.       -0.0179112879       -0.3107350212
 137.  60.       -0.2462569911       -0.1396857666
 137.  61.        0.2646390276        0.3621390404
 137.  62.       -0.2650690595        0.0650163229
 137.  63.       -0.1875792959        0.1567376681
 137.  64.       -0.1255980219       -0.0984700716
 137.  65.        0.1495487973       -0.1611065179
 137.  66.        0.3917162443        0.2795200415
 137.  67.        0.1703987892       -0.2975299451
 137.  68.        0.0016731799        0.1013241463
 137.  69.        0.3935297223        0.0965573256
 137.  70.        0.1047994362        0.1849747476
 137.  71.        0.0767762201       -0.0900170158
 137.  72.       -0.1428072124        0.1070162938
 137.  73.       -0.3164060842       -0.2454221443
 137.  74.        0.1250481340        0.0907318325
 137.  75.       -0.4129213164        0.1745005397
 137.  76.       -0.0609236142       -0.0920790667
 137.  77.       -0.2209848555        0.0561388249
 137.  78.       -0.3797331575       -0.0295022111
 137.  79.        0.0872049319       -0.4178756822
 137.  80.        0.1379988973        0.3009267676
 137.  81.        0.0058402947       -0.2755680301
 137.  82.       -0.1057452738       -0.0329940012
 137.  83.       -0.1399908167        0.2256242160
 137.  84.        0.1342771368        0.0343764652
 137.  85.       -0.2943135448       -0.3072462907
 137.  86.       -0.1622561983       -0.3204605408
 137.  87.       -0.1537610811        0.0263159651
 137.  88.        0.2445301168       -0.1661351263
 137.  89.       -0.0465188038        0.1047658636
 137.  90.       -0.4647642046       -0.2604042760
 137.  91.       -0.0794095154       -0.2064994181
 137.  92.        0.1715530942       -0.3730462747
 137.  93.        0.3850849702        0.4357736793
 137.  94.        0.0308167956        0.2349768019
 137.  95.        0.2688639559        0.3921946423
 137.  96.        0.0944513947       -0.1780989728
 137.  97.       -0.1509678089       -0.1048169468
 137.  98.        0.1683612183       -0.1306749773
 137.  99.        0.2811075658       -0.1593113404
 137. 100.       -0.2684247657       -0.2527054015
 137. 101.       -0.0873914714       -0.5091704971
 137. 102.        0.2576922746        0.1428519340
 137. 103.        0.6127186524        0.1283589631
 137. 104.        0.0937437127       -0.0702475481
 137. 105.       -0.3700831436        0.0475203356
 137. 106.       -0.0357279078        0.2119425662
 137. 107.        0.4968999062        0.2144450126
 137. 108.        0.2176545396        0.1107255698
 137. 109.       -0.0342744489       -0.2175878710
 137. 110.       -0.0549736487       -0.0446737679
 137. 111.        0.3855936680       -0.7034202617
 137. 112.       -0.3721668722        0.6943648256
 137. 113.        0.0470389200        0.0096628110
 137. 114.       -0.2198847716        0.3824351798
 137. 115.        0.3552476141        0.2174679877
 137. 116.       -0.0473534359       -0.5780564728
 137. 117.       -0.2508851514        0.5125102302
 137. 118.       -0.3899243767        0.1422321206
 137. 119.        0.3169627915        0.6488161452
 137. 120.        0.0082039676       -0.1141435447
 137. 121.       -0.4431768503        0.0968415086
 137. 122.       -0.0947499735       -0.1899835713
 137. 123.       -0.3844240045        0.2128993981
 137. 124.        0.2534867322        0.1988928592
 137. 125.       -0.3726763314       -0.2219448520
 137. 126.        0.1688447820       -0.1753988968
 137. 127.       -0.4152262339        0.1430552612
 137. 128.       -0.0937920390       -0.1152154986
 137. 129.       -0.0541538341       -0.3509851466
 137. 130.        0.2227613722        0.1097810283
 137. 131.       -0.0547675871       -0.0819252259
 137. 132.        0.5536322980       -0.4139567576
 137. 133.       -0.2574502396        0.0275587249
 137. 134.        0.1291816644       -0.2526010917
 137. 135.        0.3156154297       -0.4712854292
 137. 136.        0.0031437906       -0.0132147484
 137. 137.        0.3058000079        0.1203943660
 138.   0.       -0.0961058513        0.0000000000
 138.   1.       -0.2608027986        0.3382002385
 138.   2.       -0.3710454814        0.3709639429
 138.   3.       -0.0525802521       -0.2148702108
 138.   4.       -0.0982775708       -0.1669109828
 138.   5.        0.1713247640        0.0812110743
 138.   6.        0.0371893537        0.0820697322
 138.   7.       -0.1751834790        0.2403106758
 138.   8.       -0.0339471214        0.4732516595
 138.   9.        0.0648233885       -0.4591854371
 138.  10.        0.0366457023        0.2455650845
 138.  11.        0.1297209724       -0.1857289017
 138.  12.        0.3391139736        0.0232501820
 138.  13.        0.0694084258       -0.0598561018
 138.  14.       -0.1367217201        0.1742074891
 138.  15.       -0.3549245293        0.0385059264
 138.  16.        0.1456316886        0.1344292141
 138.  17.       -0.1624271807       -0.3144952229
 138.  18.       -0.1453363768       -0.2407789790
 138.  19.        0.3204485875        0.1357250860
 138.  20.       -0.0599025033        0.3035527937
 138.  21.       -0.3313575500       -0.0349785120
 138.  22.        0.0678180080        0.1158891672
 138.  23.       -0.1772149932        0.0078085737
 138.  24.       -0.1624745051       -0.2007186465
 138.  25.       -0.1308142985        0.2588538899
 138.  26.        0.1113208802       -0.2850305601
 138.  27.       -0.0293486437        0.1430930746
 138.  28.       -0.0156131030       -0.0062125028
 138.  29.        0.1092013873       -0.1954285212
 138.  30.       -0.2073721827        0.0741105242
 138.  31.        0.2021519309        0.1927819181
 138.  32.       -0.0695470607        0.0636756348
 138.  33.       -0.4040458885       -0.0138111056
 138.  34.        0.3548772716       -0.1614363631
 138.  35.        0.0197385476        0.0881542599
 138.  36.       -0.1376394154        0.1498012096
 138.  37.        0.4005019142       -0.0290307461
 138.  38.       -0.5101644484        0.0394141188
 138.  39.       -0.0755788325        0.1455034669
 138.  40.       -0.1126705704        0.0419580691
 138.  41.       -0.1105445800       -0.3232436949
 138.  42.        0.1842205455        0.2645169388
 138.  43.        0.2519037484       -0.1560750110
 138.  44.        0.1724572492        0.1574226821
 138.  45.        0.0630797505        0.2923990277
 138.  46.        0.0520944670       -0.2867251973
 138.  47.        0.2288883607        0.3914846826
 138.  48.        0.2635423050       -0.0054718056
 138.  49.       -0.3953142890       -0.0679337270
 138.  50.       -0.1583083117        0.1463659827
 138.  51.       -0.1493522783       -0.3278342162
 138.  52.       -0.2771499734       -0.0502523804
 138.  53.        0.0990389828       -0.2634211202
 138.  54.        0.0775139434       -0.1209437283
 138.  55.        0.0889822368        0.1504692941
 138.  56.       -0.3109467864        0.2705482606
 138.  57.        0.3681964835        0.0998138010
 138.  58.       -0.1248316281        0.1904806001
 138.  59.        0.0860118531        0.2723391308
 138.  60.       -0.2105806817       -0.0665793362
 138.  61.       -0.1025477318       -0.0113844664
 138.  62.        0.0690091112        0.3121772617
 138.  63.       -0.1653878599        0.1099364521
 138.  64.        0.3723743800        0.4370821318
 138.  65.       -0.3421989427        0.0599802588
 138.  66.       -0.2387107024        0.2660388821
 138.  67.        0.0621105099        0.1188381776
 138.  68.       -0.2723332625       -0.3343597414
 138.  69.       -0.1672088812        0.3886225575
 138.  70.        0.1155364508       -0.1317125176
 138.  71.       -0.2247775375        0.2663733177
 138.  72.       -0.0940021374       -0.3386469281
 138.  73.       -0.4005749126       -0.0022667320
 138.  74.        0.1972002992       -0.3728053051
 138.  75.        0.3685441876        0.0008725788
 138.  76.       -0.1158293848        0.7419560139
 138.  77.        0.0924098965       -0.0468919800
 138.  78.       -0.0698009632       -0.2204440323
 138.  79.       -0.1522468813       -0.0926564162
 138.  80.       -0.0963054734        0.1267955174
 138.  81.        0.4293616119        0.4107605106
 138.  82.       -0.1281338947       -0.1103467062
 138.  83.        0.0989542522       -0.4088917299
 138.  84.       -0.1231019485       -0.3115426271
 138.  85.       -0.3670894575        0.2236312832
 138.  86.        0.1950885465        0.1545078317
 138.  87.       -0.3216796006        0.0237320278
 138.  88.       -0.1662273101       -0.1836784522
 138.  89.        0.0264605679       -0.5179185009
 138.  90.        0.0048748329        0.4460777979
 138.  91.       -0.1073789809       -0.3790419170
 138.  92.       -0.5816576777        0.0410764044
 138.  93.        0.1175748496       -0.2978821993
 138.  94.        0.5821283413       -0.2168241596
 138.  95.       -0.2140631042        0.1851564668
 138.  96.        0.5560711975        0.2835616912
 138.  97.        0.0613769455       -0.2716083692
 138.  98.       -0.3747876479       -0.1722048687
 138.  99.        0.1116141610       -0.2304488172
 138. 100.       -0.1540210963       -0.1714459552
 138. 101.        0.1460718528        0.2966862205
 138. 102.       -0.0985986667        0.1305517036
 138. 103.        0.1940129849        0.0971638300
 138. 104.        0.4171128003       -0.2801828128
 138. 105.        0.1262990063       -0.4175899561
 138. 106.        0.1244810970        0.0224204213
 138. 107.       -0.5232332613       -0.0688200152
 138. 108.       -0.0405125653       -0.2007895259
 138. 109.        0.2369927462        0.1473750419
 138. 110.        0.0275791750       -0.2094457931
 138. 111.        0.2113440666       -0.0378768166
 138. 112.        0.0874878919       -0.1044765755
 138. 113.        0.0379871761        0.1279430670
 138. 114.       -0.1553739235       -0.3823336559
 138. 115.       -0.0292723759        0.2714072959
 138. 116.        0.1527711367        0.0791172948
 138. 117.        0.0748865116        0.2576103026
 138. 118.       -0.0325626041       -0.1118576030
 138. 119.        0.0839081062       -0.3839780833
 138. 120.        0.4821859922        0.3604572750
 138. 121.        0.3029477332       -0.1288223563
 138. 122.       -0.3262094072        0.3073568420
 138. 123.       -0.0352256721       -0.1096239392
 138. 124.       -0.1110902367       -0.1439405744
 138. 125.        0.6488183442        0.0282750356
 138. 126.       -0.6769529607        0.4873047629
 138. 127.       -0.0481628623        0.3426696294
 138. 128.       -0.1674407051       -0.0339894558
 138. 129.       -0.2228577886        0.7264867153
 138. 130.       -0.3146653595       -0.1544451600
 138. 131.        0.3316240364        0.2145713834
 138. 132.        0.2280619175       -0.2923645804
 138. 133.        0.4256801717        0.0006367801
 138. 134.       -0.1739140768        0.1777980764
 138. 135.        0.2986218875       -0.6442827249
 138. 136.        0.1111171693       -0.2522661911
 138. 137.       -0.1044442803        0.2171839768
 138. 138.        0.0239813069        0.6349966797
 139.   0.       -0.0850471120        0.0000000000
 139.   1.       -0.0789973479       -0.1274784689
 139.   2.       -0.1716455138        0.0812302369
 139.   3.       -0.2483893668        0.6103039187
 139.   4.        0.1344085801        0.1045649108
 139.   5.        0.0015271353        0.1915283945
 139.   6.        0.0632800716       -0.0798980171
 139.   7.       -0.0157751104       -0.3080818291
 139.   8.       -0.0365883096        0.4218692510
 139.   9.        0.2175618707        0.0539049415
 139.  10.        0.1490162324        0.0316816487
 139.  11.       -0.2797116739        0.3438649080
 139.  12.        0.2061632067       -0.3099532693
 139.  13.       -0.0877613215       -0.4102716322
 139.  14.        0.1592057101        0.1187427533
 139.  15.       -0.0609157881       -0.0606181354
 139.  16.       -0.2874670205       -0.0368433614
 139.  17.        0.0495529368        0.2044476789
 139.  18.        0.0436011269        0.0184223615
 139.  19.       -0.1323998346       -0.3202722039
 139.  20.        0.2467480976        0.1132467333
 139.  21.       -0.2566755175        0.1488133680
 139.  22.       -0.1143145961        0.1689604867
 139.  23.        0.2470755425       -0.0273531550
 139.  24.       -0.0866464116       -0.2421940551
 139.  25.       -0.1817178351        0.1575075259
 139.  26.        0.1636349266       -0.2003190572
 139.  27.       -0.0014799424        0.0383988914
 139.  28.       -0.1119306488        0.2448715993
 139.  29.       -0.1785272079       -0.1930828747
 139.  30.        0.0165929739       -0.1526958361
 139.  31.        0.1017338477        0.1825854895
 139.  32.        0.3202816734        0.0030499003
 139.  33.       -0.1801243142        0.2880898307
 139.  34.        0.1561758334       -0.0380799238
 139.  35.        0.2357611176       -0.2764555331
 139.  36.       -0.2044335559       -0.0494097580
 139.  37.        0.2846293826       -0.0070451400
 139.  38.        0.4854814712        0.0783209966
 139.  39.       -0.0778752108        0.2611626235
 139.  40.        0.0375476491        0.0756132000
 139.  41.       -0.2129553285       -0.2710693707
 139.  42.       -0.1143414138        0.1417551643
 139.  43.        0.3838625733        0.3062024432
 139.  44.        0.1973130734        0.0665677256
 139.  45.        0.2240816497       -0.0194335890
 139.  46.       -0.1086352784        0.1493980384
 139.  47.       -0.2419497677       -0.2474676275
 139.  48.       -0.0017700871       -0.0668259267
 139.  49.       -0.2059992501       -0.3653011175
 139.  50.       -0.2901750963       -0.2238524797
 139.  51.       -0.1439547823        0.4566028958
 139.  52.       -0.1930772015        0.0096291738
 139.  53.       -0.2965781137        0.2272355148
 139.  54.        0.0633716728       -0.1175804451
 139.  55.        0.0070664688        0.1709030961
 139.  56.       -0.4847411994       -0.2685659535
 139.  57.       -0.1094867280       -0.2772134104
 139.  58.       -0.0781392494       -0.2453373426
 139.  59.       -0.0067614327        0.1687152274
 139.  60.        0.1464874567        0.4983862152
 139.  61.       -0.2457582516       -0.1578352183
 139.  62.        0.3074329639       -0.0862316303
 139.  63.       -0.4047829274       -0.0696257177
 139.  64.        0.0882511592       -0.1517280509
 139.  65.        0.1060613109        0.0966253116
 139.  66.       -0.0413601542       -0.3304106171
 139.  67.       -0.2413309034        0.4462381739
 139.  68.        0.1370980953       -0.0825778028
 139.  69.        0.0695067750       -0.1206054868
 139.  70.        0.1277530786        0.1767670057
 139.  71.       -0.2354509651        0.0639922688
 139.  72.       -0.0183668144       -0.0529753689
 139.  73.       -0.1502287538       -0.1218024859
 139.  74.       -0.1074416955       -0.0408203034
 139.  75.       -0.0439508962       -0.2742733913
 139.  76.        0.2620381436       -0.1486650659
 139.  77.        0.3554194234        0.3731715032
 139.  78.        0.3925293769       -0.0842627201
 139.  79.       -0.1321278312       -0.2757482261
 139.  80.       -0.1151872801       -0.0737446836
 139.  81.       -0.0553800447        0.2466310412
 139.  82.        0.3111950685        0.2656560598
 139.  83.       -0.0560554298       -0.0340809084
 139.  84.       -0.1584393280       -0.1009478365
 139.  85.        0.0805632121        0.1538970657
 139.  86.       -0.1888756519        0.2929356750
 139.  87.        0.4546555748       -0.3355870490
 139.  88.       -0.2555941967        0.2030675565
 139.  89.       -0.2107165231       -0.2458040994
 139.  90.       -0.1977059944        0.3130458366
 139.  91.       -0.0549371749        0.2986930011
 139.  92.        0.4063350346       -0.0033256567
 139.  93.        0.1560321909       -0.2509730540
 139.  94.        0.0563626413       -0.0159616220
 139.  95.        0.0476766636       -0.2312159164
 139.  96.       -0.0000464798        0.0601394728
 139.  97.        0.2403164638        0.1718940575
 139.  98.       -0.3027063557        0.1915540734
 139.  99.        0.1782455721        0.1598495336
 139. 100.       -0.3693464417       -0.0633286316
 139. 101.       -0.1721725091        0.2677199872
 139. 102.        0.3687713596       -0.2070897272
 139. 103.       -0.1460820638       -0.0581939683
 139. 104.       -0.3641415554        0.0964007018
 139. 105.        0.4968556282       -0.1076708834
 139. 106.        0.1908766189        0.6045631795
 139. 107.        0.1752338349        0.2267031498
 139. 108.       -0.9708279391       -0.4402691685
 139. 109.        0.1342159875       -0.0193436219
 139. 110.        0.5749840150        0.0881037693
 139. 111.        0.0712242369       -0.0245411341
 139. 112.       -0.0220004311        0.0058063039
 139. 113.       -0.2379596933       -0.2345348031
 139. 114.       -0.0165862029       -0.0990645739
 139. 115.       -0.1993966179        0.1311105423
 139. 116.        0.0680011468       -0.0935571228
 139. 117.        0.0152518126        0.3047797111
 139. 118.       -0.0756169462        0.5201932577
 139. 119.        0.0394744782        0.0283183728
 139. 120.       -0.7060580027        0.0246119574
 139. 121.        0.3243875375       -0.1144552966
 139. 122.       -0.1599500570       -0.5043491617
 139. 123.       -0.1634137902       -0.1025658521
 139. 124.        0.2316634709       -0.0210406791
 139. 125.       -0.8536343291       -0.4203382692
 139. 126.        0.0459853254        0.2571871148
 139. 127.       -0.7845326691        0.1082621344
 139. 128.       -0.3429619547        0.0205334836
 139. 129.       -0.0519702902        0.2704690682
 139. 130.        0.1100390702        0.5149776909
 139. 131.       -0.2075954417       -0.1779195935
 139. 132.        0.5155161967       -0.1812441448
 139. 133.       -0.4156849316        0.3024757240
 139. 134.        0.2109768662       -0.0541100899
 139. 135.       -0.0954367261        0.0463434657
 139. 136.       -0.0795893523       -0.3805090406
 139. 137.        0.4869898217        0.2335170785
 139. 138.        0.5323161510        0.0374900050
 139. 139.        0.0122963618        0.5127282894
 140.   0.        0.2206885695        0.0000000000
 140.   1.        0.1048620064       -0.0782539728
 140.   2.        0.4389424884       -0.4924801115
 140.   3.        0.0926642445       -0.0108918971
 140.   4.        0.0542762610        0.1496512262
 140.   5.       -0.0970560941        0.0398215798
 140.   6.       -0.2318693484       -0.0397685758
 140.   7.        0.2281809870        0.1380569495
 140.   8.        0.0044011033       -0.7511585859
 140.   9.        0.0469969716        0.1028614736
 140.  10.        0.0255625980       -0.0513424930
 140.  11.       -0.1222955504        0.0578854719
 140.  12.       -0.4124470462        0.1440341208
 140.  13.       -0.1340069337        0.0992654730
 140.  14.       -0.2317488563       -0.1900732712
 140.  15.       -0.0038469504        0.0304804390
 140.  16.        0.3708494385       -0.2241270329
 140.  17.       -0.0944746742        0.2773191770
 140.  18.       -0.1969955488       -0.1129866035
 140.  19.       -0.0071636379       -0.0449452421
 140.  20.       -0.0655594702       -0.0199754378
 140.  21.        0.3608067231       -0.2272737230
 140.  22.        0.0168010443       -0.0266546223
 140.  23.       -0.1195118646       -0.4520774197
 140.  24.       -0.1153079259        0.4521128982
 140.  25.        0.0587083196       -0.3368443683
 140.  26.       -0.0921124160        0.2562121688
 140.  27.        0.2980687856        0.2233025285
 140.  28.       -0.0886192389       -0.0972714467
 140.  29.       -0.2708959497        0.2053716980
 140.  30.        0.2629973609        0.1574584266
 140.  31.        0.1330773130       -0.0343886627
 140.  32.       -0.1656480745       -0.0866175354
 140.  33.        0.0651034476       -0.0019913641
 140.  34.       -0.2725440106        0.1902031907
 140.  35.        0.0436008414        0.1599201172
 140.  36.        0.4427674079       -0.1108578469
 140.  37.       -0.3172326284       -0.2873739208
 140.  38.        0.2150920998        0.3230749196
 140.  39.        0.3576463555        0.1667565866
 140.  40.        0.1907904882       -0.0239462006
 140.  41.        0.1539850815        0.2066546617
 140.  42.       -0.3718792127       -0.2300196244
 140.  43.        0.0496242823       -0.1887434834
 140.  44.        0.0780678358        0.0942414676
 140.  45.        0.0261560358       -0.1514863944
 140.  46.        0.2114632029        0.0266236098
 140.  47.       -0.2474562480       -0.1311259203
 140.  48.       -0.3621824252        0.0098901090
 140.  49.        0.0548081878        0.2260771023
 140.  50.        0.0497084670       -0.1425625685
 140.  51.        0.1555265446        0.1025952713
 140.  52.        0.0004079044        0.0151407601
 140.  53.       -0.1892923745       -0.2323048811
 140.  54.        0.0723569060        0.2658210014
 140.  55.       -0.0373518106        0.2316212536
 140.  56.        0.2086427502       -0.2722000814
 140.  57.       -0.2590816917        0.0658902082
 140.  58.        0.2016090403       -0.0629092763
 140.  59.        0.1775827680       -0.2545713575
 140.  60.       -0.0393103314        0.3517659799
 140.  61.        0.0878204133       -0.0424035507
 140.  62.       -0.0694265590       -0.0075328494
 140.  63.        0.2460486447       -0.0352854521
 140.  64.       -0.4260851725       -0.2904271093
 140.  65.        0.0765883198        0.0480487061
 140.  66.        0.1444203023       -0.0474101660
 140.  67.        0.1868005060       -0.0897706746
 140.  68.        0.0382619426        0.0152861959
 140.  69.       -0.0624998776       -0.0616424541
 140.  70.        0.0573215247        0.2034722498
 140.  71.        0.2805742011       -0.0359496727
 140.  72.        0.0646051346       -0.2180430896
 140.  73.        0.0552368813       -0.0257366433
 140.  74.        0.0083730297        0.2394101344
 140.  75.       -0.4089148922        0.0760477188
 140.  76.        0.1065844937       -0.3626321611
 140.  77.        0.2137180976        0.0730043331
 140.  78.       -0.3977202919        0.4014407007
 140.  79.        0.2404570239       -0.0316226735
 140.  80.       -0.0210057476        0.1681330319
 140.  81.        0.0302218669        0.0337900007
 140.  82.        0.0501654359        0.0320320986
 140.  83.       -0.3645413004        0.1322538053
 140.  84.       -0.2032017178        0.5623205235
 140.  85.        0.1733691790       -0.4752978426
 140.  86.        0.1783270498        0.1312700119
 140.  87.       -0.0301460713        0.0347809803
 140.  88.       -0.1513700464        0.3210723154
 140.  89.       -0.0696147223        0.3526001150
 140.  90.        0.2031056693       -0.0524915077
 140.  91.       -0.2704177081        0.0391520101
 140.  92.        0.0819653692        0.2060431571
 140.  93.        0.4188320830       -0.0119980773
 140.  94.       -0.3362383055        0.1153628993
 140.  95.        0.2189309793        0.0823697037
 140.  96.       -0.1486666325       -0.0282154857
 140.  97.       -0.0593560779       -0.1956112297
 140.  98.        0.3084905644        0.2046913717
 140.  99.        0.2965575537        0.1936009445
 140. 100.       -0.1202459230        0.0617982247
 140. 101.        0.0786271208       -0.4750743419
 140. 102.       -0.0757417024       -0.0606119503
 140. 103.       -0.1195884431        0.1934920189
 140. 104.       -0.1518144691       -0.0550753231
 140. 105.       -0.4000257825       -0.1341790274
 140. 106.        0.3322282573        0.0974125560
 140. 107.        0.5238040911        0.2056013149
 140. 108.        0.0872898298       -0.2609024699
 140. 109.       -0.5601539800        0.0484789784
 140. 110.       -0.1644709919        0.4177974949
 140. 111.       -0.1931751671       -0.1679391843
 140. 112.        0.1964656737       -0.0646104539
 140. 113.        0.0436463219        0.1107250401
 140. 114.       -0.4025833894        0.2814355557
 140. 115.       -0.1785924418       -0.4742767994
 140. 116.       -0.3168383991        0.3210093868
 140. 117.        0.0930381664       -0.0333904461
 140. 118.       -0.4397968350        0.2254058510
 140. 119.        0.1007632613       -0.1226968824
 140. 120.        0.0451287709        0.1558579898
 140. 121.       -0.3760199824        0.4322841373
 140. 122.        0.0262352752        0.0361857157
 140. 123.        0.2143316560        0.1475594924
 140. 124.       -0.0777644040       -0.0917242298
 140. 125.       -0.4640003655       -0.2434363367
 140. 126.        0.0726298236        0.2381888145
 140. 127.       -0.3554406992       -0.5647888939
 140. 128.       -0.4391364923        0.5732822584
 140. 129.       -0.1765197802       -0.1818503617
 140. 130.        0.1486171964        0.3704325270
 140. 131.        0.4661697480        0.1402401387
 140. 132.       -0.6071080890       -0.2196190146
 140. 133.       -0.1754278323       -0.5493439968
 140. 134.       -0.1073980650        0.3539185287
 140. 135.       -0.5628185401       -0.2976998269
 140. 136.        0.6197797571       -0.0279455296
 140. 137.       -0.1507466075       -0.4576433850
 140. 138.        0.1532351482       -0.0021427987
 140. 139.        0.0021048500        0.6016929615
 140. 140.        0.2446808218        0.0561085391
 141.   0.       -0.0417498002        0.0000000000
 141.   1.       -0.1891149090       -0.0122420691
 141.   2.        0.0429553428        0.1744405976
 141.   3.        0.0844412057       -0.2167919573
 141.   4.        0.0657562475       -0.2797552256
 141.   5.        0.0242017794       -0.0608473108
 141.   6.       -0.0045375564       -0.0053505590
 141.   7.        0.0909131843        0.5305778940
 141.   8.       -0.0071766241       -0.0945583942
 141.   9.        0.0284818343       -0.0611442312
 141.  10.       -0.1746435570       -0.2471133384
 141.  11.        0.0168120616       -0.1767265854
 141.  12.       -0.0652099813        0.1045151979
 141.  13.        0.0128020234        0.1672676438
 141.  14.        0.1708060395       -0.0119420922
 141.  15.       -0.3894525399       -0.0315627622
 141.  16.        0.1954357762       -0.2143197058
 141.  17.        0.2738037215       -0.0308627678
 141.  18.       -0.0577593105       -0.0205749704
 141.  19.        0.0051688042       -0.0551056492
 141.  20.       -0.0332518787        0.2019772914
 141.  21.       -0.0273776901       -0.0597775289
 141.  22.        0.0195081112        0.0004117074
 141.  23.        0.0464755565        0.1979436613
 141.  24.        0.0352807104        0.2318626457
 141.  25.       -0.2017617089        0.1541702714
 141.  26.        0.0312482969       -0.1138425269
 141.  27.       -0.0290053912        0.0401741789
 141.  28.        0.1438450152        0.1139701374
 141.  29.        0.1336831666       -0.1388047809
 141.  30.       -0.0524014664        0.2323804257
 141.  31.       -0.0854373281        0.0694754001
 141.  32.       -0.2854200201        0.1080004676
 141.  33.       -0.2015580327       -0.2875708867
 141.  34.       -0.1290530557        0.0560082797
 141.  35.        0.0381500112       -0.0597760341
 141.  36.       -0.1419040274        0.1691268827
 141.  37.        0.0164540319       -0.0480466337
 141.  38.       -0.3926641163       -0.4189793761
 141.  39.        0.2305350144       -0.2137504950
 141.  40.        0.1728648025       -0.1372361858
 141.  41.       -0.0213898276        0.2018065764
 141.  42.        0.4317040625        0.1722365239
 141.  43.       -0.1455089035       -0.2941723992
 141.  44.        0.1070730970       -0.1257734109
 141.  45.       -0.1357964027        0.0833130584
 141.  46.       -0.0388157941        0.0818230911
 141.  47.        0.1821903511        0.3184624595
 141.  48.        0.0871628013        0.0174829383
 141.  49.       -0.1134014490        0.2117389863
 141.  50.       -0.1728645654        0.1599617378
 141.  51.       -0.0456474008       -0.3940572404
 141.  52.        0.1915150131        0.2079768290
 141.  53.        0.2477323881        0.2860442120
 141.  54.        0.0351678913       -0.0952298144
 141.  55.       -0.3144679972        0.2967572369
 141.  56.       -0.0666529674        0.2809247699
 141.  57.       -0.0697630661        0.0952435047
 141.  58.       -0.0106448127       -0.0600040363
 141.  59.       -0.0835108240        0.2054894850
 141.  60.       -0.1385305898       -0.1112434936
 141.  61.       -0.0414428652       -0.1645644363
 141.  62.       -0.0415742612       -0.2418489727
 141.  63.        0.3371802677        0.1649952809
 141.  64.       -0.0133774673        0.2575459853
 141.  65.       -0.2087189029       -0.5223773166
 141.  66.       -0.0481090548        0.3050369604
 141.  67.        0.0406646944       -0.1035308799
 141.  68.        0.2212875856       -0.3062454432
 141.  69.       -0.2012787897        0.1423210480
 141.  70.        0.0072310525       -0.0589703806
 141.  71.        0.0904854705        0.2054004054
 141.  72.       -0.0273256871        0.1907699974
 141.  73.        0.1837002425        0.0599835014
 141.  74.       -0.0775601857       -0.2104633781
 141.  75.        0.3488449676       -0.0703575308
 141.  76.       -0.1412020445        0.1576694914
 141.  77.        0.2831413760        0.2466095690
 141.  78.       -0.1620775104       -0.3368046321
 141.  79.       -0.2480065576        0.2970501865
 141.  80.        0.2010538048        0.4770045096
 141.  81.        0.1358597090       -0.1453136209
 141.  82.       -0.0974939205       -0.2328403233
 141.  83.        0.0909734194       -0.3303292387
 141.  84.       -0.2914947409        0.1248816457
 141.  85.        0.1515588264        0.0050167293
 141.  86.        0.2259476010       -0.0723616490
 141.  87.        0.0129934084        0.3597601104
 141.  88.        0.0090339465       -0.5089982212
 141.  89.        0.1619062650        0.1387905530
 141.  90.       -0.1116087462        0.0838835199
 141.  91.        0.4170589544       -0.1386290195
 141.  92.       -0.1418435502       -0.1308915582
 141.  93.        0.0568670608       -0.1225705677
 141.  94.       -0.1573328811       -0.1024969960
 141.  95.       -0.0304269616        0.2148442858
 141.  96.       -0.0726972632        0.1482238075
 141.  97.       -0.0065499792       -0.1156106618
 141.  98.       -0.0596340138       -0.0707502512
 141.  99.       -0.3247743745       -0.3488303996
 141. 100.        0.2970311120        0.4275677672
 141. 101.       -0.1644910592       -0.2760169722
 141. 102.        0.0505239949       -0.1315848842
 141. 103.        0.0591142205       -0.1140576041
 141. 104.        0.5873729863       -0.0703246990
 141. 105.        0.2952683422       -0.2642387118
 141. 106.        0.1583380371        0.2100251812
 141. 107.       -0.5265106302        0.0767294364
 141. 108.       -0.0955872799        0.0460956836
 141. 109.        0.5671662414       -0.3356669302
 141. 110.       -0.2724460600       -0.0094538487
 141. 111.       -0.5668765953       -0.0214174576
 141. 112.       -0.3007353607       -0.1786137124
 141. 113.       -0.1367749633       -0.2316382608
 141. 114.        0.4347692976       -0.1562001123
 141. 115.       -0.2898207170        0.1547752054
 141. 116.        0.0581808228       -0.5327543955
 141. 117.        0.1954514596       -0.2254572417
 141. 118.        0.0806195173        0.1974079054
 141. 119.       -0.3190526906       -0.2992769855
 141. 120.        0.1412607581       -0.3511288678
 141. 121.       -0.1848896965       -0.4552496867
 141. 122.       -0.6307396079        0.1550379776
 141. 123.        0.5890781637       -0.2669284022
 141. 124.       -0.0653164759       -0.0746175273
 141. 125.        0.1976246773        0.1610054809
 141. 126.       -0.0369248719        0.1173896318
 141. 127.       -0.7829963682        0.3660026377
 141. 128.        0.0339010535       -0.4902918505
 141. 129.        0.5483517285       -0.0714649425
 141. 130.       -0.2009605257       -0.2910738440
 141. 131.       -0.2564680869        0.1712758731
 141. 132.       -0.2920649189       -0.5063264677
 141. 133.       -0.2796156781        0.2276506176
 141. 134.       -0.1154816557       -0.5383240619
 141. 135.        0.2871170511        0.1919916203
 141. 136.       -0.0416690879        0.0024961233
 141. 137.       -0.0200577965        0.4324424318
 141. 138.       -0.0496662050       -0.3216023588
 141. 139.        0.0641223208       -0.1837406604
 141. 140.        0.0587064719        0.3420079651
 141. 141.       -0.1842382089       -0.1540296684
 142.   0.       -0.0875262308        0.0000000000
 142.   1.       -0.0503405928       -0.4001960719
 142.   2.       -0.3494206149        0.1615830316
 142.   3.        0.0744865210        0.0598274931
 142.   4.       -0.1002767295        0.0619256712
 142.   5.       -0.2563812932       -0.2169755858
 142.   6.        0.3645601834       -0.0520896643
 142.   7.       -0.1333784590       -0.1960624001
 142.   8.        0.1169281983        0.3939872811
 142.   9.       -0.0767581305        0.0759885917
 142.  10.        0.0296026646       -0.0668172318
 142.  11.       -0.1515210489        0.2571797807
 142.  12.        0.1866242002       -0.2010936381
 142.  13.       -0.0279927895       -0.0628804631
 142.  14.        0.5363558322        0.3662018392
 142.  15.        0.3638433122        0.0439666273
 142.  16.       -0.6660653835        0.4785203991
 142.  17.        0.2099268361       -0.1292773991
 142.  18.        0.1739398775        0.1224885439
 142.  19.       -0.0269934468        0.1534236127
 142.  20.        0.2554090065       -0.0508510689
 142.  21.       -0.0219692413        0.0094850600
 142.  22.       -0.2019318220       -0.1076795310
 142.  23.        0.2314912686        0.4636538454
 142.  24.        0.1010355713       -0.3216495546
 142.  25.       -0.2433866364        0.1956448056
 142.  26.        0.1335714751        0.0171398654
 142.  27.       -0.2491239731       -0.1950505376
 142.  28.        0.0466832318       -0.2393523968
 142.  29.        0.0894412326       -0.0295508508
 142.  30.       -0.1069915959       -0.0703873592
 142.  31.       -0.1459632445        0.0919586643
 142.  32.       -0.0299808344       -0.0316092475
 142.  33.       -0.4123501229        0.0915700525
 142.  34.       -0.0966371242        0.0352328290
 142.  35.       -0.1744709543       -0.1622083589
 142.  36.       -0.2118113510       -0.1231469800
 142.  37.        0.2781520818        0.1921453308
 142.  38.        0.0211956006        0.1916759033
 142.  39.       -0.1557422389       -0.1910850513
 142.  40.        0.2018530997       -0.0196475440
 142.  41.       -0.3848588643       -0.2227887991
 142.  42.        0.2384857087        0.1061413514
 142.  43.        0.1693943903        0.0835874481
 142.  44.       -0.1069638534       -0.0941290434
 142.  45.        0.1250422608       -0.1213534012
 142.  46.       -0.2213189954        0.0776378176
 142.  47.       -0.1107948080       -0.1891755208
 142.  48.        0.4203805590       -0.0525269192
 142.  49.        0.0309631170       -0.0480813883
 142.  50.       -0.0022536204       -0.0488005373
 142.  51.        0.2745732077        0.1947968495
 142.  52.        0.2908743773       -0.3392469945
 142.  53.        0.2206129856        0.5939865495
 142.  54.        0.4165449365       -0.0663637527
 142.  55.        0.0798725969       -0.1073374032
 142.  56.        0.0066323370        0.1912758857
 142.  57.        0.2769950880       -0.0437679241
 142.  58.       -0.2817820014       -0.1440430767
 142.  59.       -0.1309597390        0.0877816837
 142.  60.        0.1630346514       -0.1860030030
 142.  61.       -0.0485015178        0.1246994623
 142.  62.       -0.0522518511        0.0714728996
 142.  63.       -0.3089628009       -0.2089158082
 142.  64.        0.0282766084        0.3867297762
 142.  65.       -0.0668940575        0.1735494077
 142.  66.       -0.2652312929       -0.3910774764
 142.  67.        0.1059957453        0.2833764250
 142.  68.        0.1552078044        0.1782932131
 142.  69.        0.0146461743        0.0747597996
 142.  70.        0.1051385441       -0.1702235998
 142.  71.        0.1683306767       -0.1780634700
 142.  72.       -0.0187663813        0.2715334684
 142.  73.        0.3976151868        0.1243143443
 142.  74.       -0.7565473191        0.0825869690
 142.  75.        0.2987134934       -0.0314113410
 142.  76.        0.0207748099       -0.2104756816
 142.  77.       -0.0394552291       -0.1016212387
 142.  78.        0.2795130489       -0.2500364248
 142.  79.       -0.3390306067       -0.2656218143
 142.  80.       -0.2517426027       -0.0003796186
 142.  81.        0.1734436302        0.0367509761
 142.  82.        0.1228692669        0.3069023084
 142.  83.        0.1565758434        0.0623156216
 142.  84.        0.2271294062        0.0824739782
 142.  85.       -0.2320794421       -0.0808465366
 142.  86.        0.3224671894        0.0298463048
 142.  87.       -0.1249537186       -0.0012701799
 142.  88.       -0.2391249002        0.0357681926
 142.  89.        0.1110225801       -0.0799189710
 142.  90.        0.2770695723       -0.3919020713
 142.  91.        0.2418378427        0.2958522142
 142.  92.        0.0139333480        0.1805731329
 142.  93.       -0.1406783275       -0.2000115888
 142.  94.        0.2794197225       -0.4951496271
 142.  95.       -0.0764480518       -0.2367095487
 142.  96.        0.3960525560        0.0324213970
 142.  97.       -0.0619734586        0.5467925645
 142.  98.       -0.0176119232       -0.1406456786
 142.  99.       -0.1979003732       -0.1240508576
 142. 100.        0.0201076825        0.3308172698
 142. 101.        0.0971293802        0.1806412879
 142. 102.        0.0388977666       -0.3379644533
 142. 103.       -0.0406970506       -0.1335268448
 142. 104.       -0.4146274090        0.2262580098
 142. 105.        0.1172631697       -0.2049177100
 142. 106.        0.0457427596       -0.0110175703
 142. 107.        0.0053547649       -0.5255800936
 142. 108.       -0.0401787613       -0.0995494405
 142. 109.        0.2934613276       -0.0814133646
 142. 110.        0.0121282476        0.6732760077
 142. 111.       -0.1356968722       -0.4894833399
 142. 112.        0.0218612767        0.0262240903
 142. 113.        0.2589583107       -0.2919225497
 142. 114.       -0.0413021766        0.2971827241
 142. 115.        0.2556513658        0.0004109414
 142. 116.       -0.2107399860        0.4074825038
 142. 117.        0.0190993854       -0.3876774596
 142. 118.       -0.3124855518        0.1026067953
 142. 119.        0.3955456574       -0.1690541928
 142. 120.       -0.3427781612        0.0524842131
 142. 121.        0.2073978498        0.0356717217
 142. 122.        0.3509895922       -0.2722506690
 142. 123.       -0.1375890870        0.1828039706
 142. 124.       -0.1040929789        0.0189753351
 142. 125.       -0.4834780442       -0.1432867267
 142. 126.        0.6158570965       -0.0314410756
 142. 127.       -0.1020393174       -0.3186691310
 142. 128.       -0.1511937197        0.3948407693
 142. 129.       -0.3236303225        0.0337091846
 142. 130.       -0.0084968997        0.1015880595
 142. 131.       -0.2243513501       -0.4736069031
 142. 132.       -0.4210415643       -0.2145453036
 142. 133.        0.5044724172        0.3732872975
 142. 134.       -0.0297760637        0.4681343733
 142. 135.        0.0199583063       -0.2646708863
 142. 136.        0.0499831602        0.2378486637
 142. 137.       -0.1840871657        0.5041859740
 142. 138.        0.0357255630        0.1613329129
 142. 139.        0.3257929455       -0.2503244204
 142. 140.       -0.1772693146       -0.2514880816
 142. 141.       -0.0611934837        0.0697828311
 142. 142.        0.3225957418        0.1565976597
 143.   0.       -0.1474416935        0.0000000000
 143.   1.        0.3351838305        0.0493414748
 143.   2.       -0.1193178576       -0.3590297308
 143.   3.        0.0359969326       -0.0343747307
 143.   4.       -0.2280863167        0.3623254780
 143.   5.       -0.0605213051       -0.0903417001
 143.   6.       -0.0204905180        0.1238513991
 143.   7.        0.0317363163       -0.2908613349
 143.   8.        0.0312124698       -0.1377506456
 143.   9.       -0.0752149381       -0.1649345709
 143.  10.        0.0691312408        0.2302709829
 143.  11.        0.0371581759       -0.0774321675
 143.  12.       -0.0372009236        0.2483012530
 143.  13.        0.1822725622        0.0807765747
 143.  14.       -0.2073751618       -0.1750175660
 143.  15.        0.4227406461        0.2226161739
 143.  16.        0.0830719963        0.1422621010
 143.  17.       -0.2645119269       -0.1977602855
 143.  18.        0.0374958604       -0.1116245748
 143.  19.       -0.0626970781        0.2335812268
 143.  20.       -0.1372375965       -0.1870682411
 143.  21.        0.2661307138       -0.0060164398
 143.  22.        0.1369572653       -0.2076576005
 143.  23.       -0.2194871183       -0.2999606702
 143.  24.        0.2058607040        0.0704327877
 143.  25.        0.0967772968       -0.2012860836
 143.  26.        0.0185366555       -0.1172484073
 143.  27.       -0.0071623522       -0.0808905789
 143.  28.       -0.0797793285       -0.2843679870
 143.  29.        0.0635513693        0.1294136604
 143.  30.        0.1543659333       -0.1213445673
 143.  31.        0.0165300771        0.2174976635
 143.  32.        0.0718173763       -0.0840667368
 143.  33.        0.2369886868        0.0448800273
 143.  34.        0.0269748515        0.3104486654
 143.  35.        0.0588880601        0.1166966662
 143.  36.        0.0976810691       -0.0198638553
 143.  37.       -0.2864244866        0.1358795363
 143.  38.        0.1021236571        0.3883249912
 143.  39.        0.0615743385       -0.0049024187
 143.  40.       -0.0384286013        0.1750399486
 143.  41.        0.3312091498       -0.0209535231
 143.  42.       -0.1396919407        0.0068130327
 143.  43.       -0.0523794986        0.1146955631
 143.  44.        0.1255831879       -0.1431884369
 143.  45.        0.2386597175       -0.1051908207
 143.  46.        0.5412829561       -0.1811891270
 143.  47.       -0.0485975897       -0.0574489350
 143.  48.       -0.3788238871        0.0210967095
 143.  49.       -0.0970910119        0.1127975653
 143.  50.        0.0911694750       -0.1968048113
 143.  51.        0.0044836994        0.1671874389
 143.  52.        0.2570797303       -0.1345698744
 143.  53.       -0.0394187349       -0.1482024269
 143.  54.       -0.0754369936        0.1478198764
 143.  55.       -0.1157623240       -0.3641655581
 143.  56.        0.0311142106        0.0369039868
 143.  57.        0.2076479957        0.4033809336
 143.  58.        0.0713177200       -0.1069183324
 143.  59.       -0.0522672833       -0.1107201769
 143.  60.        0.2851868447       -0.2880458115
 143.  61.        0.0057808881       -0.3040933444
 143.  62.       -0.0437909517        0.2055551145
 143.  63.       -0.0549971309        0.1011991460
 143.  64.        0.0474834521       -0.4450341743
 143.  65.       -0.0864233703       -0.0439916008
 143.  66.        0.2635032527       -0.0518062600
 143.  67.       -0.0630475392       -0.2879304666
 143.  68.       -0.2093313427       -0.0379563763
 143.  69.        0.0368699592       -0.0152996820
 143.  70.       -0.2114769875       -0.2597400837
 143.  71.       -0.0364399893       -0.1762610875
 143.  72.       -0.1387586269       -0.1748655339
 143.  73.       -0.1590345042       -0.0137077765
 143.  74.        0.5912801986       -0.1008290864
 143.  75.       -0.3807758323       -0.0841134161
 143.  76.       -0.1523134503       -0.1439776219
 143.  77.        0.0516981957       -0.3452555187
 143.  78.       -0.0689313352        0.2020065669
 143.  79.        0.1007603679        0.1474765071
 143.  80.       -0.1117714835       -0.2227348018
 143.  81.        0.1146295969        0.3434751453
 143.  82.        0.0641506832       -0.1412373079
 143.  83.       -0.3365514828        0.0291488030
 143.  84.       -0.0719676418        0.2987365810
 143.  85.       -0.2204397676       -0.3524029723
 143.  86.       -0.1294685596       -0.2039724851
 143.  87.       -0.0654153298        0.1043047875
 143.  88.       -0.2183781365       -0.0998074893
 143.  89.       -0.0615080033       -0.2612041212
 143.  90.        0.2202911885       -0.3077369335
 143.  91.       -0.2602592703        0.1033731861
 143.  92.        0.2511050594        0.2200638493
 143.  93.       -0.3445551884        0.1574498036
 143.  94.        0.1317273460        0.2870415926
 143.  95.       -0.0763370834        0.1554400918
 143.  96.        0.1038912962        0.1274966930
 143.  97.        0.2753469276        0.0316074597
 143.  98.        0.2257928130        0.0225706022
 143.  99.       -0.4360860343       -0.0152500950
 143. 100.        0.3766457720       -0.5234102984
 143. 101.       -0.1052035031        0.0938708956
 143. 102.        0.0696041243        0.2819355541
 143. 103.       -0.1422684584        0.1878349161
 143. 104.        0.1509700179        0.3188297725
 143. 105.       -0.3917156110        0.4234447510
 143. 106.       -0.1436607986        0.0025237780
 143. 107.        0.6380544636       -0.0264526619
 143. 108.        0.1042790897        0.3019634314
 143. 109.       -0.1322853781       -0.0872592463
 143. 110.        0.2344999513        0.0605513296
 143. 111.       -0.1373762121       -0.0176247115
 143. 112.       -0.2049642565        0.3739841994
 143. 113.        0.0119117381        0.1473557656
 143. 114.       -0.3768296168        0.0487665625
 143. 115.       -0.4198330361        0.1064287603
 143. 116.       -0.1200017651       -0.0561984070
 143. 117.        0.2004724864       -0.1211352659
 143. 118.        0.0191152236        0.0799717004
 143. 119.        0.0177314401        0.3099413327
 143. 120.       -0.0132374563        0.1827714532
 143. 121.       -0.3544840965        0.2617694513
 143. 122.        0.0412245844       -0.0165798582
 143. 123.        0.2062245226       -0.5070864746
 143. 124.        0.0407151699        0.0478854742
 143. 125.       -0.6731856478        0.2390546154
 143. 126.       -0.0867972463       -0.2567779610
 143. 127.        0.1174026021       -0.0291187443
 143. 128.       -0.6655034974        0.1212508304
 143. 129.        0.4945299509        0.3057719191
 143. 130.       -0.3067917077       -0.7704552065
 143. 131.        0.3948890206        0.4153412055
 143. 132.       -0.2364717288       -0.8579238694
 143. 133.       -0.4065867971        0.0585498977
 143. 134.        0.2444160502        0.4928039962
 143. 135.        0.3322839683        0.9574316631
 143. 136.       -0.2473067617       -0.1571023009
 143. 137.        0.1844618548        0.0616447017
 143. 138.        0.1958290406       -0.3908155423
 143. 139.       -0.1747912639       -0.0811531333
 143. 140.        0.1218574217        0.1393701909
 143. 141.        0.3743749712        0.2994411270
 143. 142.        0.3577040473       -0.2920509525
 143. 143.       -0.2049562431        0.0351759417
 144.   0.       -0.1965017415        0.0000000000
 144.   1.       -0.0252877982        0.5940137641
 144.   2.        0.0768965455        0.1913444459
 144.   3.       -0.2318165880       -0.0892696931
 144.   4.        0.1531316440       -0.0745233804
 144.   5.        0.2283051937        0.3647991602
 144.   6.       -0.3110621166        0.1402740895
 144.   7.       -0.0426918834        0.1234058847
 144.   8.       -0.0846526343        0.1023089115
 144.   9.        0.0357317986       -0.2114990995
 144.  10.        0.1278973529        0.3647926300
 144.  11.        0.3851056397       -0.1978238138
 144.  12.        0.0387550298        0.0401848397
 144.  13.        0.2343922740        0.1280924829
 144.  14.       -0.3486700491       -0.3123711767
 144.  15.       -0.1190432832       -0.1808567397
 144.  16.        0.3019222411       -0.2991159552
 144.  17.        0.1289213396        0.0781000951
 144.  18.        0.0950193055        0.0691409621
 144.  19.       -0.0045464604       -0.0864010662
 144.  20.       -0.0216412437       -0.0102602172
 144.  21.       -0.3553109010        0.1914318150
 144.  22.        0.2391407388        0.1867167046
 144.  23.       -0.1937108752       -0.1995334791
 144.  24.       -0.2989860408       -0.0712018955
 144.  25.        0.3308146849        0.0735364725
 144.  26.       -0.1721417925       -0.1128529086
 144.  27.        0.2445382572        0.0471818783
 144.  28.        0.1453357766        0.2235262439
 144.  29.       -0.0184143858       -0.0320882880
 144.  30.        0.0976872390        0.2220256684
 144.  31.        0.1455680242        0.1759962551
 144.  32.        0.0547744449       -0.1569868552
 144.  33.        0.0908474857        0.2273089910
 144.  34.        0.1149450578       -0.3452967945
 144.  35.        0.1992152041        0.1277087570
 144.  36.        0.0051013550       -0.0115880542
 144.  37.        0.0094914891       -0.1168380267
 144.  38.       -0.0349912301       -0.2937852905
 144.  39.       -0.1649453794        0.0532603549
 144.  40.       -0.0440280202        0.0884131947
 144.  41.        0.2785917229        0.0763297070
 144.  42.        0.1153653557        0.0769374070
 144.  43.       -0.3428258347        0.0110484267
 144.  44.        0.1028009822        0.0156071403
 144.  45.       -0.2847588812        0.2938029555
 144.  46.       -0.0280597375        0.1087751831
 144.  47.        0.0660647446        0.4121009600
 144.  48.       -0.0469567773       -0.1699628076
 144.  49.       -0.1167615736       -0.2268200971
 144.  50.        0.0257137850        0.2424772310
 144.  51.       -0.4442461405       -0.2767846635
 144.  52.       -0.1667648162        0.4090317622
 144.  53.        0.0110773523       -0.0844080026
 144.  54.       -0.0252631694        0.0663795624
 144.  55.       -0.1566383683        0.1895874418
 144.  56.        0.0842747702       -0.2243767257
 144.  57.        0.0077164386       -0.1235934142
 144.  58.        0.1081176609        0.0358931424
 144.  59.       -0.3425149346       -0.0624908122
 144.  60.       -0.1047490626        0.2439622860
 144.  61.        0.1887209375       -0.1697121704
 144.  62.        0.2548029810        0.1408006979
 144.  63.        0.1098081868       -0.1201065708
 144.  64.        0.2497550522        0.1956557665
 144.  65.       -0.1422295436       -0.2114174129
 144.  66.       -0.0736163345        0.1670600489
 144.  67.       -0.1442795499       -0.6000613730
 144.  68.        0.0690954623       -0.1381907160
 144.  69.       -0.2188857073        0.2273363590
 144.  70.       -0.1943207799       -0.2520610585
 144.  71.       -0.0784031263        0.2948595041
 144.  72.        0.2496980266       -0.0769233652
 144.  73.       -0.5031140127       -0.0523434398
 144.  74.       -0.0552773943        0.3776623618
 144.  75.       -0.0528383952        0.0107212182
 144.  76.       -0.2459740894       -0.1360919125
 144.  77.        0.1748625228       -0.0823657857
 144.  78.        0.0530818206       -0.0154590614
 144.  79.       -0.0687094311        0.4318946529
 144.  80.        0.1136358915        0.4286795303
 144.  81.        0.0304172324       -0.2754827337
 144.  82.        0.1138245181       -0.1731638922
 144.  83.        0.2282396830        0.0987205298
 144.  84.       -0.1738274531        0.0055143188
 144.  85.        0.1300516375       -0.0660291323
 144.  86.       -0.0890094116        0.0613812777
 144.  87.        0.2230435515       -0.1703919669
 144.  88.        0.0320035855       -0.1847721747
 144.  89.       -0.1609072741       -0.0990405211
 144.  90.       -0.2670736074       -0.0022260259
 144.  91.        0.0854575144       -0.0500119812
 144.  92.        0.1943207119        0.1734697556
 144.  93.        0.1737143029        0.0171999574
 144.  94.        0.2401107152       -0.0659224475
 144.  95.       -0.3086704611        0.4201608579
 144.  96.       -0.0881951323       -0.0808200111
 144.  97.        0.1590201318       -0.2504332258
 144.  98.        0.2831875015        0.1346725019
 144.  99.       -0.0008249086       -0.0644545354
 144. 100.        0.1105962001        0.2518457053
 144. 101.        0.0337602749        0.0616992541
 144. 102.       -0.0064633384       -0.0912345987
 144. 103.       -0.0697684083       -0.0919313260
 144. 104.        0.0257612312       -0.3085836075
 144. 105.        0.0681744428        0.4098300181
 144. 106.       -0.2447596517        0.1572062370
 144. 107.       -0.1370123495       -0.2351170440
 144. 108.        0.0163499448       -0.0030750754
 144. 109.        0.1943552765        0.3237264616
 144. 110.        0.3779686981        0.3581755472
 144. 111.        0.0881678573       -0.0228390621
 144. 112.       -0.3909356950       -0.1141050923
 144. 113.       -0.5328923501        0.0568932535
 144. 114.       -0.0653980427        0.1416689663
 144. 115.        0.2582247860       -0.0041930279
 144. 116.       -0.0737095989        0.4169708658
 144. 117.       -0.5165802005        0.1252102758
 144. 118.        0.5014654760       -0.0674690009
 144. 119.       -0.0682855694       -0.0840498868
 144. 120.        0.2907269590        0.5035074480
 144. 121.        0.0199349747       -0.1721337416
 144. 122.       -0.0700895054        0.1710608050
 144. 123.       -0.2533908648       -0.2269839168
 144. 124.        0.2228184089       -0.4047447903
 144. 125.        0.1653149945        0.0107585330
 144. 126.        0.3344422788        0.2360210292
 144. 127.        0.0316193260       -0.4327126779
 144. 128.       -0.1014225699        0.5959621891
 144. 129.       -0.2444341672        0.0793071716
 144. 130.        0.0578607463       -0.3234224448
 144. 131.       -0.4427322952        0.1562073318
 144. 132.        0.4464218353       -0.0747209058
 144. 133.       -0.2458223742       -0.2268342079
 144. 134.       -0.3274093612        0.0289418745
 144. 135.        0.0838057242        0.1475019051
 144. 136.        0.6846638534        0.1680266234
 144. 137.       -0.4814792622       -0.2123118858
 144. 138.        0.5023037675       -0.0146741871
 144. 139.       -0.0643397427       -0.0461116447
 144. 140.       -0.0546495354       -0.0317572244
 144. 141.        0.1381734763        0.2816069368
 144. 142.        0.1305550987       -0.1502130787
 144. 143.       -0.3027732203        0.2572355663
 144. 144.       -0.2167984252        0.2573404036
 145.   0.        0.5356360101        0.0000000000
 145.   1.       -0.1451353077        0.1221401774
 145.   2.        0.1624239392        0.3300711382
 145.   3.       -0.0225933239        0.1638106026
 145.   4.       -0.0431940475       -0.2730945526
 145.   5.        0.1558723883        0.0412532307
 145.   6.        0.2837344675       -0.1176794023
 145.   7.       -0.0548941218       -0.0554077226
 145.   8.       -0.0528933968        0.1364490065
 145.   9.       -0.0393330056        0.3178566558
 145.  10.       -0.2777220255       -0.1441587964
 145.  11.        0.0812701371       -0.0241541757
 145.  12.       -0.1345342226       -0.4720968538
 145.  13.       -0.1966692743       -0.1178121957
 145.  14.       -0.0198753637        0.1514573637
 145.  15.       -0.2040544080        0.0283616772
 145.  16.       -0.3553944062       -0.0127602135
 145.  17.        0.0534587363        0.1315815070
 145.  18.        0.0976970779       -0.0554145365
 145.  19.       -0.0657073460       -0.1081165361
 145.  20.        0.0868567880       -0.0080861294
 145.  21.       -0.0250362924       -0.0587065244
 145.  22.       -0.0734867199        0.1479708033
 145.  23.        0.2351468313        0.0869061292
 145.  24.       -0.2046160142       -0.1091946315
 145.  25.       -0.0790618315        0.0411918530
 145.  26.       -0.2341978335        0.4092840950
 145.  27.        0.0179138767       -0.0713359136
 145.  28.        0.0470196644        0.0178499749
 145.  29.       -0.2783429452       -0.1734005686
 145.  30.       -0.0453913679        0.3866488435
 145.  31.        0.2886128146        0.0253314966
 145.  32.        0.1558853186       -0.1887923172
 145.  33.       -0.5507478449        0.0094814446
 145.  34.        0.0175974680        0.0872140517
 145.  35.       -0.0412055151       -0.2399905885
 145.  36.       -0.0109062682       -0.1588046461
 145.  37.       -0.0421631403       -0.0881542464
 145.  38.       -0.2719916355       -0.0775260453
 145.  39.       -0.2222586534        0.1794787958
 145.  40.        0.0160052230        0.0418816477
 145.  41.       -0.3194804205        0.0934004602
 145.  42.        0.3782461560       -0.0660729969
 145.  43.        0.4604769542        0.0219650634
 145.  44.       -0.2378149371       -0.2758667452
 145.  45.       -0.0626553262       -0.1064472646
 145.  46.        0.0701922199       -0.0555160937
 145.  47.       -0.1975283280       -0.1366118678
 145.  48.        0.1748609012       -0.0478250077
 145.  49.       -0.1947404502       -0.1690573453
 145.  50.       -0.0556981262        0.0689998959
 145.  51.       -0.2193486782        0.1502758624
 145.  52.       -0.1319085242       -0.2380564359
 145.  53.        0.0011467104        0.1497561625
 145.  54.       -0.2237030090       -0.0315796727
 145.  55.       -0.1890872026       -0.0684845209
 145.  56.        0.0931944580        0.1105580999
 145.  57.       -0.1888291141       -0.1610357755
 145.  58.        0.1213808388        0.1904646824
 145.  59.        0.0221633981        0.3081283197
 145.  60.       -0.0541360454       -0.0411624666
 145.  61.       -0.0499088548       -0.0836668429
 145.  62.        0.1309985906        0.1382335570
 145.  63.       -0.4737204832       -0.3634242528
 145.  64.        0.2210220838       -0.1318437780
 145.  65.        0.2002798242        0.3022479875
 145.  66.       -0.1082052059       -0.1647165335
 145.  67.        0.1321309961        0.1534227372
 145.  68.        0.1930080234       -0.2542849187
 145.  69.        0.1024097586       -0.0319182225
 145.  70.        0.2114123961        0.3976838176
 145.  71.       -0.1664263098       -0.2713955156
 145.  72.        0.0401798738        0.1104566457
 145.  73.        0.1317536339       -0.0165994405
 145.  74.       -0.0802188073        0.0353838660
 145.  75.        0.2706754461       -0.0028474083
 145.  76.        0.0905222572       -0.2697869494
 145.  77.       -0.0193880315        0.0245205589
 145.  78.        0.3763800278       -0.0402671791
 145.  79.        0.0231002260       -0.0819914132
 145.  80.        0.0269245337       -0.4272905462
 145.  81.        0.1100871914        0.0537713403
 145.  82.       -0.3269340281        0.1322682396
 145.  83.        0.0448778835       -0.4752640654
 145.  84.       -0.0036902826        0.0166782952
 145.  85.       -0.1921736647        0.2389474951
 145.  86.       -0.0969008472        0.4124844844
 145.  87.        0.0519571871       -0.3652386670
 145.  88.       -0.0625972445        0.6257493309
 145.  89.       -0.0475349425       -0.3092232552
 145.  90.       -0.1752022453       -0.3419749147
 145.  91.        0.0712838503        0.1754360223
 145.  92.        0.2147910344       -0.2972220523
 145.  93.       -0.4550851589        0.0185302354
 145.  94.        0.2124957671        0.2413494819
 145.  95.        0.0303571928       -0.3865039188
 145.  96.       -0.2103463222       -0.2191088205
 145.  97.        0.2492443597       -0.0009693394
 145.  98.       -0.3309833983       -0.2036782563
 145.  99.        0.2729972500       -0.0304698378
 145. 100.       -0.1785227793       -0.4234959883
 145. 101.        0.1964332010        0.0598782854
 145. 102.       -0.2977997135        0.0580914482
 145. 103.       -0.5663671109       -0.1746544764
 145. 104.       -0.1130254701       -0.0202725009
 145. 105.        0.0758293724       -0.3999900158
 145. 106.        0.2446500271       -0.0336804072
 145. 107.       -0.2433056362        0.1687745415
 145. 108.       -0.3285955302       -0.0495631041
 145. 109.        0.3228044186       -0.2752634115
 145. 110.        0.2237010710       -0.1367098295
 145. 111.       -0.1887658970        0.6587545180
 145. 112.        0.2258870658        0.2996605095
 145. 113.       -0.1342893830        0.0312783216
 145. 114.       -0.0694099651       -0.1702638211
 145. 115.       -0.1996713669       -0.4708896238
 145. 116.       -0.0281279806        0.3505843511
 145. 117.        0.1715675684        0.0911137840
 145. 118.       -0.0979716619        0.3530503672
 145. 119.        0.0376593112       -0.0799345867
 145. 120.        0.2051190833       -0.2245245683
 145. 121.        0.1799930330        0.2301457980
 145. 122.        0.0239431699       -0.4004882619
 145. 123.       -0.2508861378        0.3602339318
 145. 124.       -0.1655106095       -0.0178873607
 145. 125.       -0.2385306186       -0.1705653405
 145. 126.        0.4161768791        0.1611806250
 145. 127.       -0.0911173947        0.1350190574
 145. 128.       -0.2137525441       -0.1133720866
 145. 129.       -0.2913945179        0.0306961605
 145. 130.        0.2804102098       -0.4173257631
 145. 131.        0.1910362239        0.4935680003
 145. 132.       -0.3046266607       -0.0017179931
 145. 133.        0.1176611323       -0.0118080764
 145. 134.        0.0044477662        0.3092016993
 145. 135.       -0.4219354911        0.2013902579
 145. 136.       -0.6954071678       -0.3773982292
 145. 137.        0.6866304373        0.4258087176
 145. 138.       -0.8020723632        0.1553131273
 145. 139.       -0.0007971955       -0.9793784802
 145. 140.       -0.1210970242        0.4286562743
 145. 141.       -0.1433374793       -0.2135683882
 145. 142.       -0.1534533032        0.2366575927
 145. 143.        0.0850480892       -0.0522135079
 145. 144.       -0.4487470238       -0.2454942575
 145. 145.       -0.2825528678        0.1158824580
 146.   0.        0.1376765609        0.0000000000
 146.   1.        0.3162337533       -0.4126540518
 146.   2.        0.0814787751       -0.2149150821
 146.   3.        0.2659218590        0.1946719766
 146.   4.       -0.0916760864        0.0160781480
 146.   5.        0.0407840801       -0.3170743048
 146.   6.        0.0677246081       -0.0732760929
 146.   7.        0.1177179510       -0.1333130325
 146.   8.        0.1761935616       -0.1656932979
 146.   9.        0.1537579725        0.3783449031
 146.  10.       -0.1313704502       -0.4052186211
 146.  11.       -0.2477856684       -0.0001048925
 146.  12.       -0.0103300247        0.1142963828
 146.  13.       -0.3958694229        0.0361597520
 146.  14.       -0.0064031058        0.1621705948
 146.  15.       -0.0435499169       -0.0536749347
 146.  16.        0.1791846403       -0.0348415541
 146.  17.       -0.2443965196        0.0873093006
 146.  18.        0.0194527113        0.0760256255
 146.  19.        0.0471756498        0.0340314731
 146.  20.       -0.1790206113       -0.0073049678
 146.  21.        0.4451900229       -0.0845799009
 146.  22.       -0.2969861966        0.0730624861
 146.  23.        0.1036768233        0.1398760193
 146.  24.        0.2629526943        0.2248057207
 146.  25.       -0.0996379323       -0.1466524681
 146.  26.        0.2630516269        0.0687214960
 146.  27.       -0.0431100804        0.1902449545
 146.  28.       -0.1966768742       -0.1415185477
 146.  29.       -0.2644659921       -0.0987445222
 146.  30.       -0.2166801296       -0.0056910855
 146.  31.        0.0507246449        0.1758197724
 146.  32.        0.0331503871        0.3695183623
 146.  33.       -0.1914922774       -0.3831244710
 146.  34.       -0.3279033724        0.4089391350
 146.  35.        0.1259013664        0.0665749441
 146.  36.        0.0519978507       -0.1472407996
 146.  37.        0.1224748502       -0.1045962643
 146.  38.        0.0057602780        0.0132740048
 146.  39.        0.4014250483        0.1040775875
 146.  40.       -0.2053909400       -0.0489861784
 146.  41.        0.0756487274       -0.0736066869
 146.  42.       -0.3547646362        0.0642702695
 146.  43.        0.1944851419       -0.2570922782
 146.  44.        0.3165195138        0.0275251589
 146.  45.       -0.1695665279        0.1535046801
 146.  46.        0.0257817441        0.0347942861
 146.  47.        0.0845095065       -0.5324459559
 146.  48.       -0.1849346999       -0.0163360455
 146.  49.        0.0207118862        0.1948766889
 146.  50.        0.0775834541       -0.2025358929
 146.  51.        0.0383698500        0.2487422589
 146.  52.        0.1537373750        0.0086722138
 146.  53.        0.0689735397        0.0156325084
 146.  54.        0.2078852611        0.2699929049
 146.  55.       -0.2100944791        0.0793110957
 146.  56.       -0.3181779977        0.1165657277
 146.  57.       -0.0690157902        0.5454197804
 146.  58.        0.0535219874       -0.0401221965
 146.  59.        0.0477956224        0.0412428890
 146.  60.        0.0340665686        0.1129401888
 146.  61.       -0.0847494731       -0.1287627285
 146.  62.        0.1868866540       -0.0124088898
 146.  63.        0.1455440828       -0.1061335472
 146.  64.       -0.5680048298       -0.3197874414
 146.  65.        0.2480415339        0.1360864575
 146.  66.        0.0003951753        0.0045396173
 146.  67.       -0.1265211742        0.0108372771
 146.  68.       -0.1773058712       -0.0760041153
 146.  69.        0.1881750180       -0.3542454774
 146.  70.        0.0181126944        0.0661693302
 146.  71.       -0.1130920174        0.1336579521
 146.  72.        0.0758577972       -0.2135762957
 146.  73.        0.2471465864        0.1288435859
 146.  74.        0.2048797031       -0.0658820360
 146.  75.       -0.3377628805        0.1683042478
 146.  76.        0.3159894391        0.0810572906
 146.  77.        0.0630341006        0.0350416095
 146.  78.       -0.1182250180        0.1126043381
 146.  79.        0.1856748920        0.0330201233
 146.  80.        0.2262835010       -0.1566170881
 146.  81.       -0.1768159592        0.0521726321
 146.  82.       -0.1760942129       -0.1615866224
 146.  83.       -0.5502356250       -0.0163944826
 146.  84.       -0.2712287623        0.3506426703
 146.  85.        0.0956173354       -0.0312874893
 146.  86.        0.0280966286        0.0261090494
 146.  87.        0.2346220017        0.2883667363
 146.  88.       -0.0835866660        0.0416376830
 146.  89.       -0.2782635512        0.1803158486
 146.  90.        0.5328893791        0.0827070851
 146.  91.        0.3217777160        0.0447908708
 146.  92.        0.3101224913       -0.1457963179
 146.  93.        0.3039471280        0.2711718132
 146.  94.       -0.5350034034        0.4058895485
 146.  95.        0.1860674954        0.1035791124
 146.  96.        0.4420984045       -0.0542745972
 146.  97.        0.0418773724       -0.1982292911
 146.  98.        0.2943254609       -0.0011423209
 146.  99.       -0.0947120271        0.1541063908
 146. 100.        0.5321337233       -0.4479277105
 146. 101.       -0.4153845919        0.1159956946
 146. 102.       -0.0874678684        0.3424618341
 146. 103.        0.1083121177        0.0356528789
 146. 104.       -0.3815923535        0.0806903430
 146. 105.       -0.0363064502        0.3125578138
 146. 106.        0.4515932144       -0.2093297780
 146. 107.        0.3316546907        0.4903092386
 146. 108.        0.1794720751        0.1696015730
 146. 109.       -0.1503569491        0.3932397453
 146. 110.       -0.0342834457       -0.3736888690
 146. 111.        0.2704333148       -0.1276341824
 146. 112.       -0.1701352080        0.3300004895
 146. 113.       -0.4042684850       -0.0727324937
 146. 114.        0.1292858868        0.0285363646
 146. 115.       -0.2705551500       -0.0411667133
 146. 116.       -0.1036805147       -0.2723436529
 146. 117.        0.3088944529        0.0060920324
 146. 118.        0.4439205453       -0.4168897320
 146. 119.       -0.2030716598       -0.0490352936
 146. 120.       -0.0793957656       -0.0303789501
 146. 121.        0.1407828472       -0.1081725836
 146. 122.        0.1141310561        0.4754863944
 146. 123.       -0.0372425445       -0.3064218459
 146. 124.        0.1627425552        0.1627477316
 146. 125.       -0.1176833978       -0.2310337565
 146. 126.       -0.3402741565       -0.3393061289
 146. 127.       -0.0622148688        0.0008626040
 146. 128.       -0.1525445295        0.0957782318
 146. 129.       -0.0714655242        0.3979541284
 146. 130.       -0.3385548270       -0.2077249041
 146. 131.        0.0110011252       -0.2602766212
 146. 132.        0.1931579443        0.5002056605
 146. 133.       -0.3777344330        0.2475857144
 146. 134.       -0.4444482705       -0.7345169657
 146. 135.        0.0469390380       -0.0911298837
 146. 136.       -0.0076654009       -0.0914701525
 146. 137.       -0.6337541515       -0.2666408476
 146. 138.        0.7465220262       -0.2305012515
 146. 139.       -0.3728168315        0.4037826790
 146. 140.       -0.1143401955       -0.0023860165
 146. 141.        0.4739959061        0.4277479766
 146. 142.       -0.1835838351        0.1167607359
 146. 143.        0.1425169904       -0.0927590023
 146. 144.       -0.1272377597        0.0956547546
 146. 145.        0.1480100519        0.0260458452
 146. 146.        0.1788919966        0.2304264731
 147.   0.       -0.2504783392        0.0000000000
 147.   1.       -0.2067247421       -0.2890464685
 147.   2.       -0.1671932767       -0.1430683621
 147.   3.        0.1550624852       -0.4510416186
 147.   4.        0.2453636770        0.1887284167
 147.   5.       -0.1778468087       -0.0489536058
 147.   6.       -0.4838782808       -0.0257671944
 147.   7.        0.0301363166        0.1716113772
 147.   8.       -0.1171786214       -0.1627553987
 147.   9.        0.0881807854       -0.2583931552
 147.  10.        0.3060612122        0.1705201633
 147.  11.       -0.2062340156        0.1122920066
 147.  12.       -0.0588170353        0.4959936132
 147.  13.        0.0452180047        0.1686420148
 147.  14.        0.0203263653        0.0099305541
 147.  15.       -0.1519062069       -0.0540477198
 147.  16.        0.4100134093       -0.0044466185
 147.  17.        0.0345515580       -0.0801962395
 147.  18.       -0.1750248540        0.1289412356
 147.  19.        0.2905047461        0.1004111761
 147.  20.       -0.2135993361       -0.0138877256
 147.  21.       -0.1378093339       -0.1597847369
 147.  22.        0.1473212836        0.0553593780
 147.  23.       -0.2152204208        0.0732758448
 147.  24.        0.1108920953       -0.0738421054
 147.  25.       -0.0049218259       -0.0005080877
 147.  26.       -0.0717610492       -0.3657485625
 147.  27.       -0.0918187553        0.0155742324
 147.  28.        0.0301737054        0.0300226033
 147.  29.        0.2479995189       -0.0472871522
 147.  30.       -0.0518347251        0.0445064525
 147.  31.       -0.0901893692       -0.1356185927
 147.  32.       -0.2730631449        0.0531771445
 147.  33.        0.1215447057        0.0267151250
 147.  34.        0.0148926102       -0.2445891975
 147.  35.        0.0422120565        0.2845604807
 147.  36.       -0.0901801895        0.2071538070
 147.  37.       -0.0804091902        0.0058039026
 147.  38.        0.0472348011        0.1505421806
 147.  39.        0.2857348264       -0.4393372672
 147.  40.       -0.0483068694       -0.0075631446
 147.  41.       -0.0585172204        0.0807822585
 147.  42.       -0.0523824725        0.2146922029
 147.  43.       -0.1425013967       -0.2163077972
 147.  44.        0.2699726433        0.2340270659
 147.  45.       -0.0270205744       -0.1730445296
 147.  46.       -0.0218956080        0.2341586561
 147.  47.        0.4950469732        0.0624381600
 147.  48.       -0.2362874733        0.1096237047
 147.  49.        0.2517136787        0.1060334033
 147.  50.       -0.0793920885       -0.0131471309
 147.  51.       -0.0009037337       -0.2163913495
 147.  52.        0.0071252225        0.4304678380
 147.  53.       -0.0150737436        0.1356967240
 147.  54.        0.1813302299       -0.3095566078
 147.  55.       -0.2130162411       -0.0310365530
 147.  56.       -0.2717023507       -0.3495086653
 147.  57.       -0.1568704340       -0.0968502099
 147.  58.       -0.0889648309       -0.0527405192
 147.  59.        0.0937858261        0.0161667540
 147.  60.        0.0274323726        0.1581895020
 147.  61.       -0.0188439405        0.1776162968
 147.  62.       -0.0083275903        0.1395555576
 147.  63.        0.0882571164        0.1497711953
 147.  64.        0.1160255764        0.1347309140
 147.  65.       -0.3823071144        0.0048072920
 147.  66.        0.0682124016        0.0130834460
 147.  67.       -0.0359640932        0.1478364544
 147.  68.       -0.1339334946        0.1921513732
 147.  69.       -0.0698106462        0.1678079016
 147.  70.       -0.0372058903       -0.1570021739
 147.  71.        0.1677810033        0.0711720920
 147.  72.       -0.3319749284       -0.1713059734
 147.  73.        0.1051316586       -0.1801574784
 147.  74.        0.3860741996        0.1666379787
 147.  75.       -0.0912962310        0.0198692136
 147.  76.       -0.0330771061       -0.0998283278
 147.  77.        0.5164512527       -0.0642914145
 147.  78.       -0.1498712760       -0.0223745396
 147.  79.       -0.1120203412        0.1239154675
 147.  80.       -0.1620179389        0.1100491398
 147.  81.        0.2176640725       -0.3734982537
 147.  82.        0.0119226110        0.0385487971
 147.  83.        0.3163144981       -0.1357453790
 147.  84.       -0.0325915461        0.1654474985
 147.  85.       -0.0186054778        0.1827448644
 147.  86.        0.0365918459       -0.3102669693
 147.  87.        0.0643447782       -0.1817081545
 147.  88.        0.2742848643       -0.2339387486
 147.  89.       -0.1344338328       -0.2018395692
 147.  90.        0.0716071084       -0.1126552701
 147.  91.       -0.2382758663       -0.1522842243
 147.  92.       -0.4024019822        0.3143888080
 147.  93.        0.2894163534        0.0999881049
 147.  94.       -0.2167314865       -0.0939932119
 147.  95.       -0.3312148486        0.3332060136
 147.  96.       -0.2914282048       -0.1874117591
 147.  97.       -0.2425439405        0.2144633193
 147.  98.        0.4802642618        0.4274402401
 147.  99.       -0.1027314956       -0.0108550155
 147. 100.       -0.0783620615        0.1662227424
 147. 101.       -0.0466645630       -0.2530036110
 147. 102.       -0.2920953233       -0.4187271537
 147. 103.        0.3310817246        0.2728456294
 147. 104.        0.2147177896       -0.3766987618
 147. 105.       -0.4806654959        0.1415352220
 147. 106.       -0.2680538863       -0.0514201677
 147. 107.       -0.2694115255       -0.1792395261
 147. 108.        0.1655483410        0.1667582450
 147. 109.        0.0883570851        0.0317473287
 147. 110.       -0.2863408814        0.1121568271
 147. 111.       -0.0655439310        0.0093706438
 147. 112.        0.1605212987       -0.1997541307
 147. 113.        0.0481724871        0.2400932855
 147. 114.       -0.5509273173       -0.1314475468
 147. 115.        0.2747197805       -0.2119201780
 147. 116.        0.1939146093        0.4633811269
 147. 117.        0.2585050656       -0.1551093387
 147. 118.        0.1623913300        0.2003874096
 147. 119.        0.0040983655       -0.1561769161
 147. 120.       -0.2419068398        0.2866787204
 147. 121.        0.3792228953        0.0018508921
 147. 122.        0.1224920978        0.0582905242
 147. 123.        0.0280846253       -0.0492442174
 147. 124.       -0.2127179241       -0.2985082144
 147. 125.        0.1293322194        0.0379532425
 147. 126.        0.1847489687        0.2204083875
 147. 127.       -0.2416426174        0.0017466511
 147. 128.       -0.0207513759       -0.2043121833
 147. 129.       -0.6455841479        0.4687656045
 147. 130.        0.3927335036        0.4860827919
 147. 131.       -0.2976466281        0.1248872826
 147. 132.       -0.2354276169       -0.4045240309
 147. 133.        0.0374962798        0.0620104198
 147. 134.       -0.1614051898        0.1161735301
 147. 135.       -0.2268765357       -0.4049987247
 147. 136.       -0.1549278193        0.3382996314
 147. 137.       -0.0204013617       -0.0131817613
 147. 138.       -0.4749267029       -0.1184670268
 147. 139.        0.0240614072       -0.5251434560
 147. 140.        0.0179028460       -0.0144103306
 147. 141.       -0.3705651308       -0.0266180100
 147. 142.        0.2419108804        0.0645638811
 147. 143.       -0.2803155486       -0.1188527511
 147. 144.       -0.2718509855       -0.1041463100
 147. 145.        0.1253397526        0.0630333390
 147. 146.       -0.0947533647        0.0677303467
 147. 147.       -0.1904953510       -0.0141570139
 148.   0.        0.3001266890        0.0000000000
 148.   1.       -0.3070550008       -0.0474952715
 148.   2.       -0.1271985503        0.1185037583
 148.   3.       -0.2754720815       -0.1475739597
 148.   4.       -0.0025774484        0.0787293526
 148.   5.        0.0735924251        0.2576965507
 148.   6.        0.0609994979       -0.0730739088
 148.   7.       -0.1313536526        0.0786931206
 148.   8.       -0.2539575028        0.1569699027
 148.   9.       -0.3282149344       -0.3380352084
 148.  10.        0.0859861079        0.1296704796
 148.  11.        0.1865761694        0.0514671232
 148.  12.        0.1443818217       -0.0822637784
 148.  13.        0.2806277929        0.0471593785
 148.  14.        0.2879078158       -0.0065920836
 148.  15.        0.0982294212        0.1668693330
 148.  16.       -0.3419975933        0.0474818021
 148.  17.        0.0751998720       -0.3174544210
 148.  18.       -0.1460962077       -0.1718959801
 148.  19.       -0.1097497904        0.1158956936
 148.  20.        0.1935958237       -0.0092145970
 148.  21.       -0.4184093814       -0.0961084176
 148.  22.        0.0279057636       -0.1686859831
 148.  23.        0.0349107430       -0.0284354988
 148.  24.        0.0394433807        0.0431239784
 148.  25.        0.0153549944        0.1685025120
 148.  26.        0.0303356647       -0.0777003318
 148.  27.       -0.1101545924       -0.2708022104
 148.  28.        0.0001482774        0.1058743636
 148.  29.        0.1371013295       -0.0282180303
 148.  30.       -0.0051285941       -0.0680834260
 148.  31.        0.1060068421        0.1298583625
 148.  32.       -0.1276367716       -0.2598242709
 148.  33.       -0.2106905789        0.2863771384
 148.  34.        0.2489118483       -0.1461276717
 148.  35.       -0.1600626936       -0.3733051300
 148.  36.       -0.0808796988        0.1356430778
 148.  37.       -0.2739777616       -0.0735548360
 148.  38.        0.0939150161        0.2505993658
 148.  39.       -0.0820031308        0.0867027715
 148.  40.        0.4522445549       -0.1643856564
 148.  41.       -0.1609091904       -0.2623226627
 148.  42.        0.0967563956       -0.0870475718
 148.  43.        0.1375485942        0.0238278995
 148.  44.       -0.0902864715       -0.0236819078
 148.  45.        0.2408191907        0.1572099698
 148.  46.       -0.0233769390        0.1020477214
 148.  47.       -0.2287998944        0.3126908926
 148.  48.        0.0847354311        0.0238226011
 148.  49.       -0.0692277517        0.2498239448
 148.  50.        0.0851784977        0.1768987152
 148.  51.        0.0914153494       -0.1330199504
 148.  52.        0.0170920895       -0.3441793926
 148.  53.       -0.0247753443        0.2857337148
 148.  54.        0.0883030982       -0.0369280882
 148.  55.        0.2092149733        0.1183084867
 148.  56.        0.1810376190        0.3243686898
 148.  57.        0.0570455088       -0.3430144561
 148.  58.       -0.5463770372       -0.0814652975
 148.  59.        0.0417252961        0.0179561499
 148.  60.       -0.0812456023        0.1821772767
 148.  61.       -0.0118367087        0.0844755241
 148.  62.       -0.1361535473        0.3425621144
 148.  63.       -0.1050340462       -0.0856614624
 148.  64.        0.2161457358        0.1636323760
 148.  65.        0.0650409071        0.0697145748
 148.  66.        0.0112011954       -0.1296482368
 148.  67.        0.2457933560        0.5331299763
 148.  68.       -0.0533676008       -0.0144644141
 148.  69.        0.2480269070        0.1149584667
 148.  70.        0.0866176490        0.1721216904
 148.  71.       -0.1138004905        0.0680660187
 148.  72.       -0.0491032342        0.2393309011
 148.  73.       -0.0077492270       -0.1700229367
 148.  74.       -0.1516198214       -0.0338638506
 148.  75.        0.2058341125        0.3431866669
 148.  76.       -0.1506862106       -0.3152063074
 148.  77.       -0.0943759913       -0.0718840026
 148.  78.        0.2303830719       -0.2215787343
 148.  79.        0.1524437205       -0.1715484129
 148.  80.        0.1373092819        0.1877038565
 148.  81.        0.3085082696        0.2008842974
 148.  82.       -0.2903806318        0.1208630750
 148.  83.        0.1274708884        0.1880825306
 148.  84.       -0.0323623045       -0.1694821366
 148.  85.        0.1648209620       -0.0141442539
 148.  86.       -0.1666679656       -0.2732406440
 148.  87.       -0.7134538383       -0.0292606256
 148.  88.       -0.0807580360        0.0731392652
 148.  89.        0.0460495115        0.0958499410
 148.  90.       -0.1088412107       -0.0057941777
 148.  91.       -0.3945202945       -0.0022656015
 148.  92.        0.0548913757        0.1944153090
 148.  93.       -0.3722031417       -0.0616066534
 148.  94.       -0.2028073319       -0.4652066066
 148.  95.        0.3059131580        0.1044969462
 148.  96.        0.1815723857        0.1670095512
 148.  97.       -0.1992052588       -0.0473156313
 148.  98.       -0.3824391334       -0.2105271757
 148.  99.        0.2321765588        0.1691522852
 148. 100.       -0.2196968769        0.1597692853
 148. 101.       -0.1076554728        0.1920400226
 148. 102.       -0.0435790921       -0.3378031623
 148. 103.       -0.3966928339        0.1209827468
 148. 104.       -0.2160527943        0.1906234090
 148. 105.        0.1291351162        0.1562146247
 148. 106.       -0.1475259536        0.2668923764
 148. 107.       -0.2350387527       -0.2419462421
 148. 108.       -0.6366162796       -0.0993535806
 148. 109.        0.5314138653       -0.3866415347
 148. 110.        0.1402046675        0.3715259204
 148. 111.       -0.2647911007       -0.1058503262
 148. 112.       -0.0853847239       -0.0388413145
 148. 113.        0.0996190946       -0.1142569014
 148. 114.       -0.1532304677       -0.0860532590
 148. 115.       -0.3369874864       -0.5005934581
 148. 116.       -0.4027228138        0.2700953566
 148. 117.        0.1070491896       -0.0943627854
 148. 118.        0.2557990588        0.1714662699
 148. 119.       -0.0266344038        0.3625420298
 148. 120.       -0.1696106740       -0.1305588151
 148. 121.       -0.0181393000        0.0198716255
 148. 122.        0.5174015623        0.0355752434
 148. 123.        0.1960752269        0.3268118060
 148. 124.       -0.2348827526        0.3507762465
 148. 125.       -0.3465907336       -0.0331777685
 148. 126.        0.1956494082       -0.2090313590
 148. 127.       -0.1880904249        0.3690581201
 148. 128.        0.1316514769        0.1488097332
 148. 129.       -0.3823286688       -0.4841788027
 148. 130.       -0.1575065719        0.0332218619
 148. 131.        0.0654890871        0.0739539156
 148. 132.        0.2792120499       -0.3693428216
 148. 133.        0.2160547838       -0.1354963724
 148. 134.       -0.3144024438       -0.3140389574
 148. 135.        0.1387935534        0.6730779246
 148. 136.       -0.0162809326       -0.2426846645
 148. 137.        0.0030721721       -0.3117979516
 148. 138.        0.1689686489       -0.2166876534
 148. 139.       -0.0473321449        0.2580472168
 148. 140.       -0.2156902368       -0.2145971723
 148. 141.        0.3707744152        0.3718006113
 148. 142.       -0.3114988718        0.0778555979
 148. 143.       -0.2306524701       -0.1570582060
 148. 144.       -0.3171820102        0.4477573237
 148. 145.       -0.2443611016        0.0021995681
 148. 146.       -0.0909140085        0.0676080909
 148. 147.        0.1731170747        0.0310226159
 148. 148.       -0.2164587423        0.1370010610
 149.   0.       -0.0568722107        0.0000000000
 149.   1.        0.3229446217        0.2837789011
 149.   2.        0.0317209653        0.1308702192
 149.   3.       -0.2125735216        0.4065611005
 149.   4.       -0.1084493044       -0.0134116045
 149.   5.       -0.1025142013       -0.0398863594
 149.   6.        0.4036804302        0.0888782912
 149.   7.        0.1369714934       -0.2333259584
 149.   8.        0.1735296344        0.0831271635
 149.   9.        0.0510560337        0.0445438768
 149.  10.       -0.1021844869       -0.0597478468
 149.  11.        0.0202454773       -0.0095642811
 149.  12.        0.3459681396       -0.2759759906
 149.  13.        0.0508427936       -0.2565914572
 149.  14.        0.0492673891       -0.0531081439
 149.  15.        0.3812659419        0.0393810420
 149.  16.       -0.0819789322        0.0654975690
 149.  17.       -0.1107731078        0.1508002120
 149.  18.        0.1088405098        0.0291237135
 149.  19.       -0.2818738024       -0.0978451698
 149.  20.        0.0855517199        0.2520221958
 149.  21.        0.0936005531        0.2374347668
 149.  22.       -0.2203369478       -0.0853098928
 149.  23.        0.0701782586       -0.0586093309
 149.  24.        0.0195546618        0.0828113916
 149.  25.        0.1438579570       -0.1287885370
 149.  26.        0.0649548987        0.1117985129
 149.  27.       -0.0291481030       -0.0171882747
 149.  28.       -0.2259418680        0.0357575196
 149.  29.       -0.1346386302        0.1485791240
 149.  30.        0.0361394854       -0.0950485423
 149.  31.        0.0112040230        0.2349869666
 149.  32.        0.1687073642       -0.0396364870
 149.  33.        0.0622747147       -0.2167700572
 149.  34.       -0.1502405794        0.4089492320
 149.  35.       -0.0529881011       -0.0899706161
 149.  36.       -0.1511002768       -0.3364918181
 149.  37.       -0.2153613669       -0.0822067876
 149.  38.       -0.0331872601       -0.1057737433
 149.  39.        0.1299118639        0.3665974360
 149.  40.        0.0035261516        0.1927394503
 149.  41.        0.0975452255       -0.2071188835
 149.  42.       -0.0955682070       -0.0508984593
 149.  43.        0.1619115305       -0.0273619154
 149.  44.        0.2712504686       -0.0963647008
 149.  45.        0.0783101475        0.1257011559
 149.  46.        0.1698095433        0.0983851865
 149.  47.       -0.3694376054       -0.1745598813
 149.  48.        0.1854855003       -0.1895878085
 149.  49.       -0.0704841180       -0.0871238953
 149.  50.       -0.0412005337        0.0546626617
 149.  51.       -0.1272199616        0.2947324825
 149.  52.        0.1777776328       -0.2234651140
 149.  53.       -0.4052915547       -0.2744238250
 149.  54.       -0.1754345744        0.2206247802
 149.  55.       -0.0901524831       -0.0920036149
 149.  56.        0.1989122407        0.1690012781
 149.  57.        0.3356929661        0.3386136775
 149.  58.        0.0541822572        0.0352458534
 149.  59.       -0.1536773813       -0.1916801072
 149.  60.       -0.0347948479        0.0505331455
 149.  61.       -0.1913008639        0.1173248841
 149.  62.        0.1678614955        0.2217188067
 149.  63.        0.0774297713       -0.0154646263
 149.  64.        0.0436598738       -0.1286989683
 149.  65.       -0.0326346477       -0.2267834358
 149.  66.        0.2640549560       -0.1465906619
 149.  67.       -0.0048209675        0.1510934570
 149.  68.        0.0618999268       -0.0913009909
 149.  69.        0.0324268360       -0.2857321427
 149.  70.        0.0371738377        0.0943039980
 149.  71.       -0.0285301749       -0.0603777934
 149.  72.        0.0733182692        0.0134076235
 149.  73.        0.0622840824        0.4017788067
 149.  74.       -0.1906984137       -0.3657246129
 149.  75.       -0.2797149966       -0.0132792613
 149.  76.        0.2028966961        0.2373594190
 149.  77.       -0.5203538843        0.5159208046
 149.  78.       -0.3729758018       -0.1575476563
 149.  79.       -0.1501082957        0.1046969734
 149.  80.       -0.2144173468        0.0180442545
 149.  81.        0.0624893921        0.1071249965
 149.  82.        0.3613155452        0.1076996720
 149.  83.       -0.4417814071        0.2961854872
 149.  84.        0.0410422632       -0.2760938218
 149.  85.        0.2658501624       -0.2705066056
 149.  86.       -0.2344799425        0.2800925297
 149.  87.        0.2396786881       -0.2884682592
 149.  88.       -0.2556418971       -0.1266442885
 149.  89.       -0.0381048529        0.4549916785
 149.  90.       -0.0214168521       -0.0206255512
 149.  91.       -0.1652501921       -0.1452669964
 149.  92.        0.2041293289        0.1175591441
 149.  93.        0.1728465363       -0.1984590598
 149.  94.       -0.2035019280       -0.0073871920
 149.  95.        0.1501841505       -0.1011800990
 149.  96.        0.0685293688       -0.0496582064
 149.  97.       -0.2341076596       -0.0912821967
 149.  98.       -0.0294523715       -0.2140542374
 149.  99.       -0.3181536745       -0.2609625207
 149. 100.        0.4325780053        0.0730683400
 149. 101.       -0.0540999223       -0.0573331273
 149. 102.        0.2194170385       -0.0235636712
 149. 103.       -0.0944169865       -0.0998597560
 149. 104.        0.0430528754        0.3172837850
 149. 105.       -0.2758409949        0.0299614922
 149. 106.       -0.4184109748        0.1076464541
 149. 107.        0.2642970915       -0.2986216785
 149. 108.        0.3659966801       -0.2623845635
 149. 109.       -0.2201673630        0.4125961942
 149. 110.       -0.1967242465       -0.0477216411
 149. 111.       -0.2113454405        0.0563858487
 149. 112.        0.3428104617        0.0054756228
 149. 113.        0.2220164032       -0.1526753589
 149. 114.        0.1491436557        0.0904221148
 149. 115.       -0.0804780365        0.3238290020
 149. 116.       -0.3316056114       -0.1383259215
 149. 117.       -0.0905912778       -0.2636243656
 149. 118.        0.1897147534        0.0899839795
 149. 119.        0.2049767052        0.1609824596
 149. 120.        0.2939137212        0.0876862874
 149. 121.       -0.2147166174       -0.1156933607
 149. 122.       -0.0833316010        0.0069721779
 149. 123.       -0.2405216714       -0.0506325058
 149. 124.        0.0966385131        0.0428620435
 149. 125.        0.2981745365        0.0187986463
 149. 126.       -0.2229129208        0.2256205812
 149. 127.       -0.0541191376        0.1152475449
 149. 128.       -0.1891873920       -0.0888533258
 149. 129.        0.1136414638        0.5905967861
 149. 130.       -0.4594012081        0.0673714167
 149. 131.       -0.2444805066        0.2635783407
 149. 132.        0.0728364606       -0.0216655633
 149. 133.       -0.2203008140       -0.0175879054
 149. 134.       -0.2336128529       -0.2582687405
 149. 135.       -0.0327563603        0.0687933910
 149. 136.        0.2749358587        0.5546671194
 149. 137.       -0.4460687881       -0.1044040903
 149. 138.        0.2642141200       -0.3876072846
 149. 139.        0.0360940589       -0.1939374860
 149. 140.       -0.0247045230        0.8130113422
 149. 141.       -0.0876826265        0.0440617970
 149. 142.        0.3240756230       -0.0068198509
 149. 143.       -0.1642311667        0.2338851975
 149. 144.       -0.2323689103       -0.2200564785
 149. 145.       -0.3448678174       -0.2154864869
 149. 146.       -0.2413048613       -0.0828806673
 149. 147.       -0.1593621457        0.0523407455
 149. 148.       -0.2632501522       -0.3336133721
 149. 149.       -0.0945252554       -0.1525860715
 150.   0.       -0.2771427062        0.0000000000
 150.   1.        0.0264252863        0.3545805488
 150.   2.        0.1676090168       -0.0276104214
 150.   3.        0.1369958009        0.0454312082
 150.   4.        0.2780400250       -0.0981580084
 150.   5.       -0.0893933316       -0.1208901487
 150.   6.       -0.1250538662        0.0954924379
 150.   7.       -0.0314102846        0.0415806688
 150.   8.        0.2229033026       -0.2345714552
 150.   9.        0.2606380515        0.0971481897
 150.  10.       -0.1879671545        0.0149169807
 150.  11.       -0.1194138001        0.0148905610
 150.  12.       -0.3597598742        0.1819019491
 150.  13.        0.0163274880       -0.1356947842
 150.  14.       -0.2668115143       -0.2275814815
 150.  15.       -0.2015951351       -0.1592095234
 150.  16.        0.3808200826       -0.0457171774
 150.  17.        0.0051131122        0.2428225085
 150.  18.        0.0429192391        0.1892462680
 150.  19.       -0.0197784817       -0.3831435227
 150.  20.       -0.0416735578        0.1382719578
 150.  21.        0.0403856857        0.0752560355
 150.  22.        0.1292219276       -0.0154876083
 150.  23.       -0.0587110896       -0.1095539973
 150.  24.       -0.2649875230        0.1660090497
 150.  25.       -0.0456328355       -0.0499223448
 150.  26.       -0.1018292803       -0.1075261091
 150.  27.        0.4038184703        0.1476147479
 150.  28.        0.1752497389       -0.0900027440
 150.  29.        0.0827264085       -0.0468291102
 150.  30.        0.2625658500        0.2845616591
 150.  31.        0.0738595456       -0.0167341013
 150.  32.       -0.0241346049        0.0377042752
 150.  33.       -0.0864241942       -0.2160906927
 150.  34.       -0.0562683673       -0.1373827253
 150.  35.        0.1961754811        0.2713784562
 150.  36.        0.1857346212       -0.2725105697
 150.  37.        0.2888107255       -0.0703170800
 150.  38.       -0.1631272989        0.0211222761
 150.  39.       -0.0095031604       -0.1362313306
 150.  40.       -0.2822973053        0.2725010981
 150.  41.        0.1138134369       -0.0856570398
 150.  42.        0.2429334301       -0.0949658684
 150.  43.       -0.2867070120       -0.0022453906
 150.  44.       -0.0814196468       -0.1637555622
 150.  45.       -0.2568256226       -0.2750793773
 150.  46.        0.2523762616        0.2758595788
 150.  47.        0.1658257058        0.0904589386
 150.  48.       -0.1701521492       -0.0446997073
 150.  49.        0.1902048104       -0.2610791388
 150.  50.        0.0979399115       -0.1013746168
 150.  51.       -0.1682421151       -0.2002313321
 150.  52.        0.1926746906       -0.0509466135
 150.  53.        0.0903179590       -0.0678766304
 150.  54.        0.1908519222       -0.0862788801
 150.  55.       -0.1617095765        0.3683669140
 150.  56.       -0.1571692457       -0.2474322202
 150.  57.        0.2251221956        0.3617521986
 150.  58.        0.1418729231        0.0703987167
 150.  59.       -0.1806754825       -0.0129160537
 150.  60.        0.0173954499        0.0744423233
 150.  61.       -0.0944949089       -0.3944025037
 150.  62.        0.0012216662        0.1139676212
 150.  63.       -0.0593911009        0.2484324851
 150.  64.        0.1222439901        0.2710615056
 150.  65.       -0.1219568097       -0.0367085695
 150.  66.        0.1231136825       -0.0398827004
 150.  67.       -0.0808942228       -0.2178961904
 150.  68.       -0.0622906181        0.5351696219
 150.  69.        0.0773562929       -0.0202896969
 150.  70.       -0.3384337542       -0.1643638064
 150.  71.        0.4273378870        0.2029241249
 150.  72.       -0.0092238323       -0.0072111231
 150.  73.       -0.1833388443       -0.2617294912
 150.  74.        0.5595229088        0.3881174223
 150.  75.        0.2230375925       -0.2192024827
 150.  76.       -0.0939478160        0.2083506794
 150.  77.        0.0538617427       -0.0870148827
 150.  78.       -0.1737288382       -0.2187287203
 150.  79.        0.0973173831        0.1230986721
 150.  80.       -0.1052539366       -0.1271267236
 150.  81.       -0.2001798492        0.0890702098
 150.  82.        0.1276812090        0.1063187398
 150.  83.        0.3851743455        0.0457975112
 150.  84.       -0.0314201787        0.3163311337
 150.  85.       -0.2057994002       -0.1714826822
 150.  86.       -0.0693751805        0.0319943658
 150.  87.       -0.1615482640       -0.3642860997
 150.  88.        0.3790545527       -0.0672363866
 150.  89.        0.1220159007        0.0062028451
 150.  90.        0.0216915771        0.1180354955
 150.  91.        0.1687123467       -0.0352673896
 150.  92.       -0.1598820786        0.3849085256
 150.  93.        0.3683373737       -0.2403371328
 150.  94.        0.3918379931        0.1906758223
 150.  95.       -0.0416240167        0.0218646473
 150.  96.       -0.1414486535        0.1584739016
 150.  97.       -0.0240823242       -0.0360988352
 150.  98.       -0.1475718396        0.0007344763
 150.  99.       -0.0733938512        0.1996677284
 150. 100.       -0.1638977395        0.2785710311
 150. 101.       -0.0379036648        0.0695823650
 150. 102.       -0.2971022501        0.0505083951
 150. 103.        0.0654189038       -0.0545398386
 150. 104.        0.2327304736       -0.3423256801
 150. 105.        0.1598443680        0.2105538589
 150. 106.       -0.2322607850        0.0438260138
 150. 107.        0.0216302505       -0.1035320071
 150. 108.       -0.4131008558        0.0656836655
 150. 109.        0.0845384368       -0.2193590991
 150. 110.        0.3339096230        0.1540849270
 150. 111.       -0.1968502767       -0.1058457103
 150. 112.       -0.3218459807       -0.3439895702
 150. 113.       -0.1428866768       -0.1941091974
 150. 114.       -0.0789189472       -0.0585531567
 150. 115.        0.0673913795        0.1571185892
 150. 116.       -0.1000995756       -0.0675286657
 150. 117.       -0.0437262264       -0.1422007084
 150. 118.       -0.0657114408       -0.1187761083
 150. 119.        0.1396970719       -0.1546776153
 150. 120.        0.1945678536        0.3395003441
 150. 121.        0.5357203418       -0.0263491283
 150. 122.       -0.1907079017        0.1291636613
 150. 123.       -0.3370538614        0.0020178565
 150. 124.       -0.2171593249       -0.1723766541
 150. 125.        0.0189912736        0.1108532389
 150. 126.       -0.0086393224        0.2810883761
 150. 127.        0.1100263735       -0.0880722139
 150. 128.        0.0444308664        0.4111183191
 150. 129.        0.1179965350       -0.5238626821
 150. 130.        0.3296346137        0.2254727886
 150. 131.       -0.4581262048       -0.3835645248
 150. 132.       -0.0086329971       -0.0339030156
 150. 133.       -0.3349862745       -0.5942448034
 150. 134.        0.5477901884        0.3200965074
 150. 135.       -0.1490979183       -0.0441272357
 150. 136.       -0.3809420279        0.4089622214
 150. 137.        0.6506252365        0.0404412411
 150. 138.       -0.0112820590        0.1509554406
 150. 139.        0.0174063162        0.2666648921
 150. 140.       -0.5983512662       -0.1164379028
 150. 141.        0.0032242086        0.4711538138
 150. 142.        0.1675735215        0.2280695774
 150. 143.        0.4341285297       -0.2334049547
 150. 144.       -0.0841564582        0.3252101397
 150. 145.       -0.1124336758       -0.1273253360
 150. 146.       -0.0941907157       -0.0333658583
 150. 147.        0.3237799210        0.1037582278
 150. 148.        0.1073186121       -0.0163245453
 150. 149.       -0.0694618194        0.1206465329
 150. 150.       -0.0413371072        0.0044525750
 151.   0.        0.1711016027        0.0000000000
 151.   1.       -0.1221390247       -0.0450339725
 151.   2.        0.0708735312       -0.0479344997
 151.   3.        0.1209858405       -0.0136021161
 151.   4.        0.0490175829       -0.2327289943
 151.   5.        0.2693594130        0.1745486258
 151.   6.       -0.1915044306       -0.0499286870
 151.   7.       -0.2207167126        0.2214664448
 151.   8.       -0.0847044287        0.1230319298
 151.   9.       -0.2292226743        0.0734144558
 151.  10.        0.2391816741       -0.1780327660
 151.  11.        0.2324004976       -0.0322467832
 151.  12.       -0.2409106201       -0.0925610708
 151.  13.        0.0810602642        0.2020983805
 151.  14.        0.0332130269        0.0564651400
 151.  15.       -0.3486276486       -0.2390312044
 151.  16.       -0.2871628490       -0.1727823934
 151.  17.        0.1783012444       -0.0592945543
 151.  18.       -0.0606488631       -0.0029922043
 151.  19.        0.0709328158       -0.0461994096
 151.  20.        0.3043847195       -0.3239098383
 151.  21.       -0.0327148836        0.1219967877
 151.  22.        0.0336748888       -0.0573567436
 151.  23.        0.1157348136        0.0267725431
 151.  24.       -0.0557085600       -0.1747536470
 151.  25.       -0.1395939908        0.2682111319
 151.  26.       -0.1746158004       -0.1196757859
 151.  27.       -0.0891130961        0.1094547848
 151.  28.        0.3114694503       -0.0848233019
 151.  29.       -0.0323515520       -0.0993934065
 151.  30.       -0.0808281524       -0.0707468529
 151.  31.        0.1685649934       -0.0232683588
 151.  32.       -0.1627305623        0.0603036917
 151.  33.       -0.3290403950        0.1976013967
 151.  34.        0.1466294804       -0.1147455816
 151.  35.        0.1972668284       -0.1622571289
 151.  36.        0.1627470251        0.1986050024
 151.  37.       -0.0350136410        0.1622693529
 151.  38.       -0.0724980134        0.0540920943
 151.  39.        0.1838708423        0.0137446858
 151.  40.        0.2819525514       -0.3942025025
 151.  41.        0.0662187031        0.0463637808
 151.  42.        0.1562944491        0.0295169035
 151.  43.        0.1607386437        0.0234293156
 151.  44.       -0.1738288108       -0.1816524032
 151.  45.        0.0348325212       -0.1826576470
 151.  46.        0.0955955275       -0.0838700493
 151.  47.        0.2657651933        0.0765986312
 151.  48.       -0.1664177948        0.2992703329
 151.  49.       -0.0626042064        0.0453750561
 151.  50.       -0.0188718280        0.0300500366
 151.  51.        0.1066254868       -0.2354756346
 151.  52.       -0.0791667773        0.0230004644
 151.  53.        0.2139832435        0.2066180142
 151.  54.        0.2027749394       -0.1329396604
 151.  55.       -0.2126969569       -0.0120043291
 151.  56.       -0.0516161713        0.0941435227
 151.  57.       -0.1441916414       -0.1894074000
 151.  58.       -0.1218208384        0.0742170642
 151.  59.        0.0499293071       -0.0582192643
 151.  60.       -0.1115670701        0.0440272151
 151.  61.        0.3671925428       -0.1327727847
 151.  62.       -0.1327142104       -0.0570845474
 151.  63.       -0.0940916927       -0.0178720168
 151.  64.        0.0937333138        0.2014491049
 151.  65.       -0.0193364788        0.0162282067
 151.  66.       -0.3817616065        0.2969264889
 151.  67.        0.2901305062       -0.2474596150
 151.  68.       -0.1862995403       -0.1710163948
 151.  69.       -0.0647987918        0.2664878961
 151.  70.        0.1189450329       -0.0734489130
 151.  71.       -0.1312030137       -0.5026156413
 151.  72.        0.0254354492        0.2989015638
 151.  73.        0.0659610810       -0.2347888280
 151.  74.       -0.1036862763        0.3123698749
 151.  75.        0.1181479897        0.3446439596
 151.  76.       -0.2206937396       -0.1791730067
 151.  77.       -0.0324768391       -0.1727738705
 151.  78.        0.0792625476        0.1720221609
 151.  79.        0.2017557775        0.1249933749
 151.  80.        0.1893789519       -0.1980153379
 151.  81.       -0.0763152895        0.0365927384
 151.  82.       -0.1064288015       -0.1333077419
 151.  83.       -0.0001575670       -0.4754319595
 151.  84.        0.1840801705        0.0760839044
 151.  85.       -0.1740698269        0.0674285096
 151.  86.        0.0020814000       -0.2725115747
 151.  87.        0.2769745641        0.0069197371
 151.  88.        0.1201651308        0.0177224301
 151.  89.        0.3607540853        0.0625161290
 151.  90.       -0.1805229261        0.2665517588
 151.  91.        0.1479051121        0.4992159795
 151.  92.        0.0944429941       -0.2111002214
 151.  93.       -0.0586812750       -0.0083301396
 151.  94.        0.1982128394       -0.0510327690
 151.  95.        0.2329081353       -0.3543606544
 151.  96.        0.0843894100        0.1945328725
 151.  97.        0.0215429831        0.1706177825
 151.  98.       -0.1507187849        0.1579618309
 151.  99.        0.0611872643       -0.2027682454
 151. 100.        0.2711562399       -0.1142692566
 151. 101.       -0.2360640800        0.0169619372
 151. 102.       -0.2247686730        0.5234993863
 151. 103.       -0.5448892146        0.2139252587
 151. 104.        0.5401481889       -0.1438871457
 151. 105.        0.1492179023        0.0505062744
 151. 106.        0.1915318873        0.3163960592
 151. 107.       -0.4787770565       -0.1772626483
 151. 108.       -0.2836795732       -0.1246872299
 151. 109.       -0.1886659115       -0.2585296189
 151. 110.        0.1327497553       -0.1900873784
 151. 111.        0.0003658603        0.4949604820
 151. 112.        0.0762347558       -0.3209167034
 151. 113.       -0.4554903705       -0.0936092107
 151. 114.        0.0931067507        0.2798369454
 151. 115.        0.1233662511       -0.2400234283
 151. 116.        0.3587163746       -0.0893139103
 151. 117.       -0.2223130838        0.3597537614
 151. 118.       -0.0845168206       -0.1577673727
 151. 119.        0.1460569557        0.0010235392
 151. 120.        0.0335180474       -0.1696333796
 151. 121.        0.2879819046        0.0722890486
 151. 122.        0.4681223156       -0.1248887389
 151. 123.        0.3026658352        0.1473511598
 151. 124.       -0.1914293590       -0.0038283501
 151. 125.       -0.1671586777       -0.6201604994
 151. 126.       -0.1757290222        0.4332915756
 151. 127.       -0.0209778302       -0.0516434864
 151. 128.        0.0131619521       -0.0172288348
 151. 129.       -0.0725777897        0.0093190354
 151. 130.       -0.6889304959       -0.0737396298
 151. 131.        0.5619846696       -0.1712781993
 151. 132.       -0.1774391809       -0.3519769426
 151. 133.       -0.0246921443        0.0731616360
 151. 134.       -0.2036467315       -0.4097407364
 151. 135.        0.7470393415       -0.2523695176
 151. 136.        0.2119613518       -0.0692063602
 151. 137.       -0.0071199963        0.2597314641
 151. 138.        0.2257260728        0.0263783203
 151. 139.        0.3480560135        0.2615155911
 151. 140.       -0.0041336530        0.2193563797
 151. 141.       -0.5025720673        0.2648116952
 151. 142.        0.9984110521        0.0053358906
 151. 143.       -0.3540098738        0.2740340255
 151. 144.        0.1484582323       -0.4978599272
 151. 145.        0.2390605652        0.3707483553
 151. 146.       -0.2865184439       -0.0739096625
 151. 147.       -0.2567318539       -0.2410704741
 151. 148.       -0.1788749456        0.2454531372
 151. 149.        0.1876802715        0.0359267890
 151. 150.       -0.2669154890        0.1346722689
 151. 151.       -0.3356361484       -0.1641052616
 152.   0.        0.1481191069        0.0000000000
 152.   1.        0.0225607478       -0.3093904292
 152.   2.       -0.1842667574       -0.0475314316
 152.   3.       -0.0413124441       -0.0410274055
 152.   4.       -0.4243945979       -0.1452293729
 152.   5.       -0.1007359946       -0.0685496777
 152.   6.        0.1964616796        0.0334783227
 152.   7.        0.0500287554       -0.0742338988
 152.   8.       -0.1251562763        0.1673037186
 152.   9.       -0.1029724952        0.2057944211
 152.  10.        0.0118816689       -0.0952357540
 152.  11.       -0.0312656424       -0.0045176822
 152.  12.        0.1829501886       -0.2259588598
 152.  13.       -0.1482498513       -0.1474200427
 152.  14.        0.1364679024        0.3128547844
 152.  15.        0.0453653233        0.1145976133
 152.  16.       -0.2527836836        0.0716142700
 152.  17.        0.0645823487       -0.0561873306
 152.  18.       -0.0012116467       -0.0745195385
 152.  19.        0.0123128298        0.4733454485
 152.  20.        0.0058091850       -0.2930022854
 152.  21.        0.3872011779       -0.0259382852
 152.  22.       -0.1491541233       -0.0012157048
 152.  23.       -0.0854722381        0.1833830805
 152.  24.        0.1694194332       -0.3145672457
 152.  25.       -0.0186606611       -0.1642677551
 152.  26.        0.0922445039        0.1651756646
 152.  27.       -0.2912019283       -0.0626502718
 152.  28.       -0.1330943349       -0.0444859274
 152.  29.       -0.1142746589        0.1661981381
 152.  30.       -0.2903111698       -0.2574414550
 152.  31.       -0.0961716798        0.0156907571
 152.  32.       -0.1367811314       -0.0186450093
 152.  33.       -0.2295652380        0.1987749507
 152.  34.       -0.1619946568        0.2226777016
 152.  35.        0.0604883732       -0.1132544661
 152.  36.       -0.2102222403       -0.1416030491
 152.  37.       -0.0177213424        0.0413931816
 152.  38.        0.2002323531        0.1367412501
 152.  39.       -0.0031420651       -0.0364330190
 152.  40.        0.1452028405       -0.0384183075
 152.  41.       -0.1393388002       -0.0111912921
 152.  42.        0.0895524174        0.0408652166
 152.  43.        0.1132162043        0.0812352872
 152.  44.        0.0443639086        0.0751581397
 152.  45.       -0.1043382517        0.2960030849
 152.  46.       -0.0885203469       -0.0396775434
 152.  47.        0.1155076808       -0.2050888098
 152.  48.        0.2076416725       -0.0866209185
 152.  49.        0.0245449642        0.1211493498
 152.  50.       -0.3731518527       -0.1106534881
 152.  51.        0.1697707058        0.3186186788
 152.  52.       -0.0673775106       -0.1014265213
 152.  53.       -0.0324840601        0.0833149249
 152.  54.        0.1246325146        0.0531720240
 152.  55.        0.1704671148       -0.0917355704
 152.  56.        0.1239170892        0.3772768261
 152.  57.       -0.2341242564       -0.0742289284
 152.  58.        0.0647040994        0.0745758952
 152.  59.        0.0770373050        0.1895449963
 152.  60.        0.1142135133       -0.1547371862
 152.  61.        0.1194947572       -0.1637861171
 152.  62.        0.2121055511       -0.0334807315
 152.  63.       -0.0851787726       -0.4498760728
 152.  64.       -0.0147025915       -0.2402432757
 152.  65.        0.1954441779        0.1670476466
 152.  66.       -0.1909240163       -0.0539589222
 152.  67.       -0.1234245105       -0.3372589354
 152.  68.        0.2408333280       -0.2064910347
 152.  69.       -0.1341619651       -0.2540600423
 152.  70.       -0.1633115727        0.0093875297
 152.  71.       -0.0589400661       -0.2151861586
 152.  72.        0.1707479244        0.1182136273
 152.  73.        0.3242141024        0.2365487648
 152.  74.       -0.1595664081       -0.3041431782
 152.  75.       -0.2418975901        0.2563707650
 152.  76.        0.0180562602        0.0440241119
 152.  77.        0.1786034060       -0.0570248426
 152.  78.        0.0886589343        0.1690146226
 152.  79.       -0.0875678725        0.1721026022
 152.  80.        0.0900076580        0.1996876582
 152.  81.        0.1521698759       -0.0653097893
 152.  82.        0.1223083867       -0.1095352600
 152.  83.       -0.1190150184        0.1355291218
 152.  84.        0.0504922754       -0.2518241311
 152.  85.        0.1523476456        0.2651176347
 152.  86.        0.1173053580        0.1434894621
 152.  87.        0.2352670038        0.1976690223
 152.  88.        0.1996191552        0.1242425302
 152.  89.        0.0951649035        0.1972012378
 152.  90.        0.2446212049       -0.0491024309
 152.  91.       -0.0421403980       -0.0339390922
 152.  92.        0.1475799420        0.2249648101
 152.  93.       -0.2141652101        0.0044354356
 152.  94.        0.3164865183        0.2256944624
 152.  95.       -0.0889143184       -0.1905315081
 152.  96.       -0.1095460424       -0.0358253456
 152.  97.        0.1173656344        0.1130965106
 152.  98.        0.2906860787        0.1129857474
 152.  99.       -0.3510437554       -0.0632398198
 152. 100.       -0.0007702096       -0.3732190040
 152. 101.        0.1392855331       -0.0648485344
 152. 102.        0.2376176748        0.0368808922
 152. 103.        0.2639855758        0.4089138675
 152. 104.       -0.1110720332        0.0667340870
 152. 105.       -0.0452834565       -0.1787347704
 152. 106.        0.0153272576       -0.0247362621
 152. 107.        0.1516916394        0.1922684993
 152. 108.       -0.2808138570        0.0220453253
 152. 109.       -0.2404040349        0.0889707323
 152. 110.       -0.2027485960       -0.0486584883
 152. 111.        0.0991045734        0.2675302300
 152. 112.        0.4799895468        0.1290058638
 152. 113.       -0.0061262924       -0.1423373307
 152. 114.       -0.2163419643        0.3624415137
 152. 115.        0.3496342290        0.1533196992
 152. 116.       -0.0134642521       -0.4167088172
 152. 117.        0.2425345697        0.1004617452
 152. 118.        0.2933165295       -0.1550108405
 152. 119.        0.2799057230       -0.1745437853
 152. 120.        0.0607589976       -0.1613930010
 152. 121.       -0.1046478566       -0.1948991902
 152. 122.       -0.1207572652       -0.0242507103
 152. 123.        0.0228332454        0.1457762185
 152. 124.        0.2736496324        0.1623620986
 152. 125.       -0.1597078421       -0.0650617740
 152. 126.       -0.3527481507       -0.0796730557
 152. 127.        0.2743221356       -0.3755570978
 152. 128.        0.1565008869        0.0922209989
 152. 129.        0.0432207706        0.2365203638
 152. 130.        0.1123904368       -0.3214667157
 152. 131.       -0.5120056414        0.1629355115
 152. 132.        0.3326735258       -0.2651159273
 152. 133.       -0.4466316786        0.1355034199
 152. 134.        0.3781504874        0.1121236214
 152. 135.        0.0557830898       -0.2978455985
 152. 136.        0.7950668843        0.1608698774
 152. 137.        0.1822344761       -0.0950368339
 152. 138.        0.0728612473        0.1606909352
 152. 139.        0.1424613578       -0.4632836597
 152. 140.        0.3690446400        0.0419729608
 152. 141.        0.0209757813        0.1051808076
 152. 142.        0.0128049382       -0.1454838203
 152. 143.        0.3660289534       -0.4240492055
 152. 144.       -0.3012422218        0.2089570318
 152. 145.       -0.0755600199       -0.2854574781
 152. 146.        0.3139864854        0.3405951136
 152. 147.       -0.0496308461        0.1444890755
 152. 148.       -0.1958647561        0.1062449911
 152. 149.       -0.1243816503       -0.1412069537
 152. 150.       -0.1070819252       -0.0226489762
 152. 151.       -0.0265351732       -0.0525547824
 152. 152.        0.0566999979        0.0274164177
 153.   0.       -0.2143447828        0.0000000000
 153.   1.        0.1137448219       -0.1110323417
 153.   2.       -0.1331174900       -0.2867648279
 153.   3.        0.1082752597       -0.1148906992
 153.   4.       -0.0482738138        0.3859276587
 153.   5.       -0.1135096964       -0.1954440891
 153.   6.       -0.0723025567        0.0184185031
 153.   7.        0.1222294130        0.0045312390
 153.   8.        0.0663737596       -0.2103370648
 153.   9.        0.1847547418       -0.1754899504
 153.  10.       -0.1970344118        0.2650905593
 153.  11.       -0.1014284456       -0.0965512097
 153.  12.        0.0899251510        0.3337256494
 153.  13.       -0.0986765244       -0.1870428981
 153.  14.       -0.0842607735        0.0657835483
 153.  15.        0.3507169256        0.2611414806
 153.  16.        0.2846980806        0.1450989393
 153.  17.       -0.1396678647       -0.0857090636
 153.  18.       -0.0851989308       -0.0935943087
 153.  19.        0.0877156020        0.0821725573
 153.  20.       -0.3268647872        0.1288641460
 153.  21.        0.0173903056       -0.2766016695
 153.  22.        0.4175832033        0.1209573684
 153.  23.       -0.2629588998       -0.1079270686
 153.  24.       -0.0623531443       -0.0579603220
 153.  25.       -0.1767801121       -0.1720689428
 153.  26.        0.0976909624        0.0953233079
 153.  27.        0.1982351377        0.0017917503
 153.  28.       -0.1168353247        0.2624337613
 153.  29.        0.0783656950       -0.0504950116
 153.  30.        0.0882788724        0.0972811231
 153.  31.       -0.1788068873        0.0984715885
 153.  32.        0.2031572542       -0.2508002858
 153.  33.        0.0446059709       -0.1952596178
 153.  34.       -0.1379660791        0.1608147888
 153.  35.        0.0556618573        0.1723767874
 153.  36.       -0.1447939358       -0.2456621030
 153.  37.       -0.0374087877       -0.1227066852
 153.  38.       -0.1814960280        0.0815573781
 153.  39.        0.0425912243       -0.1343494965
 153.  40.       -0.0975525107        0.4157463837
 153.  41.        0.0927135080       -0.0071108265
 153.  42.       -0.1072299596        0.2136918457
 153.  43.       -0.0983713048       -0.0045278109
 153.  44.        0.3215104790       -0.2710203269
 153.  45.        0.2233670937        0.1006880425
 153.  46.        0.0495836502        0.1565423944
 153.  47.       -0.0156470774       -0.1507646072
 153.  48.       -0.0073422681       -0.1599171655
 153.  49.       -0.0009851452       -0.0510358210
 153.  50.        0.1158211338       -0.0582340576
 153.  51.       -0.0911097313        0.0811190836
 153.  52.        0.1854457991        0.1215022501
 153.  53.       -0.1968608774        0.1502050738
 153.  54.       -0.2373515895       -0.0207111230
 153.  55.       -0.3698740782       -0.0012410268
 153.  56.       -0.0158159323       -0.2819411327
 153.  57.       -0.0683881899        0.1584550743
 153.  58.        0.0886613560       -0.2746632528
 153.  59.        0.1851647777        0.2488147025
 153.  60.        0.0084650601        0.2586251918
 153.  61.       -0.2215740119        0.1351568231
 153.  62.       -0.0745413683        0.0898408421
 153.  63.        0.1744815949        0.0476484339
 153.  64.        0.3906636931       -0.4204508662
 153.  65.       -0.1650803849        0.0045276460
 153.  66.        0.3800342397       -0.1398971635
 153.  67.       -0.1768687405        0.1596007049
 153.  68.        0.0766740339        0.1247755841
 153.  69.        0.2525908564        0.0213549236
 153.  70.       -0.2454327570       -0.1627065076
 153.  71.        0.2513374263        0.2203589406
 153.  72.       -0.0947665449       -0.3764790912
 153.  73.       -0.2586643573       -0.1676065218
 153.  74.        0.0213331246        0.0619530482
 153.  75.        0.0862355494       -0.2593084761
 153.  76.        0.1354586825        0.3010138736
 153.  77.       -0.0905512999       -0.0983400396
 153.  78.        0.1316812363        0.4545417503
 153.  79.       -0.0670080106        0.0224421692
 153.  80.       -0.3243092297       -0.0609140614
 153.  81.        0.0278060144       -0.0190672511
 153.  82.        0.4064636144       -0.1812305309
 153.  83.        0.1531836535        0.1113058003
 153.  84.       -0.0897620620        0.1382835773
 153.  85.       -0.1151920889       -0.0659607198
 153.  86.        0.1064483942        0.3345774627
 153.  87.       -0.2999878120       -0.1188427046
 153.  88.        0.0746954876       -0.1236229572
 153.  89.       -0.1561285468       -0.5138176420
 153.  90.       -0.0309994128        0.0541320717
 153.  91.       -0.0326714083       -0.0374499450
 153.  92.       -0.0748637494        0.1070494500
 153.  93.       -0.2154825498       -0.1168148032
 153.  94.       -0.1423336608       -0.3291912225
 153.  95.       -0.0072325092        0.3549860138
 153.  96.        0.2047641589       -0.2933985873
 153.  97.        0.1054222762       -0.0606209846
 153.  98.        0.4923876188       -0.1149420992
 153.  99.       -0.2920822563        0.0885666270
 153. 100.       -0.3175280938        0.1181588079
 153. 101.        0.1853316008       -0.1319273953
 153. 102.       -0.1112239171       -0.3298115015
 153. 103.        0.1641607469        0.1987220042
 153. 104.        0.0174044397       -0.1338792644
 153. 105.        0.0802932022        0.0001427530
 153. 106.        0.2417767048       -0.2028115200
 153. 107.       -0.5380656869        0.3299432370
 153. 108.        0.0051003880       -0.0110929882
 153. 109.       -0.0666341985       -0.0628820727
 153. 110.        0.0299519279        0.1860650200
 153. 111.       -0.0757515607       -0.3879736969
 153. 112.        0.0332188448        0.1408789125
 153. 113.        0.4007356910        0.1736003202
 153. 114.       -0.3632223051        0.0087098473
 153. 115.       -0.2500280150       -0.0829401935
 153. 116.        0.4103821625       -0.3349450372
 153. 117.        0.0815187933       -0.0267280941
 153. 118.       -0.1665244670        0.0572657100
 153. 119.       -0.0781463011       -0.0183552533
 153. 120.       -0.1071839262       -0.2620111583
 153. 121.        0.2108261220       -0.1653823320
 153. 122.       -0.1984413072        0.1013724675
 153. 123.        0.0519260589        0.1430923060
 153. 124.        0.0774285424       -0.1506226236
 153. 125.        0.3612870806        0.0755495695
 153. 126.        0.2638572736        0.2608075075
 153. 127.       -0.1757064231       -0.1808331463
 153. 128.        0.1723074010        0.0481241199
 153. 129.        0.3918174122       -0.2092486530
 153. 130.       -0.1141908658        0.0666952485
 153. 131.        0.1869366000       -0.2179252974
 153. 132.       -0.3799705210        0.1540261498
 153. 133.        0.0464192545        0.3551141022
 153. 134.       -0.1352349588        0.2138931044
 153. 135.        0.2966060311        0.0409071654
 153. 136.       -0.2323473272       -0.1081216442
 153. 137.        0.0464832142       -0.1330259611
 153. 138.       -0.1101364266        0.3753790231
 153. 139.       -0.0266212769        0.3292975420
 153. 140.       -0.2939425720       -0.2516973634
 153. 141.        0.8094181929       -0.0928191330
 153. 142.       -0.0272238664        0.0297808407
 153. 143.       -0.3439458232       -0.1637059414
 153. 144.       -0.0632882064       -0.0073259128
 153. 145.        0.1183740608        0.3529686456
 153. 146.        0.0078942135       -0.3435910302
 153. 147.        0.1269248198        0.1108647081
 153. 148.       -0.0391773699       -0.1629234990
 153. 149.        0.0005181131       -0.2400004126
 153. 150.       -0.3022276613       -0.1370483613
 153. 151.        0.3893727649        0.1438925068
 153. 152.       -0.2718998145        0.1625866599
 153. 153.        0.2267794235       -0.3280640676
 154.   0.       -0.1876353291        0.0000000000
 154.   1.       -0.2415099389        0.2558956469
 154.   2.        0.1548625573        0.0739639876
 154.   3.        0.1476889343       -0.0143650569
 154.   4.        0.0779623918        0.2350473458
 154.   5.        0.2211845823        0.1263442767
 154.   6.       -0.1219728068        0.0067840575
 154.   7.       -0.0495548216        0.0003185222
 154.   8.       -0.0567109476       -0.0147177007
 154.   9.        0.0659824195       -0.2105671337
 154.  10.        0.1305131250        0.1740878799
 154.  11.        0.1046269174       -0.0956416986
 154.  12.        0.2101645963       -0.0352997462
 154.  13.        0.0794352018        0.1192393230
 154.  14.       -0.1082338857       -0.2279919819
 154.  15.        0.0537063189       -0.0577022798
 154.  16.        0.0224197154        0.0753377691
 154.  17.       -0.1391229389       -0.0695259194
 154.  18.        0.0917583187       -0.1270040049
 154.  19.        0.0909534140       -0.1296851029
 154.  20.       -0.0344980004        0.1972102774
 154.  21.       -0.3743124532       -0.0632365910
 154.  22.        0.0867249870        0.0781169912
 154.  23.        0.2656577167       -0.1464459176
 154.  24.       -0.1248905104        0.2163327843
 154.  25.        0.1071154502        0.1004510876
 154.  26.       -0.0818079810       -0.0069116633
 154.  27.        0.0203538295       -0.1114677469
 154.  28.        0.1197295590       -0.0531187854
 154.  29.       -0.0349982661       -0.2382744927
 154.  30.        0.0037585230        0.1900533205
 154.  31.        0.2365641132        0.2056374394
 154.  32.        0.1511279511        0.0887162463
 154.  33.        0.1260158170        0.0639443975
 154.  34.        0.0839139575       -0.2094710373
 154.  35.        0.1063732103        0.0299008945
 154.  36.        0.1591842777        0.1493183057
 154.  37.       -0.1970973139       -0.0922917150
 154.  38.        0.0425567312       -0.0060073558
 154.  39.       -0.0371039451       -0.0409487920
 154.  40.        0.0890250984       -0.1235555868
 154.  41.        0.1729897925       -0.2107955580
 154.  42.       -0.0804672124       -0.0948717641
 154.  43.       -0.0334450185       -0.1202780619
 154.  44.       -0.0088801440       -0.1413256028
 154.  45.        0.1644005857       -0.1690017352
 154.  46.       -0.2097956716       -0.1104260580
 154.  47.       -0.0650783518       -0.0090792201
 154.  48.        0.0020409832       -0.0614863246
 154.  49.       -0.2908280710        0.1163686825
 154.  50.        0.1696381939       -0.0853559535
 154.  51.       -0.0671842023       -0.1249544210
 154.  52.        0.1049897681       -0.1143729168
 154.  53.        0.0015348895        0.0487809215
 154.  54.        0.0112542080        0.0519298917
 154.  55.       -0.1967720818       -0.0820690624
 154.  56.       -0.0656638805       -0.1588995762
 154.  57.       -0.0182312170        0.0700288052
 154.  58.       -0.1164402811        0.0577892168
 154.  59.        0.3185009752       -0.1586867309
 154.  60.       -0.0135743706       -0.1043847805
 154.  61.       -0.2229076746        0.0741958455
 154.  62.       -0.0342523270       -0.1888188009
 154.  63.       -0.0777958635        0.2689005270
 154.  64.        0.1196482014        0.1103149609
 154.  65.       -0.1203466499        0.0617890841
 154.  66.       -0.1193535663        0.1253695680
 154.  67.        0.2165624811        0.0284176184
 154.  68.       -0.0694333416       -0.1215264432
 154.  69.        0.3410377101        0.2882889174
 154.  70.        0.3376404063       -0.2075738529
 154.  71.       -0.1667800628        0.0502316231
 154.  72.        0.3418103049        0.0047251938
 154.  73.       -0.2440741514       -0.2046654678
 154.  74.        0.0624479735       -0.1128963465
 154.  75.       -0.1288339384       -0.0588069142
 154.  76.        0.3322271842        0.0267387471
 154.  77.       -0.1369797923        0.1995980329
 154.  78.       -0.2015310996       -0.1900456156
 154.  79.        0.0238885297        0.1790697881
 154.  80.        0.3549041765       -0.1173716753
 154.  81.       -0.2728192400       -0.0050806864
 154.  82.       -0.2727472614        0.2385893437
 154.  83.        0.1661948715       -0.1423072282
 154.  84.        0.1229222697        0.0527171525
 154.  85.       -0.2874309880        0.0939288228
 154.  86.       -0.1261047123       -0.1591963734
 154.  87.       -0.0988005728       -0.1669879759
 154.  88.       -0.0193382351       -0.1528763929
 154.  89.       -0.1528728316       -0.0412203135
 154.  90.       -0.5337276609        0.0098568786
 154.  91.       -0.0877829809        0.2279073017
 154.  92.       -0.2512466752       -0.0414077388
 154.  93.       -0.2194825362       -0.0271232424
 154.  94.       -0.2239576717       -0.1468581113
 154.  95.       -0.2501606085       -0.0667470918
 154.  96.        0.2074606193        0.4891595968
 154.  97.       -0.3616769051       -0.0847847463
 154.  98.        0.2199836581       -0.0729736718
 154.  99.        0.1547506933       -0.0045792220
 154. 100.       -0.4133503512        0.0403535024
 154. 101.       -0.1110644291       -0.0649178267
 154. 102.        0.2824769856       -0.2540020200
 154. 103.       -0.1768782673       -0.1549763230
 154. 104.        0.2255614902       -0.0070641710
 154. 105.       -0.1096506931        0.0981505695
 154. 106.        0.0943479447        0.1990021081
 154. 107.        0.2122329552       -0.2765572372
 154. 108.       -0.3774900777       -0.0567647245
 154. 109.        0.2097087080        0.1504100264
 154. 110.       -0.1286981924       -0.1935138000
 154. 111.        0.1430102108        0.2806957070
 154. 112.        0.0584783609       -0.1764177087
 154. 113.       -0.1621592239        0.2048972192
 154. 114.        0.0541592760        0.0138255085
 154. 115.       -0.6123878484        0.0900703336
 154. 116.        0.2755235544        0.0286559358
 154. 117.        0.1343485924        0.2108042103
 154. 118.       -0.0731322473        0.0592601798
 154. 119.        0.3583873217       -0.1484067565
 154. 120.       -0.4752556217       -0.4538677730
 154. 121.       -0.3039529920       -0.1165015755
 154. 122.        0.3352554020       -0.2149446072
 154. 123.       -0.1721478327        0.5305542651
 154. 124.        0.0823711725        0.1104984400
 154. 125.       -0.3352067808       -0.0698948803
 154. 126.       -0.2912941748        0.0983088111
 154. 127.       -0.0814730327       -0.2974924452
 154. 128.        0.0677476653        0.1521651680
 154. 129.       -0.5278744910        0.4050456541
 154. 130.       -0.1125082689       -0.2522943824
 154. 131.        0.3809506025        0.1322854610
 154. 132.        0.0248284943        0.1070294998
 154. 133.        0.2314966376        0.0349694750
 154. 134.       -0.2509649797        0.0091998438
 154. 135.       -0.1553082963        0.1997369234
 154. 136.        0.3501969238        0.0926889689
 154. 137.       -0.4537121774        0.1130143789
 154. 138.        0.1190116288       -0.5226896552
 154. 139.       -0.0180959608        0.4662136366
 154. 140.       -0.0365968951        0.1558555298
 154. 141.       -0.1420115299       -0.3461462937
 154. 142.        0.4071979718       -0.3217859763
 154. 143.        0.1915365281       -0.0679688253
 154. 144.       -0.7353173517        0.3005516566
 154. 145.       -0.0052756020        0.0793191986
 154. 146.        0.1992495554        0.1670312580
 154. 147.       -0.2912313026       -0.0791775132
 154. 148.       -0.0321753839       -0.0304911254
 154. 149.        0.1730074650        0.4436452297
 154. 150.       -0.0161238305       -0.1562711530
 154. 151.       -0.2657844804       -0.0381161750
 154. 152.        0.2836121970        0.4181518653
 154. 153.        0.0958267491        0.0863068620
 154. 154.        0.0906408379       -0.1650335993
 155.   0.       -0.0028088820        0.0000000000
 155.   1.       -0.1541213786        0.0448958641
 155.   2.        0.1558471564        0.4307755826
 155.   3.       -0.3158870081        0.1214055164
 155.   4.       -0.0272374707       -0.3098384551
 155.   5.       -0.0110187439        0.1951332089
 155.   6.        0.2675362646        0.0705717030
 155.   7.       -0.0001207961       -0.0728499492
 155.   8.        0.0027462627        0.1475517948
 155.   9.        0.0044936843        0.2029735498
 155.  10.       -0.2226685281       -0.1684907999
 155.  11.        0.0797568511        0.2334053710
 155.  12.        0.0281055262       -0.3013293283
 155.  13.       -0.1184272618        0.1642473910
 155.  14.        0.1016190960       -0.1554189514
 155.  15.       -0.3532921178       -0.1084346143
 155.  16.       -0.0050697762        0.0488694072
 155.  17.        0.0035290483        0.0780761926
 155.  18.        0.0599333898       -0.0779512100
 155.  19.       -0.1206089666        0.0261458392
 155.  20.        0.1696866695        0.2109215921
 155.  21.       -0.0185219188        0.1780485345
 155.  22.       -0.4424737050       -0.0321015164
 155.  23.        0.1978594464        0.1155246733
 155.  24.        0.1980551830        0.1491727319
 155.  25.        0.1338879454       -0.0117504660
 155.  26.        0.0696168121       -0.0448985967
 155.  27.       -0.2204164848       -0.0484468925
 155.  28.       -0.0760089776       -0.0161683385
 155.  29.       -0.1270416468        0.0009159927
 155.  30.       -0.0849292282        0.0516826387
 155.  31.        0.2983946895        0.1351007799
 155.  32.       -0.0012056949        0.1985237434
 155.  33.       -0.3245352269       -0.0867508264
 155.  34.        0.0505374669        0.0989933569
 155.  35.       -0.0034369008       -0.2165580993
 155.  36.       -0.0659896159       -0.1317380279
 155.  37.       -0.1009525028       -0.0750956501
 155.  38.       -0.0436953588       -0.0209322135
 155.  39.        0.2353529006        0.1399862590
 155.  40.        0.0382903633       -0.1708684060
 155.  41.       -0.3310406050       -0.0276540752
 155.  42.        0.1230354287        0.0877592022
 155.  43.        0.0663931773       -0.2604273975
 155.  44.        0.0453206628        0.0549113527
 155.  45.       -0.1197519713        0.1126867326
 155.  46.        0.2623768352       -0.1813052462
 155.  47.        0.0686564004       -0.0573215741
 155.  48.        0.1114155981        0.0478665418
 155.  49.        0.0774540081       -0.0417779571
 155.  50.       -0.0934026244        0.1324528571
 155.  51.       -0.0883168066        0.2642176115
 155.  52.       -0.1489270215        0.2296803158
 155.  53.        0.0170342121       -0.0080300406
 155.  54.        0.1842181267        0.0045789438
 155.  55.        0.1818742761       -0.1110111703
 155.  56.        0.0280870569        0.1615874898
 155.  57.       -0.0182691659        0.0731421625
 155.  58.        0.2349759644       -0.0293649493
 155.  59.        0.0595359254        0.0162476844
 155.  60.        0.0728528237       -0.3493907758
 155.  61.       -0.2660026834       -0.0922833170
 155.  62.        0.4437426079        0.2984183214
 155.  63.        0.2454511650       -0.2345950407
 155.  64.       -0.1155450910       -0.0475704130
 155.  65.        0.4546834683       -0.1731577990
 155.  66.       -0.1367266182       -0.1654024169
 155.  67.       -0.2449294190        0.1334394625
 155.  68.       -0.1676757309       -0.0351929645
 155.  69.       -0.0549052541       -0.1011848996
 155.  70.        0.3953859989        0.2130460110
 155.  71.       -0.1851209688        0.0003549506
 155.  72.       -0.1471897666        0.0262109858
 155.  73.        0.2131750502        0.2961913023
 155.  74.       -0.0479655421       -0.1762936458
 155.  75.       -0.0128336526        0.0615268029
 155.  76.       -0.0108288390       -0.0481280818
 155.  77.        0.0065513411        0.1361019260
 155.  78.        0.0722563152       -0.5099879837
 155.  79.        0.0488596743       -0.1701148254
 155.  80.       -0.1423812834        0.3179148651
 155.  81.        0.0474943530       -0.1316116146
 155.  82.        0.0241242234        0.0843685742
 155.  83.       -0.1879116749        0.1285894679
 155.  84.        0.0530301256       -0.2331015348
 155.  85.        0.3471355228       -0.0842641748
 155.  86.       -0.2120435847        0.0877862177
 155.  87.        0.1410526885        0.0046325704
 155.  88.       -0.1289438625        0.3328003669
 155.  89.       -0.0297138567       -0.0904209732
 155.  90.        0.2355895809        0.2103113974
 155.  91.       -0.2459213621       -0.2415978064
 155.  92.        0.0281335804       -0.2788070794
 155.  93.        0.1865175732        0.2116037769
 155.  94.        0.0435285245        0.2766134968
 155.  95.       -0.2173241134       -0.3659151634
 155.  96.       -0.1139795579       -0.1773429326
 155.  97.        0.1062290517        0.2894598742
 155.  98.        0.3675079519        0.0371737430
 155.  99.        0.0071440192       -0.0163969463
 155. 100.        0.0350301136       -0.1715192091
 155. 101.       -0.1306603596        0.0425455371
 155. 102.       -0.0398977780        0.0727155431
 155. 103.        0.2900199574       -0.0035980711
 155. 104.       -0.0631471064        0.2348340890
 155. 105.       -0.1427916809       -0.3220542207
 155. 106.       -0.1581599622       -0.1827028351
 155. 107.        0.4816025988        0.2762316722
 155. 108.       -0.0157401796       -0.2779231398
 155. 109.       -0.0866030132        0.0909200897
 155. 110.        0.1396634352       -0.2786929561
 155. 111.       -0.1630937812       -0.1746969033
 155. 112.        0.1526888018        0.1189887129
 155. 113.        0.0266531728       -0.2632727724
 155. 114.       -0.0567417406       -0.1343096838
 155. 115.        0.0300937078       -0.1268012274
 155. 116.        0.0640596658       -0.3330323291
 155. 117.        0.2517490870       -0.1993151909
 155. 118.        0.2371810043       -0.1899017272
 155. 119.       -0.1650526039        0.1785900263
 155. 120.        0.1241123710       -0.1780324986
 155. 121.       -0.0512577755        0.0205377711
 155. 122.        0.4107576529        0.1622352767
 155. 123.        0.1600027868       -0.0844932848
 155. 124.       -0.1028295972        0.2571028818
 155. 125.       -0.1110150755       -0.0219000441
 155. 126.       -0.2923379682       -0.2311675744
 155. 127.        0.0532957841       -0.1662816318
 155. 128.        0.3889902737       -0.2382269945
 155. 129.        0.0068177936        0.3690236445
 155. 130.       -0.2457287742        0.5351455698
 155. 131.       -0.3732735212       -0.1378055505
 155. 132.        0.0070800254       -0.0590191492
 155. 133.       -0.2016742199        0.3307220097
 155. 134.        0.4199392026       -0.0103016905
 155. 135.       -0.2637057220       -0.4900872129
 155. 136.       -0.2556715728        0.0286359158
 155. 137.        0.1349502364       -0.3145525155
 155. 138.       -0.1698944505        0.4870889625
 155. 139.       -0.2304391118       -0.0791107916
 155. 140.       -0.0149923039       -0.0865901294
 155. 141.       -0.2542087828       -0.0470688775
 155. 142.       -0.3510818840        0.0209291969
 155. 143.        0.2331201998       -0.1749309605
 155. 144.       -0.0388618402        0.2547683800
 155. 145.       -0.3870176055        0.3809492059
 155. 146.       -0.1083421208       -0.4132868562
 155. 147.        0.5816204761        0.2025980143
 155. 148.       -0.4585805173        0.3588569457
 155. 149.       -0.1342970584       -0.4511880220
 155. 150.       -0.1452564585        0.1196624762
 155. 151.        0.2270619559        0.1466339572
 155. 152.        0.0130364752       -0.2193051066
 155. 153.        0.1169986411        0.1187125697
 155. 154.        0.0801293347        0.1661519827
 155. 155.        0.1660993642        0.1519353425
 156.   0.        0.0691975924        0.0000000000
 156.   1.        0.3989171071       -0.1266529037
 156.   2.       -0.0255391685       -0.1268306133
 156.   3.       -0.0451672432        0.0979580547
 156.   4.        0.2204321681        0.0078808344
 156.   5.       -0.2234597260       -0.2262093124
 156.   6.        0.0626163502       -0.0804154115
 156.   7.        0.2339305123        0.0459575563
 156.   8.        0.1208883509       -0.1185844902
 156.   9.       -0.0006373274        0.0671545284
 156.  10.       -0.0407523219       -0.1444227560
 156.  11.       -0.1716793174        0.1112393555
 156.  12.       -0.4200467469        0.0206221878
 156.  13.       -0.0102445433        0.1275868312
 156.  14.        0.1072180450       -0.0160926714
 156.  15.        0.0701868121        0.0300121412
 156.  16.        0.1099390870       -0.2637136335
 156.  17.        0.0515275909        0.2461352507
 156.  18.       -0.2748710689        0.1236141689
 156.  19.        0.0422706181       -0.1754342637
 156.  20.       -0.0409535672        0.0203813470
 156.  21.        0.2628329065       -0.0199659770
 156.  22.       -0.0584966793       -0.0410651646
 156.  23.       -0.3120168260       -0.0246584523
 156.  24.        0.0778020283        0.0191248256
 156.  25.        0.0426189029       -0.0263615627
 156.  26.        0.1868919777       -0.0140980249
 156.  27.        0.2461773882        0.0713294193
 156.  28.       -0.0748720652       -0.0281510140
 156.  29.        0.1743297025        0.1369170031
 156.  30.        0.1329781913        0.1268993304
 156.  31.       -0.1244178991       -0.2470542110
 156.  32.       -0.0159884084        0.0202102693
 156.  33.       -0.3257500002       -0.1750715714
 156.  34.       -0.1122991408        0.1980314172
 156.  35.        0.1683635307       -0.0780887989
 156.  36.       -0.0293396573       -0.2289882512
 156.  37.       -0.0161386938       -0.0706905540
 156.  38.       -0.1472502887        0.0181142686
 156.  39.       -0.0772554130        0.1102512971
 156.  40.       -0.1094267761        0.0787649608
 156.  41.       -0.1775461279       -0.0312946677
 156.  42.       -0.0796856515       -0.0325950394
 156.  43.       -0.0751359522       -0.1091208515
 156.  44.        0.0082965816       -0.3510542809
 156.  45.       -0.1523772449       -0.1235741905
 156.  46.        0.0391393949        0.1928425843
 156.  47.        0.1701664877        0.2166580873
 156.  48.       -0.2045582392        0.2820980079
 156.  49.        0.1233455625       -0.1636919086
 156.  50.        0.1581694516        0.0523414104
 156.  51.        0.0838401588       -0.0003901013
 156.  52.       -0.0313810004        0.0793243415
 156.  53.       -0.1640072062       -0.0298315208
 156.  54.        0.0001552401        0.0156287376
 156.  55.       -0.1628578546        0.1627290827
 156.  56.        0.0757341467       -0.1789259132
 156.  57.       -0.0644315936        0.2682902735
 156.  58.       -0.0754600112       -0.1569200935
 156.  59.       -0.1484878473       -0.1121782965
 156.  60.       -0.1069111320        0.4600468083
 156.  61.       -0.3042790997       -0.3651446099
 156.  62.        0.0267786066        0.2003013637
 156.  63.        0.0679994540        0.0708352704
 156.  64.       -0.1301568512       -0.3800490090
 156.  65.        0.2599585363        0.0835379074
 156.  66.        0.0888595727        0.0420704172
 156.  67.        0.0413913837        0.0728875179
 156.  68.       -0.0960658993        0.3790653442
 156.  69.        0.0664966562       -0.2481702533
 156.  70.       -0.1549630020        0.1881140699
 156.  71.        0.6893531490        0.1942092702
 156.  72.       -0.1334926863        0.1325207532
 156.  73.        0.0785545450       -0.1634445389
 156.  74.        0.4156124124        0.0282242280
 156.  75.       -0.0710564777        0.0394175788
 156.  76.        0.0066713718        0.0201269621
 156.  77.        0.0410232609       -0.0208590334
 156.  78.       -0.1308996606        0.0336469654
 156.  79.        0.0813326494       -0.2060566534
 156.  80.       -0.2446373518       -0.0712104182
 156.  81.        0.0441483644        0.0393471914
 156.  82.        0.2108696411       -0.0173010217
 156.  83.       -0.0703988571        0.0672539699
 156.  84.       -0.1780341929        0.1627559335
 156.  85.        0.2728152092       -0.1423754126
 156.  86.       -0.0185479037        0.2229906748
 156.  87.        0.3597003827        0.1698494448
 156.  88.       -0.2681041872        0.2696964343
 156.  89.       -0.0226746874       -0.0079740046
 156.  90.       -0.0510089842       -0.0536457089
 156.  91.        0.1124958735       -0.0462987124
 156.  92.        0.1439980759       -0.0079523888
 156.  93.        0.2884471215       -0.0496607075
 156.  94.        0.0126418656        0.0579473099
 156.  95.       -0.2621770959        0.0757108412
 156.  96.       -0.2171624688        0.0456052181
 156.  97.        0.1593523549       -0.1435590423
 156.  98.       -0.1495585303        0.0913635631
 156.  99.        0.2141623387       -0.0454599215
 156. 100.       -0.1023968539       -0.0196918088
 156. 101.       -0.2500434691       -0.3772099521
 156. 102.       -0.0931427598        0.1602411949
 156. 103.        0.0736494026        0.0747258177
 156. 104.       -0.1878927745        0.1987067781
 156. 105.       -0.0058811144        0.4441715496
 156. 106.       -0.0272652078       -0.2007828885
 156. 107.       -0.4436567835       -0.0208442561
 156. 108.        0.0051545602        0.0429163472
 156. 109.       -0.2416917566       -0.1166341318
 156. 110.        0.2659123413       -0.0999104146
 156. 111.       -0.4191263102       -0.0511687470
 156. 112.       -0.2895151490        0.0270156813
 156. 113.        0.3105580896        0.1881361844
 156. 114.        0.1921861533       -0.0459218177
 156. 115.       -0.2195712072       -0.0926874265
 156. 116.        0.3189365820        0.0220516372
 156. 117.       -0.5892774970        0.2108009793
 156. 118.        0.1933023679        0.1881317743
 156. 119.       -0.1230426781       -0.3223222514
 156. 120.        0.0233719453        0.0323135277
 156. 121.        0.2215439183        0.1393275974
 156. 122.        0.0161527373        0.1169242612
 156. 123.        0.2311763177       -0.1709721900
 156. 124.       -0.1170175670       -0.0962262648
 156. 125.       -0.1561270710        0.0409359482
 156. 126.        0.2361093877        0.1438839223
 156. 127.       -0.0980797115        0.1047255466
 156. 128.       -0.3471816742       -0.1114677890
 156. 129.        0.1294633972        0.0963064214
 156. 130.        0.2681831531        0.3482241510
 156. 131.        0.1681948563       -0.2341151876
 156. 132.       -0.4539490855       -0.1394379229
 156. 133.        0.4605303707       -0.2618603578
 156. 134.       -0.5004693887        0.1526385725
 156. 135.        0.4033953009        0.0885419321
 156. 136.       -0.0809630716       -0.2578372639
 156. 137.       -0.1122189446       -0.3536006951
 156. 138.        0.1306638360        0.2551322116
 156. 139.       -0.0147115644        0.7197240995
 156. 140.       -0.0606050426       -0.3900438549
 156. 141.        0.0393672594       -0.1160768404
 156. 142.        0.0842332779        0.0744699546
 156. 143.        0.1181509872        0.5944600233
 156. 144.       -0.1265517268        0.0032879730
 156. 145.        0.4801791159        0.0725665158
 156. 146.       -0.1897754141       -0.0039823814
 156. 147.       -0.3243900375       -0.2830267956
 156. 148.        0.1695380405       -0.0150262693
 156. 149.       -0.2179909377        0.0116430702
 156. 150.        0.3835804700       -0.1129668478
 156. 151.        0.2339568051        0.0125390587
 156. 152.       -0.1003375417       -0.1542506965
 156. 153.       -0.0018970273       -0.2630376184
 156. 154.        0.1011380560       -0.0415830050
 156. 155.        0.3370052225        0.0577615021
 156. 156.        0.3332432975       -0.4723413320
 157.   0.        0.0421388867        0.0000000000
 157.   1.        0.0101269050        0.0446504438
 157.   2.       -0.0273389921       -0.1452732440
 157.   3.        0.1304113955       -0.2975762304
 157.   4.        0.1100206457        0.1399830325
 157.   5.        0.1248556475       -0.0455446141
 157.   6.       -0.2774564298       -0.1028785555
 157.   7.       -0.1236018648       -0.1187458667
 157.   8.       -0.1209539817       -0.1122907854
 157.   9.       -0.1217274093       -0.0029299508
 157.  10.        0.3053656955       -0.0077752714
 157.  11.       -0.1613538254       -0.1715485587
 157.  12.       -0.0696378402        0.2211187061
 157.  13.        0.2122004683        0.0805074431
 157.  14.       -0.0501508246        0.0272222413
 157.  15.        0.1861773667        0.0344538034
 157.  16.       -0.1539297854       -0.1290650635
 157.  17.        0.1374818770       -0.0753542732
 157.  18.        0.0037555109        0.1130519195
 157.  19.        0.0529551039       -0.1172242761
 157.  20.       -0.2946840290       -0.3478498814
 157.  21.        0.0024640330        0.1495260160
 157.  22.        0.2555207115       -0.0534200105
 157.  23.       -0.0087081888        0.0539739833
 157.  24.       -0.1539206308       -0.0558958077
 157.  25.        0.1036544500       -0.0169513887
 157.  26.       -0.1113888494        0.0037858573
 157.  27.        0.0832180615        0.0784811095
 157.  28.        0.1087919190       -0.0700281752
 157.  29.        0.0490594213        0.0964209215
 157.  30.        0.1080179067        0.1199012899
 157.  31.       -0.0573038259       -0.1315702220
 157.  32.       -0.1537857057       -0.1167100813
 157.  33.        0.2443242816        0.1664756653
 157.  34.       -0.2491765838        0.0899296994
 157.  35.        0.1978808814        0.2441307393
 157.  36.       -0.0292697444       -0.1186491075
 157.  37.       -0.1529613153       -0.0371169484
 157.  38.        0.0028070115        0.1559242980
 157.  39.        0.2460681830        0.0907444459
 157.  40.        0.0599144668       -0.1032564556
 157.  41.        0.2584153035       -0.0199413252
 157.  42.        0.0263967727       -0.0756726559
 157.  43.        0.1210102964        0.0452114833
 157.  44.        0.1046904870       -0.0082793757
 157.  45.        0.1787561177       -0.0644376645
 157.  46.       -0.1076119851        0.1996653728
 157.  47.        0.1309306559        0.0932639493
 157.  48.       -0.2382110597        0.1917290340
 157.  49.       -0.0622141657        0.0984114856
 157.  50.        0.2440109409       -0.1505812586
 157.  51.        0.1136277274       -0.1294952476
 157.  52.        0.1616577447       -0.0717434917
 157.  53.        0.3981731874        0.1323811724
 157.  54.       -0.2096585992       -0.0043301727
 157.  55.       -0.2188102004        0.2322682898
 157.  56.        0.1247126222       -0.1163197124
 157.  57.       -0.1346649531        0.0160921137
 157.  58.       -0.1940210873        0.0234845397
 157.  59.       -0.0053247315       -0.1557587467
 157.  60.       -0.1615744769        0.0907797238
 157.  61.        0.1518635941        0.1338042097
 157.  62.       -0.3283034419       -0.1825892999
 157.  63.       -0.4841699685        0.0783709481
 157.  64.       -0.0867758082        0.0918026329
 157.  65.       -0.2021010838        0.0157847855
 157.  66.       -0.1484455422        0.3491602574
 157.  67.        0.2339657978       -0.0994432424
 157.  68.       -0.0137963458       -0.0371435281
 157.  69.        0.1173866711        0.0992452095
 157.  70.       -0.1141798655       -0.0799030112
 157.  71.        0.2414227318       -0.0693862313
 157.  72.       -0.1132873597        0.2881961106
 157.  73.       -0.1330051477       -0.1340165716
 157.  74.        0.0057017793        0.2758535340
 157.  75.        0.3085546560        0.0880774663
 157.  76.       -0.1145369791       -0.3211863295
 157.  77.        0.2043837013        0.0067873139
 157.  78.       -0.3220235753        0.0573191003
 157.  79.       -0.1140203328        0.0399962857
 157.  80.        0.2496600269       -0.1101103621
 157.  81.        0.0989866985        0.0690612451
 157.  82.        0.0078397640       -0.0957735652
 157.  83.       -0.0579597444       -0.4128528509
 157.  84.       -0.2970630652        0.1390346921
 157.  85.        0.0635864996        0.2493132137
 157.  86.        0.0151958516        0.1168218932
 157.  87.        0.0386655382       -0.1079200740
 157.  88.        0.1522474671        0.0217727942
 157.  89.        0.1617560504        0.1338359340
 157.  90.       -0.0671365479       -0.3324144745
 157.  91.       -0.0418264572       -0.1436013551
 157.  92.        0.0555866951       -0.0453908970
 157.  93.        0.1941862027       -0.1131568922
 157.  94.       -0.0796673027       -0.3983736500
 157.  95.        0.0767156383       -0.0433781896
 157.  96.        0.2398770915        0.0158838805
 157.  97.        0.1155171384       -0.2386380173
 157.  98.        0.2547163714       -0.2952504791
 157.  99.        0.2402723189        0.1597478415
 157. 100.        0.0028319155        0.1364771584
 157. 101.        0.0536447391        0.0349360854
 157. 102.       -0.3532222276       -0.2244032134
 157. 103.       -0.1657968462       -0.0055443310
 157. 104.        0.2294390095        0.0019569475
 157. 105.       -0.0831744084        0.1804760730
 157. 106.       -0.0851903779        0.0919790678
 157. 107.       -0.0669233813       -0.1905291971
 157. 108.       -0.1384652636        0.1299744816
 157. 109.        0.1495785972        0.1315615858
 157. 110.       -0.0350314006       -0.1547402401
 157. 111.        0.2984193510        0.4564860507
 157. 112.       -0.0147062419        0.0866730209
 157. 113.       -0.3125628919        0.0772611053
 157. 114.        0.0962888547        0.0155193757
 157. 115.        0.1979737139        0.1593000106
 157. 116.       -0.2162580853        0.3764034782
 157. 117.        0.3318733731       -0.1176859780
 157. 118.       -0.0014489330        0.2548305950
 157. 119.       -0.0708518089       -0.0382938815
 157. 120.       -0.1195092136        0.1061663034
 157. 121.       -0.0083335824        0.0100124173
 157. 122.       -0.0133833498        0.0486664583
 157. 123.        0.1247717053        0.0944202270
 157. 124.       -0.0551797329        0.1660961435
 157. 125.       -0.1922753396       -0.2603967083
 157. 126.        0.4658559627       -0.0002468846
 157. 127.        0.1682271260       -0.0059965295
 157. 128.       -0.4791603608        0.1691676328
 157. 129.       -0.3097297547       -0.5497796746
 157. 130.       -0.4361729843       -0.3464323050
 157. 131.       -0.0499910471        0.1251245368
 157. 132.       -0.3232574433       -0.3341375875
 157. 133.       -0.4404419526        0.2831315716
 157. 134.       -0.0216041897       -0.6294202462
 157. 135.       -0.5005171291       -0.0336219808
 157. 136.        0.1941706376        0.1982080871
 157. 137.       -0.1316174900       -0.1616186432
 157. 138.        0.5697476387       -0.2331106455
 157. 139.        0.0178907836       -0.1439443604
 157. 140.        0.3108924700        0.3151537607
 157. 141.       -0.1748440727        0.2710931230
 157. 142.        0.0704093853        0.0979765923
 157. 143.        0.5883429648        0.0635356717
 157. 144.       -0.3243986662        0.6146758402
 157. 145.       -0.3454358163       -0.0978508625
 157. 146.        0.2238369906       -0.3482212704
 157. 147.        0.1898702828       -0.2094914951
 157. 148.       -0.3606429790        0.2814546508
 157. 149.        0.4308886963       -0.5530490682
 157. 150.        0.0645097776        0.2815981136
 157. 151.       -0.0368754198       -0.0616226390
 157. 152.        0.0839589712        0.0899958840
 157. 153.       -0.2866889527        0.0691981164
 157. 154.       -0.0430285302       -0.0943488778
 157. 155.        0.1162218567       -0.0019221381
 157. 156.        0.0801736127        0.1461561148
 157. 157.       -0.0380171553       -0.3832335877
 158.   0.       -0.1526946139        0.0000000000
 158.   1.       -0.1131159943       -0.0306460199
 158.   2.       -0.1199209512        0.1519825145
 158.   3.       -0.1505277817       -0.0964698976
 158.   4.       -0.2867199943       -0.2681408239
 158.   5.       -0.0544598611        0.2395847611
 158.   6.        0.0230547167       -0.0242546659
 158.   7.       -0.2853008572        0.0663664569
 158.   8.       -0.1470452462        0.2173857116
 158.   9.       -0.2739891347       -0.0214791388
 158.  10.       -0.0730599397        0.2051684011
 158.  11.        0.3002868758       -0.0942587631
 158.  12.        0.3236707213        0.1108940728
 158.  13.        0.0187951924       -0.0133049918
 158.  14.       -0.0823450655        0.2538213826
 158.  15.       -0.0424511653        0.0696730327
 158.  16.       -0.2111038927        0.2890956426
 158.  17.        0.0663592389       -0.1984667331
 158.  18.        0.2392779874       -0.0554151275
 158.  19.        0.0116280740        0.0950165161
 158.  20.        0.2441693435       -0.1349555647
 158.  21.       -0.2757957933       -0.0150011927
 158.  22.       -0.1484591461        0.0248142074
 158.  23.        0.1383512439        0.0294591694
 158.  24.        0.1568576415       -0.0677828162
 158.  25.       -0.0670244725        0.0759628849
 158.  26.       -0.0706916595       -0.1584677938
 158.  27.       -0.3364580176        0.0104916003
 158.  28.        0.0267561067        0.1014496977
 158.  29.       -0.1368825339       -0.0270316246
 158.  30.       -0.1496413850       -0.1402640794
 158.  31.        0.0528474995        0.2564262012
 158.  32.       -0.2989814221       -0.0739800173
 158.  33.       -0.1265072695        0.0297981278
 158.  34.        0.2873787888       -0.0959446431
 158.  35.       -0.1867291809       -0.2219831077
 158.  36.       -0.0730758714       -0.0977390254
 158.  37.       -0.0427737672        0.0327628653
 158.  38.        0.1608160247       -0.0031328281
 158.  39.        0.2176069046        0.0337139326
 158.  40.        0.2242847693       -0.1866940643
 158.  41.        0.0357205257       -0.1465349670
 158.  42.       -0.0547568790       -0.0047277750
 158.  43.       -0.0032312759       -0.0076116788
 158.  44.       -0.1655912270        0.2894610760
 158.  45.       -0.0232264155       -0.0857454650
 158.  46.        0.2365418231        0.1314627114
 158.  47.       -0.1052399882        0.0650616340
 158.  48.        0.1972486352       -0.1586807549
 158.  49.       -0.0869838066        0.3329360683
 158.  50.       -0.1337837674       -0.0454531428
 158.  51.        0.0653066764       -0.2393301789
 158.  52.        0.0405223052        0.0523763423
 158.  53.       -0.0174952428       -0.1967846695
 158.  54.        0.1144619605       -0.1419818441
 158.  55.        0.1943946065       -0.2355045601
 158.  56.        0.1179507777        0.1374831038
 158.  57.        0.2994337547       -0.0850923650
 158.  58.       -0.0924317118        0.1033994491
 158.  59.        0.0451336291        0.1866445677
 158.  60.        0.2787905965       -0.2702351731
 158.  61.        0.2255833643        0.0532002561
 158.  62.        0.0349521296        0.1123834957
 158.  63.       -0.2651320510       -0.2847225132
 158.  64.        0.3061013583        0.1139821456
 158.  65.       -0.0968159696       -0.1365619182
 158.  66.        0.0500438720        0.3803707369
 158.  67.        0.0185711968        0.1297100008
 158.  68.        0.1180232866       -0.1209461451
 158.  69.       -0.1915386951       -0.0647607166
 158.  70.       -0.1960318862       -0.0189318028
 158.  71.       -0.2124509040       -0.0843601717
 158.  72.        0.0299369666       -0.1801872035
 158.  73.        0.1593247398       -0.0249147694
 158.  74.       -0.5369378685       -0.1347787147
 158.  75.        0.0296221180        0.1395117176
 158.  76.        0.0643363650       -0.1636145312
 158.  77.        0.0802460911       -0.1557375526
 158.  78.        0.5303901190        0.0249820803
 158.  79.       -0.2635115491        0.0129640816
 158.  80.        0.1138845192        0.0821072044
 158.  81.       -0.0281845304        0.0362094157
 158.  82.        0.2692822858        0.0439879028
 158.  83.        0.0320080796        0.1534230964
 158.  84.        0.3629363493       -0.2666404188
 158.  85.       -0.2976886439        0.0251700948
 158.  86.       -0.1285398020       -0.1935016509
 158.  87.       -0.0438504679        0.1831627451
 158.  88.        0.0699122720       -0.0121264762
 158.  89.        0.2189954320        0.2827133009
 158.  90.        0.0197858210        0.1447675630
 158.  91.        0.0717988280        0.0860225138
 158.  92.        0.1329541984       -0.2231709020
 158.  93.       -0.0329625356       -0.0726165363
 158.  94.        0.0906425445       -0.0173849374
 158.  95.       -0.0270832052       -0.1164991623
 158.  96.       -0.1606738896       -0.2783007798
 158.  97.        0.3430532944        0.2300913323
 158.  98.        0.0542780000        0.1708681728
 158.  99.       -0.1781678918        0.2434440561
 158. 100.        0.2032952608        0.0101408613
 158. 101.        0.1485923362       -0.2401948276
 158. 102.        0.2581890282       -0.1309969776
 158. 103.        0.0177244643        0.3018062408
 158. 104.       -0.1670462433        0.2509632702
 158. 105.       -0.0907593444       -0.0524222623
 158. 106.        0.0206821223       -0.1206798716
 158. 107.       -0.1455132551        0.3457579486
 158. 108.       -0.0902364414       -0.1598665856
 158. 109.        0.2770311966        0.1723085208
 158. 110.        0.1570769736       -0.0953187140
 158. 111.        0.1018437300       -0.2375590534
 158. 112.        0.5232017667        0.0938955634
 158. 113.       -0.0990395574       -0.2079890066
 158. 114.       -0.0793938877       -0.1199178905
 158. 115.        0.0795368211        0.0568000132
 158. 116.       -0.2445032578       -0.1607427449
 158. 117.        0.1652164030       -0.1482725981
 158. 118.        0.1356148241       -0.1215180856
 158. 119.       -0.1379151157        0.0999979999
 158. 120.        0.1439035681        0.1463524802
 158. 121.       -0.0052951478        0.0082577452
 158. 122.       -0.3735993887       -0.1584714743
 158. 123.       -0.0453850828       -0.5133255298
 158. 124.        0.1614698622        0.0533085160
 158. 125.        0.3049415623        0.1786266519
 158. 126.       -0.2891789737       -0.1781283628
 158. 127.        0.0979674631        0.3071496343
 158. 128.       -0.0485082532        0.2202212973
 158. 129.        0.1567842680        0.3370651047
 158. 130.        0.4136721204       -0.0702093734
 158. 131.       -0.5799880473       -0.1315713865
 158. 132.        0.0432882935       -0.2812759787
 158. 133.       -0.3695015182        0.1272289298
 158. 134.       -0.3188072283        0.5073393412
 158. 135.       -0.0097040541       -0.1669601378
 158. 136.       -0.0960397030       -0.0748703750
 158. 137.        0.3320532818        0.4341729144
 158. 138.       -0.0122081445        0.0417135232
 158. 139.       -0.2541575589       -0.4179732769
 158. 140.       -0.1157757882       -0.3146494059
 158. 141.        0.3616350749        0.4989914686
 158. 142.       -0.4332308010        0.0592793981
 158. 143.        0.0878565495        0.3482358736
 158. 144.        0.1761495183       -0.3164862473
 158. 145.        0.1222107634        0.5753608492
 158. 146.       -0.7404242120        0.0022648680
 158. 147.        0.2228477508       -0.5939003967
 158. 148.        0.3679825077       -0.0305625526
 158. 149.       -0.0537750508        0.6897169671
 158. 150.        0.1750326552       -0.4887978374
 158. 151.        0.3701477542        0.3178244309
 158. 152.       -0.1650023447        0.1021063302
 158. 153.       -0.0741594959        0.0985560686
 158. 154.        0.0410249821       -0.1630212826
 158. 155.       -0.3088175608        0.1612228506
 158. 156.        0.3054388457        0.1679266254
 158. 157.        0.0619289465       -0.1129437134
 158. 158.        0.0297301459        0.3163857786
 159.   0.       -0.0250798783        0.0000000000
 159.   1.       -0.0843166488       -0.0889525403
 159.   2.       -0.0359455332        0.0366040508
 159.   3.        0.0810260248        0.3470497367
 159.   4.       -0.1356862327       -0.0982738180
 159.   5.       -0.2595743254       -0.0572132841
 159.   6.        0.1741957395        0.1456813777
 159.   7.        0.1204027291       -0.0373739051
 159.   8.        0.1910720693        0.2223781894
 159.   9.        0.1087461121       -0.0695607830
 159.  10.       -0.1229096338        0.0182597067
 159.  11.        0.0186125290        0.0192627886
 159.  12.        0.0635579910       -0.1645431834
 159.  13.       -0.1261637060       -0.2757100110
 159.  14.       -0.0155910129        0.1044241643
 159.  15.        0.0316270344       -0.0613294238
 159.  16.        0.1572646426       -0.0471579746
 159.  17.       -0.1890500738        0.0999214805
 159.  18.        0.0686322133       -0.0086948253
 159.  19.        0.1018977920       -0.0085254048
 159.  20.        0.2807865495        0.1199115869
 159.  21.        0.0300456662       -0.2744923513
 159.  22.        0.0163575541        0.0011593847
 159.  23.       -0.1267542065       -0.1677208411
 159.  24.        0.1230206887       -0.1209624852
 159.  25.       -0.1306063911        0.0746283359
 159.  26.       -0.0571870034       -0.0095393105
 159.  27.        0.0546677541       -0.0515103654
 159.  28.       -0.0390922663        0.1459562301
 159.  29.        0.0612200487        0.1015258237
 159.  30.       -0.1090146896       -0.2695676261
 159.  31.       -0.0609579520        0.0800476838
 159.  32.        0.1510812874       -0.0281291119
 159.  33.       -0.1962953016       -0.0238270138
 159.  34.        0.0358248280        0.0207167050
 159.  35.        0.1258329613       -0.1319479658
 159.  36.       -0.0243307018       -0.0981843867
 159.  37.       -0.2104683913        0.1139374632
 159.  38.       -0.1079014871       -0.0086681126
 159.  39.       -0.3488639436       -0.2668216022
 159.  40.       -0.0052882664        0.2448404269
 159.  41.       -0.1363650379       -0.0900909918
 159.  42.        0.1575019706        0.1073693381
 159.  43.       -0.0548067303        0.0171116653
 159.  44.        0.2605059360       -0.1607894158
 159.  45.        0.1947359735        0.3955590942
 159.  46.        0.1231662533        0.0067081186
 159.  47.        0.0534809614       -0.0888103758
 159.  48.        0.0213998284        0.0495792903
 159.  49.        0.1084366622       -0.3183377716
 159.  50.        0.0350907643        0.0915006804
 159.  51.       -0.1719493935        0.1773993584
 159.  52.       -0.0540621856        0.0399538156
 159.  53.       -0.2211827338       -0.1372537060
 159.  54.        0.0694371108        0.1147401795
 159.  55.        0.1226176671       -0.0603533125
 159.  56.       -0.1558944944       -0.3031614461
 159.  57.        0.1116388930        0.0526633296
 159.  58.        0.1079675398       -0.0854743630
 159.  59.        0.1076583724        0.2294062780
 159.  60.        0.1911102736        0.2930791894
 159.  61.       -0.0980693821       -0.2598599398
 159.  62.        0.1623647328        0.4366708668
 159.  63.        0.0392991595       -0.1015572198
 159.  64.        0.1186950783       -0.0964299683
 159.  65.        0.1443661235        0.2942228600
 159.  66.        0.1684829412       -0.4382746228
 159.  67.       -0.2328097024       -0.0032225287
 159.  68.        0.1042518265        0.2559755089
 159.  69.       -0.0427174273        0.1603582752
 159.  70.       -0.0304507663       -0.0471686228
 159.  71.        0.1051683364       -0.2413210993
 159.  72.       -0.0224141217       -0.3131173424
 159.  73.       -0.1324435300        0.3476902648
 159.  74.        0.3282479678       -0.0918714624
 159.  75.       -0.1742904579       -0.0794022131
 159.  76.        0.2888378254        0.0181480266
 159.  77.       -0.2913733700       -0.1344739036
 159.  78.        0.0846292769        0.1487749855
 159.  79.        0.3251324049        0.0914808894
 159.  80.       -0.0242277926       -0.0633506759
 159.  81.       -0.1275278959        0.2879704401
 159.  82.        0.1136188694        0.0543619098
 159.  83.       -0.1235931596        0.3629125582
 159.  84.        0.0300790334        0.0663638047
 159.  85.       -0.0756118214       -0.1943298711
 159.  86.        0.2200271643       -0.1351826520
 159.  87.       -0.0337469497        0.1826723113
 159.  88.        0.0908785913       -0.0231215690
 159.  89.       -0.1674607050       -0.0433355092
 159.  90.       -0.0780384612        0.1928286313
 159.  91.       -0.0849221516        0.0145388296
 159.  92.       -0.0475284643       -0.1611201071
 159.  93.        0.1508851176        0.0928212149
 159.  94.        0.0604761854        0.2180142937
 159.  95.       -0.1638593233        0.0724687768
 159.  96.        0.1488711231       -0.2263481788
 159.  97.       -0.0036845001        0.0570778967
 159.  98.       -0.0765163564       -0.2487124258
 159.  99.       -0.4699537838        0.2190365303
 159. 100.       -0.1727069791       -0.0184561761
 159. 101.       -0.3992144806       -0.0457915623
 159. 102.        0.1985453175       -0.0254175491
 159. 103.        0.3248259015       -0.5360094223
 159. 104.       -0.1197672607        0.1643618846
 159. 105.        0.1417676043        0.0981928474
 159. 106.        0.2288092713        0.2020131076
 159. 107.        0.1023153515        0.1020809244
 159. 108.        0.0261398722        0.2635530657
 159. 109.        0.0253755455       -0.1016893502
 159. 110.        0.1472339842        0.2283459984
 159. 111.       -0.0314088837       -0.1433271236
 159. 112.       -0.1154206821       -0.0494810391
 159. 113.        0.3508862629        0.0413373198
 159. 114.       -0.4561898825        0.2465591085
 159. 115.       -0.0325354889       -0.2181969251
 159. 116.       -0.0556781515        0.0148934490
 159. 117.        0.2159600985        0.1838690519
 159. 118.       -0.2163217032       -0.2824823290
 159. 119.       -0.1455826211        0.0925127556
 159. 120.       -0.3751289850        0.0675034420
 159. 121.        0.2479323690       -0.0026945005
 159. 122.       -0.0177432730        0.0447203602
 159. 123.       -0.3482144242        0.1097220804
 159. 124.       -0.0029836983       -0.1318334517
 159. 125.       -0.0266088184       -0.0272839615
 159. 126.        0.1141779893        0.1300617358
 159. 127.       -0.1100923396       -0.0613525485
 159. 128.        0.0594659821        0.1436255194
 159. 129.       -0.1520303727       -0.2727692970
 159. 130.        0.1095038773        0.1235267831
 159. 131.        0.6151499849       -0.1212717747
 159. 132.       -0.0547944026        0.2142146854
 159. 133.        0.2968577288        0.0089136344
 159. 134.       -0.2148444503       -0.0812157934
 159. 135.        0.1144228393        0.2895548069
 159. 136.       -0.1825813114       -0.3994840330
 159. 137.       -0.0179241285        0.3415771358
 159. 138.        0.0609633230       -0.0411710633
 159. 139.        0.1509244869        0.3306195218
 159. 140.       -0.1591332881       -0.1884501087
 159. 141.       -0.3518344694        0.0748965476
 159. 142.        0.1729409337       -0.0549585989
 159. 143.        0.0744546813        0.5914413660
 159. 144.        0.0493986853        0.2764346202
 159. 145.       -0.5057040360       -0.7463632205
 159. 146.        0.3121219029        0.3954181594
 159. 147.       -0.0463636829       -0.0844741497
 159. 148.        0.2155487108        0.2326149225
 159. 149.        0.5199138595       -0.4112143516
 159. 150.        0.2858950917        0.1840150383
 159. 151.        0.2448974314       -0.4198559121
 159. 152.        0.0868453714        0.4025517328
 159. 153.       -0.0743847880       -0.0655501805
 159. 154.       -0.1729516030       -0.1711716231
 159. 155.        0.3966656834        0.1589104563
 159. 156.       -0.1141983828       -0.0610735986
 159. 157.       -0.1578755369        0.0200665003
 159. 158.        0.0801940734       -0.0687381563
 159. 159.        0.4305939537        0.1509030424
 160.   0.        0.1474337166        0.0000000000
 160.   1.       -0.1337217196        0.0964473127
 160.   2.        0.2976993170       -0.0629447281
 160.   3.        0.1011933572        0.2371913603
 160.   4.        0.1521711981        0.3099310837
 160.   5.        0.2190035732       -0.0869955877
 160.   6.       -0.2231760545        0.1000034986
 160.   7.        0.1591015996       -0.0882558622
 160.   8.        0.1443262772       -0.3645698471
 160.   9.        0.3302316337       -0.0604608178
 160.  10.        0.1099693860       -0.1305238811
 160.  11.       -0.3307813964        0.1147351201
 160.  12.       -0.1103505209        0.0306643413
 160.  13.       -0.0008282933       -0.1187858897
 160.  14.       -0.0787069398       -0.2125205322
 160.  15.       -0.1189190009       -0.1363619673
 160.  16.        0.1776696957       -0.1186009689
 160.  17.       -0.0163937244        0.0679444552
 160.  18.        0.0301749506        0.2284757264
 160.  19.       -0.1354194506        0.0278302223
 160.  20.       -0.2140145465        0.2486630361
 160.  21.        0.0863718945        0.2325340010
 160.  22.        0.1415396145       -0.0006646181
 160.  23.        0.0597086997        0.1556193328
 160.  24.       -0.4429819258        0.1044817238
 160.  25.        0.1992688169       -0.0964094505
 160.  26.       -0.0217611903        0.1474381374
 160.  27.        0.2125680775       -0.0172117885
 160.  28.       -0.0209583204       -0.1624166452
 160.  29.        0.0197961767       -0.0462655654
 160.  30.        0.0511547997        0.0144312341
 160.  31.        0.0075669837       -0.0540742801
 160.  32.        0.2957228839       -0.0117762655
 160.  33.        0.0625979220        0.0867731571
 160.  34.       -0.2117960342        0.0520784936
 160.  35.        0.0483950446       -0.0578426948
 160.  36.        0.0117217714       -0.0982741464
 160.  37.       -0.2133955176       -0.0511244504
 160.  38.       -0.1486078829        0.2218699115
 160.  39.        0.0947442394       -0.1676342960
 160.  40.       -0.1319820954        0.0307873946
 160.  41.       -0.0240986567        0.1767815114
 160.  42.        0.0776751895       -0.1434893439
 160.  43.       -0.1649993334        0.0803143922
 160.  44.        0.1302711269       -0.4353460638
 160.  45.        0.0527727766       -0.0823978545
 160.  46.       -0.1254802750        0.1289391178
 160.  47.        0.2006938176        0.0273275123
 160.  48.       -0.0852232735        0.0050799905
 160.  49.        0.0048482688       -0.0089050381
 160.  50.        0.1388685821       -0.0842407065
 160.  51.        0.1211460232        0.0101677060
 160.  52.        0.1028085174        0.0733459776
 160.  53.        0.1444289336       -0.0062372742
 160.  54.       -0.1828742867        0.1610439388
 160.  55.       -0.4308196912        0.2428165376
 160.  56.       -0.1061173059       -0.0902402657
 160.  57.       -0.2451597708       -0.0785065582
 160.  58.       -0.0875068409       -0.0760283878
 160.  59.        0.0704508216       -0.2048993835
 160.  60.       -0.2114919855        0.1914608990
 160.  61.       -0.0772885621       -0.1087884862
 160.  62.        0.1950299990       -0.1522806253
 160.  63.        0.2705050449        0.3000389996
 160.  64.       -0.1105676640       -0.1079406380
 160.  65.       -0.0443740786        0.4520292879
 160.  66.        0.0474960545        0.1521399526
 160.  67.        0.2893909453       -0.2689831478
 160.  68.        0.0651703472        0.1890417752
 160.  69.        0.0176408389        0.1316658744
 160.  70.       -0.0174647188       -0.1500311824
 160.  71.        0.0566855352       -0.0276413188
 160.  72.        0.0037061771        0.1411929287
 160.  73.       -0.4633750216        0.0405317124
 160.  74.        0.3190522278        0.3705835736
 160.  75.        0.0310875233        0.0238852563
 160.  76.        0.0203048643       -0.0110728075
 160.  77.        0.1591893103       -0.1042106217
 160.  78.       -0.2790304555        0.0251452959
 160.  79.       -0.0887904819        0.2774288969
 160.  80.        0.1601613645       -0.1441382953
 160.  81.       -0.1043505847        0.0955889867
 160.  82.       -0.1450676458        0.0992463845
 160.  83.        0.0336016000        0.0103380188
 160.  84.       -0.1655483232        0.2572330558
 160.  85.       -0.3412647831        0.3434015351
 160.  86.        0.0185155283       -0.2242321802
 160.  87.        0.1569181340       -0.3107680418
 160.  88.       -0.1208956489       -0.2046340862
 160.  89.        0.0052583575        0.1567550641
 160.  90.       -0.0237228408        0.0950082061
 160.  91.       -0.3242199813       -0.1497470789
 160.  92.       -0.0549157911       -0.1373045966
 160.  93.       -0.3553136284       -0.0304730196
 160.  94.        0.1914854701        0.2583166033
 160.  95.       -0.0418630582        0.2158104453
 160.  96.        0.0930591154        0.1081824374
 160.  97.       -0.0158924681       -0.3372597700
 160.  98.       -0.0079105836       -0.2785771875
 160.  99.        0.1236392167       -0.2215031411
 160. 100.       -0.0191524985        0.2227697806
 160. 101.        0.1967524967        0.2252602814
 160. 102.       -0.0616647660        0.0427448243
 160. 103.       -0.0096162983        0.0868404300
 160. 104.        0.0546715430       -0.2298332199
 160. 105.       -0.1170068459        0.0296631951
 160. 106.       -0.0001906326        0.1627348236
 160. 107.       -0.1659592500       -0.1891856509
 160. 108.       -0.1326054287        0.2307049189
 160. 109.        0.2544244396       -0.0279348741
 160. 110.       -0.1617509170        0.0333189960
 160. 111.       -0.1610834032        0.5021430396
 160. 112.       -0.3322038471       -0.1714829454
 160. 113.       -0.4727353266        0.2212141336
 160. 114.        0.3220032992        0.1834772145
 160. 115.        0.0994694309        0.3189631669
 160. 116.       -0.0913436442       -0.2123471782
 160. 117.        0.0355388791       -0.2828153237
 160. 118.       -0.2582291770       -0.0154279050
 160. 119.       -0.1188476388        0.0813629175
 160. 120.       -0.0240189515       -0.0327086952
 160. 121.        0.1136948857       -0.1196971763
 160. 122.        0.0800366223       -0.2639168927
 160. 123.        0.4459502640        0.2289518695
 160. 124.        0.0662443280       -0.2448774433
 160. 125.       -0.1419744808       -0.0788615258
 160. 126.       -0.1212526681        0.1285273758
 160. 127.        0.2182619348        0.1850738371
 160. 128.        0.1515410896        0.5721509882
 160. 129.       -0.1908730981        0.0278713627
 160. 130.       -0.2950968683       -0.3012379713
 160. 131.        0.2461614128       -0.1166366643
 160. 132.        0.0691441105       -0.3067091135
 160. 133.       -0.0903979186        0.2605562285
 160. 134.        0.3041303324        0.1614933222
 160. 135.       -0.4350364133        0.0795937038
 160. 136.        0.2750121850       -0.1109164374
 160. 137.       -0.0730379063       -0.0884918253
 160. 138.       -0.1855420149        0.0834325816
 160. 139.       -0.2757185466       -0.1559398730
 160. 140.        0.4599298997       -0.0447421444
 160. 141.        0.0055165274       -0.1246966422
 160. 142.       -0.0339740679        0.2656454948
 160. 143.        0.1785100434        0.1717896185
 160. 144.       -0.2954330631       -0.0034043990
 160. 145.       -0.0225698436       -0.0407098782
 160. 146.       -0.4738365335       -0.5786032809
 160. 147.       -0.0689079504        0.1011610580
 160. 148.        0.1677957401        0.2987535148
 160. 149.        0.1655814071       -0.0160476100
 160. 150.        0.0935017534       -0.5036214884
 160. 151.       -0.1888011802        0.4393737777
 160. 152.       -0.0256415994        0.1854938365
 160. 153.        0.4542417674       -0.1034318243
 160. 154.       -0.4920235171        0.0017053770
 160. 155.        0.3026499477        0.0396138938
 160. 156.       -0.2845391275        0.0502338275
 160. 157.       -0.3502481904        0.0905573273
 160. 158.        0.0563983435        0.3174752627
 160. 159.        0.1454060003       -0.0271822148
 160. 160.        0.2243469096        0.0824920459
 161.   0.        0.0753667492        0.0000000000
 161.   1.       -0.0416678739        0.0886955810
 161.   2.        0.0216639654       -0.2390315961
 161.   3.       -0.0210096074       -0.0672807336
 161.   4.        0.0120973608       -0.0046662655
 161.   5.        0.1540925885       -0.1231947938
 161.   6.       -0.0147298967       -0.2017867498
 161.   7.       -0.0276012824        0.3768850586
 161.   8.       -0.1176003583       -0.2418813340
 161.   9.        0.0006065270       -0.1206363171
 161.  10.        0.0419334024       -0.0160207076
 161.  11.        0.0640618561        0.0136711553
 161.  12.       -0.0989486696       -0.0132741721
 161.  13.       -0.0256177083        0.2206462583
 161.  14.       -0.0980815154       -0.1203259326
 161.  15.       -0.1598201925        0.0917886671
 161.  16.       -0.1715316489        0.0383201800
 161.  17.        0.1402959210       -0.0921163738
 161.  18.        0.1032626014       -0.0513635017
 161.  19.       -0.1654349805        0.1535040816
 161.  20.        0.0021116001        0.0984311345
 161.  21.        0.0495956579        0.0634730631
 161.  22.       -0.0876980759        0.1260360165
 161.  23.        0.1898351190       -0.0437862873
 161.  24.       -0.1313499818        0.1287042132
 161.  25.       -0.0854813702        0.1675059225
 161.  26.        0.1058971182       -0.0109861902
 161.  27.       -0.1536178972        0.0089115213
 161.  28.        0.0117327309       -0.0883391130
 161.  29.       -0.1270179441       -0.2747411469
 161.  30.        0.1075310733        0.0824137282
 161.  31.        0.1263718769        0.0586562001
 161.  32.       -0.0382457041        0.0615029467
 161.  33.       -0.1367873009       -0.0993526971
 161.  34.        0.1248231021        0.0218714039
 161.  35.        0.0251778554       -0.0466289850
 161.  36.        0.0551000296       -0.0625894577
 161.  37.        0.0072589321       -0.1237103477
 161.  38.       -0.1068971482        0.0801792669
 161.  39.        0.2670550915        0.0954328511
 161.  40.        0.2641225694       -0.2756392039
 161.  41.       -0.0843680225       -0.0177366975
 161.  42.       -0.0603356539        0.2116586014
 161.  43.        0.1113629586       -0.2617156096
 161.  44.        0.0594625204       -0.1496896139
 161.  45.       -0.0223188719       -0.1302480590
 161.  46.        0.1531756005       -0.1808998713
 161.  47.        0.0298464797        0.0382229338
 161.  48.        0.0688871162       -0.2720251100
 161.  49.       -0.0874209427        0.0663855113
 161.  50.       -0.3178330871       -0.0860659945
 161.  51.        0.2401403013       -0.0381492139
 161.  52.       -0.0185857456        0.2000095968
 161.  53.        0.2727948788       -0.2952575064
 161.  54.        0.0780672689        0.0646801123
 161.  55.       -0.2542826366        0.0039864484
 161.  56.        0.0332809682        0.0334526617
 161.  57.        0.0829538426       -0.1406956571
 161.  58.        0.0739441189        0.2508137702
 161.  59.        0.0700490930        0.1422791224
 161.  60.       -0.3676942575       -0.1501848538
 161.  61.       -0.2068976459       -0.0406461426
 161.  62.        0.0142213242        0.1285442243
 161.  63.        0.2162447820        0.2021651519
 161.  64.       -0.0549172644        0.0920776266
 161.  65.        0.1101248197       -0.4917471574
 161.  66.       -0.0543156571       -0.0272635968
 161.  67.        0.2107003247       -0.1075360153
 161.  68.        0.1838198166       -0.4351491800
 161.  69.       -0.2566424131       -0.0018167999
 161.  70.        0.2249715012        0.1989839451
 161.  71.       -0.0977074232        0.0107140160
 161.  72.        0.0581655644        0.2173205199
 161.  73.        0.2072340538       -0.2776295426
 161.  74.       -0.0391824549       -0.2330778696
 161.  75.        0.1370315225        0.1039008310
 161.  76.       -0.0394595282        0.2836607092
 161.  77.        0.1189503085       -0.0975988921
 161.  78.        0.3640472600       -0.1341457570
 161.  79.       -0.2097901498       -0.0229859556
 161.  80.        0.0018894508        0.0823359818
 161.  81.       -0.0307393864       -0.0793064088
 161.  82.       -0.0515883965        0.4411356733
 161.  83.       -0.0402740457        0.1066901327
 161.  84.       -0.1126528256       -0.3771387478
 161.  85.        0.0309419731        0.0920991947
 161.  86.       -0.1002814376       -0.0828688711
 161.  87.       -0.2878462530       -0.0049402665
 161.  88.        0.0445203144       -0.0015329181
 161.  89.        0.1046645235       -0.2950091444
 161.  90.       -0.1363226148        0.1495913944
 161.  91.        0.2648151371        0.3170430800
 161.  92.       -0.0166778497       -0.3523322688
 161.  93.       -0.1988818301        0.1747287669
 161.  94.       -0.0313657399       -0.3095013265
 161.  95.        0.0691737770       -0.2530902514
 161.  96.       -0.2268883928        0.2797264071
 161.  97.        0.1458705271       -0.1936752462
 161.  98.       -0.1716591929        0.2597206151
 161.  99.        0.2359674420       -0.2297670079
 161. 100.       -0.0673101589       -0.2880365112
 161. 101.        0.2956774841        0.2933961490
 161. 102.       -0.0056089565        0.2469663988
 161. 103.       -0.0627096773        0.2358063386
 161. 104.       -0.2630719843       -0.0901029409
 161. 105.        0.3815181953       -0.3152248252
 161. 106.       -0.2137814616        0.0141933167
 161. 107.        0.2367091128        0.1550641578
 161. 108.       -0.1700561017       -0.0928983765
 161. 109.        0.0429673000        0.2759880637
 161. 110.        0.0815000144       -0.1429511696
 161. 111.        0.0776268999       -0.0702317415
 161. 112.        0.3606769184        0.0889968785
 161. 113.        0.1228528531       -0.2116895719
 161. 114.        0.4052815336       -0.0983494841
 161. 115.        0.0499732507        0.1384975363
 161. 116.       -0.1917261872       -0.1096479552
 161. 117.        0.0221974243        0.0211332737
 161. 118.        0.0618179214       -0.1856346369
 161. 119.        0.0645441687        0.0188880454
 161. 120.        0.0413942674        0.0117733603
 161. 121.       -0.2534015528       -0.2877695790
 161. 122.        0.4107278004       -0.1056358358
 161. 123.        0.0770571278       -0.1441832511
 161. 124.       -0.0979362487        0.2745956911
 161. 125.       -0.1764082425        0.0166032534
 161. 126.       -0.3603099461       -0.2555507211
 161. 127.       -0.4249454335       -0.0652581584
 161. 128.       -0.0543104983       -0.2682441184
 161. 129.        0.1778436707        0.2091827334
 161. 130.        0.0865029780        0.0757904054
 161. 131.       -0.4933800800       -0.0912884750
 161. 132.        0.0165526726       -0.1612636978
 161. 133.        0.4240572429       -0.2728674503
 161. 134.       -0.2281085643        0.3023261152
 161. 135.        0.0307987681        0.0470271085
 161. 136.       -0.1017364156        0.2501904281
 161. 137.        0.5888911851       -0.1386803176
 161. 138.       -0.2153661606        0.2314809558
 161. 139.       -0.5582482100        0.0230903184
 161. 140.        0.1137195065       -0.0519542870
 161. 141.        0.1222738942        0.3639371689
 161. 142.        0.2760524091       -0.1302080789
 161. 143.       -0.2829672131        0.0711321505
 161. 144.        0.1156385980       -0.1463951207
 161. 145.        0.0047144602       -0.0311542415
 161. 146.       -0.0414946992       -0.0877610131
 161. 147.       -0.4961500142       -0.0497805746
 161. 148.        0.1588018365       -0.3570771463
 161. 149.        0.2446803408       -0.1687055943
 161. 150.       -0.7196845717        0.5888755226
 161. 151.       -0.1842735449       -0.4697107415
 161. 152.        0.4768738740        0.6299126412
 161. 153.       -0.1992714790        0.4196789610
 161. 154.        0.0198633281       -0.2053349324
 161. 155.        0.1386064976        0.0106619577
 161. 156.       -0.1226734675        0.0535308163
 161. 157.       -0.1618882148       -0.0646416902
 161. 158.       -0.1256991251        0.4138728719
 161. 159.        0.0494198381        0.1365933651
 161. 160.        0.1557736112       -0.1673667038
 161. 161.       -0.0553042188        0.0957950477
 162.   0.        0.2108226548        0.0000000000
 162.   1.        0.1592656987       -0.1941009789
 162.   2.       -0.3900120232       -0.0656885154
 162.   3.        0.0303342424       -0.2764108253
 162.   4.        0.1522054502       -0.0960667649
 162.   5.       -0.2484616903       -0.0715213179
 162.   6.        0.1489532324       -0.2092679419
 162.   7.        0.0590539772        0.0447618418
 162.   8.       -0.0182113301        0.3940378350
 162.   9.       -0.0585530456        0.0711408279
 162.  10.       -0.1098779784       -0.0423259070
 162.  11.        0.0728804164        0.0299437557
 162.  12.        0.0410578085        0.0071789352
 162.  13.       -0.0542641834       -0.0517342934
 162.  14.        0.1933480024        0.1829451979
 162.  15.        0.0515148833        0.1560648790
 162.  16.       -0.1226637257       -0.0562007982
 162.  17.        0.0050866419       -0.0475732099
 162.  18.       -0.1123028078       -0.1866724596
 162.  19.        0.0200865498       -0.0552266559
 162.  20.        0.0999322661       -0.2364526195
 162.  21.        0.1798980488       -0.1423293659
 162.  22.       -0.0221165874       -0.0052261232
 162.  23.       -0.1811046797       -0.0585056517
 162.  24.        0.2834523394       -0.0283617412
 162.  25.       -0.1172730727        0.0472642965
 162.  26.        0.2124070368        0.0558113580
 162.  27.        0.0448290063       -0.0801725675
 162.  28.       -0.1500285403        0.1333711112
 162.  29.        0.0347527728       -0.0185777370
 162.  30.       -0.0579181333       -0.0176878553
 162.  31.       -0.0893046188        0.0465983753
 162.  32.       -0.1513510792        0.1281722172
 162.  33.       -0.2677132796       -0.0047395001
 162.  34.       -0.1649414766        0.1745857034
 162.  35.        0.3831557254        0.0563697044
 162.  36.        0.0638215412       -0.0973241992
 162.  37.        0.1235106414       -0.0687480685
 162.  38.       -0.0337366935       -0.0468686700
 162.  39.       -0.0696188982        0.2495834776
 162.  40.        0.0596483546        0.1129508170
 162.  41.        0.1013265448       -0.4390685963
 162.  42.       -0.0108437214        0.0286493617
 162.  43.        0.2499193766       -0.1090000378
 162.  44.       -0.1829445497       -0.0387499998
 162.  45.        0.0436294071        0.0126043302
 162.  46.       -0.0112151990       -0.0235683370
 162.  47.       -0.0360325108        0.0645133805
 162.  48.        0.1305038453        0.0614100082
 162.  49.        0.1006877337       -0.1076620768
 162.  50.        0.0132984027        0.1234101478
 162.  51.        0.0583704834        0.1626899897
 162.  52.        0.0635811996       -0.1334655481
 162.  53.       -0.1838376388        0.2594102002
 162.  54.        0.2301376992        0.0120606955
 162.  55.        0.3311415660        0.1197927290
 162.  56.        0.0057737001        0.0658629338
 162.  57.       -0.0181284283        0.0218967205
 162.  58.        0.1777644383       -0.1923370302
 162.  59.        0.1831810014        0.0366887044
 162.  60.        0.0931054398       -0.0210854548
 162.  61.       -0.1028767564        0.0165685998
 162.  62.       -0.2395965342       -0.0449530651
 162.  63.        0.0232180823       -0.1159435131
 162.  64.        0.1317212003       -0.1926270454
 162.  65.        0.1713730377        0.1483013593
 162.  66.       -0.2357825772       -0.3706009950
 162.  67.       -0.1341577365        0.2217573710
 162.  68.       -0.0496723680        0.0234290024
 162.  69.        0.0564430469       -0.2121901319
 162.  70.       -0.0919795089        0.0458700220
 162.  71.       -0.1234538080        0.0163772926
 162.  72.        0.0017514939        0.0206128281
 162.  73.        0.4882121399       -0.0429231649
 162.  74.       -0.0104421577       -0.2907167340
 162.  75.       -0.0377084942       -0.0310610802
 162.  76.        0.0046014954       -0.0589550480
 162.  77.       -0.1218654518       -0.0880926486
 162.  78.        0.0545332288       -0.0242200708
 162.  79.        0.0537463469       -0.0066438991
 162.  80.       -0.1377364892       -0.1224952159
 162.  81.        0.0451080950       -0.1484965459
 162.  82.       -0.2444492338       -0.0695429802
 162.  83.        0.1835413606        0.1795319694
 162.  84.        0.1143482176       -0.0149736175
 162.  85.        0.3230774094       -0.1773816319
 162.  86.       -0.0422339157       -0.0295657721
 162.  87.       -0.0507386242        0.1644666891
 162.  88.       -0.0886801682        0.1042822823
 162.  89.        0.1493301246        0.0541416547
 162.  90.       -0.1584378391       -0.3547009469
 162.  91.       -0.1353986250        0.0359727903
 162.  92.        0.0947208885        0.2418400451
 162.  93.       -0.0278303158       -0.1226942167
 162.  94.       -0.2618715521        0.2437778139
 162.  95.       -0.0224804215       -0.0966829428
 162.  96.       -0.2023285041       -0.1798282773
 162.  97.       -0.0349350208        0.0835786309
 162.  98.        0.2150164284        0.0264318849
 162.  99.       -0.0998958697       -0.0468647227
 162. 100.       -0.0443751283        0.0668122134
 162. 101.       -0.2677482689       -0.3064801409
 162. 102.       -0.1139829404        0.2784754054
 162. 103.       -0.0599111317        0.1624803686
 162. 104.        0.0408043888        0.1755070578
 162. 105.       -0.0597224440       -0.0119585055
 162. 106.       -0.1306761071       -0.0330800146
 162. 107.       -0.0689960391        0.1507690063
 162. 108.        0.2641115138       -0.0374068291
 162. 109.       -0.0997603627       -0.1514064788
 162. 110.        0.3288099871        0.1239025278
 162. 111.       -0.0297086607       -0.1112428311
 162. 112.       -0.2470244873       -0.2680766546
 162. 113.        0.1115510191       -0.1115305620
 162. 114.       -0.2114585733       -0.0094332392
 162. 115.       -0.0329684732        0.2622744491
 162. 116.       -0.3301309033        0.1104973356
 162. 117.       -0.0144738998        0.0317379062
 162. 118.       -0.1184586553       -0.1420081684
 162. 119.        0.3048570239       -0.0088288963
 162. 120.        0.1813312500        0.0027439914
 162. 121.        0.3910189740       -0.0938781627
 162. 122.       -0.2384424377        0.1618069975
 162. 123.       -0.0745076570       -0.2187151797
 162. 124.       -0.0515666033       -0.2093336241
 162. 125.       -0.0424134891        0.4175926204
 162. 126.        0.1764262038       -0.0910401766
 162. 127.       -0.3440183397       -0.3499219725
 162. 128.       -0.2070389516        0.2788668143
 162. 129.        0.0120290820       -0.0510885253
 162. 130.       -0.0269219672        0.1674313575
 162. 131.        0.4251372842        0.1541910563
 162. 132.       -0.4231241641        0.2112105693
 162. 133.        0.2140765040       -0.2738493996
 162. 134.        0.0369618960       -0.0812379322
 162. 135.        0.2670263690        0.4273638697
 162. 136.       -0.0108131361        0.2106772689
 162. 137.       -0.0206606697        0.3491772778
 162. 138.       -0.2758962746       -0.5166251420
 162. 139.        0.1384357231        0.0728820621
 162. 140.        0.0039624057       -0.1487082112
 162. 141.       -0.0789858164       -0.2896843604
 162. 142.        0.5485777650        0.0721925646
 162. 143.        0.3445914043       -0.3932190044
 162. 144.       -0.4559376847        0.0025909675
 162. 145.       -0.2252632172       -0.1398010576
 162. 146.        0.1644858109        0.2893467047
 162. 147.        0.3234206724       -0.0113378445
 162. 148.       -0.4056540065       -0.3739143253
 162. 149.        0.0131398277       -0.1560052006
 162. 150.       -0.1700373654       -0.0227033500
 162. 151.       -0.1533841237        0.4264062308
 162. 152.       -0.1008251030       -0.1905348971
 162. 153.        0.5836930414        0.3813942966
 162. 154.        0.0302218935        0.5465916192
 162. 155.        0.0841553625       -0.0963236252
 162. 156.       -0.0652012019       -0.0150457454
 162. 157.       -0.0616315155        0.2197637520
 162. 158.       -0.0687577405       -0.3378148918
 162. 159.        0.0038408252        0.1350878189
 162. 160.        0.0002378725        0.0952231917
 162. 161.       -0.2517578264        0.1141525574
 162. 162.       -0.1452703905        0.2163784487
 163.   0.       -0.0122417141        0.0000000000
 163.   1.        0.1473582689       -0.0721379838
 163.   2.       -0.1609976317       -0.0028034870
 163.   3.       -0.1217314983       -0.1651047154
 163.   4.        0.0916605236        0.1073892429
 163.   5.       -0.0209194879        0.2132429043
 163.   6.       -0.1138241364        0.0965622024
 163.   7.       -0.0032363445       -0.3952062753
 163.   8.       -0.0586136491        0.1088497836
 163.   9.       -0.0646399632        0.2488334246
 163.  10.        0.0046430382        0.0788773990
 163.  11.       -0.0541368077       -0.0362985526
 163.  12.       -0.0298217968        0.1836809526
 163.  13.        0.1229858889       -0.1383062919
 163.  14.        0.1667905922        0.0483072035
 163.  15.        0.2387711082       -0.1147094606
 163.  16.        0.2175038598        0.1886358092
 163.  17.       -0.1577140937        0.0309810466
 163.  18.       -0.3045338039       -0.0665861140
 163.  19.        0.1445509055       -0.1144354965
 163.  20.       -0.2115660996       -0.1496570361
 163.  21.       -0.0871868009       -0.0171736477
 163.  22.        0.1556471760       -0.0942454126
 163.  23.       -0.1171022509        0.1876280891
 163.  24.        0.1529070554       -0.1750289710
 163.  25.       -0.0072533586       -0.4243750508
 163.  26.       -0.2362524908        0.0259572111
 163.  27.       -0.0315614980       -0.0601917510
 163.  28.        0.0355408769        0.0107306711
 163.  29.        0.1403069131        0.1157552492
 163.  30.        0.0870353371        0.1218525287
 163.  31.       -0.0581084554       -0.1332023505
 163.  32.       -0.0202050657       -0.0982133377
 163.  33.        0.0230774536        0.0284025534
 163.  34.       -0.1460606421        0.0767585040
 163.  35.        0.2682583881        0.1658356746
 163.  36.       -0.1384268076       -0.1177464859
 163.  37.       -0.3133887779       -0.0008756585
 163.  38.        0.2637121567        0.1129712644
 163.  39.        0.1297542161        0.0741607018
 163.  40.       -0.2446847946        0.1525285016
 163.  41.       -0.0449364219        0.0441399407
 163.  42.        0.1967047593       -0.0821552502
 163.  43.        0.0805492184        0.0390889729
 163.  44.       -0.1170725380       -0.0004247055
 163.  45.        0.0090952832        0.0472268027
 163.  46.        0.0411242129        0.0591651581
 163.  47.        0.0097872278        0.0830761082
 163.  48.       -0.2126825014        0.4647739255
 163.  49.       -0.1237797178       -0.0521184973
 163.  50.        0.3711463760       -0.0615243972
 163.  51.        0.1248893692        0.1856577976
 163.  52.        0.0073320923       -0.0191031292
 163.  53.       -0.1632484644        0.1724236502
 163.  54.        0.0049071867       -0.1129405037
 163.  55.        0.0762965305        0.0014279958
 163.  56.        0.0740945690        0.0634985769
 163.  57.       -0.2292707091        0.2647119680
 163.  58.        0.0091442303       -0.0481227711
 163.  59.       -0.0916575919       -0.0525864364
 163.  60.        0.1235967590        0.1570807934
 163.  61.       -0.0757833297        0.0946078453
 163.  62.       -0.0252448276       -0.0549057862
 163.  63.       -0.1421935571        0.0107832457
 163.  64.        0.0756662954       -0.1224214480
 163.  65.       -0.1531264888        0.1540933325
 163.  66.       -0.0191734768        0.0038342758
 163.  67.       -0.1788143755       -0.1684523686
 163.  68.        0.0999606566        0.3457165557
 163.  69.        0.4775563891        0.2347238998
 163.  70.        0.0289088290        0.1896678289
 163.  71.        0.0351053131        0.1705646589
 163.  72.       -0.2228408477       -0.2998068879
 163.  73.       -0.2027075737        0.1832128106
 163.  74.        0.3250882960        0.1916308863
 163.  75.        0.2553321790       -0.1493613115
 163.  76.       -0.1230647439       -0.2335933293
 163.  77.        0.0903078242       -0.1215499629
 163.  78.       -0.0324889223        0.1351335332
 163.  79.        0.0974050859        0.1388567076
 163.  80.       -0.0088535950        0.1349417974
 163.  81.        0.1830607209        0.1196787658
 163.  82.       -0.0237695927       -0.2702856813
 163.  83.        0.0506868891       -0.1545398792
 163.  84.        0.1693474592       -0.1336815628
 163.  85.       -0.2219244488        0.2628076942
 163.  86.       -0.2128242392        0.0471775336
 163.  87.        0.0928519820        0.0265504013
 163.  88.       -0.2834961422       -0.4645947553
 163.  89.       -0.0694205210       -0.0828774456
 163.  90.        0.2234780415        0.0349806294
 163.  91.       -0.2832261437       -0.1820820537
 163.  92.        0.1168069799        0.0204843022
 163.  93.       -0.0052036963       -0.1414364946
 163.  94.       -0.0075393436        0.0406440228
 163.  95.       -0.0858209297       -0.0031808510
 163.  96.        0.1019430120        0.0266275473
 163.  97.        0.1607602352        0.1575550702
 163.  98.       -0.1804695328        0.2661342776
 163.  99.       -0.0907581537       -0.0712189970
 163. 100.        0.2908966169        0.1180096289
 163. 101.        0.0197734097       -0.0183805308
 163. 102.        0.0190922859       -0.1437855750
 163. 103.        0.2517442458        0.2286950664
 163. 104.        0.0827141802       -0.2216474517
 163. 105.       -0.0940535142        0.0758323309
 163. 106.        0.0379723265        0.2495259286
 163. 107.        0.0086669138       -0.0624991890
 163. 108.        0.0618563277       -0.1931241320
 163. 109.       -0.1884868410       -0.0086813177
 163. 110.        0.0904338188        0.1530541493
 163. 111.        0.1524976328        0.4688844042
 163. 112.       -0.2059447811       -0.0349759631
 163. 113.       -0.1913272646       -0.2630408459
 163. 114.        0.1088983408       -0.0644995468
 163. 115.        0.0539048029       -0.0513992116
 163. 116.        0.1831566679        0.1065841402
 163. 117.       -0.2612336945        0.0233398057
 163. 118.       -0.0785896644        0.3950506932
 163. 119.       -0.1559076255       -0.2559798724
 163. 120.        0.1212762096        0.0436771807
 163. 121.       -0.1447574199        0.1575616739
 163. 122.        0.2598272767        0.0383150182
 163. 123.       -0.2449333787        0.1209320688
 163. 124.        0.1239085440        0.1076998253
 163. 125.        0.3226131979       -0.0322046150
 163. 126.        0.0923754744       -0.1030604890
 163. 127.        0.4128807345        0.1723096117
 163. 128.       -0.1206768859       -0.1057246475
 163. 129.        0.1459832916       -0.0821287948
 163. 130.        0.0353210148        0.1286901985
 163. 131.        0.0245597365        0.0141916722
 163. 132.        0.3416396342       -0.0373577536
 163. 133.       -0.5676478059       -0.0643221898
 163. 134.       -0.0992225914       -0.3374392526
 163. 135.       -0.3457662070        0.0176629068
 163. 136.        0.0677393316        0.1090356029
 163. 137.        0.0324770992        0.0677593763
 163. 138.       -0.1897307302        0.4615905858
 163. 139.       -0.1012975783       -0.6784181723
 163. 140.        0.1401213428        0.0075414425
 163. 141.       -0.1059139292       -0.3869443359
 163. 142.       -0.4070877151        0.1578021332
 163. 143.        0.2856948949       -0.2113430028
 163. 144.       -0.2639565350       -0.0803715043
 163. 145.        0.2463286906        0.3826891499
 163. 146.       -0.4079341023        0.0523776228
 163. 147.       -0.1285297892        0.5313809194
 163. 148.        0.3892397652        0.2282754984
 163. 149.       -0.4141624666        0.4239554718
 163. 150.       -0.0071498023       -0.1515175615
 163. 151.        0.1140669074       -0.0693432566
 163. 152.        0.4305571607        0.2632919479
 163. 153.       -0.2702576361       -0.3759984336
 163. 154.        0.1144886373       -0.2370910884
 163. 155.        0.0887721215        0.6635640060
 163. 156.        0.3158310547       -0.3462558857
 163. 157.        0.0488214820        0.1743409107
 163. 158.        0.0141183562       -0.2810366206
 163. 159.       -0.0893232168       -0.0394503407
 163. 160.       -0.4893430120       -0.0575424085
 163. 161.        0.0620420498        0.2800649972
 163. 162.       -0.0476362577        0.1417491394
 163. 163.       -0.1697276210        0.1780667476
 164.   0.       -0.1058877290        0.0000000000
 164.   1.       -0.0735439397        0.2383718302
 164.   2.        0.1530724538        0.1573853677
 164.   3.       -0.1509270285        0.0406373264
 164.   4.       -0.1696465215        0.0067907058
 164.   5.        0.3616427895        0.1580940324
 164.   6.        0.0828817015        0.1912996923
 164.   7.       -0.2534521745       -0.0760371534
 164.   8.       -0.0877910023       -0.1647786106
 164.   9.       -0.0470764979        0.1126939846
 164.  10.        0.0475753080        0.0775298366
 164.  11.        0.1758219996       -0.2992774496
 164.  12.       -0.0273280360       -0.0150940652
 164.  13.       -0.0719173220        0.1585229050
 164.  14.       -0.1371008555       -0.1852549699
 164.  15.        0.1224264537       -0.1156353252
 164.  16.        0.1739875525        0.0373872049
 164.  17.       -0.0093434131       -0.0686083146
 164.  18.        0.0952951051       -0.1291764431
 164.  19.       -0.0640672865        0.0819631385
 164.  20.       -0.2167694551       -0.0271440300
 164.  21.       -0.2568123912       -0.0371816678
 164.  22.       -0.0051778782       -0.0445240902
 164.  23.        0.0063892519       -0.1438556454
 164.  24.       -0.0675653781        0.0813321001
 164.  25.       -0.0618870390        0.1620903134
 164.  26.       -0.1527400442       -0.2658345236
 164.  27.       -0.0868173021        0.0564069551
 164.  28.        0.2745966251       -0.0210451321
 164.  29.       -0.1044180195        0.1909886014
 164.  30.        0.1418442011        0.1500996389
 164.  31.        0.0787428441        0.0318237185
 164.  32.       -0.1117475063       -0.1484819220
 164.  33.        0.2055267815        0.1499841530
 164.  34.        0.1177228741       -0.0922805194
 164.  35.       -0.1959081457        0.0589468242
 164.  36.        0.1241676891        0.0024248464
 164.  37.       -0.1368278352        0.0458911559
 164.  38.        0.0532994449        0.1734269924
 164.  39.        0.2434344128        0.0649197326
 164.  40.        0.1102546375       -0.0926372752
 164.  41.       -0.1031403763        0.0967377363
 164.  42.       -0.1537941345        0.1099356236
 164.  43.       -0.1234847498       -0.1215368696
 164.  44.        0.1725521771        0.1220488854
 164.  45.        0.0383546186       -0.0497076135
 164.  46.       -0.0693587450        0.0763737941
 164.  47.        0.1128796226        0.1281634267
 164.  48.        0.1379174078       -0.0577774596
 164.  49.       -0.2589507258        0.3379831685
 164.  50.       -0.0481462754       -0.2557484950
 164.  51.        0.2107329470       -0.1551195379
 164.  52.       -0.0363088431        0.2292178723
 164.  53.        0.0370103601       -0.0897413434
 164.  54.       -0.0305481563       -0.0922586847
 164.  55.        0.1114216553       -0.1793237203
 164.  56.        0.2134896984       -0.1028122960
 164.  57.       -0.1304615829        0.0405772730
 164.  58.       -0.1413338989       -0.0348039316
 164.  59.       -0.0265198185       -0.0488599127
 164.  60.        0.1167952478       -0.2559959895
 164.  61.       -0.0313564524        0.1691017595
 164.  62.        0.1230758046        0.1755513571
 164.  63.        0.0324153546       -0.0242538782
 164.  64.        0.0463372287        0.3497341456
 164.  65.        0.0768985494       -0.1656345023
 164.  66.        0.0892205032        0.2163456265
 164.  67.        0.1397816345       -0.1802717422
 164.  68.       -0.1894418674       -0.1799677792
 164.  69.       -0.1426693564        0.2434633940
 164.  70.       -0.0266196827       -0.0423898030
 164.  71.       -0.0616290890        0.0427829397
 164.  72.        0.1515949759       -0.1026940178
 164.  73.       -0.0965967077       -0.0684608190
 164.  74.       -0.1669497211       -0.0119441202
 164.  75.        0.0405340504        0.1858919209
 164.  76.       -0.0843104042       -0.0034723337
 164.  77.       -0.0504256231        0.1599889431
 164.  78.        0.1687602005       -0.0971588687
 164.  79.       -0.2515127354       -0.0616064073
 164.  80.        0.0037381625        0.0337651407
 164.  81.       -0.0189805740        0.1013762281
 164.  82.        0.2063632015        0.2878249252
 164.  83.       -0.1463626541       -0.0368146046
 164.  84.        0.1215458787       -0.4196140224
 164.  85.       -0.0163176962        0.0264734706
 164.  86.        0.0359641044        0.0793038866
 164.  87.       -0.0526147315       -0.0244552069
 164.  88.       -0.0996023154        0.1110926444
 164.  89.        0.0040084446       -0.2425755694
 164.  90.        0.0162119080        0.2518617501
 164.  91.        0.0127369404       -0.0084975331
 164.  92.       -0.1293813485        0.0916449631
 164.  93.       -0.1632560992        0.0688943767
 164.  94.        0.2190172409       -0.0077731709
 164.  95.       -0.1837280800        0.0504276119
 164.  96.        0.1140223275       -0.0963208736
 164.  97.        0.2394458106        0.1800872112
 164.  98.       -0.1432746997        0.1884593222
 164.  99.       -0.0192282249       -0.0743223554
 164. 100.        0.2336031819       -0.0278102795
 164. 101.        0.0366124120        0.0204778861
 164. 102.        0.0714033735        0.0818206911
 164. 103.        0.0113349149        0.0849273134
 164. 104.       -0.0999915645       -0.2003534808
 164. 105.        0.1221074070       -0.2952357232
 164. 106.        0.0011718275        0.0309536982
 164. 107.        0.1999617089        0.1398795173
 164. 108.       -0.1973759447       -0.1402519120
 164. 109.        0.1369850369       -0.0061514254
 164. 110.        0.0550662287       -0.2425066823
 164. 111.        0.0208078325        0.1248091180
 164. 112.        0.0753949573        0.4288626929
 164. 113.       -0.2219202439       -0.1152501617
 164. 114.       -0.0570507695       -0.1920339567
 164. 115.        0.0133659520        0.1210832685
 164. 116.       -0.2524865625        0.0264684883
 164. 117.        0.2053849656        0.0442353871
 164. 118.       -0.0323766147       -0.1781194664
 164. 119.        0.6038252178       -0.1112224430
 164. 120.        0.1306722713       -0.0349400357
 164. 121.       -0.1904628748       -0.3304675848
 164. 122.        0.3453303421       -0.0457037573
 164. 123.       -0.2785186873       -0.1644470524
 164. 124.       -0.0726056174        0.2201487681
 164. 125.        0.0407511358       -0.1087613491
 164. 126.       -0.1562037222       -0.2757308265
 164. 127.       -0.1817223232        0.0573732711
 164. 128.       -0.3325003820       -0.0262185988
 164. 129.       -0.1658098994        0.0094787504
 164. 130.        0.0606828711       -0.0601492582
 164. 131.        0.0450662298       -0.1111493187
 164. 132.        0.1250350854       -0.0916169772
 164. 133.       -0.2909230930        0.1228162312
 164. 134.       -0.0714842502        0.1991352882
 164. 135.        0.2219174928       -0.1295754605
 164. 136.        0.0274747925        0.2180193881
 164. 137.        0.3184946579        0.1805268022
 164. 138.       -0.1635426351        0.1453482354
 164. 139.       -0.2913307876        0.5977027492
 164. 140.       -0.1925383736       -0.3342981932
 164. 141.       -0.0030061126       -0.0987132940
 164. 142.        0.1216653307        0.0592461924
 164. 143.       -0.3182545791        0.1640470153
 164. 144.       -0.0117289305       -0.2609837526
 164. 145.        0.0324322272       -0.1959003831
 164. 146.        0.6519479672        0.2106787290
 164. 147.        0.0181087665        0.1676264690
 164. 148.       -0.1998109509        0.1109809285
 164. 149.        0.1980800793        0.0062055758
 164. 150.       -0.1948860404        0.2152348897
 164. 151.       -0.3220405870       -0.3841628670
 164. 152.       -0.0829786992       -0.1340326668
 164. 153.        0.0532981825       -0.2841437795
 164. 154.       -0.5938367510       -0.1594889129
 164. 155.        0.0169602549       -0.0220131573
 164. 156.        0.3284553585        0.3429687944
 164. 157.       -0.2758998211       -0.0864358591
 164. 158.        0.5172491551       -0.4762226991
 164. 159.       -0.3962130301       -0.0118755269
 164. 160.        0.1171285352        0.1338980691
 164. 161.       -0.0337905544       -0.1914582943
 164. 162.       -0.0346981946       -0.0461484319
 164. 163.        0.0094339686        0.1371863555
 164. 164.        0.0012082421        0.0798969979
 165.   0.        0.1238975618        0.0000000000
 165.   1.        0.1414949846        0.1009294604
 165.   2.        0.2492028210        0.3789494856
 165.   3.        0.0680309863        0.2384977755
 165.   4.       -0.0441752112       -0.1250578764
 165.   5.       -0.0582562656       -0.1361390898
 165.   6.        0.1498368614        0.0115388890
 165.   7.        0.1403170342        0.2241134059
 165.   8.        0.0270909307       -0.0797376401
 165.   9.        0.0012972960       -0.1976089680
 165.  10.       -0.0792092109       -0.0345131562
 165.  11.        0.0736135656        0.0894759388
 165.  12.        0.1114594874       -0.2071825166
 165.  13.       -0.0513499725       -0.0245553200
 165.  14.       -0.1334652522       -0.0383926410
 165.  15.       -0.1301361227        0.0002889023
 165.  16.       -0.2651838901       -0.2050850012
 165.  17.        0.1356500964        0.0171184641
 165.  18.        0.0881407039        0.0615087393
 165.  19.       -0.0498348811       -0.0448525567
 165.  20.        0.2179129652        0.2194728457
 165.  21.       -0.0149370660        0.1203769932
 165.  22.       -0.2938878767        0.0582435747
 165.  23.        0.0586061283       -0.0907768187
 165.  24.       -0.0577885028        0.1067775835
 165.  25.        0.1035282357        0.2557085974
 165.  26.        0.1201391788       -0.0260877975
 165.  27.        0.0917423120        0.0344649864
 165.  28.       -0.1916657433        0.1367942543
 165.  29.       -0.0024623914       -0.0842277047
 165.  30.       -0.1204797980       -0.1086189149
 165.  31.        0.1080613864        0.1705302100
 165.  32.        0.0158203002        0.0273811662
 165.  33.       -0.2785406414       -0.1953003222
 165.  34.       -0.0063113154        0.1260898092
 165.  35.       -0.1405334415       -0.1243286199
 165.  36.       -0.1460110596        0.0167571321
 165.  37.        0.0279657369       -0.0917610722
 165.  38.       -0.3015388122       -0.1696049905
 165.  39.       -0.1865105668       -0.0143171465
 165.  40.        0.1251670286       -0.0914359348
 165.  41.        0.0762350614       -0.2975146916
 165.  42.        0.1652257570        0.1338683642
 165.  43.       -0.0592909479       -0.2037381055
 165.  44.        0.1388047327       -0.0985504424
 165.  45.        0.1536155529        0.1496114737
 165.  46.       -0.0547351289       -0.0991381407
 165.  47.       -0.0107957675       -0.1625655455
 165.  48.        0.0774220309       -0.1785105026
 165.  49.        0.0553026893       -0.1132874182
 165.  50.       -0.1600667507        0.1691578667
 165.  51.       -0.2692809172       -0.1639569990
 165.  52.       -0.0410644439        0.1815787198
 165.  53.        0.1716468405       -0.0642669453
 165.  54.        0.0281248522        0.0075177968
 165.  55.       -0.0080604384        0.2082982099
 165.  56.        0.1046636416       -0.1860400822
 165.  57.       -0.0043149427       -0.0608191427
 165.  58.       -0.1167459231        0.1205680639
 165.  59.        0.0072185305        0.0146238451
 165.  60.        0.1008924947        0.1108959753
 165.  61.        0.1316294613       -0.0427015858
 165.  62.       -0.0822394288        0.2609658007
 165.  63.       -0.0296830495       -0.1918778346
 165.  64.       -0.2628466965       -0.1006445046
 165.  65.        0.1226433912        0.3849480604
 165.  66.        0.0247307800       -0.2435516458
 165.  67.       -0.1047831334        0.0655529279
 165.  68.        0.2270762394        0.0205592500
 165.  69.       -0.3887081296       -0.2427989320
 165.  70.       -0.1342126047       -0.1154676381
 165.  71.        0.0014122598       -0.1612589124
 165.  72.        0.0143200608        0.1064039280
 165.  73.        0.0399609894       -0.0381645815
 165.  74.       -0.0571815932        0.0253830082
 165.  75.        0.0815003767        0.0642538574
 165.  76.        0.3211673444        0.2241894927
 165.  77.       -0.2312724143        0.0440489670
 165.  78.        0.0963923577       -0.1983820805
 165.  79.        0.2315958594       -0.1446558637
 165.  80.        0.1949734589       -0.0400629000
 165.  81.       -0.0062173166       -0.0281457965
 165.  82.       -0.1036246178       -0.2316718121
 165.  83.       -0.1255973459        0.1755195497
 165.  84.        0.2108370541       -0.0418509723
 165.  85.        0.1324847818       -0.2045185207
 165.  86.        0.1356699762        0.0905410306
 165.  87.        0.1514596973        0.0479711125
 165.  88.       -0.2117770254        0.0056911057
 165.  89.       -0.1953163309        0.0316406634
 165.  90.       -0.0004047657       -0.2405021144
 165.  91.       -0.2096783443       -0.1588854049
 165.  92.        0.0419328974       -0.0255766000
 165.  93.        0.0584837837        0.3391395362
 165.  94.       -0.1625059052        0.1010892045
 165.  95.        0.0167283881        0.1665015994
 165.  96.       -0.0941198296       -0.2019102075
 165.  97.        0.0355576360       -0.0920488039
 165.  98.        0.0094464490       -0.0399495242
 165.  99.       -0.2405605701        0.1177067344
 165. 100.        0.0395519427       -0.0108662832
 165. 101.        0.0309086554        0.1046265750
 165. 102.        0.1325809395        0.3057057205
 165. 103.       -0.2546816015        0.1029396167
 165. 104.       -0.2262890554        0.0947682317
 165. 105.       -0.1654501511        0.1592698033
 165. 106.        0.1950992169        0.0253593360
 165. 107.        0.0106883376       -0.2107255908
 165. 108.        0.1889976879        0.1436115471
 165. 109.       -0.1502434217       -0.1410974015
 165. 110.       -0.1976100697        0.0927983646
 165. 111.        0.1674559239        0.1442956038
 165. 112.       -0.2157003693       -0.0771379160
 165. 113.       -0.1183273666       -0.0639035956
 165. 114.       -0.1320103669       -0.2570862275
 165. 115.        0.0826060059       -0.0827925678
 165. 116.        0.2205096134       -0.0067867398
 165. 117.        0.0608386198        0.0895579221
 165. 118.        0.0934451421       -0.0222277094
 165. 119.       -0.1283385007       -0.1742734407
 165. 120.        0.0093833379        0.0831620019
 165. 121.       -0.4805117585        0.0844126186
 165. 122.       -0.5819679740        0.4090861669
 165. 123.        0.2602654810       -0.3634288008
 165. 124.       -0.0620361908       -0.1914716523
 165. 125.       -0.1278039619       -0.0836721753
 165. 126.       -0.1155886426       -0.0014593945
 165. 127.        0.0654900513       -0.1046213273
 165. 128.       -0.1971949529        0.0961512728
 165. 129.       -0.2405425660       -0.3464807695
 165. 130.       -0.0239728364        0.4645055869
 165. 131.        0.0405176946       -0.0515772942
 165. 132.       -0.6058603846       -0.0935881298
 165. 133.        0.0633073583       -0.1886090121
 165. 134.       -0.0106551476        0.1594627893
 165. 135.       -0.1685595938        0.3525599884
 165. 136.        0.0154754329       -0.1518150348
 165. 137.        0.1176993989        0.2388183997
 165. 138.        0.1954806197        0.1785709473
 165. 139.        0.1233175593       -0.0030197502
 165. 140.       -0.2026706038        0.2510557864
 165. 141.       -0.2575583747       -0.2030285599
 165. 142.       -0.0814408172        0.1978895448
 165. 143.        0.4887354340        0.1219756245
 165. 144.       -0.1497652849        0.5511354698
 165. 145.        0.1165604054        0.1406011395
 165. 146.        0.2277003997       -0.1275232822
 165. 147.        0.2164953769        0.2848133942
 165. 148.       -0.5919295026        0.0262001543
 165. 149.       -0.1576047856        0.1526641829
 165. 150.       -0.2156979463       -0.2771980700
 165. 151.        0.0871137940        0.1722919868
 165. 152.       -0.3238732445       -0.5580240874
 165. 153.        0.0269508934        0.2164631547
 165. 154.        0.2201907105       -0.3606400676
 165. 155.       -0.5181460253        0.1473084841
 165. 156.        0.3340782991       -0.0375728480
 165. 157.        0.4119580851        0.2448694396
 165. 158.       -0.3050708615       -0.1827352968
 165. 159.        0.0427007479       -0.3036743483
 165. 160.        0.1442681121       -0.1635467902
 165. 161.        0.2253780272       -0.0460300448
 165. 162.       -0.0116193502       -0.1015014864
 165. 163.        0.0972293121        0.0976590538
 165. 164.       -0.2738458470       -0.2337415253
 165. 165.        0.2734661324        0.1281011341
 166.   0.       -0.0615083373        0.0000000000
 166.   1.       -0.2074874386       -0.1088849457
 166.   2.        0.1849333977       -0.0653086287
 166.   3.        0.2577948666        0.1449938577
 166.   4.        0.1017362196        0.0139015497
 166.   5.       -0.2635565084       -0.0758173149
 166.   6.       -0.1473570352       -0.0707882356
 166.   7.        0.2621393513        0.0030884435
 166.   8.        0.1043870802       -0.0711905573
 166.   9.        0.0624158625       -0.2376644908
 166.  10.        0.0282507786       -0.0419459352
 166.  11.       -0.3412679719        0.2900312142
 166.  12.       -0.0747270958       -0.2325559656
 166.  13.        0.2185346209       -0.1412850906
 166.  14.        0.1349488610       -0.0327614242
 166.  15.       -0.1146265211       -0.0316039548
 166.  16.       -0.1945803574        0.0695785834
 166.  17.       -0.1314033037        0.1678577184
 166.  18.       -0.0988031084        0.3083374890
 166.  19.        0.0980070661       -0.1155175432
 166.  20.        0.1503679293        0.1632277205
 166.  21.        0.0967597408       -0.1115789506
 166.  22.       -0.0524662711        0.0112321980
 166.  23.        0.3104816638        0.0754955096
 166.  24.       -0.0001057134        0.0252204047
 166.  25.       -0.0256645052       -0.1819888746
 166.  26.        0.0033172789        0.2571726799
 166.  27.        0.1409328190        0.0027945371
 166.  28.       -0.2178298015       -0.2137574383
 166.  29.        0.0512791371       -0.1278325838
 166.  30.       -0.1123113095       -0.1350470400
 166.  31.       -0.0545167556       -0.1845603440
 166.  32.        0.1872482895        0.0551287057
 166.  33.       -0.1545677018       -0.1715275569
 166.  34.       -0.1670608803        0.1353696227
 166.  35.       -0.0244167110       -0.2621523462
 166.  36.       -0.0667983152       -0.1918611090
 166.  37.       -0.0779819474       -0.0430800907
 166.  38.        0.1071090182        0.0387409477
 166.  39.       -0.1359177948       -0.1149586973
 166.  40.       -0.0536486195       -0.1053983944
 166.  41.       -0.0095556893       -0.2231894603
 166.  42.        0.0352435041       -0.4569329966
 166.  43.       -0.0959654012       -0.0778674069
 166.  44.       -0.1268024650       -0.0532080459
 166.  45.       -0.1640869264       -0.1060660971
 166.  46.        0.3238311567        0.1782793627
 166.  47.        0.0856056982       -0.0306368000
 166.  48.       -0.1323453364       -0.0446603735
 166.  49.        0.0364380434       -0.1550337541
 166.  50.       -0.0669530143        0.1151357906
 166.  51.       -0.1319354100        0.0938464811
 166.  52.        0.2004855675        0.0271209989
 166.  53.        0.0716742242        0.0028689260
 166.  54.       -0.1794479660        0.0707607227
 166.  55.       -0.0359278682        0.1139627115
 166.  56.       -0.1512986025       -0.1966153712
 166.  57.        0.1211450152       -0.0695277590
 166.  58.        0.1568091812        0.1284174830
 166.  59.       -0.2249889857       -0.0490869376
 166.  60.        0.0502609229        0.1763138925
 166.  61.        0.1851048621       -0.1946868175
 166.  62.       -0.0425654754       -0.0035904314
 166.  63.        0.0119189695       -0.0837407782
 166.  64.       -0.0326545661       -0.3522658034
 166.  65.        0.1812327568       -0.1245303819
 166.  66.       -0.0893493751        0.2730686340
 166.  67.        0.0078499428        0.0653798879
 166.  68.        0.0157683485        0.1811680425
 166.  69.        0.0519016039       -0.2108818109
 166.  70.       -0.2837089614        0.0171473695
 166.  71.        0.2880479294       -0.1647679007
 166.  72.       -0.0067252443        0.1736773932
 166.  73.       -0.2185498890        0.1935366356
 166.  74.       -0.1976087434        0.0303382688
 166.  75.       -0.0015371961       -0.2924585908
 166.  76.       -0.0424967324        0.1118230239
 166.  77.        0.0068504818        0.0089709272
 166.  78.       -0.1940627185        0.0850576984
 166.  79.       -0.0225143065        0.1154560825
 166.  80.       -0.0542880910       -0.0592923046
 166.  81.       -0.2927126803        0.1532409331
 166.  82.       -0.2275463515       -0.3132172449
 166.  83.        0.0347245793       -0.2122510290
 166.  84.        0.1614387060        0.3713358424
 166.  85.       -0.0115070196       -0.0865134408
 166.  86.       -0.4203198342       -0.2712400524
 166.  87.        0.2916343748       -0.1976438361
 166.  88.        0.1874024649        0.1663831923
 166.  89.       -0.0037865347        0.1820395054
 166.  90.       -0.0424857325       -0.0058294560
 166.  91.       -0.0315875488        0.0373583266
 166.  92.        0.0578027349       -0.2319055603
 166.  93.       -0.0180185714        0.0604639189
 166.  94.       -0.0498511174        0.1355088407
 166.  95.        0.0705943889       -0.0805791249
 166.  96.       -0.0458700730        0.1772394609
 166.  97.        0.1651479309       -0.2780194590
 166.  98.        0.0807654600       -0.1748354534
 166.  99.        0.1626583858       -0.0684600622
 166. 100.       -0.3716401275        0.0324401363
 166. 101.        0.0799498459        0.0586749542
 166. 102.       -0.0286880046        0.0683146627
 166. 103.       -0.1228540847        0.1921771935
 166. 104.       -0.0335418117       -0.2066292130
 166. 105.       -0.0192823361        0.0025543791
 166. 106.       -0.0661349368        0.0140614782
 166. 107.       -0.1154289185       -0.0103183162
 166. 108.        0.0244986579        0.0083406175
 166. 109.        0.0477963336        0.1798962850
 166. 110.       -0.1204566961        0.0572441513
 166. 111.        0.0828622598       -0.2445736437
 166. 112.        0.3158390407        0.1032361476
 166. 113.       -0.1926929396       -0.1753695660
 166. 114.        0.0523221080        0.1502605815
 166. 115.        0.2924450789        0.2889412139
 166. 116.        0.2160436462       -0.1421170447
 166. 117.        0.0771414456       -0.1397443466
 166. 118.       -0.2894619100       -0.1747874586
 166. 119.       -0.1588266411        0.1552367606
 166. 120.        0.2049676617        0.0696118408
 166. 121.       -0.2103729073        0.1843673977
 166. 122.        0.0149993226       -0.2421885357
 166. 123.        0.1802056982        0.0864628242
 166. 124.        0.0636291544       -0.0800283716
 166. 125.       -0.2647988045       -0.0200384403
 166. 126.        0.3736647398       -0.1767862089
 166. 127.        0.1545273826       -0.0853370714
 166. 128.       -0.1587605207       -0.2338714464
 166. 129.        0.0474934898        0.0502893553
 166. 130.       -0.2962193223       -0.1822107993
 166. 131.        0.1317395780       -0.1761606151
 166. 132.        0.2986446977       -0.1170016119
 166. 133.       -0.2036270296        0.3038428036
 166. 134.       -0.2902296015        0.0380436530
 166. 135.       -0.2290776014        0.2504804845
 166. 136.        0.4100850101        0.0668744449
 166. 137.       -0.0307257577        0.0273051784
 166. 138.        0.0945176023       -0.0234994755
 166. 139.       -0.0649472560       -0.1997044251
 166. 140.       -0.1888375643        0.1026896462
 166. 141.       -0.1471909114       -0.0721965346
 166. 142.       -0.2713255964       -0.0665772163
 166. 143.        0.0612066414       -0.0682899080
 166. 144.        0.3149863949       -0.0425290941
 166. 145.       -0.2032573166        0.4587359821
 166. 146.       -0.2946099580        0.1273749344
 166. 147.       -0.2055138294       -0.3586081615
 166. 148.        0.3552784353       -0.0286954967
 166. 149.       -0.1954531871        0.1654899730
 166. 150.       -0.5204678739        0.0288123236
 166. 151.       -0.2836091330       -0.2338559848
 166. 152.        0.4830186009        0.1789813546
 166. 153.       -0.2412110247       -0.2057403283
 166. 154.       -0.3691635582        0.0879923972
 166. 155.       -0.3919819707        0.1542668704
 166. 156.        0.4072575573        0.1166001710
 166. 157.       -0.0931744391       -0.6212355277
 166. 158.        0.2851052876        0.4913145269
 166. 159.       -0.2588328755        0.1157988271
 166. 160.        0.3066713710        0.0086060035
 166. 161.        0.0073441875        0.0831556937
 166. 162.       -0.1902075681        0.0634412769
 166. 163.        0.1118268465       -0.0586356642
 166. 164.       -0.4156744342        0.3262586765
 166. 165.        0.1492479307        0.0852582969
 166. 166.       -0.0882915951        0.0329920666
 167.   0.       -0.1124259477        0.0000000000
 167.   1.       -0.1500054150       -0.0664702021
 167.   2.       -0.1055768178       -0.3221448232
 167.   3.        0.0005829485       -0.2950868698
 167.   4.        0.0764388717        0.1224064329
 167.   5.        0.1656990411        0.0724110747
 167.   6.       -0.2540969114       -0.0516378042
 167.   7.       -0.2102344316        0.0914996923
 167.   8.        0.0900733421        0.0441304633
 167.   9.        0.0207207871        0.0931496330
 167.  10.        0.0760918919       -0.0755569631
 167.  11.       -0.0294653656       -0.0346256367
 167.  12.       -0.0267270610        0.2383117683
 167.  13.       -0.0319812997        0.2019307574
 167.  14.        0.2022600007       -0.0074722243
 167.  15.       -0.1231348652        0.1583880049
 167.  16.        0.1294487033        0.0767243555
 167.  17.        0.0603936051       -0.0782275227
 167.  18.        0.1420309318        0.1505075773
 167.  19.       -0.0453362788        0.2419722568
 167.  20.       -0.1615631374       -0.2490449012
 167.  21.        0.1367252932       -0.0494265075
 167.  22.        0.2455090769       -0.0624116144
 167.  23.        0.0247503388       -0.0245439454
 167.  24.        0.0976283031       -0.0590174067
 167.  25.       -0.0588972532        0.0838321698
 167.  26.       -0.0176273696       -0.0819148776
 167.  27.       -0.1146802336        0.0977179836
 167.  28.        0.1934387984       -0.0202465712
 167.  29.       -0.0651712580        0.1483436350
 167.  30.        0.0337247205        0.0618722262
 167.  31.        0.0333890661       -0.1929486956
 167.  32.       -0.1627118004       -0.0376608426
 167.  33.        0.2653563829       -0.1436632921
 167.  34.        0.0613428669       -0.0367169450
 167.  35.       -0.0257178868        0.1497261820
 167.  36.        0.0685456001       -0.2421879142
 167.  37.       -0.4781015714        0.1101684643
 167.  38.        0.0179010492        0.0109640296
 167.  39.        0.4385612863        0.0257798234
 167.  40.        0.1023216485        0.0092885746
 167.  41.        0.2432239235        0.1842102059
 167.  42.       -0.2138510658        0.0851028719
 167.  43.        0.0293849578       -0.1433648336
 167.  44.       -0.0385912905       -0.0386905720
 167.  45.       -0.0334392440       -0.2329186622
 167.  46.        0.1220649747        0.0427723194
 167.  47.        0.2146856686        0.1505111342
 167.  48.        0.0288102035       -0.0856587678
 167.  49.       -0.0018698676        0.0708986698
 167.  50.        0.0678794802       -0.1489550456
 167.  51.        0.2306234942        0.2864636412
 167.  52.        0.0054705347        0.0951178685
 167.  53.        0.3496478795       -0.1781762968
 167.  54.        0.1804561887        0.0658701950
 167.  55.       -0.2324225735       -0.0609007460
 167.  56.       -0.2060728782       -0.3030841374
 167.  57.        0.0544364012        0.1550286267
 167.  58.        0.0915547976        0.2029711517
 167.  59.        0.2935854097        0.0282003814
 167.  60.       -0.4398502098       -0.1116186361
 167.  61.       -0.2232639611        0.0799546966
 167.  62.        0.0195549152        0.0642695703
 167.  63.        0.0501749466        0.1987761850
 167.  64.        0.0360257278        0.1892556298
 167.  65.       -0.0483650377       -0.4926165153
 167.  66.       -0.0659012744        0.2764790458
 167.  67.       -0.0295072662        0.1655780994
 167.  68.       -0.2267462272       -0.1875391233
 167.  69.       -0.0481062675        0.2625165516
 167.  70.       -0.0832424981       -0.1451839415
 167.  71.       -0.0495712034       -0.0721943404
 167.  72.        0.0468444349       -0.2116055000
 167.  73.        0.3325069790       -0.0952884291
 167.  74.       -0.0377157490        0.1747107490
 167.  75.        0.1497272861       -0.2230260276
 167.  76.       -0.3289456817       -0.1367850462
 167.  77.       -0.0468342217        0.0111491422
 167.  78.        0.2506687262       -0.1597570206
 167.  79.        0.0099182466        0.2267934227
 167.  80.        0.0136321442       -0.0766507088
 167.  81.        0.0740863957        0.1018832753
 167.  82.        0.1117869967        0.0380178186
 167.  83.       -0.0160286499        0.1082320998
 167.  84.       -0.2767780244       -0.2314624961
 167.  85.        0.0656364037        0.2160050340
 167.  86.       -0.0860812500       -0.1045574807
 167.  87.       -0.1094453273       -0.1126733234
 167.  88.        0.1218876578        0.0441258666
 167.  89.       -0.1124555691       -0.2210539406
 167.  90.       -0.0943289457        0.2748424557
 167.  91.        0.1722515681        0.0386010458
 167.  92.       -0.1898622463       -0.1015974197
 167.  93.        0.2444092957        0.0044293647
 167.  94.       -0.1988170022       -0.3007417954
 167.  95.        0.2935679508       -0.1278615729
 167.  96.       -0.2083225475       -0.0021120316
 167.  97.        0.1200119392        0.2815913299
 167.  98.       -0.2007254467        0.2065753953
 167.  99.        0.1008201337       -0.2366459638
 167. 100.       -0.0219190895        0.0201820977
 167. 101.       -0.0344421063        0.2163403240
 167. 102.        0.0180466027       -0.1568676094
 167. 103.       -0.2373485362        0.2434817462
 167. 104.        0.0583798310       -0.0394095001
 167. 105.        0.1376097638       -0.4490908902
 167. 106.        0.0895718088        0.1061757046
 167. 107.       -0.0276940455       -0.0764769818
 167. 108.       -0.1074696758       -0.0013499622
 167. 109.       -0.1041745563        0.1268150728
 167. 110.        0.0203602060       -0.2750862113
 167. 111.       -0.0877995103        0.0693834325
 167. 112.        0.0959710096        0.0414288592
 167. 113.       -0.1208163165       -0.0597271389
 167. 114.       -0.0890251236       -0.0416823374
 167. 115.        0.0871065034        0.0735769357
 167. 116.       -0.0162602810       -0.2992796453
 167. 117.       -0.0402940070       -0.3675555518
 167. 118.        0.1899475900        0.2601301313
 167. 119.        0.0935606604        0.0349759126
 167. 120.       -0.0545356682       -0.3075628131
 167. 121.       -0.4112698805       -0.1254453499
 167. 122.        0.3563312679        0.2405214901
 167. 123.        0.0016371370       -0.2298734826
 167. 124.       -0.0264304142       -0.2035407330
 167. 125.        0.1141461583       -0.1166118546
 167. 126.        0.0108503677       -0.0449022890
 167. 127.        0.4350558294       -0.1549533538
 167. 128.        0.2147398212       -0.2379579133
 167. 129.       -0.2290918577       -0.0402101970
 167. 130.       -0.0658917197        0.2894339861
 167. 131.       -0.2414482133        0.2107503351
 167. 132.       -0.0391088601        0.0506521141
 167. 133.        0.1793520011        0.0198215559
 167. 134.       -0.0543792863        0.4132516831
 167. 135.        0.0196813315        0.0993923361
 167. 136.       -0.0827467128        0.1838637075
 167. 137.        0.3539634915       -0.1744427410
 167. 138.       -0.4014899449       -0.0798254204
 167. 139.        0.1306062403        0.1218004090
 167. 140.       -0.0533070566       -0.1812252695
 167. 141.       -0.2239007364        0.2564258741
 167. 142.        0.5844556018       -0.0313634620
 167. 143.       -0.4765867136        0.3469537161
 167. 144.        0.1070520132        0.1503632496
 167. 145.       -0.0052088506       -0.2857655150
 167. 146.       -0.3121352449        0.2255420391
 167. 147.       -0.4565893215       -0.2772997524
 167. 148.       -0.0415743593       -0.2359320847
 167. 149.        0.4181399340        0.0215989444
 167. 150.       -0.0344465750       -0.1359577441
 167. 151.        0.1261725418        0.0049175607
 167. 152.       -0.2871933268       -0.4435346755
 167. 153.        0.4116703276        0.3338201468
 167. 154.        0.0267386607       -0.0754875488
 167. 155.       -0.7310414267        0.2428053560
 167. 156.        0.1659062447       -0.1323011182
 167. 157.        0.5523936415       -0.2322862016
 167. 158.       -0.8009496503       -0.3938858094
 167. 159.        0.1774049513        0.1333363823
 167. 160.       -0.4766212003       -0.0901533363
 167. 161.       -0.0830182418        0.1411294706
 167. 162.        0.1905513469       -0.0817367535
 167. 163.        0.1041876250        0.2813752551
 167. 164.        0.0248915871        0.3088731109
 167. 165.        0.0766566548       -0.0891350023
 167. 166.        0.1677943824       -0.1482426768
 167. 167.       -0.0590848532       -0.1485106695
 168.   0.       -0.1728754463        0.0000000000
 168.   1.        0.2179767758       -0.0745176603
 168.   2.       -0.2528439023        0.0043852143
 168.   3.       -0.1532541317       -0.1565843041
 168.   4.       -0.1788362946       -0.1210661911
 168.   5.        0.1101502646       -0.0320750329
 168.   6.        0.1134142415        0.0386488160
 168.   7.       -0.1900561534        0.0043579477
 168.   8.       -0.1118466833        0.2119632067
 168.   9.       -0.0769968374       -0.0151052632
 168.  10.        0.0079392841        0.0862847777
 168.  11.        0.3317819062       -0.0474731922
 168.  12.        0.1405549428        0.1767636378
 168.  13.       -0.1423291061        0.2031918667
 168.  14.       -0.1160324945        0.2335126467
 168.  15.        0.0152918413        0.0747608418
 168.  16.        0.1302909017       -0.0540475457
 168.  17.        0.2203241798       -0.0390935055
 168.  18.        0.0733326875       -0.1916354889
 168.  19.        0.0697291637        0.1096737417
 168.  20.        0.1052500577       -0.1070253331
 168.  21.       -0.0342163082        0.0542169570
 168.  22.       -0.0301406229        0.0101065114
 168.  23.       -0.2905127798        0.1285464090
 168.  24.       -0.0298464043       -0.2120479754
 168.  25.        0.0845131186        0.0865166169
 168.  26.        0.0589534366        0.0631766562
 168.  27.       -0.1173036121       -0.0867760077
 168.  28.        0.0810192767        0.1901530511
 168.  29.        0.0321564163        0.0060039730
 168.  30.       -0.1247485805        0.0187637470
 168.  31.       -0.0468276306        0.2470083671
 168.  32.       -0.1783146382       -0.0580355521
 168.  33.       -0.1084956247        0.2833167207
 168.  34.        0.1901608302       -0.1842346441
 168.  35.        0.0594096407       -0.0028547893
 168.  36.       -0.1334147696       -0.0125066102
 168.  37.        0.0482314229        0.1287000040
 168.  38.        0.0052998960        0.0054753529
 168.  39.        0.0211810097       -0.0532709738
 168.  40.        0.2121833368       -0.0531344804
 168.  41.       -0.0814926696        0.0145976551
 168.  42.        0.1221001729        0.1717970645
 168.  43.        0.1310886752        0.1061208678
 168.  44.       -0.0092708703       -0.2162279393
 168.  45.        0.2060010142        0.1746567339
 168.  46.       -0.3077126438       -0.1656117861
 168.  47.       -0.1417805011        0.1281591697
 168.  48.        0.1824887562       -0.0059852635
 168.  49.        0.0158788736        0.0534815630
 168.  50.        0.1921575422       -0.0414223340
 168.  51.        0.0683413611       -0.1252620267
 168.  52.        0.0002313853        0.0438050948
 168.  53.       -0.0413052545        0.2473366203
 168.  54.        0.2960463049       -0.0031939498
 168.  55.        0.1324263062        0.0183477097
 168.  56.        0.1374177383        0.1557988425
 168.  57.       -0.1212511611        0.0069729958
 168.  58.       -0.2360455674       -0.2365432326
 168.  59.        0.3265501816        0.1385368612
 168.  60.       -0.0215241452       -0.1332212843
 168.  61.       -0.2175634795        0.0389178064
 168.  62.        0.0936653120       -0.0406965176
 168.  63.        0.1160217403        0.1494542059
 168.  64.        0.1985303789        0.1320618652
 168.  65.       -0.0379452779        0.0669571487
 168.  66.       -0.0552298563       -0.3668843109
 168.  67.        0.2534795663        0.2359366415
 168.  68.       -0.0429758614        0.1787528845
 168.  69.       -0.1383096702       -0.0869942067
 168.  70.        0.1558178393       -0.0799472957
 168.  71.       -0.0141295868       -0.0190869037
 168.  72.       -0.1863245467        0.1446120746
 168.  73.        0.0989085686       -0.1797619734
 168.  74.       -0.0338623135        0.0980694438
 168.  75.        0.0206459043        0.1532897786
 168.  76.        0.0685936003       -0.1837727168
 168.  77.       -0.0314206545       -0.0542901639
 168.  78.        0.1697196748       -0.1170539753
 168.  79.       -0.0117149834       -0.1870018123
 168.  80.       -0.0601141554       -0.0703169724
 168.  81.        0.1914782873       -0.1742315698
 168.  82.        0.0063703328        0.1529675365
 168.  83.       -0.1600886405        0.2619857779
 168.  84.       -0.0593111943       -0.1191731552
 168.  85.       -0.0694513568       -0.1370101426
 168.  86.        0.1136204409        0.1883705320
 168.  87.       -0.0559610894        0.3635004097
 168.  88.       -0.2312604917       -0.2646554896
 168.  89.        0.0062644141        0.0187872231
 168.  90.        0.0024264594       -0.1124753335
 168.  91.        0.1047255740        0.1404942270
 168.  92.        0.3065130215       -0.0255757349
 168.  93.        0.0456791568       -0.0623242253
 168.  94.       -0.1854954198        0.1298888691
 168.  95.        0.0214303966       -0.0440202091
 168.  96.       -0.1394246139        0.1282778627
 168.  97.       -0.0741923451       -0.1183567995
 168.  98.       -0.2457740483        0.1133477303
 168.  99.       -0.0703300976       -0.0688703653
 168. 100.        0.3080543895       -0.0459741751
 168. 101.       -0.2030286278       -0.3572751725
 168. 102.        0.2884556422       -0.0523657136
 168. 103.        0.4892815155       -0.1012741970
 168. 104.       -0.0945016771        0.2379703300
 168. 105.        0.0554725866        0.1669976897
 168. 106.        0.0397539698       -0.0835671708
 168. 107.       -0.0455775052        0.0003657523
 168. 108.        0.0305446514       -0.3039254176
 168. 109.       -0.0517050781        0.0320721830
 168. 110.        0.0051936825       -0.0796244015
 168. 111.       -0.0681490824       -0.1238643592
 168. 112.       -0.1673969113       -0.0796723741
 168. 113.        0.2693781983        0.0306700526
 168. 114.        0.1391315877       -0.0825578571
 168. 115.        0.1184880866        0.2321110544
 168. 116.        0.2014057192       -0.1324369482
 168. 117.       -0.2255819799       -0.2245808925
 168. 118.        0.2943870223       -0.0316745954
 168. 119.       -0.3767270755       -0.1238273429
 168. 120.        0.0481654489       -0.1499084817
 168. 121.        0.0632567674       -0.1728852646
 168. 122.       -0.1414125948        0.0681626065
 168. 123.       -0.0907295729       -0.1517202996
 168. 124.        0.0441382738       -0.1834691229
 168. 125.        0.2991503161        0.2989676462
 168. 126.        0.0799575101        0.1804467943
 168. 127.       -0.3380620841        0.1968265635
 168. 128.        0.1241699225       -0.0827345582
 168. 129.        0.0022563168       -0.0838020973
 168. 130.        0.1843219985        0.5714749616
 168. 131.        0.2882393217       -0.1105816071
 168. 132.        0.0203012513        0.0873254664
 168. 133.        0.0024134248       -0.1228010220
 168. 134.        0.0257742650       -0.0226470423
 168. 135.        0.1557595623        0.1579668108
 168. 136.       -0.0504657734        0.1838006525
 168. 137.       -0.2419055446        0.2145225017
 168. 138.        0.3921053846       -0.2248242210
 168. 139.       -0.0832797949        0.5132436481
 168. 140.        0.1664740127        0.0434757927
 168. 141.        0.0704171687       -0.2445014766
 168. 142.       -0.4084042149        0.2862785286
 168. 143.        0.2900149659       -0.1734488045
 168. 144.        0.0068293301        0.0456074679
 168. 145.       -0.3036512815       -0.1185473620
 168. 146.        0.1007730710        0.0427102274
 168. 147.        0.0720122213        0.2260989009
 168. 148.       -0.1197805147        0.2866394141
 168. 149.        0.3216334093       -0.2241709645
 168. 150.        0.0789294439       -0.5278092429
 168. 151.        0.1926084781        0.1854288748
 168. 152.       -0.0881878538        0.3091551739
 168. 153.       -0.3650722737       -0.0002356778
 168. 154.        0.1318485131       -0.4304781654
 168. 155.        0.2266197371       -0.3269288190
 168. 156.       -0.0597996579       -0.2265655318
 168. 157.       -0.2992336661       -0.4939242208
 168. 158.        0.5836840815        0.3609087610
 168. 159.       -0.1792375366       -0.1508352597
 168. 160.        0.3239772789        0.1156976117
 168. 161.       -0.0579075123        0.1545448986
 168. 162.       -0.2416350728        0.0530179145
 168. 163.        0.0525013592        0.4005374717
 168. 164.        0.1251666834       -0.0383873927
 168. 165.        0.2363705769        0.0508024491
 168. 166.       -0.1594750581       -0.0581302306
 168. 167.        0.0591714793       -0.3012558037
 168. 168.        0.7236910464        0.1094505121
 169.   0.       -0.0581617914        0.0000000000
 169.   1.       -0.1175330532        0.0413802933
 169.   2.       -0.0618202041        0.0890977641
 169.   3.        0.0984136915        0.2254446560
 169.   4.       -0.1182127382       -0.0019663887
 169.   5.       -0.0907375256        0.0719053149
 169.   6.        0.1766174688        0.0435520852
 169.   7.        0.0778055551       -0.3166037906
 169.   8.       -0.1054730725        0.0486255644
 169.   9.        0.1092757209        0.1010782249
 169.  10.       -0.0427067252        0.1145085985
 169.  11.        0.0092133432       -0.0587411053
 169.  12.       -0.0042482874       -0.2738011679
 169.  13.        0.0627300553       -0.1689429439
 169.  14.       -0.1709686410        0.0497848340
 169.  15.        0.2702413295       -0.0429233765
 169.  16.        0.1114841400        0.0543306590
 169.  17.       -0.1631137575        0.1206319998
 169.  18.       -0.0377923153       -0.1399705590
 169.  19.       -0.0305765592       -0.2232918155
 169.  20.        0.0727372814        0.0911511006
 169.  21.       -0.1551724350        0.0208478488
 169.  22.        0.0518781291       -0.0514565752
 169.  23.       -0.0854233608        0.1192843813
 169.  24.       -0.0817450568       -0.0174633728
 169.  25.       -0.0549384873       -0.2832428827
 169.  26.       -0.0663435840        0.1582319166
 169.  27.        0.0162992834       -0.1361411570
 169.  28.       -0.0634822820        0.0416250188
 169.  29.        0.0582578900       -0.0295306762
 169.  30.        0.1982957536       -0.1302791417
 169.  31.       -0.2404997258        0.0293830122
 169.  32.        0.2177636592        0.0841600613
 169.  33.       -0.1480132535        0.1678104588
 169.  34.       -0.1589042666        0.0759745602
 169.  35.        0.2311514851       -0.1249089881
 169.  36.       -0.0096292735       -0.0371333754
 169.  37.        0.1190773828        0.0193916167
 169.  38.       -0.0300280561        0.2973065349
 169.  39.       -0.0832384287       -0.0551919650
 169.  40.       -0.0649985791       -0.0904800825
 169.  41.       -0.3498594452       -0.2622390824
 169.  42.       -0.0938943799        0.0131511486
 169.  43.        0.0713486275        0.1129803729
 169.  44.        0.0331084644       -0.1289937053
 169.  45.       -0.0611819672        0.2455985217
 169.  46.        0.1038165728        0.0632423020
 169.  47.       -0.1533424851       -0.0356425638
 169.  48.       -0.1362323822        0.0098479062
 169.  49.       -0.0499077028       -0.0184777214
 169.  50.        0.0788994275        0.1086112946
 169.  51.       -0.0483054910        0.1266802204
 169.  52.       -0.0528074083        0.1490701503
 169.  53.       -0.0984191726       -0.0911332648
 169.  54.       -0.1303615949        0.1282676403
 169.  55.        0.1912010269       -0.1555607677
 169.  56.        0.0730764566        0.2355943693
 169.  57.       -0.1521837052       -0.0394920363
 169.  58.       -0.1131840960       -0.0459361792
 169.  59.       -0.1650045913        0.1205567612
 169.  60.        0.0185781853        0.0917899173
 169.  61.       -0.0702805010        0.0191215668
 169.  62.        0.0644491083       -0.0224013394
 169.  63.        0.0645500033       -0.0415247887
 169.  64.        0.1248527421       -0.0718385233
 169.  65.       -0.2369365345        0.2258432761
 169.  66.        0.0220198232       -0.2654801777
 169.  67.       -0.0917244630       -0.2842176764
 169.  68.        0.1826622986        0.1397585476
 169.  69.        0.0128783612       -0.0993486551
 169.  70.       -0.0134455968        0.3412779880
 169.  71.        0.3018610325        0.0489338945
 169.  72.        0.1006096889        0.1277866710
 169.  73.       -0.3753863375       -0.0564484950
 169.  74.        0.3437716830       -0.0567161067
 169.  75.       -0.2543165304        0.0994258501
 169.  76.        0.0553921950        0.1578893433
 169.  77.        0.0722574986        0.0325763563
 169.  78.        0.1718406209       -0.1232975331
 169.  79.        0.0653275808       -0.0101715265
 169.  80.       -0.0719958076       -0.0589755487
 169.  81.       -0.0835141904       -0.0054813881
 169.  82.        0.1879214414       -0.1387310240
 169.  83.       -0.2593617311        0.0016289623
 169.  84.        0.1660159564       -0.0077829122
 169.  85.        0.1431259208        0.1994871861
 169.  86.        0.0368879823       -0.1040670230
 169.  87.        0.0653044497        0.0760807925
 169.  88.        0.0566854026        0.1416087862
 169.  89.        0.0878487289       -0.0178913277
 169.  90.       -0.2689511396       -0.2005924081
 169.  91.        0.0865178396       -0.0457290985
 169.  92.        0.1069093911        0.1388776392
 169.  93.       -0.0996252171        0.0435009886
 169.  94.        0.0121313705       -0.2931451299
 169.  95.        0.0450323367       -0.0257500941
 169.  96.       -0.0005102506        0.0748256676
 169.  97.       -0.1787709663       -0.0887551970
 169.  98.        0.0920936755        0.0701966214
 169.  99.       -0.2231794555        0.0116892328
 169. 100.        0.1499120391        0.0833521276
 169. 101.        0.2402713846        0.0961780603
 169. 102.       -0.0468341483       -0.1336163621
 169. 103.       -0.0275617474       -0.1278962799
 169. 104.        0.1038239499       -0.1356562871
 169. 105.       -0.2257028629        0.3210493419
 169. 106.        0.2205821504       -0.1566018883
 169. 107.       -0.1348137278        0.0396996845
 169. 108.       -0.3359801211        0.0271802691
 169. 109.        0.1106869081       -0.1641995654
 169. 110.       -0.2778572646        0.0955819990
 169. 111.        0.2735435974        0.0142007897
 169. 112.       -0.0859124588       -0.1391577248
 169. 113.       -0.3581949908        0.0791843464
 169. 114.        0.0705267210        0.2408405778
 169. 115.       -0.0125312746        0.1786686287
 169. 116.        0.1851904262       -0.2834024553
 169. 117.       -0.1280542627        0.2247367828
 169. 118.        0.0526184248       -0.0874865376
 169. 119.       -0.2794454091       -0.0455569900
 169. 120.       -0.2625622650        0.1494358375
 169. 121.        0.0119535250        0.0552067398
 169. 122.       -0.0900668748       -0.0560758973
 169. 123.       -0.1454682262       -0.1859880512
 169. 124.       -0.0702265465        0.2060743267
 169. 125.       -0.2672235207       -0.1260576714
 169. 126.        0.2301196417       -0.0373260719
 169. 127.       -0.0869158479        0.0647251089
 169. 128.        0.0748041892       -0.0648678165
 169. 129.       -0.1345750428        0.2037974755
 169. 130.       -0.0460007952       -0.0622525476
 169. 131.        0.1535548980        0.6387549396
 169. 132.        0.0660280725       -0.0597105633
 169. 133.       -0.1957227121       -0.1624746739
 169. 134.       -0.0850387694       -0.1984321208
 169. 135.       -0.1257512979       -0.1676025419
 169. 136.        0.4800385013        0.3181565724
 169. 137.       -0.0578272317       -0.0622078556
 169. 138.       -0.3174755119        0.1718585784
 169. 139.        0.0826733800       -0.4235496865
 169. 140.       -0.1455220119        0.1904042338
 169. 141.        0.3457574507        0.4142021694
 169. 142.       -0.0808058010        0.0322166030
 169. 143.       -0.0634888884       -0.0265741313
 169. 144.       -0.0608122450       -0.1401047038
 169. 145.        0.0383790983        0.1635504281
 169. 146.       -0.3726277477       -0.1167117872
 169. 147.       -0.4030668682        0.1362004930
 169. 148.        0.0722993751        0.0120832593
 169. 149.        0.0069739446       -0.0597628836
 169. 150.       -0.1115575004       -0.0736053583
 169. 151.       -0.0698936174        0.4615404373
 169. 152.        0.0185888619       -0.0745418380
 169. 153.       -0.2332814757        0.3508895764
 169. 154.       -0.2468116054        0.2182014828
 169. 155.       -0.1755607037       -0.5674539497
 169. 156.        0.0947251538        0.0521922537
 169. 157.        0.0998441547       -0.1846855830
 169. 158.       -0.5864906070       -0.2891093652
 169. 159.       -0.0100164015       -0.1443117662
 169. 160.       -0.2031967076        0.2222284236
 169. 161.        0.0020557575       -0.3326960942
 169. 162.        0.4675465267        0.4472180543
 169. 163.       -0.1857788301       -0.0394408564
 169. 164.        0.2050860892        0.3538193977
 169. 165.       -0.1944449154        0.0194271605
 169. 166.       -0.0002056229       -0.0667103958
 169. 167.       -0.1916757919        0.0100982560
 169. 168.       -0.0587110214        0.2646924315
 169. 169.        0.2370016317        0.1855669464
 170.   0.        0.1192553080        0.0000000000
 170.   1.        0.0739484810        0.1395384684
 170.   2.        0.0926536245       -0.1668753153
 170.   3.       -0.0816982917        0.0875876580
 170.   4.        0.1373966639        0.1226319484
 170.   5.       -0.0560083849        0.0146007216
 170.   6.       -0.0374566990        0.0426412501
 170.   7.        0.0604208485        0.0271642393
 170.   8.        0.0884835097       -0.2943815219
 170.   9.       -0.0569235382        0.2462190312
 170.  10.       -0.1145743486       -0.1260632450
 170.  11.       -0.1389763951        0.0106187406
 170.  12.       -0.0411034860       -0.0053018414
 170.  13.       -0.1063482341       -0.1294977200
 170.  14.       -0.0745425710       -0.1538391601
 170.  15.        0.0263424097       -0.0110259100
 170.  16.        0.0110672184       -0.0904512783
 170.  17.       -0.0868038281       -0.0464377659
 170.  18.       -0.0191594198        0.0823336285
 170.  19.       -0.0557612103       -0.0423299855
 170.  20.        0.0325812262        0.1126575432
 170.  21.        0.1116789578        0.1078712154
 170.  22.       -0.0112411637        0.0298648061
 170.  23.        0.0889408605       -0.1117367940
 170.  24.        0.0484787012        0.2942462834
 170.  25.        0.0827339806       -0.0859442246
 170.  26.        0.0334742785       -0.2444979891
 170.  27.        0.1039426365        0.1436064875
 170.  28.        0.0149182581       -0.2137218142
 170.  29.       -0.0606992944        0.1060286719
 170.  30.        0.1068776566        0.0217929521
 170.  31.        0.0236876472       -0.2307069179
 170.  32.        0.0254599896        0.1615000389
 170.  33.        0.1821100498       -0.1987565121
 170.  34.       -0.0357109459        0.0695052350
 170.  35.        0.0941067247        0.0465038554
 170.  36.        0.0877133929       -0.2202521309
 170.  37.       -0.2541155478       -0.1349000211
 170.  38.       -0.1901138746        0.1715406943
 170.  39.        0.2898441692        0.2754725202
 170.  40.       -0.1303843806       -0.1060726540
 170.  41.        0.2352362117       -0.1282226851
 170.  42.       -0.1462637799       -0.0389189261
 170.  43.       -0.1417576957       -0.1438427559
 170.  44.        0.0160747885        0.0564051644
 170.  45.        0.0675720929       -0.1287785295
 170.  46.        0.1271514422        0.0401628055
 170.  47.        0.0564801097        0.0162637741
 170.  48.        0.0123434222       -0.0261478383
 170.  49.       -0.1515001022        0.0523274562
 170.  50.        0.0664880896       -0.0685590169
 170.  51.        0.0892482786       -0.0945759970
 170.  52.       -0.1052008741        0.1105486516
 170.  53.       -0.1453064066       -0.2553417646
 170.  54.       -0.0772414797       -0.0229794475
 170.  55.       -0.0863025403        0.0210386245
 170.  56.       -0.0316157498       -0.1001435317
 170.  57.       -0.0616455172        0.0253713324
 170.  58.        0.1065687680        0.1080997065
 170.  59.        0.0485597511       -0.1884222721
 170.  60.        0.1027667576       -0.0214989769
 170.  61.        0.1278319577       -0.0472767082
 170.  62.        0.1288680920       -0.0332140472
 170.  63.        0.0927301955        0.0204619566
 170.  64.       -0.0292351383       -0.0080014726
 170.  65.        0.1737040794       -0.1145584417
 170.  66.       -0.1159205282        0.2920636404
 170.  67.       -0.0262451898       -0.3206419733
 170.  68.        0.0216138145       -0.0353413098
 170.  69.       -0.0280207807        0.0877186772
 170.  70.       -0.1053661769        0.0441989966
 170.  71.       -0.2333140439        0.0573540885
 170.  72.        0.3096702598       -0.1564806528
 170.  73.       -0.0691774818        0.1755604342
 170.  74.       -0.1273598214        0.0338648815
 170.  75.        0.0817841757       -0.1520171675
 170.  76.        0.0911495079        0.1757971860
 170.  77.        0.1211580521        0.0696670106
 170.  78.       -0.1016549470        0.1338999504
 170.  79.        0.0720675854        0.2231290503
 170.  80.        0.2966202923        0.0969934017
 170.  81.       -0.0112150070        0.1023038976
 170.  82.        0.0785073176        0.1943896780
 170.  83.        0.2315923168       -0.2206934166
 170.  84.        0.1040605304       -0.1273967797
 170.  85.       -0.1219218695        0.1663102088
 170.  86.       -0.1461300554       -0.0777726291
 170.  87.        0.0271392142       -0.3305833622
 170.  88.       -0.0340173939        0.0947922690
 170.  89.       -0.0572879095       -0.1080331340
 170.  90.        0.1580852250       -0.0195737494
 170.  91.       -0.1222860424       -0.2101004059
 170.  92.       -0.0204178770        0.0269742991
 170.  93.       -0.2374475264        0.2952693797
 170.  94.        0.0235190546        0.2625881106
 170.  95.       -0.1822704202       -0.0156588972
 170.  96.        0.1103956645        0.1573593797
 170.  97.        0.0475263247       -0.1169241440
 170.  98.        0.1758664436       -0.0274371521
 170.  99.       -0.1369643197       -0.2189331482
 170. 100.       -0.0421933130       -0.1083713046
 170. 101.        0.1557439844       -0.1396696779
 170. 102.        0.0624913936        0.1611860030
 170. 103.       -0.2530804257       -0.0486111705
 170. 104.       -0.1141741385        0.0431390190
 170. 105.       -0.3036991398        0.1012997395
 170. 106.       -0.0806843885        0.1083657695
 170. 107.       -0.0355928970       -0.0895213175
 170. 108.       -0.1271117882       -0.0169001430
 170. 109.        0.2785917961       -0.1154019668
 170. 110.       -0.1106796502        0.1535516456
 170. 111.        0.2738864511        0.0235258633
 170. 112.        0.1295268565       -0.2212195403
 170. 113.        0.1437169215       -0.0315667509
 170. 114.       -0.0271257183       -0.1288320647
 170. 115.       -0.3223959381        0.1151933417
 170. 116.       -0.1568725401        0.0425894608
 170. 117.        0.2049256223       -0.0112372319
 170. 118.        0.0770712722        0.1055683581
 170. 119.        0.2053091722        0.0767017722
 170. 120.       -0.1819208504        0.1449197298
 170. 121.        0.0521846410       -0.0648528319
 170. 122.        0.0342272387       -0.0203125862
 170. 123.       -0.1036101243        0.0389341276
 170. 124.        0.0033726319       -0.2545377703
 170. 125.        0.2467938582       -0.0684326533
 170. 126.       -0.1848418397        0.0217382476
 170. 127.        0.1974230771        0.0317227421
 170. 128.       -0.2417990540       -0.3091794224
 170. 129.        0.0870329690        0.0118455171
 170. 130.        0.1930575187       -0.3088490466
 170. 131.       -0.2240964708        0.1555662824
 170. 132.       -0.1783703269        0.1588382476
 170. 133.       -0.0656301810       -0.1682134019
 170. 134.        0.0583201443        0.1676758860
 170. 135.       -0.1977601673       -0.1917741503
 170. 136.       -0.2461664804       -0.1568224833
 170. 137.        0.4717202240       -0.1700220861
 170. 138.       -0.0426221959       -0.1189440951
 170. 139.        0.0444014508        0.1153938072
 170. 140.        0.2010516922       -0.7048856205
 170. 141.       -0.0786649481       -0.0346548515
 170. 142.        0.4580265229        0.1394224596
 170. 143.       -0.3025757452       -0.0040299729
 170. 144.       -0.2442498900        0.2529823630
 170. 145.        0.0418523252       -0.1461969541
 170. 146.        0.1455475634        0.2799969248
 170. 147.        0.2717862572        0.3853006767
 170. 148.       -0.5363216012        0.1463397646
 170. 149.       -0.1273341241       -0.4396748561
 170. 150.       -0.3226056395       -0.1733804936
 170. 151.        0.2169743548        0.2273532997
 170. 152.       -0.6246871931        0.3032479609
 170. 153.       -0.0009640368        0.0899650728
 170. 154.       -0.2508572053       -0.1628356075
 170. 155.        0.0978228436        0.3145321192
 170. 156.       -0.1430154199       -0.4747870996
 170. 157.        0.1959517772        0.1857394612
 170. 158.        0.2115395283        0.2234196196
 170. 159.       -0.3823667190        0.0267593764
 170. 160.        0.3214466739       -0.4065380261
 170. 161.       -0.0170718035        0.2798525247
 170. 162.       -0.0251033125       -0.3945191312
 170. 163.        0.1275113271        0.3830856607
 170. 164.       -0.0445382054       -0.0704638429
 170. 165.        0.1714962767       -0.2543681885
 170. 166.       -0.3952163680        0.3199814185
 170. 167.       -0.1251265665        0.0404419619
 170. 168.        0.0166381604       -0.0415961272
 170. 169.        0.1136286594       -0.3214354261
 170. 170.       -0.0887911501        0.0975235567
 171.   0.        0.0085765319        0.0000000000
 171.   1.        0.0755980898       -0.0629086783
 171.   2.        0.2407191992        0.0600547757
 171.   3.       -0.0825157876       -0.1648699824
 171.   4.        0.0703393982       -0.0792884892
 171.   5.        0.0314485529       -0.1427147689
 171.   6.       -0.0381671204       -0.0827642917
 171.   7.       -0.0320571022        0.2356999282
 171.   8.        0.0862735438       -0.0894002481
 171.   9.       -0.1782460381       -0.1524591416
 171.  10.        0.0947882666       -0.0511309151
 171.  11.        0.0255783615       -0.0097589438
 171.  12.        0.0954232061        0.1456515562
 171.  13.       -0.1170029832        0.1024558209
 171.  14.       -0.0261383767       -0.0394132698
 171.  15.       -0.3297512629       -0.1190904434
 171.  16.       -0.1715570764       -0.1535339372
 171.  17.        0.1269502621       -0.0806190677
 171.  18.       -0.1605583432       -0.0672680576
 171.  19.        0.0294513448        0.0072234996
 171.  20.        0.0381674454        0.1254713407
 171.  21.        0.0387581721       -0.0002268056
 171.  22.       -0.0564376970        0.0814380882
 171.  23.       -0.0732492672       -0.0554623566
 171.  24.       -0.0468062250        0.0401619934
 171.  25.        0.1186081512        0.2578391295
 171.  26.        0.0894244894       -0.1806546536
 171.  27.       -0.0114784705        0.0724808000
 171.  28.       -0.0406238165        0.0826113788
 171.  29.       -0.0951035822       -0.1507455480
 171.  30.       -0.0690400214        0.0906336895
 171.  31.        0.2750669176        0.0881747660
 171.  32.       -0.0956414262       -0.1115880910
 171.  33.       -0.2241843507        0.0114126289
 171.  34.        0.1204705408        0.0944256822
 171.  35.       -0.1291062074       -0.0499870581
 171.  36.       -0.1085780147        0.1002209526
 171.  37.       -0.0737623643       -0.2218225223
 171.  38.       -0.0871469346       -0.2407866226
 171.  39.        0.1651617715        0.0582188065
 171.  40.        0.1577925770       -0.0144951130
 171.  41.       -0.1207544681        0.1389662608
 171.  42.        0.1846957170        0.0513368450
 171.  43.       -0.0903429675       -0.0673979350
 171.  44.       -0.0340400892       -0.1220995413
 171.  45.        0.1103377676       -0.1840329698
 171.  46.       -0.0157030863       -0.0626084048
 171.  47.        0.1200362574       -0.0091154237
 171.  48.        0.0624900039       -0.0400514223
 171.  49.        0.0427098790        0.1121724934
 171.  50.       -0.1047707733        0.1727036693
 171.  51.        0.0678606995       -0.0890838709
 171.  52.       -0.0267202129        0.0387273512
 171.  53.        0.1374286688       -0.0252511245
 171.  54.        0.1368404478       -0.2151766828
 171.  55.        0.0977362214        0.5043511277
 171.  56.       -0.1286383454       -0.2724339425
 171.  57.        0.0267700368       -0.1585173921
 171.  58.       -0.0427974338        0.2100597327
 171.  59.        0.1167136044        0.0769388451
 171.  60.        0.2438134102       -0.0036891183
 171.  61.       -0.0322347681        0.0105160067
 171.  62.        0.0665642684        0.0844299717
 171.  63.       -0.0569861379        0.0030226212
 171.  64.       -0.1342217396        0.0850086420
 171.  65.        0.0893773471        0.0602606160
 171.  66.       -0.0773859114       -0.0951958763
 171.  67.       -0.1832672333        0.1663495767
 171.  68.       -0.0500673312       -0.2340228276
 171.  69.        0.0168381799       -0.0472553601
 171.  70.        0.0753991615        0.0923018414
 171.  71.       -0.2652577763       -0.0876812823
 171.  72.       -0.1973358415       -0.0522366049
 171.  73.        0.2611150215       -0.1008050627
 171.  74.        0.0571925653        0.1563785027
 171.  75.        0.1600716876       -0.0205085984
 171.  76.       -0.2335614253        0.0491783880
 171.  77.       -0.2020435722       -0.0022707504
 171.  78.        0.1280329628        0.0805996675
 171.  79.       -0.0706106262       -0.2308690082
 171.  80.        0.1735807281        0.0366861443
 171.  81.        0.0040075024       -0.0467026333
 171.  82.       -0.3158068814        0.0218630728
 171.  83.        0.0639647703       -0.1937324865
 171.  84.        0.0263383454        0.0712261175
 171.  85.       -0.1392841399       -0.0191083917
 171.  86.        0.0872241768       -0.0085071934
 171.  87.       -0.0929910198       -0.2361202797
 171.  88.       -0.0049246258       -0.0282585259
 171.  89.       -0.2899900352       -0.0130873006
 171.  90.        0.1060801802       -0.0997579485
 171.  91.       -0.0338680516        0.1596188553
 171.  92.        0.1513586563       -0.0323510494
 171.  93.       -0.1767042075        0.1619667460
 171.  94.       -0.1407074172        0.1753984760
 171.  95.        0.0131524094       -0.5385769470
 171.  96.        0.1446316999        0.1981768785
 171.  97.       -0.0901038041       -0.1135376452
 171.  98.        0.0041520425        0.2234829594
 171.  99.       -0.1807726321        0.1357804015
 171. 100.       -0.2054395028        0.0803958023
 171. 101.       -0.2360257271        0.0171807045
 171. 102.        0.0571060633        0.0973804686
 171. 103.        0.0272629775       -0.0001053774
 171. 104.       -0.2121071310       -0.1649427796
 171. 105.        0.1020490535        0.0001027924
 171. 106.       -0.1178219876       -0.1354511741
 171. 107.        0.2386807932       -0.0857760032
 171. 108.       -0.0698476437       -0.2380248174
 171. 109.        0.0369161844       -0.0633833310
 171. 110.       -0.0840165146       -0.1185993930
 171. 111.        0.0486048882        0.0903757270
 171. 112.        0.1972066129        0.0986428253
 171. 113.        0.0791339760       -0.1851703918
 171. 114.       -0.0471002561       -0.3019446505
 171. 115.        0.3453819447       -0.0266751624
 171. 116.       -0.3178677864       -0.0251928698
 171. 117.        0.0546737844       -0.0603424664
 171. 118.        0.2019451278       -0.1951492512
 171. 119.       -0.0065885795       -0.1699108008
 171. 120.        0.2102708007       -0.0390007251
 171. 121.        0.0927265910        0.0221985917
 171. 122.       -0.2191344305       -0.0559299635
 171. 123.       -0.0751203797       -0.0949846982
 171. 124.       -0.2594791130       -0.2662067598
 171. 125.        0.2278166607        0.0405885807
 171. 126.        0.0618996147       -0.1405052143
 171. 127.       -0.1151728738       -0.0116076472
 171. 128.        0.0936776480       -0.0970202250
 171. 129.        0.1913295304        0.0106899080
 171. 130.        0.2646578724        0.0293192777
 171. 131.       -0.0594249893        0.1212620366
 171. 132.       -0.0793096626        0.0390177237
 171. 133.        0.1929163881        0.0889153862
 171. 134.       -0.0838828797       -0.5563366726
 171. 135.       -0.1264306812        0.3080757369
 171. 136.       -0.1616059571        0.1716433665
 171. 137.       -0.1827493538       -0.4423604242
 171. 138.       -0.0225140203       -0.0360231290
 171. 139.        0.0626299068        0.0822849349
 171. 140.       -0.0101813107       -0.1006478904
 171. 141.        0.0076613476        0.0250687452
 171. 142.        0.1224535011       -0.0933225799
 171. 143.        0.1959652310        0.0630977526
 171. 144.       -0.1924143989        0.1810906530
 171. 145.        0.1187191863       -0.0234986310
 171. 146.       -0.2883253911        0.0418442752
 171. 147.        0.0393701942        0.1810862155
 171. 148.        0.2511697915        0.1615492402
 171. 149.        0.0105328688        0.1657616862
 171. 150.       -0.1755783979       -0.3964148371
 171. 151.       -0.1303027063        0.0516320978
 171. 152.        0.1783335687        0.3998567553
 171. 153.       -0.2407946892        0.3055380826
 171. 154.       -0.0676488392       -0.0747668967
 171. 155.        0.1646903978       -0.3261856337
 171. 156.        0.0430167519        0.2138663665
 171. 157.       -0.5476347469       -0.2314392232
 171. 158.       -0.2562113028        0.5067318773
 171. 159.        0.0193224868       -0.0418280636
 171. 160.       -0.2005309078        0.2312937628
 171. 161.        0.1753928773       -0.4221637736
 171. 162.        0.2461635309        0.2296783151
 171. 163.       -0.2442145101       -0.5276438656
 171. 164.        0.0784890648        0.2086368531
 171. 165.        0.0391674264       -0.1578377726
 171. 166.        0.0840595080       -0.0400063156
 171. 167.        0.0885358490        0.0757532872
 171. 168.       -0.1841223668        0.0832736174
 171. 169.       -0.1946777612        0.0469991974
 171. 170.       -0.2224595865       -0.0186052381
 171. 171.       -0.1477697083        0.3270641539
 172.   0.        0.1254985541        0.0000000000
 172.   1.       -0.1558596745       -0.1156615910
 172.   2.        0.0367102111        0.0740210558
 172.   3.        0.1349498639       -0.0538285824
 172.   4.       -0.0596375033       -0.0373451269
 172.   5.       -0.0282050026        0.1404822373
 172.   6.        0.0496179860       -0.0831556917
 172.   7.        0.0987846262        0.0278436441
 172.   8.       -0.0806220927        0.1919608080
 172.   9.        0.0698583847       -0.1336317332
 172.  10.        0.0888771352       -0.0258157318
 172.  11.        0.0000591826        0.0442740925
 172.  12.       -0.0628965316        0.1086250414
 172.  13.        0.3019357778       -0.0610201733
 172.  14.        0.0767101060        0.0237052258
 172.  15.        0.0376077263        0.0103865978
 172.  16.       -0.1817850184        0.0595458718
 172.  17.       -0.0345862897        0.0185022812
 172.  18.       -0.0280600319        0.0313629257
 172.  19.       -0.0247181431        0.0429073311
 172.  20.       -0.0481365708       -0.0472339476
 172.  21.       -0.0124826653       -0.0425349705
 172.  22.        0.0479431406       -0.0712014143
 172.  23.        0.0401334058       -0.0542046367
 172.  24.       -0.0229128441       -0.2476119377
 172.  25.        0.0335722266       -0.0387450825
 172.  26.       -0.0111066122        0.0289725747
 172.  27.        0.0670024415       -0.2547572888
 172.  28.       -0.0698542945        0.0635257867
 172.  29.        0.0313243022       -0.0346997487
 172.  30.       -0.1382452616       -0.1310944202
 172.  31.       -0.0058422811        0.1438867133
 172.  32.        0.1706869881       -0.0802381793
 172.  33.       -0.1288178834        0.1888612718
 172.  34.       -0.2512034502        0.1280099520
 172.  35.        0.0412606883       -0.0863492492
 172.  36.        0.0313174761        0.1054861277
 172.  37.       -0.0044426078        0.0275582181
 172.  38.        0.1544348619       -0.0112707469
 172.  39.       -0.1298496554       -0.0609994251
 172.  40.        0.1557476805        0.0140533237
 172.  41.       -0.0929477296       -0.0984282238
 172.  42.        0.0158375127       -0.1621292504
 172.  43.        0.1194897107       -0.0126873018
 172.  44.       -0.0143400364        0.0003530957
 172.  45.       -0.1282034388        0.1481774030
 172.  46.        0.1939895766        0.1143032458
 172.  47.        0.0543395573       -0.0098374464
 172.  48.       -0.0098581866       -0.0258652713
 172.  49.        0.0054415275       -0.2473169926
 172.  50.       -0.1979489204        0.0585772811
 172.  51.        0.0739703870        0.3413077651
 172.  52.        0.0850731727        0.0814044150
 172.  53.        0.0682846888       -0.0045597993
 172.  54.       -0.0602669205        0.0216230036
 172.  55.        0.1490512675        0.0747722230
 172.  56.        0.0683794669        0.2240767492
 172.  57.       -0.1962643799        0.1345377628
 172.  58.        0.2704403276       -0.1785427120
 172.  59.        0.0864563293       -0.2061378418
 172.  60.       -0.1118618711       -0.1630934103
 172.  61.        0.0698186910        0.1704014543
 172.  62.       -0.1925497197        0.1117154996
 172.  63.        0.0347793749        0.0381793099
 172.  64.       -0.3359622301       -0.1125167677
 172.  65.        0.0377254723        0.1895188547
 172.  66.       -0.1920564381       -0.0832753407
 172.  67.       -0.1013315991        0.2447098479
 172.  68.        0.1871957681        0.0856819847
 172.  69.        0.1610760388       -0.0850542329
 172.  70.        0.0574796703       -0.0299252415
 172.  71.        0.1583151639        0.0080765337
 172.  72.       -0.1387813784        0.1564096103
 172.  73.        0.1725453690       -0.0530973514
 172.  74.        0.1651486569       -0.0838545185
 172.  75.        0.2454538042        0.1281296781
 172.  76.        0.0377777594       -0.0845674714
 172.  77.        0.0204504158       -0.1029580673
 172.  78.       -0.2306197841        0.3141646071
 172.  79.       -0.0870924909        0.0092977780
 172.  80.       -0.2723630354       -0.1252900581
 172.  81.        0.1325870117        0.2027733215
 172.  82.       -0.1728502781       -0.1386346982
 172.  83.       -0.1441154454        0.0130462629
 172.  84.       -0.0400906353        0.1194293457
 172.  85.        0.1669513400       -0.1800055845
 172.  86.       -0.0843554710        0.0638772580
 172.  87.       -0.0118455668        0.3946636150
 172.  88.        0.0414850453       -0.0223006818
 172.  89.        0.2708387764        0.1593781610
 172.  90.       -0.0072029082       -0.1603817606
 172.  91.        0.1707845242        0.0858883409
 172.  92.       -0.0403582962        0.1197458138
 172.  93.        0.1362555278       -0.0673643676
 172.  94.        0.0314442616       -0.0024091742
 172.  95.        0.3354507035       -0.1703180186
 172.  96.       -0.1681826756       -0.1825550590
 172.  97.       -0.0071675344        0.2132916951
 172.  98.        0.2337078119        0.0128094984
 172.  99.       -0.1613270181       -0.1466322623
 172. 100.       -0.0419681507        0.1750781926
 172. 101.       -0.2068599485        0.1114900594
 172. 102.        0.0003552433       -0.0178734387
 172. 103.        0.2378695369        0.0731950540
 172. 104.       -0.1075182341        0.4323770981
 172. 105.       -0.1100730608       -0.0219003043
 172. 106.        0.1826303447        0.2182809302
 172. 107.       -0.2354088403       -0.0881278052
 172. 108.        0.0491390159       -0.0416207034
 172. 109.        0.1834797498        0.0206796027
 172. 110.        0.2083643131        0.3547094443
 172. 111.       -0.1118456489       -0.1754300642
 172. 112.       -0.1986916801        0.2509493225
 172. 113.       -0.4011110168       -0.1592367181
 172. 114.        0.2232065696       -0.1210008531
 172. 115.        0.0253638652       -0.0242663844
 172. 116.       -0.0675256750        0.1993767855
 172. 117.       -0.0941076938       -0.0086896762
 172. 118.        0.1117945330        0.0386023190
 172. 119.        0.2303580251        0.1158823435
 172. 120.        0.2240910130        0.0340291150
 172. 121.        0.3162289203        0.1845084967
 172. 122.        0.0052349304       -0.1663767458
 172. 123.        0.0864170500        0.3590597738
 172. 124.        0.0424026421        0.0071372987
 172. 125.       -0.2260467903       -0.1091831195
 172. 126.        0.3870047574        0.0492142821
 172. 127.       -0.0989673129       -0.0012415014
 172. 128.       -0.0858647173        0.1431739841
 172. 129.       -0.0464976252       -0.3231620142
 172. 130.       -0.2532293182       -0.1185468792
 172. 131.       -0.0103041399       -0.1531472650
 172. 132.        0.0408097219        0.3032034279
 172. 133.       -0.0470305697        0.3566557511
 172. 134.        0.2940138950        0.1877247362
 172. 135.        0.0543589460       -0.2206684453
 172. 136.        0.1197050646       -0.1761180989
 172. 137.        0.0644761847        0.0947976346
 172. 138.       -0.0036375156        0.0132129147
 172. 139.        0.2129797047       -0.2939038523
 172. 140.        0.1075078533        0.1544996155
 172. 141.       -0.1487912666        0.1795114398
 172. 142.       -0.2642598843        0.0801795397
 172. 143.        0.1417795731        0.0607008126
 172. 144.        0.4116143261        0.2643726039
 172. 145.        0.0149499423        0.0385656422
 172. 146.        0.2181605123       -0.1680680901
 172. 147.       -0.2869055218        0.0550366460
 172. 148.       -0.0797858704       -0.4920252473
 172. 149.       -0.3159166394       -0.2584766115
 172. 150.        0.0655788730        0.2094216934
 172. 151.       -0.5784593901       -0.1416723379
 172. 152.       -0.1495874182        0.1034103910
 172. 153.        0.4327126300       -0.0449005553
 172. 154.       -0.1240180163        0.1879203762
 172. 155.       -0.3694408441       -0.2410315741
 172. 156.        0.3139153520       -0.0202543155
 172. 157.       -0.1406232788        0.3191776403
 172. 158.       -0.5202834607       -0.2963323181
 172. 159.       -0.3035520992        0.1087919212
 172. 160.       -0.1819298611        0.1142761302
 172. 161.       -0.1191596502        0.2867082299
 172. 162.       -0.3743463798       -0.4412519533
 172. 163.        0.2604483459        0.1736190966
 172. 164.       -0.1821938548       -0.2523854899
 172. 165.        0.1118086274        0.1395739411
 172. 166.       -0.0445820638        0.2858314155
 172. 167.       -0.0538456688       -0.0709122425
 172. 168.       -0.1739831698       -0.4243131140
 172. 169.       -0.0046382847       -0.0043356538
 172. 170.        0.1511770193        0.1508853841
 172. 171.        0.3812899787       -0.0176757369
 172. 172.       -0.0251743901       -0.0920299555
 173.   0.       -0.1033713390        0.0000000000
 173.   1.        0.2656757467        0.0325628063
 173.   2.       -0.1441799170       -0.0091311061
 173.   3.        0.0130844135        0.0161605087
 173.   4.       -0.0860195601       -0.0679828876
 173.   5.       -0.0600305793       -0.0351661109
 173.   6.        0.0531406818        0.1394681776
 173.   7.       -0.0164740778       -0.1279530947
 173.   8.        0.0206307972        0.1067082526
 173.   9.        0.0964395882       -0.0024750360
 173.  10.       -0.0505651119        0.0412393881
 173.  11.       -0.0908144643       -0.0217254093
 173.  12.       -0.1554176692        0.0323784742
 173.  13.        0.1158742482       -0.0888678677
 173.  14.        0.0862287702        0.1135760035
 173.  15.        0.1363998794       -0.0191056998
 173.  16.        0.2165930709        0.0816905909
 173.  17.       -0.1362071509        0.1403114843
 173.  18.        0.1547778072        0.0742119748
 173.  19.        0.0002100689        0.0445373638
 173.  20.       -0.1944887421       -0.1717591443
 173.  21.        0.1832947462        0.0436940010
 173.  22.       -0.0966248631       -0.0393207773
 173.  23.        0.1036798920       -0.1826362464
 173.  24.        0.1463538632       -0.0679136040
 173.  25.       -0.1563271009       -0.1040969402
 173.  26.       -0.1378924152        0.1890579199
 173.  27.        0.0421595816        0.0936979782
 173.  28.        0.0171963512       -0.1714321375
 173.  29.        0.1760525723        0.2316727020
 173.  30.       -0.0822983127        0.0629054798
 173.  31.        0.0039994247        0.0615191868
 173.  32.       -0.0093122897        0.0833913512
 173.  33.        0.2612762567       -0.1350267279
 173.  34.        0.0211033511       -0.2174678531
 173.  35.       -0.0671674124        0.1578458311
 173.  36.        0.0782500595       -0.1918978013
 173.  37.       -0.2876823055        0.1275650880
 173.  38.       -0.0394150908        0.1253022235
 173.  39.       -0.0685494200       -0.1337702960
 173.  40.       -0.0211464669        0.1051851210
 173.  41.        0.1770722488       -0.0889828429
 173.  42.        0.0077127681       -0.2121128264
 173.  43.        0.0680317398       -0.0864735438
 173.  44.        0.2094301384        0.0386931134
 173.  45.       -0.0626145610        0.0397076300
 173.  46.        0.0778665985        0.1553086852
 173.  47.        0.1638464975        0.1688520641
 173.  48.       -0.0930435825        0.0400602062
 173.  49.       -0.1862854410        0.0219514297
 173.  50.        0.0093886942       -0.4701719039
 173.  51.        0.1179257645        0.0640727452
 173.  52.        0.1495391614        0.1339234328
 173.  53.       -0.0141650777       -0.1351971006
 173.  54.        0.1531452839        0.1068170729
 173.  55.       -0.1135907395       -0.2055522006
 173.  56.       -0.1574066350       -0.1891292651
 173.  57.       -0.1824214056        0.2139842795
 173.  58.        0.1547401264        0.2537003814
 173.  59.       -0.1193018859       -0.0178037684
 173.  60.       -0.1255955891       -0.0682581397
 173.  61.       -0.0895963962       -0.0708201504
 173.  62.       -0.2528427256       -0.1333495652
 173.  63.        0.1371398394        0.1965623838
 173.  64.        0.0214493150       -0.0058102382
 173.  65.       -0.1564456245       -0.0071463733
 173.  66.       -0.0309119934       -0.1528660728
 173.  67.        0.1271151007       -0.2565096856
 173.  68.       -0.1023765613        0.4024026091
 173.  69.        0.1399911842       -0.0270292019
 173.  70.       -0.0610412371       -0.0611675261
 173.  71.        0.2384044976        0.0935331344
 173.  72.        0.1283719466       -0.0674266519
 173.  73.       -0.0742305081       -0.0560751913
 173.  74.       -0.0171140322       -0.0208554810
 173.  75.        0.0822823233       -0.1510828964
 173.  76.       -0.2663874482        0.2636927702
 173.  77.        0.2672474037       -0.1850733373
 173.  78.        0.0515713049       -0.0298588269
 173.  79.       -0.1504525505        0.2340337053
 173.  80.        0.0740164875       -0.0354547088
 173.  81.       -0.2276712832        0.0383134116
 173.  82.        0.1812982132        0.1744367427
 173.  83.        0.0214264536        0.1197770283
 173.  84.       -0.1565177939        0.0902626297
 173.  85.        0.1597689571       -0.0212195814
 173.  86.       -0.1150230564        0.2021411844
 173.  87.        0.1571496243        0.2160235173
 173.  88.       -0.1770923199       -0.1529215982
 173.  89.       -0.0273361264        0.1970363678
 173.  90.       -0.0635244965        0.0952380270
 173.  91.       -0.0348115911       -0.0525728322
 173.  92.       -0.2365313792       -0.0470520555
 173.  93.        0.0610773354       -0.0798350336
 173.  94.       -0.1671134995       -0.3108073787
 173.  95.       -0.1874674546        0.1215326689
 173.  96.       -0.0470569517       -0.2426571819
 173.  97.        0.0704414455        0.1678138542
 173.  98.       -0.1087934754        0.0118461771
 173.  99.        0.3034783223        0.0997485051
 173. 100.        0.0539298644        0.3140961765
 173. 101.        0.2620542378        0.0029858120
 173. 102.        0.0665962728       -0.2403420493
 173. 103.        0.0933391738        0.2396550037
 173. 104.        0.1040857661        0.0712626545
 173. 105.       -0.2226444992        0.0315391541
 173. 106.       -0.0412055222        0.2561499921
 173. 107.        0.1207937263        0.0399107387
 173. 108.       -0.0870727330       -0.0138938112
 173. 109.       -0.0658606300       -0.0565983195
 173. 110.        0.2303374176        0.0339983230
 173. 111.        0.3370020762        0.2203435855
 173. 112.       -0.1952665393       -0.1516521853
 173. 113.       -0.1092824273        0.0678605182
 173. 114.       -0.1332932080       -0.1581202555
 173. 115.        0.1206676889        0.0112555397
 173. 116.       -0.1311210287       -0.2370583957
 173. 117.       -0.1406270910       -0.2393864109
 173. 118.        0.0078116800        0.0660800368
 173. 119.        0.1068379564        0.1690830178
 173. 120.       -0.0021030257       -0.0263379139
 173. 121.       -0.2424718327        0.0475248827
 173. 122.       -0.1168601383        0.0059872801
 173. 123.       -0.1097762544       -0.1156094622
 173. 124.        0.3879263804        0.0111634647
 173. 125.       -0.1620956536        0.1664292700
 173. 126.       -0.0254337389       -0.1442846672
 173. 127.        0.1082324274       -0.0169718497
 173. 128.        0.0191156960        0.0324083971
 173. 129.       -0.0785242657        0.0441993794
 173. 130.        0.1478963406       -0.1436732274
 173. 131.        0.1394317010       -0.0926325105
 173. 132.        0.1185667989        0.1571170750
 173. 133.       -0.0910712561       -0.2130522358
 173. 134.       -0.0130335506        0.0463503537
 173. 135.        0.0574730742        0.0433907511
 173. 136.       -0.3232429549       -0.3568844538
 173. 137.        0.4687175617       -0.3895918907
 173. 138.        0.0079315247        0.2411568714
 173. 139.        0.0233550085        0.2064359363
 173. 140.       -0.1358894793       -0.6463908004
 173. 141.        0.2578426016        0.1673246973
 173. 142.        0.1461856789       -0.3421530350
 173. 143.       -0.0320022018        0.2033861339
 173. 144.        0.3049062671        0.0776816292
 173. 145.        0.2698846699        0.0721634656
 173. 146.        0.3887034133        0.1140209163
 173. 147.        0.1435509863       -0.3246029996
 173. 148.       -0.2100575367        0.3048646405
 173. 149.       -0.0053656075       -0.1943369179
 173. 150.       -0.1188913701       -0.1735927910
 173. 151.        0.0252323108        0.4096355958
 173. 152.       -0.5263271538        0.1342329440
 173. 153.        0.1085894482       -0.0243850100
 173. 154.        0.1083271092       -0.2937015727
 173. 155.        0.1021031446       -0.0161678051
 173. 156.       -0.2132323636       -0.0635927307
 173. 157.       -0.0160563419        0.1982437604
 173. 158.        0.3098947070       -0.0230181421
 173. 159.       -0.1849194315        0.0715391546
 173. 160.        0.2070933237       -0.0480527419
 173. 161.        0.0109930299        0.1128567303
 173. 162.        0.2145185659        0.4715046743
 173. 163.       -0.1997050843       -0.3906694707
 173. 164.        0.4201813296       -0.1598888427
 173. 165.       -0.3255674083        0.3781555657
 173. 166.       -0.0293989105       -0.0830944372
 173. 167.       -0.2075826628        0.3081453624
 173. 168.       -0.2893805556       -0.3795616183
 173. 169.       -0.1552688446        0.0788557170
 173. 170.       -0.0958665592        0.3291624023
 173. 171.       -0.1986052095        0.0142099307
 173. 172.        0.2483606829       -0.0074552797
 173. 173.       -0.0783670348       -0.1374357048
 174.   0.       -0.2719845737        0.0000000000
 174.   1.        0.1144503426        0.0610638821
 174.   2.       -0.0196402842        0.1087216395
 174.   3.       -0.0299104108       -0.0085408483
 174.   4.       -0.0110999000       -0.0711960595
 174.   5.        0.0748244755       -0.2393896229
 174.   6.       -0.1632160571        0.0490091411
 174.   7.       -0.0665036725        0.0310995617
 174.   8.        0.0190647088        0.0637305105
 174.   9.        0.0555148124       -0.0011586518
 174.  10.        0.0684986725        0.1752268680
 174.  11.        0.1306342858       -0.2369195872
 174.  12.        0.0191257928       -0.1215857761
 174.  13.       -0.2342350677        0.1050220424
 174.  14.        0.1597570022        0.0226629106
 174.  15.       -0.0889615564        0.1171692061
 174.  16.        0.2205579863        0.0837652110
 174.  17.        0.0832376502       -0.0660111764
 174.  18.        0.0386777782       -0.1612543320
 174.  19.        0.0050001997       -0.0445761178
 174.  20.       -0.1738945041       -0.1524306569
 174.  21.       -0.2131701488       -0.0030143208
 174.  22.        0.0897783208        0.1626404333
 174.  23.       -0.0713111875        0.1115715119
 174.  24.       -0.1118231670        0.2003516772
 174.  25.       -0.1277989798        0.1927499721
 174.  26.        0.0449069996        0.1118654010
 174.  27.       -0.1982748135        0.2523167601
 174.  28.        0.1377255778        0.0304721505
 174.  29.        0.0350008789       -0.1357023663
 174.  30.        0.0891160343        0.2941926756
 174.  31.       -0.0499910444        0.0392921776
 174.  32.       -0.1964418497       -0.1746758125
 174.  33.       -0.0006901433        0.0577972560
 174.  34.        0.2196694039       -0.1743765443
 174.  35.        0.0192649420       -0.0819633528
 174.  36.        0.0078755803       -0.0562478835
 174.  37.        0.1020185887        0.0415117811
 174.  38.       -0.1060997113        0.1022738666
 174.  39.        0.3539976361       -0.0419226048
 174.  40.       -0.0057350915       -0.0641151044
 174.  41.       -0.0463341074       -0.0134549200
 174.  42.        0.0956750088        0.1270597816
 174.  43.       -0.1340296051        0.0034893651
 174.  44.       -0.1001673694       -0.1971905603
 174.  45.        0.1825818063       -0.0587187347
 174.  46.       -0.1704588391       -0.1122460183
 174.  47.        0.0505462377        0.0302929785
 174.  48.        0.1212929533       -0.0045234810
 174.  49.       -0.1646609063        0.0870009296
 174.  50.        0.1534497333        0.0256685972
 174.  51.       -0.0030729213       -0.0890857574
 174.  52.        0.1740717952       -0.1262725608
 174.  53.       -0.0364594496        0.0734032791
 174.  54.        0.0019646540       -0.0514460746
 174.  55.        0.0387073913        0.0792078563
 174.  56.        0.0465906248        0.0623887526
 174.  57.        0.0475185645       -0.1476962234
 174.  58.       -0.3478229934        0.2458913288
 174.  59.       -0.1739413683        0.0627342358
 174.  60.        0.1613323408       -0.0974012032
 174.  61.        0.0528734018        0.0353926353
 174.  62.        0.2357785972       -0.0648978086
 174.  63.       -0.1353417038        0.0758787335
 174.  64.        0.1599385882        0.1736218694
 174.  65.        0.0323986481       -0.0463614166
 174.  66.       -0.1754651972        0.0341627545
 174.  67.        0.1825293889        0.1512441543
 174.  68.        0.0895882710       -0.1075139001
 174.  69.       -0.0579577817        0.0152243767
 174.  70.        0.0214305204        0.1202429092
 174.  71.       -0.0465932289       -0.0798912550
 174.  72.        0.0256172239        0.0643230605
 174.  73.       -0.1381517847       -0.1895870717
 174.  74.       -0.0588913639       -0.0683089515
 174.  75.       -0.0616168561        0.0007526550
 174.  76.       -0.0586876362        0.1601839782
 174.  77.       -0.1174326809       -0.1182545685
 174.  78.        0.4419436562       -0.1190581123
 174.  79.       -0.0778307558        0.0021168308
 174.  80.       -0.0306343333       -0.0203256138
 174.  81.        0.0772833305       -0.1302370606
 174.  82.        0.1175894320        0.2676885425
 174.  83.       -0.0477712063        0.3502888032
 174.  84.        0.1212839204        0.0207531368
 174.  85.       -0.2182537132        0.0287965799
 174.  86.        0.0519664628       -0.1646765626
 174.  87.        0.1238334955       -0.0563654070
 174.  88.        0.0230288588        0.0464831809
 174.  89.       -0.0886362841        0.0116681108
 174.  90.       -0.0911039683       -0.0639177826
 174.  91.        0.1401952030        0.1940500312
 174.  92.        0.0469220237        0.0164891026
 174.  93.        0.0058985571        0.0198817246
 174.  94.        0.1546554731       -0.2565303347
 174.  95.       -0.0413483734        0.0980494470
 174.  96.       -0.0541784276        0.1341666880
 174.  97.       -0.1296824209       -0.0046726424
 174.  98.       -0.0092656570        0.0894337048
 174.  99.        0.0252477062        0.1161681992
 174. 100.        0.0766079532       -0.0377318395
 174. 101.        0.1244236510        0.1753007391
 174. 102.       -0.1008609321        0.0017944905
 174. 103.       -0.0882985688       -0.2896185306
 174. 104.        0.1623747502        0.0658315281
 174. 105.        0.2385384584       -0.0004789180
 174. 106.       -0.2134322466        0.1483401497
 174. 107.        0.0683680011       -0.0245880257
 174. 108.        0.0192479857        0.0000953991
 174. 109.        0.1558292758        0.1756027688
 174. 110.        0.2434242840       -0.1765966312
 174. 111.       -0.0716646389        0.1661230017
 174. 112.       -0.2410082240        0.3268494204
 174. 113.       -0.0808618700        0.0888368152
 174. 114.        0.0464840998        0.0020127869
 174. 115.        0.0081945048        0.2047553316
 174. 116.        0.1705704015        0.1579364243
 174. 117.       -0.0884753799       -0.3032402355
 174. 118.        0.1282813288       -0.2378542408
 174. 119.        0.1136041109       -0.0441614176
 174. 120.        0.2746105384        0.0087532435
 174. 121.       -0.1041094066       -0.0581211732
 174. 122.       -0.0354779459        0.3380173921
 174. 123.       -0.2130648995       -0.2785193944
 174. 124.        0.0290569591       -0.0578680583
 174. 125.        0.0048607251        0.2041892178
 174. 126.        0.0988906470       -0.0634606866
 174. 127.       -0.0937228139        0.1338278752
 174. 128.        0.1555130093        0.2830118449
 174. 129.       -0.0665150405       -0.0983063377
 174. 130.        0.1667637096        0.3725184593
 174. 131.       -0.1227047276       -0.0696809963
 174. 132.       -0.1648029394       -0.0238272966
 174. 133.        0.1288040633        0.0132297930
 174. 134.        0.0354988428       -0.1927244956
 174. 135.        0.0066138842        0.0867541625
 174. 136.       -0.0107014903       -0.2372516858
 174. 137.       -0.1994956539        0.3259565450
 174. 138.        0.3650704705       -0.2003402212
 174. 139.        0.2116685670        0.2296931498
 174. 140.       -0.1736175843        0.4329213085
 174. 141.       -0.2268504584       -0.1564428644
 174. 142.       -0.0854075644        0.1729289677
 174. 143.        0.0734323919       -0.2958651746
 174. 144.        0.2587260508        0.1609341262
 174. 145.       -0.1264594161        0.2341657144
 174. 146.       -0.3699636158       -0.0163197125
 174. 147.        0.1290086095       -0.1884877430
 174. 148.       -0.1054583986       -0.2379396740
 174. 149.       -0.2458447569        0.1082303148
 174. 150.       -0.0726616170        0.1310102802
 174. 151.        0.2750758479        0.0988658238
 174. 152.        0.1977545107       -0.3958133100
 174. 153.       -0.2443878504       -0.1447573770
 174. 154.        0.2342526400        0.0462419299
 174. 155.       -0.3182171101        0.0166633266
 174. 156.        0.1097491325        0.3561712132
 174. 157.       -0.3660783698        0.0105977121
 174. 158.        0.0301860739        0.1053914149
 174. 159.        0.1867710834        0.0185888799
 174. 160.       -0.0627105641        0.0229136121
 174. 161.        0.1501651794       -0.5513058355
 174. 162.        0.1154114486       -0.0599115133
 174. 163.       -0.0323084804        0.2353644650
 174. 164.       -0.5427891325       -0.4664120364
 174. 165.        0.2434743927       -0.1432038312
 174. 166.       -0.1323310045        0.2806392509
 174. 167.        0.0258650460       -0.2807192175
 174. 168.       -0.1802877554       -0.0941812199
 174. 169.       -0.0590382794       -0.3747602028
 174. 170.       -0.1987749547       -0.3170488248
 174. 171.        0.0837106388       -0.2170373744
 174. 172.       -0.1144305076        0.1770814195
 174. 173.       -0.0239794484       -0.2946523651
 174. 174.        0.1095975093       -0.2954074927
 175.   0.        0.2039270135        0.0000000000
 175.   1.       -0.2257617905       -0.0389169452
 175.   2.       -0.0899281336       -0.0115505334
 175.   3.        0.0075983226        0.2649739365
 175.   4.        0.1129208325        0.1751569477
 175.   5.        0.0210400756        0.1517747353
 175.   6.        0.0550261866       -0.1025537466
 175.   7.        0.1022956783        0.0563966348
 175.   8.       -0.0604856796        0.0198483518
 175.   9.       -0.0574980468        0.0173415150
 175.  10.       -0.1381471714       -0.0369892569
 175.  11.        0.1130388477        0.1476888447
 175.  12.        0.0824092549       -0.2348438844
 175.  13.       -0.0398482809       -0.0437153016
 175.  14.       -0.0936930898       -0.2192469334
 175.  15.        0.2041969574        0.0407972074
 175.  16.       -0.3464392889        0.0222853401
 175.  17.        0.0679942135       -0.1542569503
 175.  18.       -0.0147752830       -0.0671254676
 175.  19.        0.0724432018       -0.0141173161
 175.  20.        0.2413952011        0.0831574414
 175.  21.       -0.2656679807       -0.1913417497
 175.  22.        0.0091741132        0.1266171952
 175.  23.        0.0314086931        0.2107573688
 175.  24.       -0.1680134895        0.0062160513
 175.  25.       -0.0011891107       -0.0304087221
 175.  26.        0.0657060253       -0.0198131944
 175.  27.       -0.0789786275       -0.1197991898
 175.  28.        0.0565236897        0.1891412279
 175.  29.       -0.2064664763       -0.0983884656
 175.  30.        0.0879589994       -0.0678183220
 175.  31.       -0.1089961250       -0.0332655178
 175.  32.        0.0051053660       -0.0329349056
 175.  33.        0.0366050074       -0.0871731370
 175.  34.        0.0914925105        0.2848382188
 175.  35.        0.2467377773       -0.0937277276
 175.  36.       -0.1290286235       -0.0769106745
 175.  37.        0.0664475728       -0.0216279997
 175.  38.       -0.0658980247        0.0917148788
 175.  39.       -0.0305195624        0.0036469487
 175.  40.        0.1239528846       -0.2833909477
 175.  41.       -0.0751621031       -0.1495765869
 175.  42.       -0.0427462847        0.0623088174
 175.  43.        0.0693050850       -0.1164691531
 175.  44.       -0.0831778120        0.0703684794
 175.  45.       -0.0362222592       -0.0065173449
 175.  46.       -0.0312818053       -0.1707173591
 175.  47.       -0.0346749423       -0.1162459735
 175.  48.        0.1035713184        0.0321644954
 175.  49.        0.0957916378       -0.0757154073
 175.  50.       -0.0398301717        0.2274647089
 175.  51.       -0.1136913768       -0.1017053265
 175.  52.       -0.0354062380        0.0382639322
 175.  53.        0.0646196824        0.0314773936
 175.  54.        0.1331712193        0.0121829163
 175.  55.       -0.0077333439       -0.1339306073
 175.  56.       -0.0014324120        0.0193191260
 175.  57.       -0.0447136461       -0.0523754758
 175.  58.       -0.2683433344       -0.1463396363
 175.  59.       -0.0066241787        0.0544219509
 175.  60.        0.0312199344       -0.0186706189
 175.  61.       -0.0867658957       -0.0345179331
 175.  62.        0.2771735254        0.2119298659
 175.  63.        0.1168538500       -0.0912794577
 175.  64.        0.0337979152        0.1644891566
 175.  65.        0.1691953403       -0.0709108180
 175.  66.        0.0713789845       -0.1045535411
 175.  67.       -0.1474288693        0.0398538851
 175.  68.        0.1100589447       -0.0554408844
 175.  69.       -0.1465688656        0.0591504215
 175.  70.       -0.0604580486        0.1407068362
 175.  71.       -0.0807794797       -0.2040777829
 175.  72.       -0.0431880637       -0.1645757919
 175.  73.        0.0016702146        0.2049552460
 175.  74.        0.1797876669       -0.0786584699
 175.  75.       -0.2873614259        0.0069214739
 175.  76.        0.0342455092       -0.1340583660
 175.  77.       -0.3465533196        0.1197871448
 175.  78.       -0.1607386952        0.1353848503
 175.  79.        0.1524651800       -0.0269347423
 175.  80.        0.1786397042        0.0620091389
 175.  81.        0.0161522148        0.2059814936
 175.  82.        0.0407137829       -0.4474423639
 175.  83.       -0.0802519207        0.1441969570
 175.  84.        0.2235974325       -0.0084491945
 175.  85.       -0.1241762322        0.1628119140
 175.  86.       -0.1242457725       -0.2374025754
 175.  87.       -0.0868834966       -0.1338166831
 175.  88.       -0.0535932751        0.0463071343
 175.  89.        0.1223944383       -0.0873686813
 175.  90.        0.0657706503       -0.1099782625
 175.  91.       -0.3303468837       -0.1452399276
 175.  92.        0.2400145377        0.1291563212
 175.  93.        0.0246595863        0.0647276468
 175.  94.       -0.0055258066        0.1679020018
 175.  95.        0.0271094156       -0.0079368633
 175.  96.       -0.0395013179       -0.2286117838
 175.  97.       -0.0889938711        0.0323589201
 175.  98.        0.0554019281       -0.1690321636
 175.  99.       -0.1060283372        0.3786336574
 175. 100.        0.0594112515       -0.2198801122
 175. 101.        0.0282802326       -0.2353392777
 175. 102.       -0.1855385051       -0.1085979281
 175. 103.        0.1460542706       -0.0799412652
 175. 104.       -0.0794382997       -0.1420774534
 175. 105.        0.0690178530        0.0964378743
 175. 106.       -0.0494440180       -0.0150129942
 175. 107.       -0.2291043147        0.1069450167
 175. 108.        0.0427494428       -0.1207021984
 175. 109.       -0.1276937450       -0.2553671154
 175. 110.        0.1777170205        0.3677881267
 175. 111.       -0.0070932557       -0.1825944845
 175. 112.       -0.0474244369       -0.0080293373
 175. 113.       -0.1147870034        0.1213903531
 175. 114.       -0.1682354816       -0.0678199127
 175. 115.        0.1513008240        0.0261390757
 175. 116.       -0.0084212682        0.0273258475
 175. 117.       -0.2415341332        0.3812464113
 175. 118.       -0.0370761005       -0.0319658865
 175. 119.       -0.2761773626       -0.0209726295
 175. 120.       -0.0897062514        0.0229469527
 175. 121.        0.2546422653        0.0674618893
 175. 122.        0.0052149854        0.0727878121
 175. 123.        0.3366985189        0.1500718018
 175. 124.       -0.2942438282        0.0429788532
 175. 125.       -0.2764777309       -0.3283860839
 175. 126.        0.3276186081       -0.0693176377
 175. 127.        0.1658064856       -0.0546239374
 175. 128.       -0.1983239933        0.1453147662
 175. 129.        0.4456558456        0.0258777813
 175. 130.       -0.4045654600        0.0776066402
 175. 131.        0.2820793495        0.0082629334
 175. 132.        0.3259458526       -0.0494534262
 175. 133.       -0.0737042567        0.0776229255
 175. 134.        0.0371712545       -0.2391573753
 175. 135.        0.1001973835       -0.2034410009
 175. 136.        0.0396187046        0.0246733475
 175. 137.       -0.1625129398       -0.0096928338
 175. 138.       -0.1201241147        0.2630100055
 175. 139.        0.3450379082        0.0153256864
 175. 140.        0.0021188269       -0.0032430402
 175. 141.       -0.2031322921        0.1208759146
 175. 142.        0.0117399488       -0.0766695256
 175. 143.       -0.1246235721       -0.1758126774
 175. 144.       -0.1067204571       -0.6514138737
 175. 145.        0.0092795814        0.1044040503
 175. 146.        0.2759313313       -0.0981350682
 175. 147.        0.1592908249       -0.2722899737
 175. 148.        0.1312973983       -0.3646281747
 175. 149.       -0.1503936981       -0.1785421748
 175. 150.       -0.0605030018        0.5768871046
 175. 151.       -0.0455019227        0.1424182601
 175. 152.       -0.1882197598       -0.2712104702
 175. 153.        0.0233294370       -0.2507913303
 175. 154.       -0.0959312765       -0.1581962739
 175. 155.        0.0496558102        0.0857738181
 175. 156.       -0.1072915797       -0.0267165570
 175. 157.        0.0205842578        0.0471569584
 175. 158.       -0.0772385628       -0.1866310686
 175. 159.       -0.4348846995       -0.0375501682
 175. 160.        0.4325758773       -0.0537743104
 175. 161.       -0.0899674495        0.0201639254
 175. 162.        0.0283565120       -0.3752296749
 175. 163.        0.1138782178       -0.1158771236
 175. 164.        0.0341651308       -0.1987290300
 175. 165.       -0.7393717753        0.1297390123
 175. 166.        0.1368727778       -0.2643666914
 175. 167.        0.5810786514        0.1095851145
 175. 168.       -0.4246053062       -0.4642968401
 175. 169.        0.1714375316        0.4083464293
 175. 170.       -0.2174358102       -0.3787714488
 175. 171.       -0.1185873355       -0.2507496267
 175. 172.       -0.1816503323       -0.0857966975
 175. 173.       -0.2431021856        0.0349779006
 175. 174.       -0.0220291478       -0.1446991673
 175. 175.        0.0022365572       -0.1697503262
 176.   0.        0.2286555310        0.0000000000
 176.   1.        0.1103671754       -0.0071833388
 176.   2.        0.0497265665       -0.1409628465
 176.   3.       -0.0956938569        0.0215196606
 176.   4.        0.1295937914       -0.0238280236
 176.   5.       -0.1214779587        0.0810520468
 176.   6.        0.1118303675       -0.0097597977
 176.   7.        0.0578563699       -0.0519322331
 176.   8.        0.0875421595       -0.2343257614
 176.   9.       -0.0004856132        0.0765465645
 176.  10.       -0.0711209383       -0.2269549143
 176.  11.       -0.2687040044        0.1883453731
 176.  12.        0.0470096059       -0.0363451590
 176.  13.        0.0360025062       -0.0857681206
 176.  14.       -0.2724518262       -0.0831531076
 176.  15.        0.0118208388       -0.1694230635
 176.  16.       -0.1040650238       -0.0606941455
 176.  17.       -0.1658737247        0.1059803979
 176.  18.       -0.0206842751        0.0594457372
 176.  19.       -0.0207747202       -0.0684409289
 176.  20.        0.0670299451        0.2288669123
 176.  21.        0.2099472230        0.0054135214
 176.  22.       -0.1619000276       -0.1924764032
 176.  23.        0.0036473384       -0.0053075218
 176.  24.        0.1321250802        0.0737480947
 176.  25.        0.0222956739       -0.1442277870
 176.  26.        0.0139804448       -0.0577425397
 176.  27.        0.1762538066       -0.0394516951
 176.  28.       -0.0205709768       -0.1098920385
 176.  29.       -0.0156930298        0.1288227800
 176.  30.       -0.0475431836       -0.3688819262
 176.  31.       -0.0495469059       -0.1235276682
 176.  32.        0.0466035194        0.2298453365
 176.  33.       -0.1186358402       -0.1530307506
 176.  34.       -0.1325780466        0.0940977881
 176.  35.        0.0533812435        0.2353001651
 176.  36.       -0.0501849763       -0.1834768924
 176.  37.       -0.2142919476       -0.1061745452
 176.  38.        0.1637377598        0.0590511671
 176.  39.       -0.1066370389        0.2667150706
 176.  40.       -0.0327591453       -0.0286747565
 176.  41.        0.0176543012       -0.0577775770
 176.  42.       -0.0996774278       -0.0979548140
 176.  43.       -0.0712115300       -0.0868956089
 176.  44.        0.1330696574        0.0936989959
 176.  45.       -0.1403772116        0.0937322921
 176.  46.        0.1360420269        0.1287284522
 176.  47.       -0.0952081513        0.0083217327
 176.  48.       -0.1597595464        0.0105514631
 176.  49.        0.1804670957        0.1310001461
 176.  50.       -0.0399545277       -0.0571239329
 176.  51.        0.1537435943       -0.0855315826
 176.  52.       -0.0838870707        0.2066172189
 176.  53.       -0.0057245834        0.0462035214
 176.  54.        0.1532759359        0.0939787436
 176.  55.       -0.1053277800       -0.0054155841
 176.  56.       -0.2169928514       -0.1644506086
 176.  57.       -0.1267487436        0.0520164167
 176.  58.        0.1623707531        0.1516467349
 176.  59.        0.0622406700       -0.1946898782
 176.  60.        0.1313873203       -0.0276138691
 176.  61.        0.1329595761        0.0324079914
 176.  62.       -0.1311197345       -0.0611937451
 176.  63.        0.0370627925        0.0523373487
 176.  64.       -0.0407911950       -0.0240020092
 176.  65.        0.1428955185       -0.1424457484
 176.  66.        0.1118083893        0.0930342291
 176.  67.       -0.0626053493       -0.0812021225
 176.  68.       -0.1759354727       -0.0360971893
 176.  69.        0.0118922833       -0.1087023283
 176.  70.       -0.2181921416        0.1208059807
 176.  71.       -0.0413993196       -0.0830921673
 176.  72.        0.0404995441       -0.2566380921
 176.  73.       -0.1130609126       -0.1346766549
 176.  74.        0.0755829934        0.1748093707
 176.  75.        0.0506958939       -0.0879769160
 176.  76.       -0.0359185111       -0.0344671093
 176.  77.        0.0615998238       -0.1132756768
 176.  78.       -0.1624632089        0.0794917847
 176.  79.        0.1382554812        0.1285075987
 176.  80.        0.0404451311       -0.0704791420
 176.  81.       -0.2268864993        0.2557833690
 176.  82.       -0.0652979430       -0.0137029746
 176.  83.        0.0465898986       -0.2279012811
 176.  84.        0.0483071197       -0.0299924886
 176.  85.       -0.0668270996       -0.2044488763
 176.  86.       -0.0402568776        0.0046765608
 176.  87.       -0.1033212464        0.0589916546
 176.  88.        0.0548070581       -0.0504545219
 176.  89.       -0.2244079807       -0.0438496041
 176.  90.       -0.0008036025        0.2049574319
 176.  91.       -0.0119314340       -0.0467706063
 176.  92.       -0.1591750624       -0.1941953644
 176.  93.       -0.0030454494        0.1032488901
 176.  94.       -0.1395867092       -0.0574259780
 176.  95.       -0.0482941681       -0.0094672888
 176.  96.        0.0505219051        0.0419080790
 176.  97.        0.0514500862       -0.0838883737
 176.  98.       -0.0779981312        0.0451197567
 176.  99.       -0.0253052273       -0.3142298483
 176. 100.       -0.0591466351        0.2017096947
 176. 101.        0.2029222064        0.0208074681
 176. 102.       -0.1002169502        0.0078181396
 176. 103.        0.0359550374        0.2572462766
 176. 104.        0.2059163264        0.1111790767
 176. 105.        0.0262213318       -0.0448851547
 176. 106.        0.1279408314       -0.1035952993
 176. 107.        0.0466807369       -0.0476938809
 176. 108.       -0.2038111557        0.0874653980
 176. 109.       -0.0471794621       -0.2655410662
 176. 110.       -0.2505440467       -0.0359215974
 176. 111.       -0.1149569269        0.1362229093
 176. 112.        0.0412510224       -0.0116994757
 176. 113.       -0.0720225549        0.1283780929
 176. 114.       -0.1706857497       -0.0379928560
 176. 115.       -0.2158638210        0.0118728520
 176. 116.        0.1774160545       -0.0777359426
 176. 117.       -0.2237815933       -0.3301410941
 176. 118.       -0.0121300125        0.1221527345
 176. 119.        0.2047953277        0.2799626306
 176. 120.        0.1728295804       -0.1580395278
 176. 121.       -0.0715677465       -0.0375062696
 176. 122.        0.0926508825        0.1239757701
 176. 123.        0.0796349686       -0.1261846560
 176. 124.        0.1328712365        0.0603808742
 176. 125.        0.0176553693       -0.1462590360
 176. 126.       -0.0474092977        0.0425261978
 176. 127.       -0.0202180966       -0.0569493070
 176. 128.        0.3527248619       -0.2335068245
 176. 129.       -0.3048085226        0.3476800175
 176. 130.        0.1509847507       -0.2189694287
 176. 131.       -0.3844236689       -0.0256873050
 176. 132.       -0.0343546996        0.0164109779
 176. 133.        0.0969061259       -0.2873237740
 176. 134.       -0.3931425499        0.0955078094
 176. 135.        0.0064083799       -0.0492574237
 176. 136.       -0.1710253330       -0.0702983153
 176. 137.        0.2444583246        0.0093211253
 176. 138.        0.0722375418       -0.1063481823
 176. 139.        0.1964478025        0.2621334002
 176. 140.       -0.3104858971       -0.1687729017
 176. 141.        0.1480163614       -0.2126492405
 176. 142.        0.0857813494        0.3191310372
 176. 143.        0.0903689748       -0.0064637010
 176. 144.        0.0081857567        0.0902745165
 176. 145.       -0.1691050664       -0.5348641102
 176. 146.       -0.0721650580       -0.2060898775
 176. 147.        0.1198426820        0.1623368737
 176. 148.       -0.0566636260       -0.2588718665
 176. 149.        0.1863095500       -0.6968622230
 176. 150.       -0.1447315708       -0.1352109334
 176. 151.        0.2471057587       -0.1227038610
 176. 152.       -0.0654379279       -0.2729021144
 176. 153.       -0.1809364858        0.1159849235
 176. 154.        0.0597842454       -0.3303902361
 176. 155.       -0.0193410094        0.2808914456
 176. 156.        0.0621350845        0.3198147038
 176. 157.        0.0134520930       -0.2273791747
 176. 158.       -0.2169785541       -0.2207261519
 176. 159.       -0.1555272659        0.2423431423
 176. 160.       -0.1436306020       -0.0453505750
 176. 161.        0.1487376706       -0.4453955175
 176. 162.       -0.2040821714        0.2663754522
 176. 163.        0.4895820146        0.0019610002
 176. 164.        0.0272431938        0.0015854675
 176. 165.       -0.0474226086       -0.3797616868
 176. 166.       -0.3832711927        0.6950319907
 176. 167.        0.1734806557       -0.3676227135
 176. 168.        0.3489417163        0.4129562972
 176. 169.       -0.4260152138       -0.0764167006
 176. 170.       -0.1419723636        0.1814744953
 176. 171.        0.1823130981       -0.0676908626
 176. 172.       -0.0486096795       -0.0311303320
 176. 173.       -0.0721704022        0.3056872453
 176. 174.       -0.0543994249        0.0458091463
 176. 175.        0.2165521063       -0.0297994739
 176. 176.       -0.0143781305        0.1248931193
 177.   0.       -0.0673723348        0.0000000000
 177.   1.       -0.0814661379       -0.0822609791
 177.   2.        0.0623907244       -0.0685353350
 177.   3.        0.0779434134       -0.1949518874
 177.   4.       -0.0440745657       -0.0347601253
 177.   5.       -0.0215210811       -0.1330467040
 177.   6.       -0.1761447306       -0.0182032926
 177.   7.       -0.1494035422        0.0530817119
 177.   8.        0.0374448313       -0.2619218948
 177.   9.        0.0310846340       -0.0574537824
 177.  10.        0.1672570317       -0.0879953730
 177.  11.       -0.1552723540       -0.0530084776
 177.  12.       -0.0559561207        0.3300900131
 177.  13.       -0.0056640781        0.1778125274
 177.  14.        0.0082311122        0.0297518477
 177.  15.       -0.3069312613        0.0893902212
 177.  16.        0.2295416344       -0.0106973701
 177.  17.        0.0854565317        0.0377148127
 177.  18.       -0.0755251454        0.0921358880
 177.  19.        0.0658580140        0.0225870386
 177.  20.       -0.0639460310       -0.0048213318
 177.  21.        0.2001955887        0.2015850850
 177.  22.        0.2469014744       -0.0874405655
 177.  23.        0.0712063376       -0.1259675231
 177.  24.        0.0650634566       -0.0165697309
 177.  25.        0.0584869340        0.0315471149
 177.  26.       -0.0569080738       -0.1776121849
 177.  27.        0.0187596003        0.0697290734
 177.  28.       -0.0410524464        0.0001021361
 177.  29.        0.1768949501       -0.0266783958
 177.  30.       -0.0268391798        0.0736352850
 177.  31.        0.1199892810       -0.2102390288
 177.  32.       -0.0363806891       -0.0011468664
 177.  33.       -0.2237851052        0.1870977555
 177.  34.       -0.0865948554       -0.2200812710
 177.  35.       -0.0597927007        0.0755585210
 177.  36.       -0.0463055727        0.0395268560
 177.  37.       -0.1587112108       -0.0690289798
 177.  38.       -0.1219884140       -0.0216889557
 177.  39.        0.2044623122       -0.0774016591
 177.  40.        0.0558837334       -0.0279230455
 177.  41.        0.0835782341        0.1702225568
 177.  42.        0.2870947743        0.1157728625
 177.  43.        0.0427638048       -0.0823908049
 177.  44.       -0.0373723820       -0.3294923702
 177.  45.        0.1642415848       -0.0377445550
 177.  46.        0.0980537925        0.0459605568
 177.  47.        0.2073447454       -0.0828268339
 177.  48.       -0.1041339201       -0.0900719067
 177.  49.       -0.0052667473       -0.0694449489
 177.  50.        0.0742785320        0.0282817493
 177.  51.        0.0213511380        0.0987594448
 177.  52.       -0.0171054397       -0.0168403378
 177.  53.        0.3117348546        0.1566101399
 177.  54.       -0.0516246285        0.0421980878
 177.  55.       -0.0053076905        0.2120646073
 177.  56.       -0.0559700819       -0.1994055200
 177.  57.        0.1033016004        0.0386049481
 177.  58.       -0.1746535784        0.2133938952
 177.  59.       -0.0185015240       -0.1314153443
 177.  60.       -0.1479234948        0.0521846115
 177.  61.        0.0001784518        0.1695708877
 177.  62.       -0.0920193292       -0.2674267707
 177.  63.        0.0419472596       -0.0273640802
 177.  64.       -0.0762102324        0.1569575902
 177.  65.       -0.1403706467       -0.0856102637
 177.  66.       -0.2778094090        0.0955843975
 177.  67.        0.1007230199        0.0349948089
 177.  68.        0.0590421874       -0.1891946306
 177.  69.        0.1920719945       -0.0445717997
 177.  70.        0.1009545958       -0.0554484126
 177.  71.        0.0379908980        0.0717168963
 177.  72.        0.0561384642        0.2404434548
 177.  73.       -0.0488796051       -0.1247739224
 177.  74.       -0.1114384895        0.1456209700
 177.  75.        0.2563366745        0.0957363869
 177.  76.       -0.1583427870        0.0458283609
 177.  77.        0.1079247048        0.0338672594
 177.  78.        0.2568283331       -0.0917097201
 177.  79.       -0.0519883222       -0.0165453551
 177.  80.        0.0940810356        0.1664979494
 177.  81.       -0.1344939144       -0.1771835784
 177.  82.       -0.1115083204        0.0807921408
 177.  83.        0.2051282728       -0.0977822009
 177.  84.       -0.0147924707       -0.0109916210
 177.  85.        0.1055487868        0.2994125437
 177.  86.       -0.0701703607        0.1237908515
 177.  87.       -0.1529916459       -0.0574128659
 177.  88.        0.0552735168        0.0490350398
 177.  89.        0.1331215275       -0.0464445224
 177.  90.        0.1080561978        0.0628738815
 177.  91.        0.1330071301        0.2569641368
 177.  92.       -0.2544315074        0.1434415139
 177.  93.       -0.0242107895       -0.1204011465
 177.  94.        0.1526306348       -0.0583816690
 177.  95.        0.0278467511       -0.2195562722
 177.  96.       -0.2976417378        0.1562833811
 177.  97.        0.1583497309        0.0691113107
 177.  98.       -0.0569819820        0.1067759979
 177.  99.        0.0127193197        0.1396373875
 177. 100.       -0.0997641136       -0.2616134828
 177. 101.       -0.0680722233       -0.0774340450
 177. 102.        0.3268687489        0.0071998032
 177. 103.       -0.0576946029        0.1074075148
 177. 104.        0.0321633334        0.1125300419
 177. 105.       -0.0985224586        0.0208118878
 177. 106.        0.0644878891       -0.1050685542
 177. 107.        0.2188201743        0.1477078678
 177. 108.       -0.0191999152        0.0558534222
 177. 109.       -0.0127074673       -0.0439373503
 177. 110.        0.0099688660       -0.1868510442
 177. 111.        0.0717783967        0.0235007734
 177. 112.        0.2318129488       -0.1312186058
 177. 113.        0.1380474822       -0.0792639390
 177. 114.        0.0276322655        0.0526785009
 177. 115.        0.1190153468       -0.2537954498
 177. 116.       -0.2195044964       -0.0075379420
 177. 117.       -0.0153748530       -0.2184446916
 177. 118.        0.0304223313       -0.0453999501
 177. 119.       -0.2332037677       -0.1659534239
 177. 120.        0.2135204344        0.1650204640
 177. 121.        0.0208868637        0.0818911030
 177. 122.        0.0615342812        0.0850427215
 177. 123.       -0.0394941867       -0.0930804315
 177. 124.       -0.1549730821       -0.0139113948
 177. 125.       -0.0463659524        0.1177957867
 177. 126.       -0.4367358371        0.2664971684
 177. 127.        0.0656923964       -0.0175587157
 177. 128.       -0.2259023375       -0.0059196909
 177. 129.       -0.2691370880       -0.2150827580
 177. 130.        0.0757429500        0.1142152473
 177. 131.       -0.2856405055       -0.0774455904
 177. 132.        0.0733316875       -0.3269510972
 177. 133.        0.2863727005       -0.0220430281
 177. 134.       -0.0624113235       -0.0211464507
 177. 135.        0.1010335925        0.1581533760
 177. 136.       -0.0281911064        0.1891834164
 177. 137.       -0.2604846025        0.3886919274
 177. 138.        0.4622478858       -0.1378144184
 177. 139.       -0.0250603890       -0.2705572406
 177. 140.        0.1057443125        0.5004474286
 177. 141.       -0.3495730310       -0.2037010135
 177. 142.       -0.3167136621        0.0975975907
 177. 143.        0.0993935177       -0.3660491709
 177. 144.       -0.0099582970        0.1662289309
 177. 145.        0.2957243779       -0.1239620199
 177. 146.       -0.2136160092        0.0300222951
 177. 147.       -0.1961762197        0.2685373493
 177. 148.        0.1087629724       -0.2238883189
 177. 149.       -0.1799319506        0.4701571188
 177. 150.       -0.0889071578        0.0712416127
 177. 151.       -0.3287624022        0.0301662560
 177. 152.        0.0036506204        0.1954914615
 177. 153.       -0.2917417095        0.3393137984
 177. 154.       -0.0157698818        0.2170281132
 177. 155.        0.0554632901        0.0268973096
 177. 156.        0.0416555288        0.0696581397
 177. 157.        0.0901351602        0.0274782022
 177. 158.        0.0841083759        0.0011179678
 177. 159.        0.0953213305       -0.1173864957
 177. 160.       -0.1269659727        0.0744884159
 177. 161.        0.1318572598       -0.2018039567
 177. 162.       -0.1305331599       -0.2863440739
 177. 163.        0.2009260554       -0.2607534739
 177. 164.       -0.0209762722        0.2013441267
 177. 165.       -0.2172894644       -0.0756405894
 177. 166.        0.3893056216       -0.1575773691
 177. 167.        0.0740691212        0.4011376329
 177. 168.       -0.0187154513       -0.2167541974
 177. 169.        0.2238808675        0.1936998410
 177. 170.       -0.3358943349       -0.0665846292
 177. 171.        0.1192148464       -0.1337245299
 177. 172.        0.2522001812        0.1615845384
 177. 173.       -0.2344375986       -0.1375759508
 177. 174.       -0.1067613271       -0.0369747045
 177. 175.       -0.1397051447        0.0325530111
 177. 176.       -0.1072750663        0.3764192141
 177. 177.       -0.0490671760        0.0844200904
 178.   0.        0.0463203291        0.0000000000
 178.   1.       -0.2439017896       -0.0631847300
 178.   2.       -0.2259459593        0.2054129739
 178.   3.        0.0790852529       -0.0252601570
 178.   4.       -0.1307751132        0.1619751856
 178.   5.        0.1653728286        0.1055216168
 178.   6.        0.0784846183       -0.0543550161
 178.   7.       -0.1654223627       -0.0503048697
 178.   8.       -0.0622826636        0.2413618397
 178.   9.       -0.0950346388       -0.1410773134
 178.  10.        0.1157161424        0.1829199808
 178.  11.        0.2908208660       -0.0045834510
 178.  12.       -0.0199500432        0.0889421392
 178.  13.        0.1253506119        0.1235628123
 178.  14.        0.1714434806        0.0732986932
 178.  15.        0.0073518072        0.1129101775
 178.  16.        0.0040508600        0.0360566771
 178.  17.        0.1852353459       -0.0496723759
 178.  18.        0.0601184147        0.1500079070
 178.  19.        0.0284316520        0.1195510176
 178.  20.        0.1057238373       -0.1262360889
 178.  21.       -0.1138841879       -0.1070373724
 178.  22.       -0.0893353241        0.0790561683
 178.  23.       -0.0248085243       -0.0746046721
 178.  24.        0.0863643114       -0.2261426217
 178.  25.        0.0154403378        0.0631719826
 178.  26.        0.0169207742        0.0405887406
 178.  27.       -0.0530015278       -0.2310888790
 178.  28.       -0.1262459689        0.0991417850
 178.  29.       -0.0734049856       -0.0044310696
 178.  30.       -0.0123028057        0.2020279675
 178.  31.        0.0500917717        0.0868215140
 178.  32.        0.1585676012       -0.0957655530
 178.  33.        0.1247695762        0.1363520718
 178.  34.        0.0229665915        0.0373887513
 178.  35.       -0.0396776765       -0.2073282765
 178.  36.        0.0380206755        0.0543227734
 178.  37.       -0.0722463783        0.0611592611
 178.  38.       -0.0251124997        0.0245144802
 178.  39.        0.0926719188       -0.0976539658
 178.  40.        0.0799440989       -0.1364936309
 178.  41.       -0.2504874886       -0.1018413812
 178.  42.       -0.0226979735        0.0811760538
 178.  43.        0.2231035939        0.0597879828
 178.  44.       -0.2735992498       -0.1467605857
 178.  45.        0.2133437093       -0.2543751653
 178.  46.        0.0316182167       -0.1349082458
 178.  47.       -0.0819771308       -0.0956734062
 178.  48.        0.2165333865       -0.1175615511
 178.  49.       -0.0067030040        0.0636955855
 178.  50.        0.0660127280        0.0223653608
 178.  51.       -0.1368911125        0.2861919468
 178.  52.        0.0000704190       -0.3296909476
 178.  53.        0.0642570739        0.0272609832
 178.  54.        0.0321476691        0.1905188391
 178.  55.        0.2075742757       -0.1437620363
 178.  56.        0.1212850744        0.1267840034
 178.  57.        0.0258344565        0.0679354263
 178.  58.        0.1114982892       -0.0595297686
 178.  59.        0.1486844462        0.0877964818
 178.  60.        0.0942867584       -0.1892109156
 178.  61.        0.0094167584        0.2441989671
 178.  62.        0.0562141102        0.2595082640
 178.  63.        0.0311827087        0.1458964372
 178.  64.        0.1239335562       -0.2326861134
 178.  65.        0.1203007981        0.0813619226
 178.  66.       -0.2067565965       -0.1430158026
 178.  67.       -0.1701743379        0.1048606488
 178.  68.        0.0588583067        0.1538322676
 178.  69.        0.0795429351        0.0156990977
 178.  70.        0.2064414723        0.1895952332
 178.  71.        0.1404218872        0.0579753856
 178.  72.       -0.0168563572        0.1534599376
 178.  73.        0.1449290312        0.0936765709
 178.  74.       -0.0585619183       -0.1531257902
 178.  75.        0.0935100808       -0.0055836386
 178.  76.        0.1179270463        0.0511383167
 178.  77.       -0.0498447177       -0.0245747978
 178.  78.       -0.0179419500        0.1989610681
 178.  79.       -0.1043124113       -0.0223869518
 178.  80.        0.0538156049       -0.0212833090
 178.  81.        0.0807846007        0.1547109504
 178.  82.       -0.1106195772       -0.1421006918
 178.  83.       -0.1392689809       -0.0448128521
 178.  84.        0.0097100654       -0.1523808440
 178.  85.        0.3066717798        0.0741050176
 178.  86.        0.0594437162        0.4045053451
 178.  87.       -0.1498611789        0.0141876111
 178.  88.        0.0792952379       -0.0257379690
 178.  89.        0.2790318666        0.1001737833
 178.  90.       -0.1554270916       -0.2290224125
 178.  91.       -0.0853648999        0.0932698072
 178.  92.        0.0427797031        0.0640319521
 178.  93.        0.1461259530       -0.1441062931
 178.  94.        0.0689987414       -0.0183384426
 178.  95.        0.2124726236        0.0501150470
 178.  96.        0.0276149909       -0.0378880650
 178.  97.        0.1749354665       -0.0674917656
 178.  98.        0.2758576684       -0.1173715248
 178.  99.        0.0455056098        0.1118462296
 178. 100.       -0.1150306107        0.1022781235
 178. 101.       -0.0587753726        0.0150919754
 178. 102.        0.0152749206        0.0210821778
 178. 103.        0.3390059157        0.0754257363
 178. 104.        0.0064590544       -0.3727147727
 178. 105.       -0.1487986499       -0.1939055204
 178. 106.       -0.0946025138       -0.0749669865
 178. 107.       -0.0750805549        0.1684362196
 178. 108.        0.0828993599        0.2843584444
 178. 109.       -0.0815456797       -0.2185978037
 178. 110.       -0.0124675718        0.0783333103
 178. 111.        0.1626570292        0.0972997138
 178. 112.        0.0789674531        0.0652697891
 178. 113.       -0.0425333024       -0.1250467507
 178. 114.       -0.0979829444       -0.1711070296
 178. 115.        0.0215582804       -0.2105057603
 178. 116.        0.0433992139       -0.1036420815
 178. 117.       -0.1753923391        0.2302916637
 178. 118.       -0.2532513421        0.0204855528
 178. 119.        0.0793290380        0.0767952474
 178. 120.       -0.0818775617       -0.0094534055
 178. 121.        0.0776576898       -0.1024472927
 178. 122.        0.0192288787       -0.1439510674
 178. 123.        0.3158117711        0.4436961497
 178. 124.        0.0050787019       -0.1398815125
 178. 125.       -0.2768174831       -0.2451833683
 178. 126.        0.0832737177        0.0221710718
 178. 127.        0.1006447502       -0.0878974964
 178. 128.       -0.0347162885        0.2136851805
 178. 129.       -0.0469897238       -0.0292479148
 178. 130.       -0.1861110213       -0.0135017264
 178. 131.        0.2254465415       -0.0409660495
 178. 132.       -0.2165112645        0.0783035841
 178. 133.       -0.2728427590       -0.0960834957
 178. 134.        0.2400327744        0.0345581329
 178. 135.       -0.2624525907       -0.1889555665
 178. 136.        0.2825237808        0.0537170337
 178. 137.       -0.1281759486        0.1710071363
 178. 138.       -0.0983243942        0.2914080449
 178. 139.        0.0113518396       -0.2720143747
 178. 140.        0.3056841136       -0.0584925296
 178. 141.        0.0650856865        0.0139762735
 178. 142.       -0.3774822593        0.4564467789
 178. 143.       -0.3060210161        0.2386577225
 178. 144.       -0.2107625482       -0.1372524439
 178. 145.       -0.3570370112        0.2677828380
 178. 146.        0.3578202507        0.0496682148
 178. 147.       -0.4052269706       -0.0463497706
 178. 148.        0.1460975413        0.2190277874
 178. 149.        0.1037855440       -0.5638873221
 178. 150.        0.2825768715        0.1002284441
 178. 151.       -0.2932615774       -0.0774557154
 178. 152.       -0.1584885035       -0.1024712875
 178. 153.        0.5199692387       -0.0884515807
 178. 154.       -0.0148942368        0.1551162371
 178. 155.       -0.2576109391        0.0140838357
 178. 156.       -0.3775899740       -0.2695141590
 178. 157.        0.0341301742       -0.0705105751
 178. 158.       -0.0652802750       -0.2294862232
 178. 159.       -0.0575215078        0.3370762118
 178. 160.       -0.4141092148       -0.3285905396
 178. 161.       -0.0466091945       -0.1011017149
 178. 162.        0.2554428163       -0.0303258615
 178. 163.       -0.0288969269       -0.1459827539
 178. 164.       -0.0801462239       -0.1695727823
 178. 165.       -0.0543700666        0.2385764364
 178. 166.        0.2684619636        0.2991210233
 178. 167.        0.1561672242       -0.2757760581
 178. 168.        0.3605748123        0.3004258632
 178. 169.        0.0858738298       -0.3071460887
 178. 170.        0.6304992583       -0.2960867567
 178. 171.       -0.0651211147        0.2432233152
 178. 172.       -0.0510438171       -0.1394968941
 178. 173.       -0.0018994319       -0.0303957372
 178. 174.       -0.2800909110       -0.1262762344
 178. 175.       -0.4597080542        0.0222296929
 178. 176.       -0.2324968946       -0.0796094933
 178. 177.        0.3480171097        0.0687367828
 178. 178.        0.3300779713       -0.0234692645
 179.   0.        0.1238199123        0.0000000000
 179.   1.        0.1040279222        0.2150704341
 179.   2.       -0.0348410592        0.0091467324
 179.   3.       -0.1429488446       -0.0466632888
 179.   4.       -0.0295150102       -0.0712940283
 179.   5.        0.0031932959        0.1598728037
 179.   6.        0.1566770178        0.0706722928
 179.   7.        0.0983568254       -0.0832390230
 179.   8.       -0.0787369822        0.3187047778
 179.   9.        0.1030726603        0.1370524531
 179.  10.        0.0534791589        0.1358241906
 179.  11.        0.0925863090       -0.1036493185
 179.  12.       -0.0448386023       -0.2097687272
 179.  13.        0.0297539339       -0.1755730565
 179.  14.        0.2476028793        0.2708236651
 179.  15.        0.2521375483       -0.0227124331
 179.  16.       -0.0170453166       -0.0665958612
 179.  17.       -0.0859905094       -0.0366773937
 179.  18.        0.1504877687       -0.0511681415
 179.  19.       -0.1337296916       -0.0297441167
 179.  20.       -0.1113513552       -0.0179005326
 179.  21.       -0.0492662508       -0.0931189750
 179.  22.       -0.2133024044       -0.1299768244
 179.  23.       -0.1608156473        0.0795189812
 179.  24.        0.0463091571        0.0062286777
 179.  25.       -0.0352582391       -0.0088599010
 179.  26.       -0.0173697544        0.0774242936
 179.  27.       -0.0560804668       -0.0391781907
 179.  28.        0.0764440271       -0.0798559870
 179.  29.        0.0252728395        0.0601413668
 179.  30.        0.0227252544       -0.1229010832
 179.  31.       -0.0683286243        0.1933232737
 179.  32.        0.0177055671        0.0538538103
 179.  33.        0.1301763447       -0.2229465379
 179.  34.        0.0089688405        0.0743387977
 179.  35.       -0.0336657514       -0.0678331836
 179.  36.        0.0178940487       -0.0979778504
 179.  37.       -0.1053637635        0.0636082338
 179.  38.        0.0969542514       -0.0173514352
 179.  39.       -0.0462630917        0.1283130453
 179.  40.        0.0188959912        0.1422161934
 179.  41.        0.1415284418       -0.1892058714
 179.  42.       -0.2567858183       -0.2115470918
 179.  43.        0.0133648329        0.2136312541
 179.  44.        0.2005696282        0.1144434207
 179.  45.       -0.0535335392        0.1327377778
 179.  46.       -0.0297809048       -0.0381060053
 179.  47.       -0.1553615859        0.1831707016
 179.  48.        0.0858801588       -0.1934288469
 179.  49.       -0.0939315357       -0.0048647765
 179.  50.        0.0431539089        0.0300387491
 179.  51.        0.1205798753        0.1611617456
 179.  52.        0.0440326768        0.2534864440
 179.  53.       -0.0043667964       -0.2635772817
 179.  54.        0.1692040705       -0.0996777089
 179.  55.       -0.2085583833        0.0449219333
 179.  56.        0.0386809795       -0.0214408476
 179.  57.        0.0360739315        0.1433838280
 179.  58.       -0.0179744211        0.1229930672
 179.  59.       -0.0535292668        0.2175276543
 179.  60.       -0.0989965681       -0.1317853299
 179.  61.        0.1949303022       -0.2063982020
 179.  62.       -0.0813526687       -0.0841713138
 179.  63.       -0.0686461659        0.1898600066
 179.  64.        0.0088161288        0.0176682387
 179.  65.        0.0079945297        0.0902279763
 179.  66.        0.0468877955       -0.0991209452
 179.  67.        0.0030198289       -0.0297294323
 179.  68.       -0.0718077238        0.2497492538
 179.  69.        0.0625423603       -0.1481263523
 179.  70.       -0.1223746789        0.0142753014
 179.  71.       -0.0022606960       -0.0377065804
 179.  72.       -0.0151795076       -0.1094402336
 179.  73.        0.0294972045        0.0915289418
 179.  74.        0.0997140932       -0.1923624934
 179.  75.        0.0683802171        0.0173496938
 179.  76.        0.0565024675        0.1050933710
 179.  77.       -0.1240333485       -0.0568055502
 179.  78.       -0.0306105979        0.1566314401
 179.  79.        0.0633073340       -0.0252654823
 179.  80.       -0.0314010999       -0.1107833578
 179.  81.        0.0417033386        0.0274971527
 179.  82.        0.0300642123       -0.0729369850
 179.  83.       -0.2187109111        0.1528511968
 179.  84.       -0.2211519230       -0.0024134343
 179.  85.        0.1646931403       -0.0389268336
 179.  86.        0.1267522542       -0.0308813043
 179.  87.        0.1184649805       -0.0574447217
 179.  88.       -0.2232296472       -0.2974813913
 179.  89.       -0.0823549403       -0.0088782429
 179.  90.        0.1799400784       -0.0049343736
 179.  91.       -0.1201730526       -0.0004807227
 179.  92.       -0.0482295483       -0.0403321538
 179.  93.        0.3736191392        0.1311188992
 179.  94.        0.0641943879       -0.0797259136
 179.  95.        0.0100418379        0.3366084043
 179.  96.        0.0381148723       -0.0515807074
 179.  97.        0.0286356569        0.0539119356
 179.  98.        0.0109597502        0.1032605516
 179.  99.       -0.0301103712       -0.2449981927
 179. 100.       -0.0227118565        0.2943443593
 179. 101.       -0.0408461236        0.0146179783
 179. 102.       -0.1023087293       -0.0955307572
 179. 103.        0.0622211776        0.0430101761
 179. 104.        0.1649547573       -0.0671759987
 179. 105.       -0.1602489456       -0.0124981427
 179. 106.        0.0865135043       -0.1133139007
 179. 107.       -0.1988044117       -0.1325774477
 179. 108.       -0.0108655995       -0.0365658606
 179. 109.       -0.0273436823        0.0379722342
 179. 110.        0.1302327395       -0.0174586497
 179. 111.        0.0580359578        0.3335397793
 179. 112.       -0.0946152883        0.0069468127
 179. 113.       -0.2149068299        0.1421644881
 179. 114.        0.0527824647       -0.0552356305
 179. 115.       -0.0812061157       -0.0474494587
 179. 116.        0.0863868224        0.0531791832
 179. 117.       -0.1000082388       -0.0889590764
 179. 118.       -0.0012054353        0.2823895089
 179. 119.       -0.0735903408        0.1435754970
 179. 120.        0.0696331018        0.0109930089
 179. 121.       -0.0341803215        0.0199257192
 179. 122.       -0.0839578447       -0.1511549454
 179. 123.       -0.0428892350        0.1011566322
 179. 124.        0.2900642890        0.2602643809
 179. 125.        0.0741433780       -0.2040634011
 179. 126.        0.0009244058       -0.1231919684
 179. 127.       -0.0560292109       -0.1515510517
 179. 128.        0.2837279834       -0.0616548943
 179. 129.       -0.1084993101        0.3585489788
 179. 130.        0.0005943271       -0.1784173275
 179. 131.       -0.1631229787       -0.1725105578
 179. 132.        0.0743382866        0.0168595508
 179. 133.        0.0396034681        0.0414981143
 179. 134.        0.1064827448        0.2952513842
 179. 135.       -0.0023930085       -0.2977732750
 179. 136.       -0.1373336506        0.0613888881
 179. 137.        0.0818787111        0.1365433354
 179. 138.       -0.0733908132       -0.0917938491
 179. 139.        0.0258267671        0.1535214244
 179. 140.       -0.0016581819        0.0298961213
 179. 141.        0.0406579672        0.1302468499
 179. 142.        0.2528653782       -0.0521189265
 179. 143.       -0.0107299790        0.1986779755
 179. 144.       -0.2477821130       -0.0754170870
 179. 145.        0.0194917420       -0.4083376097
 179. 146.        0.1616006756       -0.0595525037
 179. 147.        0.3319166012       -0.0210305907
 179. 148.       -0.3162800157        0.0722770076
 179. 149.       -0.1184160192        0.2633776906
 179. 150.        0.2096533115       -0.2789052640
 179. 151.        0.2655642468        0.4288578187
 179. 152.        0.0567522130       -0.0542122565
 179. 153.       -0.0400845041        0.1846850759
 179. 154.       -0.0864821295       -0.0188254733
 179. 155.        0.1798288509       -0.2825619612
 179. 156.        0.2288301619       -0.1039431154
 179. 157.       -0.3188990182       -0.3420502847
 179. 158.        0.0412321461       -0.2540464936
 179. 159.       -0.0107551581       -0.2916430696
 179. 160.       -0.0360706116        0.3399105355
 179. 161.       -0.1692485547       -0.0135964574
 179. 162.        0.1236053726       -0.0443958046
 179. 163.        0.1110742495        0.2516012252
 179. 164.       -0.4208513227        0.0808651326
 179. 165.        0.2892979661       -0.0395439811
 179. 166.        0.1604581622        0.2990208644
 179. 167.        0.2964825491        0.4984854483
 179. 168.       -0.1731264572       -0.2411356648
 179. 169.        0.2183680636       -0.1307130449
 179. 170.       -0.5958552311        0.1379590305
 179. 171.        0.0764587807       -0.1646265711
 179. 172.       -0.2497889585        0.0344716270
 179. 173.       -0.0424490116        0.1247157797
 179. 174.       -0.2086927607       -0.1171413709
 179. 175.        0.1059749952        0.1292220141
 179. 176.       -0.2748482338        0.3335741765
 179. 177.       -0.1212820695       -0.3395290680
 179. 178.        0.2853253981        0.3386730952
 179. 179.        0.2088319351       -0.2477181294
 180.   0.       -0.0647450571        0.0000000000
 180.   1.        0.1773263703        0.1490293030
 180.   2.        0.2782835433       -0.1136636287
 180.   3.        0.0837576662        0.0639056806
 180.   4.        0.0762647432       -0.0461946931
 180.   5.       -0.0417908782       -0.0556456374
 180.   6.       -0.1446909443        0.1050285598
 180.   7.        0.1457159962        0.0190412948
 180.   8.        0.0453457658       -0.0942459017
 180.   9.        0.0136902429        0.0792894037
 180.  10.       -0.1328290753       -0.0506808288
 180.  11.       -0.0408796857       -0.0949469571
 180.  12.       -0.1438139794       -0.0081526257
 180.  13.       -0.1313962279       -0.1037092390
 180.  14.       -0.0236294517       -0.0256851719
 180.  15.        0.0785087909       -0.0799583367
 180.  16.        0.1497999467        0.0271554618
 180.  17.       -0.1555074845       -0.0132937432
 180.  18.       -0.0432880913       -0.1176450456
 180.  19.        0.0235045121       -0.0170714217
 180.  20.        0.0164863737        0.0274096276
 180.  21.        0.0894738170        0.1025476757
 180.  22.        0.1866395738       -0.0038552183
 180.  23.        0.0140683378        0.0461377436
 180.  24.       -0.3513632411        0.1695607582
 180.  25.        0.1323144491       -0.1014164372
 180.  26.       -0.0132136872       -0.0318574758
 180.  27.        0.0630507940        0.2017520770
 180.  28.        0.0840633718       -0.1092645195
 180.  29.        0.0665142522       -0.0479304733
 180.  30.        0.0552745244       -0.0160606711
 180.  31.       -0.0941957094       -0.1156275152
 180.  32.       -0.0230231478        0.0295597984
 180.  33.        0.0105464818        0.0861992904
 180.  34.       -0.0710179538       -0.1507336839
 180.  35.        0.0995349309       -0.0061586393
 180.  36.        0.0469442017       -0.1181379374
 180.  37.        0.0071048675       -0.1239711424
 180.  38.       -0.1144529573        0.0005371079
 180.  39.       -0.0309330970       -0.0266516304
 180.  40.       -0.0243715171        0.0064914121
 180.  41.        0.1617035678        0.0107496968
 180.  42.       -0.0848525655       -0.2090668414
 180.  43.       -0.2444828579       -0.0945286630
 180.  44.        0.0639208366        0.0313309015
 180.  45.        0.0660811145        0.0885503039
 180.  46.       -0.0172126127        0.0882108472
 180.  47.        0.0226242814       -0.0251020465
 180.  48.       -0.0834280010        0.0487408596
 180.  49.       -0.0713453013       -0.1986787928
 180.  50.       -0.0600482617       -0.0463977713
 180.  51.       -0.0302902839       -0.1688072778
 180.  52.        0.0088809911        0.2747904865
 180.  53.        0.0004686681       -0.0949902597
 180.  54.        0.0609008175       -0.0792925313
 180.  55.       -0.0754842497        0.1655519343
 180.  56.       -0.2297698512       -0.1012831373
 180.  57.        0.0056490260       -0.0605969093
 180.  58.       -0.1431400442       -0.0013172305
 180.  59.        0.1059564601       -0.0623868970
 180.  60.        0.0085446391       -0.0436498478
 180.  61.        0.0895426965       -0.1766460606
 180.  62.        0.1202762509       -0.1522332138
 180.  63.       -0.0453132103       -0.0396346318
 180.  64.       -0.0627102737        0.2332631982
 180.  65.       -0.0349369770       -0.0361125326
 180.  66.       -0.0272267162        0.1138417649
 180.  67.       -0.0189360162        0.1121625244
 180.  68.        0.0108890921        0.1280355937
 180.  69.       -0.1344415765       -0.0093067550
 180.  70.        0.0893485439       -0.0787019210
 180.  71.       -0.0462142541        0.0266249154
 180.  72.        0.1301701316        0.0648387946
 180.  73.       -0.2830297228       -0.0406389300
 180.  74.        0.1485966250       -0.0624549555
 180.  75.       -0.0357109864       -0.3024227401
 180.  76.       -0.0978749657       -0.1239509492
 180.  77.        0.2869091703       -0.0184572176
 180.  78.        0.0066600544       -0.0200038481
 180.  79.       -0.1265124247        0.0985674847
 180.  80.        0.3117141748        0.1640191935
 180.  81.        0.1240159535       -0.0436239382
 180.  82.        0.1131365656        0.0697199409
 180.  83.        0.1002529187        0.0900070737
 180.  84.        0.0362088762       -0.0156889755
 180.  85.       -0.1820782416        0.1229813168
 180.  86.        0.2256231830       -0.2314399808
 180.  87.        0.0439839090        0.0505881084
 180.  88.        0.0441109537       -0.0370462396
 180.  89.       -0.1452407253       -0.2186142617
 180.  90.       -0.0387512694       -0.0729102392
 180.  91.        0.2329143706        0.1808760116
 180.  92.       -0.1199825489       -0.0277343597
 180.  93.       -0.1648825967       -0.2344571364
 180.  94.        0.1401721357       -0.0598873669
 180.  95.       -0.1371699704       -0.0382865782
 180.  96.        0.1312912996        0.0354019794
 180.  97.        0.2147877745       -0.0664701890
 180.  98.       -0.0457861069        0.2704657920
 180.  99.        0.1084989395       -0.0496710138
 180. 100.        0.1121667430       -0.0771773955
 180. 101.        0.1247882676        0.0190559889
 180. 102.        0.2100528665       -0.0664112134
 180. 103.       -0.2405896906       -0.1701623065
 180. 104.        0.1180121725        0.0162673031
 180. 105.       -0.0510305791       -0.0900164788
 180. 106.       -0.0532065420        0.1040925960
 180. 107.        0.1502744445       -0.1949071991
 180. 108.       -0.0750261115        0.0548477589
 180. 109.        0.0252558039       -0.0054143818
 180. 110.        0.3031405594       -0.0616839495
 180. 111.        0.0290205798       -0.0599504058
 180. 112.       -0.0268358918        0.1776466286
 180. 113.        0.0443801275       -0.0943922078
 180. 114.        0.1040910205        0.0864738220
 180. 115.       -0.0138924372       -0.0152329622
 180. 116.        0.0021399644        0.0988008242
 180. 117.       -0.0284165686        0.1086402947
 180. 118.        0.3596950275        0.2415457230
 180. 119.       -0.0069631839        0.0598598809
 180. 120.       -0.4471105061       -0.0579668109
 180. 121.        0.1093819532        0.0650209429
 180. 122.        0.0558130248        0.1124167519
 180. 123.       -0.2194072346       -0.3261862922
 180. 124.       -0.1658113185        0.1692200227
 180. 125.        0.0075756924        0.2200579454
 180. 126.       -0.1978278830        0.1586008065
 180. 127.       -0.0728793672       -0.1738088498
 180. 128.       -0.1023546300       -0.0554792865
 180. 129.        0.1784882429       -0.0536493092
 180. 130.       -0.0732044448        0.1960267215
 180. 131.       -0.2057557523       -0.0251711261
 180. 132.       -0.0214051233        0.0962331909
 180. 133.        0.0367812565       -0.1272627045
 180. 134.       -0.0610775216       -0.0667485348
 180. 135.       -0.0205952366        0.0786379092
 180. 136.       -0.2668607853        0.0586018759
 180. 137.       -0.0988165562        0.0365841920
 180. 138.        0.3151448691        0.0857296198
 180. 139.        0.0053742515       -0.1877469598
 180. 140.       -0.0382907702        0.2866468612
 180. 141.       -0.1099813377        0.0787805325
 180. 142.       -0.3056677811        0.0630677359
 180. 143.        0.1930949804       -0.0479430326
 180. 144.        0.0742065295        0.1155190819
 180. 145.        0.1075019227       -0.1058422109
 180. 146.       -0.0384842383       -0.3078714102
 180. 147.       -0.0871473721        0.1173970938
 180. 148.        0.1297318281       -0.2196581964
 180. 149.       -0.1153336180        0.1048506302
 180. 150.       -0.0599864671        0.2604202607
 180. 151.       -0.5739075899        0.0012169329
 180. 152.        0.5247059749       -0.0719431776
 180. 153.        0.0480223036       -0.2383901826
 180. 154.        0.3266649604       -0.0421281158
 180. 155.       -0.1952781268       -0.6156870233
 180. 156.       -0.1924845838        0.0352666396
 180. 157.       -0.0293036149        0.1024236089
 180. 158.       -0.2451363442       -0.2705994535
 180. 159.       -0.1608674139       -0.0739608994
 180. 160.       -0.2781161005       -0.0723894667
 180. 161.       -0.0833157184        0.2378489964
 180. 162.       -0.3302428058        0.0396144540
 180. 163.       -0.2072269455       -0.0113980908
 180. 164.       -0.3036570143        0.1340099305
 180. 165.        0.0634654991        0.0639761891
 180. 166.        0.3338901238       -0.1227589407
 180. 167.        0.1089391430       -0.0352833253
 180. 168.        0.1810287318        0.0714534865
 180. 169.       -0.1765025593       -0.3984051865
 180. 170.        0.2823809668       -0.5420412783
 180. 171.       -0.1901155663        0.4596985074
 180. 172.        0.2185904012        0.0512755489
 180. 173.       -0.2318297767        0.2821345918
 180. 174.       -0.3226931867        0.1636826691
 180. 175.        0.1452934188       -0.1630156927
 180. 176.       -0.1047671299        0.2761993442
 180. 177.        0.0260520926        0.0643833144
 180. 178.       -0.1705775282        0.0103214988
 180. 179.        0.2699778023       -0.1274483641
 180. 180.       -0.5248093911        0.0000000000
