MagnetogramType = NSO-GONG Hourly; InstrumentName = GONG; InputLatGrid = sin(lat); OutputLatGrid = sin(lat); MagUnit = Gauss; InputMapResolution = 360,180; MagnetogramDate = 2018-03-22T20:14:00; CentralMeridianLong = 2201.663889; InputFile = "GONG_magnetograms/mrbqs180322t2014c2202_301.fits;ASCIIFileCreationDate = 2026-04-06T12:51:24; BrFactor = 3.8; BrMin =  5.0
         0  9.9815610000E-01 -2  3  2
   16471       1
 180.     2201.0000000000      301.5000000000
n m g h nOrder CR dLon
   0.   0.        0.0000000000        0.0000000000
   1.   0.        2.3390183536        0.0000000000
   1.   1.        0.4461134387       -0.4748670903
   2.   0.       -1.9706248006        0.0000000000
   2.   1.        1.3489071987       -0.3518705257
   2.   2.       -0.2132486785       -0.5537903672
   3.   0.        1.7069789691        0.0000000000
   3.   1.       -0.7444290452       -0.7932774274
   3.   2.       -1.0151442039       -0.1187486684
   3.   3.       -0.0365314701        0.9093370115
   4.   0.       -4.8781411989        0.0000000000
   4.   1.       -1.2171445196       -0.0924783988
   4.   2.        0.4654730559        0.7842782594
   4.   3.        0.8492321943       -0.5366405213
   4.   4.        0.7590520641        1.0922445108
   5.   0.       -1.8709941185        0.0000000000
   5.   1.        0.5248180742        1.3173649923
   5.   2.        0.3587896193        0.5572475420
   5.   3.       -0.4655127945       -1.0576383597
   5.   4.       -0.3253967985        0.6933344302
   5.   5.       -0.6346195447        0.3638725109
   6.   0.       -1.7831684868        0.0000000000
   6.   1.       -0.3226797516        0.8928518796
   6.   2.       -0.3379035038       -1.2825878972
   6.   3.       -1.0476317428        0.2126646749
   6.   4.        0.3661740984       -0.6717760038
   6.   5.        0.9608775803        0.3199695664
   6.   6.        1.0144483298        0.4116298265
   7.   0.       -2.4161924757        0.0000000000
   7.   1.        0.3752683921        0.0438110547
   7.   2.        0.3273516010       -1.0977763789
   7.   3.        0.1728166774        0.5631591756
   7.   4.        0.4992161073       -0.1760655023
   7.   5.       -0.0097631286       -0.5118183999
   7.   6.       -0.0976059563       -0.4903823258
   7.   7.       -0.2961673909       -0.6386072636
   8.   0.       -0.4871589213        0.0000000000
   8.   1.        1.0620328290        0.8401092064
   8.   2.       -0.1751857328        1.7812318309
   8.   3.        0.7135860042        0.5524078859
   8.   4.       -0.8995728894        0.2411796600
   8.   5.       -0.6615448086       -1.0513446415
   8.   6.        0.2313282580       -0.4151719493
   8.   7.        0.5262246955       -0.0557163895
   8.   8.        0.1558896538        0.9686964085
   9.   0.       -1.2264488639        0.0000000000
   9.   1.        0.6052127124       -0.8243695631
   9.   2.       -0.3447593377        0.0758035036
   9.   3.        0.8443311888       -0.7815970058
   9.   4.       -0.2015812838       -0.3817995779
   9.   5.       -0.3712419053        0.7882325100
   9.   6.       -0.1794520958        0.2146822997
   9.   7.        0.1836370085        0.0975975200
   9.   8.       -0.2448484633       -0.5966300369
   9.   9.       -0.2951370532       -0.3561275638
  10.   0.        1.2376826655        0.0000000000
  10.   1.       -0.1838729368       -0.6638044144
  10.   2.        0.3036428485       -0.3242103178
  10.   3.        0.0404589789       -0.8070772215
  10.   4.       -0.3099488269        0.2652689143
  10.   5.       -0.3021985667        0.6788467316
  10.   6.       -0.3370677216       -0.5585655993
  10.   7.       -0.0616785930       -0.2036984940
  10.   8.       -0.5969858209       -0.3660867824
  10.   9.       -0.8166950808        0.5238247148
  10.  10.       -0.6806107786       -0.9582488307
  11.   0.        1.2721495481        0.0000000000
  11.   1.       -0.8551797038       -0.1332753545
  11.   2.       -0.2416437503        0.2505616254
  11.   3.       -0.8990530535       -0.5339710718
  11.   4.       -0.7323118670       -0.2334361266
  11.   5.       -0.0454137162       -1.0444709995
  11.   6.        0.6562651720        1.1038926596
  11.   7.        0.5634149360        0.7163941208
  11.   8.       -0.2853586536        0.8886561034
  11.   9.       -0.9907704540       -0.1754857339
  11.  10.        0.5591843386       -0.1197655977
  11.  11.       -0.5284105416        1.0165531468
  12.   0.        1.0530615571        0.0000000000
  12.   1.       -0.1496349633       -0.1055875021
  12.   2.       -0.6956232994       -0.3869904017
  12.   3.       -0.5223729457       -0.3812467529
  12.   4.        0.1497814489        0.3040527277
  12.   5.        0.5875074645       -1.0200196852
  12.   6.        0.3646810510        0.1443964215
  12.   7.        0.2508525717        0.7369440381
  12.   8.       -0.5200727262        0.1298667544
  12.   9.       -0.0416198660        0.0541783776
  12.  10.        1.0622098155       -0.0612944520
  12.  11.       -0.6011593150       -1.2790616947
  12.  12.        1.6940857216       -0.8874322431
  13.   0.        1.7006938915        0.0000000000
  13.   1.        0.0825628900        0.4451842509
  13.   2.       -0.2297342832        0.0350067555
  13.   3.        0.5991575219        0.6283306681
  13.   4.        0.3190467363        0.3880995313
  13.   5.       -0.7740163776        0.2133746338
  13.   6.        0.1261232168       -0.6247015399
  13.   7.       -0.3983473462        0.3279415425
  13.   8.       -0.2339912353       -0.2762981613
  13.   9.        0.4478268996        0.3124157225
  13.  10.       -0.2514177800        0.2696940120
  13.  11.        0.3440995546       -0.5600019719
  13.  12.       -0.4222277520        0.5823718306
  13.  13.       -0.2197958767       -0.5190410410
  14.   0.        0.9155288359        0.0000000000
  14.   1.       -0.7670335749       -0.2750865180
  14.   2.        0.4062595199        0.2830203804
  14.   3.       -0.1879954089        0.3108837507
  14.   4.        0.1402541523       -0.1719945400
  14.   5.       -0.6503916359        0.3611521710
  14.   6.       -0.0095442696       -0.3242970958
  14.   7.        0.4416617559       -0.6527494201
  14.   8.        0.1067494662        0.2445683055
  14.   9.        0.0437224612       -0.2153159049
  14.  10.        0.2678029216       -0.2911462214
  14.  11.        0.1429488358        0.8926513487
  14.  12.       -0.7916811681        0.4662071009
  14.  13.        0.7401964604        0.2260180226
  14.  14.        0.8273678004        0.8983010078
  15.   0.        0.6434250658        0.0000000000
  15.   1.       -0.1276787197       -0.0526662750
  15.   2.        0.5434577088        0.4660475882
  15.   3.       -0.0961515174        0.1018538774
  15.   4.        0.7772022683       -0.1177355705
  15.   5.        0.9918374623        1.2816086168
  15.   6.       -0.2659596833        0.3267717527
  15.   7.        0.1138458922       -0.3053436776
  15.   8.       -0.8649449892        0.2416030404
  15.   9.       -1.0914703971       -0.8656038362
  15.  10.        0.0461664466       -0.3766735558
  15.  11.       -0.6492980268       -0.2138640996
  15.  12.        0.7085957703       -0.4938193970
  15.  13.        0.0231708290        0.5210283244
  15.  14.        0.3853605491        0.3188407785
  15.  15.        1.1665040329        0.1549819925
  16.   0.       -0.4760753035        0.0000000000
  16.   1.        0.8523080670        0.2722154157
  16.   2.        0.1660137506        0.4050917922
  16.   3.       -0.3486580447       -0.7359621750
  16.   4.       -0.0306884565       -0.0950142891
  16.   5.        0.6859486834        0.1377284013
  16.   6.        0.2426617497       -0.2693800214
  16.   7.       -0.8582551128        0.6795187557
  16.   8.        0.1274871234       -0.2434738187
  16.   9.        0.7331654105        0.0197942156
  16.  10.       -0.0751279012       -0.0748825326
  16.  11.        0.5203230052       -0.9439862117
  16.  12.        0.3978126217        0.4298234884
  16.  13.       -0.9758131474       -0.5597169408
  16.  14.        0.0482777000       -0.2507993071
  16.  15.       -0.2631184784        0.3224011708
  16.  16.       -0.3586294385        0.4698834493
  17.   0.        0.2516325229        0.0000000000
  17.   1.        0.6185004155        0.2453975007
  17.   2.       -0.0856605538       -1.1147556190
  17.   3.       -0.0988879158        0.0085151792
  17.   4.       -0.9092189427        0.3889562892
  17.   5.        0.5756000320       -0.7669213847
  17.   6.        0.5853709155        0.5291189653
  17.   7.       -0.4118549866        0.2880212569
  17.   8.        0.3747983027        0.6283814605
  17.   9.       -0.2153242431        1.1102336088
  17.  10.        0.1817756653       -1.2735736964
  17.  11.        1.1497733955        0.4382467690
  17.  12.       -0.7160459393       -0.0132756085
  17.  13.       -0.1032320376       -0.5906913063
  17.  14.       -0.5642189871       -0.2240633569
  17.  15.       -0.6183087362       -0.0757633780
  17.  16.        0.3312477740        0.1363975111
  17.  17.        0.4595542034        0.6749010128
  18.   0.       -0.7794034764        0.0000000000
  18.   1.       -0.6323091306       -0.7051332773
  18.   2.        0.6290056742       -0.5552280733
  18.   3.        0.5117735630        0.4278333761
  18.   4.       -0.0661430725       -0.4109381220
  18.   5.        0.0343532102       -0.0986945851
  18.   6.        0.2569543471        0.4499496104
  18.   7.        0.7161747193       -0.0740185624
  18.   8.       -0.0865572472        0.2685797157
  18.   9.       -0.5523228754       -0.5391332073
  18.  10.        0.2986695072        0.1504057204
  18.  11.       -0.3208504385        0.6064089298
  18.  12.        0.3214938307       -0.4048536569
  18.  13.       -0.0276391662        0.2536064166
  18.  14.       -0.2274514094       -0.2720454108
  18.  15.       -0.1755395915       -0.6571480449
  18.  16.        0.4095964886        0.3470575199
  18.  17.       -0.8236872004       -0.1442099537
  18.  18.       -0.9140453066       -0.5107460536
  19.   0.       -1.5714745593        0.0000000000
  19.   1.       -0.4894187470       -0.1468815474
  19.   2.       -0.2660333832        0.7418329824
  19.   3.        0.2702093187       -0.1878328696
  19.   4.       -0.3538724477       -0.0136681211
  19.   5.       -1.2076976226       -0.3200242809
  19.   6.       -0.2938100031       -0.2372478927
  19.   7.        0.2509777348        0.4921357276
  19.   8.        0.0266798098       -0.9671826233
  19.   9.        0.6904393776       -0.1045455817
  19.  10.       -0.5983030709        0.8090068138
  19.  11.       -0.6468466374       -0.4169905949
  19.  12.        0.0689976289        0.7396847968
  19.  13.       -0.4093774733        0.5313394838
  19.  14.        0.3147171304       -0.3127592791
  19.  15.        0.1336448244        0.1267769112
  19.  16.       -0.7802602802       -0.2869394213
  19.  17.        0.1157426992       -0.4796438011
  19.  18.       -0.0729551460        0.4237365200
  19.  19.       -1.4606924202        0.7395852283
  20.   0.       -0.0398069057        0.0000000000
  20.   1.        0.5072100342        0.0305455263
  20.   2.       -0.4384367232       -0.2545824619
  20.   3.        0.0559655660       -0.1368890258
  20.   4.       -0.5127730219        0.4933883853
  20.   5.       -0.5717537480        0.1074590329
  20.   6.        0.0677750884        0.5305578891
  20.   7.       -0.4597487073       -0.1498471812
  20.   8.        0.3334466680        0.2895821239
  20.   9.       -0.0278690074        0.5835473689
  20.  10.       -0.3025092223        0.4986148528
  20.  11.        0.1469586145       -1.2579482636
  20.  12.       -0.2571465964       -0.3714543298
  20.  13.       -0.7225022583       -0.4961082986
  20.  14.        0.4292698347       -0.2303031127
  20.  15.       -0.1626047291        0.4058553009
  20.  16.       -0.4876250651       -0.5619935912
  20.  17.        0.5830963032        0.0565833875
  20.  18.       -0.3151554828       -0.6310656547
  20.  19.       -0.2945650409        0.0652957651
  20.  20.        0.6185821128       -0.5542530003
  21.   0.       -0.6581602810        0.0000000000
  21.   1.       -0.2314397444       -0.2367811033
  21.   2.        0.2173336148       -0.1663006347
  21.   3.        0.4492342774        0.3172032971
  21.   4.       -0.3109275356       -0.1424922428
  21.   5.        0.9442188153        0.3499897373
  21.   6.       -0.5137550451        0.3929567988
  21.   7.        0.3090616195        0.0477656066
  21.   8.        0.4939295382        0.1596382895
  21.   9.       -0.8317749484       -0.1390323598
  21.  10.        0.2016744758       -0.0401416528
  21.  11.        0.2962764155        0.0312427633
  21.  12.       -0.0923189437       -0.3400313850
  21.  13.        0.2044557876        0.6008922632
  21.  14.       -0.7368892517       -0.0644247363
  21.  15.       -0.0846583404       -0.2489498499
  21.  16.        0.2756857127        0.4600694687
  21.  17.       -0.0228775660        0.1309763847
  21.  18.        0.1782808259       -0.8782137903
  21.  19.        0.4994152366       -0.0158442996
  21.  20.       -0.2105426340       -0.4438627345
  21.  21.       -0.4417710320       -0.7252679853
  22.   0.       -0.4697470623        0.0000000000
  22.   1.       -0.4944935179        0.4547283999
  22.   2.       -0.2662079598        0.0108787396
  22.   3.       -0.6350964521        0.2063711250
  22.   4.        0.3648743119       -0.3037132910
  22.   5.       -0.2042943766        0.4236779478
  22.   6.       -0.4544970479       -0.5583701939
  22.   7.        0.4208002159       -0.3382270534
  22.   8.       -0.0753083279       -0.3499597042
  22.   9.        0.0429811592       -0.1533728340
  22.  10.        0.3520853138        0.1014872959
  22.  11.        0.0116170666        0.0356817576
  22.  12.        0.1215215194        0.2045963749
  22.  13.       -0.1258760584        0.2923267960
  22.  14.       -0.3944419629       -0.1019304310
  22.  15.        0.5346430638       -0.2837082151
  22.  16.       -0.4596876335        0.1117841433
  22.  17.       -0.1814792615        0.0604773796
  22.  18.        0.5901896489       -0.2296615323
  22.  19.       -0.3221830302        0.1305193518
  22.  20.        0.0406466915       -0.8618634305
  22.  21.        0.0222199575       -0.6065965478
  22.  22.       -0.6044376615        0.4539051661
  23.   0.       -0.1067889230        0.0000000000
  23.   1.        0.2639110744        0.3630594279
  23.   2.       -0.2390610389        0.1006609497
  23.   3.       -0.1650524710        0.2074096100
  23.   4.        0.8659384333        0.2227307360
  23.   5.       -0.6058077493        0.1430172552
  23.   6.        0.2290349194       -0.2247094253
  23.   7.        0.2170373732        0.1276145803
  23.   8.        0.0701653578       -0.1409583390
  23.   9.        0.7283490656        0.3960971813
  23.  10.       -0.1020726256       -0.2015163150
  23.  11.        0.8615611376        0.0625443257
  23.  12.        0.2416039888        0.8644811737
  23.  13.       -0.1226547023       -0.2135864704
  23.  14.        0.2219857880        0.1326828056
  23.  15.       -0.6122553700       -0.4296323904
  23.  16.        0.0967227309       -1.3790559312
  23.  17.        0.3498955244        0.3398541286
  23.  18.        0.6647909332        0.6935664977
  23.  19.        0.1716859809        0.0573216619
  23.  20.        0.5050598057        0.3791924493
  23.  21.       -0.3452596419        0.1778076164
  23.  22.       -0.2660967366       -0.4814765291
  23.  23.        0.4144826457        0.2530820044
  24.   0.        0.5570935838        0.0000000000
  24.   1.        0.5681173539       -0.0086201638
  24.   2.        0.0433285068       -0.0636784529
  24.   3.       -0.0367606034       -0.4157005100
  24.   4.        0.0251042157        0.4857056318
  24.   5.        0.1160694634       -0.3330796655
  24.   6.       -0.3870185727        0.7285252044
  24.   7.       -0.1855057420        0.6137668005
  24.   8.        0.8075596354       -0.0954957679
  24.   9.        0.6870432737        0.2634642554
  24.  10.        0.2849959630       -0.6409230760
  24.  11.        0.1102737506        0.6221284006
  24.  12.       -1.2012388907        0.0728948726
  24.  13.        0.0352439783        0.0904766997
  24.  14.       -0.6251089308        0.1109685234
  24.  15.       -0.5533093741       -0.6077289446
  24.  16.        0.5602069670        0.0971028014
  24.  17.       -0.1347558565        0.2917389613
  24.  18.       -0.8760915716       -0.3691181736
  24.  19.        0.4965089090        0.1820717979
  24.  20.       -0.3964493707       -0.0181944921
  24.  21.       -0.2429699171        0.4455263178
  24.  22.        0.9062074366        0.6403842505
  24.  23.       -0.9789113998       -0.7370282408
  24.  24.       -0.1556407410       -0.5843818255
  25.   0.        0.3690311903        0.0000000000
  25.   1.       -0.1107033421       -0.2097578007
  25.   2.       -0.0142603100       -0.2038782351
  25.   3.       -0.2746725927       -0.3645392630
  25.   4.       -0.2244147245       -0.0274445257
  25.   5.        0.1465111827        0.3979140072
  25.   6.       -0.0470793650        0.0391710369
  25.   7.       -0.7202202124       -0.0938922604
  25.   8.        0.7796759356        0.2365548445
  25.   9.        0.1921186647       -0.8677779316
  25.  10.        0.2763123777        0.3937723896
  25.  11.       -0.3051014651       -0.0223688264
  25.  12.       -0.5087410691       -0.2789498806
  25.  13.        0.3190317162        0.7293966366
  25.  14.       -0.0727788566        0.0797424769
  25.  15.        0.3039818563       -0.0065494184
  25.  16.       -0.1713338695        0.9287421345
  25.  17.       -0.2417906409       -0.6028907472
  25.  18.        0.4521129496        0.2592785543
  25.  19.       -1.1061498722        0.4891046917
  25.  20.       -0.2868870291       -0.2155638151
  25.  21.        0.5415109756       -0.8872535032
  25.  22.       -0.3438168158        0.1437384507
  25.  23.        0.3889019438       -0.4656095201
  25.  24.        0.8169019405       -0.1553228121
  25.  25.       -0.0830229836        1.1506185575
  26.   0.        0.1798376109        0.0000000000
  26.   1.        0.1858883583        0.3629506420
  26.   2.        0.3945656192        0.3763868130
  26.   3.        0.2338841491        0.3019798286
  26.   4.        0.7859377462        0.2816924389
  26.   5.       -0.2890298477        0.4537247391
  26.   6.        0.5902811283       -0.2513561725
  26.   7.       -0.3616462247       -0.5166033403
  26.   8.       -0.1004125288       -0.6101680707
  26.   9.        0.2880271464       -0.1015077011
  26.  10.       -0.2524473364        0.2533903155
  26.  11.       -0.1365286976       -0.2020420801
  26.  12.        0.6836109839        0.1364014066
  26.  13.        0.2870872108        0.4436520899
  26.  14.        0.3168280871       -0.5059991758
  26.  15.       -0.1190549348        0.0251748935
  26.  16.        0.1238094535       -0.4033619049
  26.  17.        0.7817560891       -0.4094606642
  26.  18.        0.3021119999        0.0337722688
  26.  19.       -0.7372336229        0.0155564148
  26.  20.        0.3546987958       -0.0434732000
  26.  21.       -0.1004894578        0.2142122332
  26.  22.       -0.5637497037       -0.3784654056
  26.  23.        0.6553757446        0.7005218676
  26.  24.       -0.4174183560       -0.2634261200
  26.  25.        0.2794814611       -0.3275758007
  26.  26.        0.4934109643       -0.7216558649
  27.   0.        1.1767673286        0.0000000000
  27.   1.       -0.2914973538       -0.1092851660
  27.   2.        0.3029519827        0.0229278506
  27.   3.        0.0702727911       -0.0418857510
  27.   4.       -0.5725145273       -0.2530028459
  27.   5.        0.1381204352       -0.2052024762
  27.   6.        0.2444961206        0.0644761185
  27.   7.       -0.6154305717        0.0929258036
  27.   8.       -0.3473999510        0.1217290955
  27.   9.       -1.0687528938        0.1338112554
  27.  10.       -0.4326877771       -0.2636156653
  27.  11.        0.5190543791        0.0118218149
  27.  12.       -0.4886999518        0.2385186731
  27.  13.        0.2785498197       -0.0033773868
  27.  14.        0.3857034296        0.1678136929
  27.  15.       -0.1258566453       -0.4190303363
  27.  16.        0.0526408839        0.2089809537
  27.  17.        0.7627465835        0.4425851892
  27.  18.       -0.4664555785       -0.0391509415
  27.  19.        0.6989354634       -0.4399120829
  27.  20.       -0.2835239221       -0.0946279449
  27.  21.        0.3184994362       -0.2440821824
  27.  22.        0.4477959401        0.0322676283
  27.  23.       -0.1880534099        0.3412389987
  27.  24.       -0.3811113382        0.1652307066
  27.  25.       -0.3325944104       -0.1369588143
  27.  26.        0.2042536172        0.0864135745
  27.  27.       -0.1402392238        0.5916977297
  28.   0.        0.5967471751        0.0000000000
  28.   1.       -0.0323205397       -0.0249160031
  28.   2.       -0.0055647067       -0.0441166434
  28.   3.       -0.0268627896        0.7427622789
  28.   4.       -0.2942245222       -0.5565007350
  28.   5.        0.3684303323       -0.1717475703
  28.   6.        0.0746160058       -0.2212891912
  28.   7.        0.1310804121       -0.0330233093
  28.   8.        0.2893738900        0.0926084522
  28.   9.       -0.9864957504       -0.4677665248
  28.  10.        0.1631746033       -0.0485505561
  28.  11.       -0.2726808341        0.2126057050
  28.  12.        0.3560317494        0.5330104050
  28.  13.       -0.1742154762       -0.5633119081
  28.  14.       -0.7035952532        0.0993725614
  28.  15.       -0.1650106210       -0.4236510838
  28.  16.        0.1020452664        0.5779456969
  28.  17.       -0.6753015566       -0.0282222626
  28.  18.       -0.2473594468       -0.2677767209
  28.  19.        0.8622445421        0.6544637454
  28.  20.       -0.2256206876        0.3296014759
  28.  21.        0.6506413621       -0.2492866092
  28.  22.        0.0037166824        0.8384214867
  28.  23.        0.5437623822       -0.8502102669
  28.  24.        0.8264183546       -0.1491692231
  28.  25.       -0.3272117199        0.3135122552
  28.  26.       -0.4895609766        0.5563159899
  28.  27.       -0.0142229540        0.2238625553
  28.  28.       -0.3179072123        0.0507481170
  29.   0.       -0.0179457108        0.0000000000
  29.   1.        0.4466476511       -0.4456397626
  29.   2.        0.0066343006        0.4692092088
  29.   3.        0.3957325580        0.0687334699
  29.   4.        0.4734464308        0.3503763294
  29.   5.        0.3858915621       -0.2482327168
  29.   6.       -0.1535425366       -0.2934479979
  29.   7.        1.4266868766       -0.8080622633
  29.   8.       -0.0814637857       -0.3637299669
  29.   9.        0.5450892691       -0.2527606554
  29.  10.        0.1499238426        0.1442736681
  29.  11.       -0.6104264649        0.2914711158
  29.  12.       -0.1117351748        0.2298016001
  29.  13.        0.2439426432        0.0644732872
  29.  14.        0.2098217685        0.6319377420
  29.  15.        0.4484787779        0.2087368165
  29.  16.        0.2732888030       -0.1465291290
  29.  17.        0.5733404499       -0.7788755936
  29.  18.       -0.2223360984       -0.2966309815
  29.  19.       -0.9023071288       -0.6395903463
  29.  20.        0.1692034412       -0.2103295296
  29.  21.       -0.7041467563       -0.5849925106
  29.  22.       -0.2214805447        0.3916760860
  29.  23.        0.7308768256        0.0414605701
  29.  24.        0.1588863088        0.4840882547
  29.  25.       -0.4370679808       -0.9108902039
  29.  26.        0.7722496820       -0.5414235697
  29.  27.       -0.5926162970        0.1391573316
  29.  28.       -0.4289127419       -0.2410240420
  29.  29.       -0.4579018973       -0.0108023628
  30.   0.       -0.4659670786        0.0000000000
  30.   1.       -0.0682122916       -0.2484034455
  30.   2.       -0.3772186742        0.4508300951
  30.   3.        0.2669887046        0.0734446817
  30.   4.        0.0090020467       -0.0762040334
  30.   5.       -0.3648607860       -0.1117964538
  30.   6.       -0.5421396690       -0.4598749168
  30.   7.       -0.3786188174       -0.0984394765
  30.   8.       -0.1873053818       -0.0127807417
  30.   9.        0.4283628960        0.5683735508
  30.  10.        0.3347783459        0.2154812736
  30.  11.        0.2960505715       -0.4178911762
  30.  12.       -0.3324491811        0.2761524621
  30.  13.        0.0256918313       -0.5689493068
  30.  14.        0.6081974152       -0.5276973434
  30.  15.       -0.0458482340        0.1719291118
  30.  16.        0.1290997096        0.0099362550
  30.  17.        0.5278119224       -0.0148985479
  30.  18.        0.0765211270        0.2612015551
  30.  19.        0.4645515362       -0.4117945069
  30.  20.        0.1631217503       -0.0017435918
  30.  21.       -0.6561174227        0.0227770885
  30.  22.        0.5963428793       -0.4808112058
  30.  23.       -0.4370500298        0.8158536300
  30.  24.        0.0787665607       -0.3384535265
  30.  25.        0.0683759418        0.1760578338
  30.  26.        0.1483868728        0.5168084259
  30.  27.       -0.5723873860       -0.6536085057
  30.  28.        0.5823094110       -0.3263856235
  30.  29.       -0.0972952726        0.3651612068
  30.  30.       -0.5623384685       -0.2299918331
  31.   0.        0.1182907106        0.0000000000
  31.   1.       -0.0437763577        0.8169527556
  31.   2.        0.1290110413       -0.3242878291
  31.   3.       -0.2040491739       -0.3960236295
  31.   4.        0.0643197936        0.0759442966
  31.   5.       -0.3998049538       -0.4244788833
  31.   6.        0.0382124534        0.3964698150
  31.   7.       -0.3433224317       -0.3689984825
  31.   8.       -0.3025934214       -0.4192504261
  31.   9.       -0.4827937019        0.7090536319
  31.  10.       -0.4560581707       -0.1217700231
  31.  11.        0.1857558412       -0.2668328104
  31.  12.       -0.2969179413       -0.2811251081
  31.  13.        0.2365843664       -0.2826416810
  31.  14.       -0.1048383756        0.2172989958
  31.  15.       -0.9690530650       -0.3123398521
  31.  16.       -0.0308651921       -0.0919229542
  31.  17.       -1.0888321810        0.7490294805
  31.  18.       -0.1929858048        0.2303141019
  31.  19.        0.5841528584        0.4220274642
  31.  20.       -0.2293646417       -0.1510002374
  31.  21.       -0.6233663245       -0.4559420343
  31.  22.        0.7970957803        0.3781244727
  31.  23.       -0.3435107874       -0.6698670030
  31.  24.       -0.0519002778        0.0276961831
  31.  25.       -0.3683148084        0.4670631850
  31.  26.       -0.1510094761       -0.1448890042
  31.  27.        0.2096390314        0.3617851740
  31.  28.       -0.4315400313       -0.3464691717
  31.  29.        0.0889152259       -0.4468629177
  31.  30.        0.1831718397       -0.5161295731
  31.  31.        0.3446755914        0.1778318867
  32.   0.        0.2655655272        0.0000000000
  32.   1.       -0.4560430270       -0.4556936137
  32.   2.       -0.3491558862       -0.7030806260
  32.   3.       -0.0719677528        0.1934965612
  32.   4.       -0.2230719702       -0.0103835726
  32.   5.        0.5248720434        0.1469767621
  32.   6.       -0.0070851864        1.2021268060
  32.   7.       -0.1382829058        0.0253788631
  32.   8.        0.1486624386       -0.1938931117
  32.   9.       -0.0490511826       -0.2917990546
  32.  10.       -0.2600614449       -0.4053159576
  32.  11.       -0.4680128604        0.1095670241
  32.  12.       -0.2748243489       -0.3069022467
  32.  13.        0.0466485046        0.7906818165
  32.  14.        0.2275539623        0.5143930415
  32.  15.        0.5709287046        0.3484811925
  32.  16.       -0.2147238029        0.3079380089
  32.  17.        0.0938955088       -0.5815777429
  32.  18.        0.7323662070        0.7422697640
  32.  19.       -0.2982116394        0.2682065002
  32.  20.        0.4200790177       -1.0577970851
  32.  21.       -0.1921048365        0.1796723727
  32.  22.       -0.3805341678       -0.5961750834
  32.  23.        0.0068200398       -0.2565365847
  32.  24.       -0.1184420956        0.1168854817
  32.  25.       -0.0570561004        0.1861181308
  32.  26.        0.3971766560        0.8468732720
  32.  27.       -0.0875998109        0.3397510432
  32.  28.       -0.0449400507       -0.3392584197
  32.  29.        0.3736020770       -0.3029196038
  32.  30.       -0.5556155475        1.0670273992
  32.  31.       -0.2876817181        0.0082002387
  32.  32.       -0.8571900527       -0.5031547843
  33.   0.       -0.5061338114        0.0000000000
  33.   1.       -0.0801823711        0.3934425981
  33.   2.       -0.4486825587       -0.1531496960
  33.   3.        0.1037584158        0.0538094246
  33.   4.       -0.1248449550       -0.5481603973
  33.   5.        0.0436522641        0.4181815011
  33.   6.        0.3785408476       -0.5547269696
  33.   7.       -0.4539717557        0.1586177163
  33.   8.       -0.4832835340        0.5704994669
  33.   9.        0.1915195526       -0.3042810325
  33.  10.        0.6510698906        0.3932341007
  33.  11.       -0.4718936717        0.3693691329
  33.  12.        0.3115812089        0.1744688384
  33.  13.       -0.7225363882        0.1889752250
  33.  14.        0.0903558667       -0.0769845671
  33.  15.        0.3466610911        0.5838452934
  33.  16.       -0.7837068959       -0.4902407230
  33.  17.        0.8102239674       -0.2575956089
  33.  18.       -0.0900848938        0.1765350357
  33.  19.        0.2811184227       -0.2193074820
  33.  20.        0.3139401687        0.0585638304
  33.  21.       -0.3351917980        0.6996054125
  33.  22.        0.3630338773       -0.4595054459
  33.  23.       -0.0463469821        0.4312130931
  33.  24.       -0.1524605191       -0.0524677235
  33.  25.        0.3224867054        0.1375286097
  33.  26.        1.1756315042        0.9381445287
  33.  27.       -0.2870040742        0.0525090331
  33.  28.       -0.3212743087        0.0245290933
  33.  29.        0.3431748207        0.5536569901
  33.  30.       -0.3402963269        0.0891077400
  33.  31.        0.3896506371        0.3408273051
  33.  32.        0.0345708373       -0.0690289806
  33.  33.       -0.0608990251        0.3747390304
  34.   0.       -0.8940106959        0.0000000000
  34.   1.       -0.0581884056        0.2787071875
  34.   2.        0.4418248084        0.0791572138
  34.   3.        0.0066489735       -1.0276598435
  34.   4.        0.0209020917       -0.2344394249
  34.   5.        0.0971419611       -0.1312685153
  34.   6.       -0.2650306528       -0.1959907214
  34.   7.        0.4388469258        0.3660811108
  34.   8.        0.4450562213        0.4705354611
  34.   9.       -0.1811337990        0.3238202738
  34.  10.        0.2973985078       -0.4012598306
  34.  11.        0.6350163477        0.2565858424
  34.  12.       -0.5736650403       -0.3047818184
  34.  13.        0.1860606127       -0.2958660545
  34.  14.        0.2053634597       -0.3175851182
  34.  15.       -0.5802758630       -0.5287234532
  34.  16.        0.3476314581       -0.1741351858
  34.  17.       -0.0687931122        0.4055463557
  34.  18.       -0.0843696965        0.2536174629
  34.  19.        0.3830929902        0.2378023711
  34.  20.        0.0363181913        0.7318269804
  34.  21.       -0.3024080180       -0.2459916464
  34.  22.       -0.1479314915       -0.6371471099
  34.  23.       -0.0943445273       -0.0650495422
  34.  24.        0.6262545443       -0.1743981776
  34.  25.        0.6770556495       -0.1012765349
  34.  26.        0.2414062159        0.2632572061
  34.  27.        0.6341192471       -0.6319315567
  34.  28.       -0.7502315588        0.6438944978
  34.  29.       -0.0544188485       -0.4509510875
  34.  30.        0.5428302707        0.0100946781
  34.  31.       -0.0940465967        0.3149456193
  34.  32.        0.0898590579       -0.6435734257
  34.  33.        0.1098221204       -0.6274111886
  34.  34.        0.1821901362        0.4133460535
  35.   0.       -0.4312391051        0.0000000000
  35.   1.        0.1772238925       -0.7704541409
  35.   2.       -0.2578898945        0.2810710825
  35.   3.       -0.1606000824       -0.0893442895
  35.   4.        0.0283072177       -0.2712436667
  35.   5.        0.0276960314       -0.1290047286
  35.   6.       -0.2847202536       -0.1083474870
  35.   7.       -0.3568139791       -0.2433688767
  35.   8.        0.3945053212        0.1037941778
  35.   9.       -0.4661510414       -0.5077280679
  35.  10.       -0.1624611795       -0.6237687862
  35.  11.        0.4965718427        0.0084639087
  35.  12.       -0.2847794543       -0.4157555541
  35.  13.        0.3110191014       -0.4984856501
  35.  14.        0.2278595081       -0.5082525608
  35.  15.       -0.0681622645       -0.0141279064
  35.  16.       -0.0380167566        0.3791926387
  35.  17.       -0.8350460978        0.5123966529
  35.  18.        0.6499299455       -0.3886842217
  35.  19.        0.0016389104       -0.1214780455
  35.  20.       -0.6153047199        0.3122534075
  35.  21.        0.9338714321        0.1960176568
  35.  22.        0.5911630147       -0.0696850758
  35.  23.        0.2299598884       -0.6316815954
  35.  24.        0.5996139197        0.0129547697
  35.  25.       -0.3272173799       -0.0044039051
  35.  26.        0.0237339084       -0.2849335716
  35.  27.        1.0139888454        0.6190686320
  35.  28.       -0.8514406865       -0.1454817525
  35.  29.        0.4127696582       -0.1203989354
  35.  30.       -0.1307084641        0.3278529395
  35.  31.       -1.2014301655        0.2617309429
  35.  32.        0.3197181725        0.1979867383
  35.  33.        0.3096707666       -0.2048945969
  35.  34.        0.7135120832        0.9561266199
  35.  35.        0.2058297542        0.0231123665
  36.   0.        0.0579319637        0.0000000000
  36.   1.        0.2250519790       -0.2309436293
  36.   2.        0.0435517149        0.4168151632
  36.   3.       -0.7867585143        0.1023563173
  36.   4.        0.3859524309        0.0893258644
  36.   5.       -0.2776935349       -0.0920585061
  36.   6.        0.8281684655       -0.6107892073
  36.   7.        0.0574202211       -0.2591634143
  36.   8.       -0.4610291977       -0.0738811610
  36.   9.        0.0236394266       -0.1605200873
  36.  10.       -0.2204158364        0.7689678711
  36.  11.       -0.4103248441        0.0983103016
  36.  12.        0.6037432796       -0.0010622948
  36.  13.        0.1244269753       -0.3448563702
  36.  14.       -0.2183399567       -0.3088790441
  36.  15.        0.4085280800        0.0624369994
  36.  16.       -0.0786327452        0.2636365038
  36.  17.       -0.2237048451       -0.6444578600
  36.  18.        0.1431164586       -0.5602261421
  36.  19.       -0.6919220634       -0.3446338942
  36.  20.       -0.3840381376       -0.2577196840
  36.  21.       -0.0291125717       -0.1327740569
  36.  22.        0.3918643870        0.2673940429
  36.  23.        0.8215418625        0.0924646273
  36.  24.        0.0452587763        0.4397878158
  36.  25.        0.5295693796        0.2533090715
  36.  26.        1.0476744937       -0.6795689646
  36.  27.        0.2907455676        0.2690661292
  36.  28.        0.1554813802        0.2898281931
  36.  29.       -0.2558551021        0.7327597526
  36.  30.       -0.5976205232        0.4428398092
  36.  31.        0.3615558273       -0.0552098161
  36.  32.        0.1011472817       -0.1225976104
  36.  33.       -0.2612328347       -0.0308855390
  36.  34.       -0.1817556180        0.3294452733
  36.  35.        0.4214403664        0.5668880523
  36.  36.       -0.3520503204       -0.3325191847
  37.   0.       -0.8932670233        0.0000000000
  37.   1.       -0.3735548599        0.1097947252
  37.   2.        0.5051137099        0.3582092358
  37.   3.       -0.3429188980        0.3476764601
  37.   4.        0.2600029598       -0.0049741713
  37.   5.        0.3766992047        0.1696373282
  37.   6.       -0.0042729091       -0.3899016604
  37.   7.        0.4056653896        0.1688772527
  37.   8.       -0.1349633482        0.5300339620
  37.   9.        0.0998463576       -0.0063708240
  37.  10.       -0.1362424877       -0.2671691385
  37.  11.        0.5372181483       -0.1084816929
  37.  12.        0.2808194540        0.5461181391
  37.  13.        0.1587112038       -0.1221684821
  37.  14.       -0.0613281054        0.2137486400
  37.  15.       -0.3204690189       -0.0283640950
  37.  16.       -0.1483068765       -0.4862265505
  37.  17.       -0.1407535161        0.0288292087
  37.  18.       -0.4058986231        0.7158356995
  37.  19.       -0.0967744256        0.1473456777
  37.  20.       -0.8615871881       -0.1377430823
  37.  21.        0.1475342766       -0.1002068376
  37.  22.       -0.7515067890       -0.0390062893
  37.  23.        0.1398512549        0.4284981009
  37.  24.       -0.2783509769        0.0669698130
  37.  25.       -0.0206948110        0.6244396139
  37.  26.        0.3312936366       -0.4603097798
  37.  27.       -0.2512066368       -0.2636486438
  37.  28.        0.2938332735        0.7139915901
  37.  29.       -0.3250946907        0.3807110240
  37.  30.        0.1716983629        0.3950856781
  37.  31.       -0.0813929195        0.4952186330
  37.  32.       -0.2450362518        0.0363330880
  37.  33.       -0.0620178759       -0.2031603302
  37.  34.       -0.5361671801       -0.1350025982
  37.  35.       -0.1501366780       -0.2145823331
  37.  36.        0.3364267273       -0.2444554923
  37.  37.        0.2738316946       -0.3217425058
  38.   0.        0.2664094817        0.0000000000
  38.   1.        0.2885903923        0.4689456746
  38.   2.        0.3396191057       -0.4691883262
  38.   3.        0.8199864311        0.0528152443
  38.   4.       -0.8468993593        0.6115360191
  38.   5.       -0.1919247686       -0.3895076430
  38.   6.       -0.1287334782        0.4862892241
  38.   7.       -0.1947328537        0.1140663604
  38.   8.       -0.0055138211        0.1626963950
  38.   9.       -0.0982110109       -0.3171612020
  38.  10.        0.3862871964        0.2514949839
  38.  11.        0.4673792286       -0.2316936862
  38.  12.        0.2399881492        0.4004335672
  38.  13.       -0.2901872672        0.0132556422
  38.  14.        0.0463797822        0.3169050876
  38.  15.       -0.8724492391        0.2433096487
  38.  16.        0.0864029281        0.4606930538
  38.  17.       -0.0730732641        0.3718033133
  38.  18.       -0.1204890915       -0.0063593922
  38.  19.        0.4555701854        0.0467580813
  38.  20.        0.3514797182        0.2120303318
  38.  21.       -0.1715735061        0.0514847707
  38.  22.        0.3655708391        0.3738749011
  38.  23.       -0.6735302508       -0.2172398360
  38.  24.        0.6220349976       -0.1236857298
  38.  25.       -0.6491186241        0.5070730890
  38.  26.       -0.4680560352       -0.7685134796
  38.  27.       -0.3755226700        0.4776749137
  38.  28.       -0.1798435248       -0.1057099647
  38.  29.       -0.2766792872       -0.3729501834
  38.  30.        0.4128036579       -0.0158376425
  38.  31.       -0.3761367885        0.9158044430
  38.  32.       -0.1418090080       -0.4962726866
  38.  33.       -0.1103804094        0.3261089936
  38.  34.       -0.7169157824        0.3770157021
  38.  35.        0.2774689357       -0.0298119555
  38.  36.       -0.4014153847       -0.1757465296
  38.  37.       -0.6026956875        0.3798833908
  38.  38.       -0.3696907463       -0.2131469506
  39.   0.        0.7412242521        0.0000000000
  39.   1.       -0.3919839351       -0.0877193151
  39.   2.       -0.1521641300       -0.2807577236
  39.   3.       -0.5441116202        0.1950352226
  39.   4.       -0.5582740365        0.4865210395
  39.   5.       -0.4125988422        0.0544765503
  39.   6.       -0.2730918596        0.8715079180
  39.   7.        0.5517929756        0.6818762493
  39.   8.        0.1505660426       -0.1426552069
  39.   9.        0.3097833703        0.3617219336
  39.  10.       -0.4475300822       -0.0140992804
  39.  11.       -0.1048722289       -0.0209974902
  39.  12.       -0.3290354684       -0.5988184878
  39.  13.       -0.1486862164        0.2619603812
  39.  14.       -0.2573723119       -0.2598555205
  39.  15.        0.2836638397       -0.4012187366
  39.  16.        0.0174224547       -0.1464822593
  39.  17.        0.2361484610       -0.0746045386
  39.  18.        0.1688731500       -0.2867278003
  39.  19.       -0.9006906196        0.0727214021
  39.  20.        0.8084209648       -0.3928769236
  39.  21.       -0.0348278087        0.5405094696
  39.  22.       -0.2165063802       -0.2417591820
  39.  23.       -0.1886521150       -0.1433594404
  39.  24.       -0.0110361982        0.0394646190
  39.  25.        0.3388199234       -0.3133407239
  39.  26.       -0.0423754695        0.4747436208
  39.  27.       -0.2169813463        0.3934542987
  39.  28.        0.4944030342       -0.3834134911
  39.  29.        0.4226209765       -0.0301271032
  39.  30.        0.1866283806       -0.2459939639
  39.  31.        0.9281097576       -0.9805543428
  39.  32.       -0.1564343897        0.6036411095
  39.  33.       -0.1558354352       -0.6471275888
  39.  34.        0.2980054841       -0.1351469645
  39.  35.       -0.2679137208        0.0833023598
  39.  36.       -0.4732690593       -0.3603986691
  39.  37.       -0.3487626994       -0.3226307702
  39.  38.       -0.1813481778        0.1303224660
  39.  39.        1.0255577885       -0.8258024276
  40.   0.        0.1272867535        0.0000000000
  40.   1.       -0.2676621152        0.0831040993
  40.   2.       -0.4142797313       -0.0668129884
  40.   3.        0.1571076853        0.2978301540
  40.   4.        0.2724569717       -0.1367390267
  40.   5.        0.1262495056        0.0514325185
  40.   6.        0.0134139612       -0.2940877032
  40.   7.        0.3159542614        0.0351146080
  40.   8.        0.8006110261       -0.5527731523
  40.   9.       -0.0787812862        0.6297916773
  40.  10.       -0.0682489761        0.1154202255
  40.  11.       -1.0446842630       -0.0205127974
  40.  12.       -0.3743279823       -0.0189060972
  40.  13.       -0.5159361534       -0.1948491567
  40.  14.        0.9267120001        0.2872117601
  40.  15.        0.2415992981        0.1631965206
  40.  16.        0.1760192770       -0.7103964346
  40.  17.        0.7604633174       -0.5165477757
  40.  18.       -0.4103587759        0.2654782597
  40.  19.       -0.2168950000       -0.5411907707
  40.  20.        0.0573338025       -0.1020711698
  40.  21.       -0.2658617856        0.7348250104
  40.  22.        0.2302124568       -0.3667899512
  40.  23.       -0.1452592145       -0.0270205937
  40.  24.       -0.5477024485       -0.0335798028
  40.  25.        0.2383810717       -0.9977014193
  40.  26.       -0.5186779972       -0.0752398561
  40.  27.        0.1897825888       -0.3040853568
  40.  28.        0.2973516710        0.6061984686
  40.  29.       -0.2230903545        0.4994834062
  40.  30.       -0.1931095548       -0.1700704047
  40.  31.       -0.1400022703        0.1830483126
  40.  32.       -0.0471800681        0.3209561495
  40.  33.        0.4122473607       -0.7565194674
  40.  34.        0.4419298593        0.3064203815
  40.  35.       -0.9022562353       -0.3235789680
  40.  36.        0.4419454432       -0.3710896356
  40.  37.        0.0214756172        0.6043081789
  40.  38.        0.2280128222        0.8242094558
  40.  39.       -0.2180719696       -0.2111529587
  40.  40.        0.3483154546        0.0107877388
  41.   0.        0.6302684968        0.0000000000
  41.   1.        1.2527787005        0.5353412502
  41.   2.        0.2039915661       -0.7105736572
  41.   3.        1.5613606270       -0.1276794226
  41.   4.        0.3612615124        0.4516756435
  41.   5.       -0.2398090208       -0.0420861106
  41.   6.        0.0360850392        0.0170540094
  41.   7.       -0.8618766091       -0.3704527275
  41.   8.        0.2498540481       -0.1816391568
  41.   9.        0.0371491943        0.0220911541
  41.  10.       -0.2632555255        0.1501378436
  41.  11.        0.1222085599        0.1407305808
  41.  12.       -0.0549436890        0.5646471324
  41.  13.        0.1230783763       -0.4407478346
  41.  14.        0.6097973733       -0.0871736602
  41.  15.       -0.7800674767       -0.0363702442
  41.  16.        0.1490385545        0.1510288357
  41.  17.        0.3623430860        0.0503961124
  41.  18.       -0.0096817490        0.0479046378
  41.  19.        0.0407152863       -0.1168097592
  41.  20.        0.1182022911        0.2130739287
  41.  21.       -0.2741701615       -0.5794031332
  41.  22.        0.4916556158        0.1931159405
  41.  23.        0.0711232949        0.0943707893
  41.  24.       -0.3347644161       -0.9485705341
  41.  25.       -0.2594123158       -0.2242502964
  41.  26.        0.1192301960       -0.1635748144
  41.  27.        0.3349705601       -0.6842764635
  41.  28.       -0.4534433590        0.2672849644
  41.  29.       -0.3945937715       -0.1510678546
  41.  30.        0.5102556200        0.3274631833
  41.  31.       -0.2699695946       -0.1987853199
  41.  32.       -0.3348822437       -0.2341045101
  41.  33.       -0.3192967808        0.5946147112
  41.  34.       -0.2182775352       -0.1003417563
  41.  35.        0.9332210171       -0.3515528647
  41.  36.        0.3108878477       -0.2588168418
  41.  37.       -0.1055107110        0.1833290329
  41.  38.       -0.5578761378       -0.1224129263
  41.  39.        0.0053553326        0.4462269977
  41.  40.       -0.0331736974       -0.5325724815
  41.  41.        0.4770539245       -0.1038963571
  42.   0.        0.5906691633        0.0000000000
  42.   1.        0.0791611384       -0.6722114503
  42.   2.       -0.3527591448       -0.2329791657
  42.   3.       -0.5407155107        0.0054514372
  42.   4.        0.1294725799       -0.5152175101
  42.   5.       -0.0428692954        0.5335466853
  42.   6.       -0.2380591195        0.2126218202
  42.   7.        0.1533655647       -0.4066451656
  42.   8.       -0.3220603372        1.0862613521
  42.   9.        0.5203024859       -0.2292120203
  42.  10.        0.1064121520       -0.7842187062
  42.  11.        0.2819977003       -0.3244140441
  42.  12.       -0.3043953309       -0.1421986044
  42.  13.        0.5770227028        0.0767690093
  42.  14.       -0.6337249111       -0.1374408354
  42.  15.        0.0978916777       -0.2045056159
  42.  16.        0.3661131495        0.3911069824
  42.  17.       -0.2822235948       -0.2473027339
  42.  18.        0.4987114810        0.2366832296
  42.  19.       -0.0447631411        0.0296144685
  42.  20.       -0.3363943283       -0.2787249472
  42.  21.        0.4884298105       -0.1068573766
  42.  22.       -0.4137866355       -0.1533460125
  42.  23.        0.1443555952       -0.2231580124
  42.  24.       -0.2791914767       -0.1638238520
  42.  25.       -0.0858922176       -0.0641828194
  42.  26.       -0.6052381613       -0.2008155091
  42.  27.        0.1871621229        0.6710419412
  42.  28.       -0.3072282112        0.0737988688
  42.  29.        0.3556483855       -0.0998091254
  42.  30.       -0.6691201531        0.0671338679
  42.  31.        0.0077394481        0.5263569769
  42.  32.        0.2366357690       -0.0987965574
  42.  33.       -0.2122381544       -0.1552060150
  42.  34.        0.4119938496        0.0939803104
  42.  35.       -0.1838061565       -0.0253460091
  42.  36.       -0.3683689863       -0.3478157700
  42.  37.       -0.8121080301       -0.2876673011
  42.  38.        0.1518971185       -0.6616915477
  42.  39.       -0.2666381910        0.0835492895
  42.  40.        0.6916917481        0.7519310821
  42.  41.       -0.4152768567        0.3600399516
  42.  42.       -0.3142643799        0.7375283687
  43.   0.        0.1089897909        0.0000000000
  43.   1.       -0.3922801286       -0.6044990486
  43.   2.       -0.1900432564        0.1456962731
  43.   3.       -0.6380780207       -0.4705715037
  43.   4.        0.0185408274        0.2605149270
  43.   5.        0.2836899057        0.0812814273
  43.   6.       -0.0253837097       -0.3916698016
  43.   7.        0.3000821724        0.4253253566
  43.   8.        0.0625965047       -0.2159258535
  43.   9.        0.1607588625        0.1033714600
  43.  10.       -0.0777207555        0.3636175235
  43.  11.        0.0019617062       -0.9635793435
  43.  12.        0.5912590877       -0.0736007037
  43.  13.        0.0576169020        0.5753124542
  43.  14.        0.2360322071        0.0677421736
  43.  15.       -0.0452018361        0.3271408743
  43.  16.        0.3187808839       -0.0606210926
  43.  17.       -0.0209055361       -0.8327388163
  43.  18.        0.1263518902        0.0809733139
  43.  19.       -0.0526638805        0.0384387013
  43.  20.       -0.3998941374       -0.2353355310
  43.  21.        0.3455245013       -0.1100027816
  43.  22.       -0.0760058144       -0.4170099614
  43.  23.        0.8345916917        0.3133236500
  43.  24.        0.1351385378       -0.1901005271
  43.  25.        0.1332724144       -0.1341875203
  43.  26.        0.3735483935        0.2764532932
  43.  27.        0.2498071682       -0.1614966654
  43.  28.        0.8377266992       -0.2396578831
  43.  29.       -0.3489160506        0.1744150205
  43.  30.        0.2418503887       -0.3466846266
  43.  31.        0.6232712305       -0.1247782402
  43.  32.        0.3158147632        0.1158962588
  43.  33.       -0.0492502418       -0.4700026762
  43.  34.       -0.0481631259        0.2941009906
  43.  35.       -1.1520669439        0.9210842208
  43.  36.       -0.3935604796       -0.2776905054
  43.  37.        0.3885052498        0.3418222863
  43.  38.       -0.4153801769       -0.1265713386
  43.  39.        0.0886141253       -0.2563792034
  43.  40.        0.0467578587        0.8167095631
  43.  41.       -0.6507267083       -0.2123985798
  43.  42.       -0.1934903599       -0.0873127117
  43.  43.       -0.1387735061        0.0771904260
  44.   0.       -0.8613620399        0.0000000000
  44.   1.       -0.1310863439        0.5540945343
  44.   2.        0.1066620424        0.6600283017
  44.   3.        0.0457411683       -0.0628387644
  44.   4.        0.0689394530       -0.2752712667
  44.   5.        0.0873412942       -0.4975392645
  44.   6.        0.5128191546        0.1218320362
  44.   7.       -0.1686013028        0.4315319153
  44.   8.       -0.2776017142       -0.0081091830
  44.   9.       -0.1472895813       -0.0983219998
  44.  10.        0.0980586127        0.1166832824
  44.  11.        0.3443458356       -0.4464401864
  44.  12.        0.7069593105        0.1566314734
  44.  13.       -0.3961961797        0.1979726001
  44.  14.        0.1635246568       -0.1276018940
  44.  15.       -0.0379350213        0.1510027591
  44.  16.        0.1629692505       -0.5810674963
  44.  17.       -0.2436813578       -0.0096734023
  44.  18.       -0.3583103746        0.0973855413
  44.  19.       -0.1065494224       -0.1992827315
  44.  20.       -0.1549067266       -0.0986391372
  44.  21.       -0.0619262066        0.1561850344
  44.  22.       -0.1956283172       -0.3659993186
  44.  23.        0.4152932799        0.6782631725
  44.  24.        0.1913130120        0.0060209506
  44.  25.        0.4943184359        0.3744470766
  44.  26.        0.3736578062       -0.1650464549
  44.  27.        0.1726107415       -0.1402265711
  44.  28.        0.3805209038        0.2348188124
  44.  29.       -0.4233911020        0.0030489385
  44.  30.        0.4962269386        0.1353955103
  44.  31.       -0.2131494838       -0.0862893845
  44.  32.        0.3341514212       -0.2164919859
  44.  33.        0.4675502293        0.7745536439
  44.  34.        0.0214204978       -0.0476949984
  44.  35.       -0.7278661428       -0.2582214099
  44.  36.        0.7553503701        0.4760715423
  44.  37.       -1.3133074203       -0.2008067838
  44.  38.        0.0618962303       -0.1721714083
  44.  39.       -0.1496421424       -0.5857841611
  44.  40.       -0.9152951494        0.7364129295
  44.  41.        0.4304628621       -0.4800317388
  44.  42.        0.2802913094       -0.1994406008
  44.  43.       -0.3485059955        0.5645874797
  44.  44.       -0.6148593682        0.1344966433
  45.   0.        0.0653330157        0.0000000000
  45.   1.       -0.1661096417        0.1171673222
  45.   2.        0.9286577181        0.3952032906
  45.   3.       -0.1347317290        0.1366828641
  45.   4.       -0.3229202108       -0.3860301351
  45.   5.       -0.3357864282       -0.2583930588
  45.   6.        0.3542788182        0.2260747600
  45.   7.       -0.2775824645       -0.1743052083
  45.   8.       -0.1014487493       -0.3853905134
  45.   9.       -0.2627023613        0.0057014560
  45.  10.        0.3121860769        0.0318616908
  45.  11.        1.0701191185       -0.1208179094
  45.  12.       -0.2655318738       -0.2414848773
  45.  13.        0.4672684373       -0.5432523859
  45.  14.        0.2374085714       -0.0211727398
  45.  15.       -0.1722297921       -0.2242155813
  45.  16.        0.5687570873       -0.0218775274
  45.  17.       -0.2975248275        0.5265049218
  45.  18.       -0.3410757014        0.1707623972
  45.  19.        0.3853610946        0.2748983045
  45.  20.       -0.0367270202       -0.2368931380
  45.  21.       -0.2793670447       -0.4403415297
  45.  22.       -0.2081167655        0.3732523947
  45.  23.        0.0283605820       -0.3027053825
  45.  24.       -0.2077967840       -0.2925362740
  45.  25.       -0.3970789071       -0.0979243227
  45.  26.       -0.3119038457       -0.2309292671
  45.  27.        0.5466782631        0.0398873140
  45.  28.       -0.7880040839        0.1992768220
  45.  29.        0.3253478522        0.5034517858
  45.  30.       -0.1806487601       -0.0371205525
  45.  31.       -0.4859718138       -0.1734218531
  45.  32.        0.1170636495       -0.4190930401
  45.  33.        0.4183674730        0.0499322517
  45.  34.        0.2219703858       -0.3377776043
  45.  35.        0.7537463512       -0.1682930860
  45.  36.       -0.4163225139        0.7034333133
  45.  37.        0.2416943270       -0.5756863485
  45.  38.        0.6638442248       -0.1360451092
  45.  39.        0.5124429772       -0.2919470575
  45.  40.        0.0775406727       -0.1595911609
  45.  41.        0.0490086410        0.0962328014
  45.  42.        0.1133085381        0.7157843686
  45.  43.        0.3511958275       -0.3707079455
  45.  44.       -0.3316713729        0.5126513311
  45.  45.       -0.1339522352       -0.4840660512
  46.   0.        0.4443050034        0.0000000000
  46.   1.        0.0150339184        0.0041723192
  46.   2.        0.3982188347       -0.0265136244
  46.   3.        0.1268291510       -0.0649650477
  46.   4.        0.3530330133        0.3452448411
  46.   5.       -0.1128356925        0.5055437883
  46.   6.       -0.3930461242       -0.2559493336
  46.   7.       -0.1548693786       -0.2687349260
  46.   8.       -0.0829342965       -0.3228123110
  46.   9.       -0.0139445544        0.2934216058
  46.  10.       -0.2493664936        0.1575691145
  46.  11.       -0.0805141697        0.0230044511
  46.  12.       -0.1686373117       -0.0151055711
  46.  13.        0.2835800081        0.3683390482
  46.  14.       -0.1552892211       -0.0666832655
  46.  15.        0.8638226388        0.4088532594
  46.  16.       -0.5715660553        0.3503856736
  46.  17.        0.6901947461        0.3592262159
  46.  18.        0.3259251084       -0.2043266310
  46.  19.        0.3132367827       -0.1250341553
  46.  20.        0.1420339735       -0.2285801837
  46.  21.       -0.1576001722       -0.3143266678
  46.  22.        0.0599390599        0.0646530929
  46.  23.       -0.4287986582       -1.1536976077
  46.  24.        0.0673431924        0.2100472599
  46.  25.       -0.6640074348        0.1270861206
  46.  26.       -0.0095375852        0.1525749510
  46.  27.       -0.4707628452        0.3576544415
  46.  28.        0.6088294874       -0.1597835343
  46.  29.       -0.4481871760        0.4120091066
  46.  30.       -0.5155948143        0.2050669377
  46.  31.        0.3529055646       -0.0724797804
  46.  32.       -0.2346788080        0.5942965012
  46.  33.       -0.1006805583        0.0379150576
  46.  34.        0.9300605951        0.3905321886
  46.  35.        0.3667873864        0.4498356764
  46.  36.        0.4030482608       -0.7255336948
  46.  37.       -0.1429565948        0.0487147702
  46.  38.        0.7927042343       -0.4894410340
  46.  39.       -0.4545683184       -0.9643240413
  46.  40.        0.0636102160       -0.3205119814
  46.  41.       -0.1171967690       -0.4106239741
  46.  42.        0.9714463168       -1.1990239097
  46.  43.        0.6162086212        0.3589935826
  46.  44.       -0.3312048123        0.1160262206
  46.  45.       -0.4493787748        0.0425776010
  46.  46.        0.3141259846       -0.4591862465
  47.   0.       -0.6280195694        0.0000000000
  47.   1.       -0.0218320973       -0.2384244975
  47.   2.       -0.5067954238        0.4084515935
  47.   3.       -0.0612675561       -0.1049723865
  47.   4.        0.6060273756       -0.0744108678
  47.   5.        0.2599533173       -0.0307476822
  47.   6.       -0.2338498848       -0.1368501934
  47.   7.        0.1812023241        0.1298440033
  47.   8.        0.3775971179        0.3221970580
  47.   9.       -0.1248601886       -0.2084299782
  47.  10.       -0.5390903593       -0.2914478902
  47.  11.       -0.0375557349        0.3598597495
  47.  12.        0.0161671375        0.1026452728
  47.  13.       -0.2917236349        0.1576542031
  47.  14.        0.1284633967       -0.0722358827
  47.  15.       -0.1542339464       -0.1857337744
  47.  16.       -0.3757934795       -0.0576423313
  47.  17.        0.0725963738        0.0320862558
  47.  18.        0.0227654218        0.6428005514
  47.  19.       -0.2584403307       -0.7931720681
  47.  20.       -0.0256130426       -0.0907845557
  47.  21.        0.0648096171        0.2520373784
  47.  22.       -0.0000818841        0.0142873323
  47.  23.       -0.2752076216        0.1861756752
  47.  24.       -0.6783371116        0.9260299371
  47.  25.        0.4595879356        0.5315567927
  47.  26.       -0.4332374622        0.3473640858
  47.  27.       -0.2281125529       -0.3941028983
  47.  28.       -0.0991506715       -0.1854789260
  47.  29.        0.1635388349       -0.4172836200
  47.  30.        0.2180179384        0.1838464131
  47.  31.       -0.0540502953        0.2750552825
  47.  32.       -0.0643916361       -0.4693206708
  47.  33.        0.3384868601        0.0843362790
  47.  34.       -0.1091587715       -0.0804701505
  47.  35.       -0.4554486129       -0.1979053704
  47.  36.        0.1498251204       -0.1977449426
  47.  37.        0.2870952546       -0.0563456090
  47.  38.       -0.4001015244       -0.4148193319
  47.  39.        0.9563062560        0.4654064338
  47.  40.        0.3286088276       -0.1969681634
  47.  41.        0.4385666038       -0.6483168719
  47.  42.        0.0416810380       -0.4061529322
  47.  43.        0.5271893945        0.6725605329
  47.  44.       -0.1055987502        0.1715471634
  47.  45.       -0.0008072596       -1.3943932687
  47.  46.        0.2669341966       -0.0969855432
  47.  47.       -0.4552202520        0.2238481355
  48.   0.       -0.3346117930        0.0000000000
  48.   1.       -0.1552641526       -0.4043787028
  48.   2.        0.1370553049        0.2994512010
  48.   3.        0.3195934657       -0.3304060956
  48.   4.       -0.3471686128        0.1877321347
  48.   5.        0.3947663127       -0.1520804177
  48.   6.       -0.4249657520       -0.4093213071
  48.   7.       -0.1600399354       -0.2670205238
  48.   8.       -0.3439479158       -0.0516692123
  48.   9.       -0.2956004284       -0.0248652676
  48.  10.       -0.0078061207        0.8255252051
  48.  11.       -0.0274786438       -0.5236657580
  48.  12.        0.4566138071       -0.1585964034
  48.  13.        0.1626140526       -0.0430032601
  48.  14.        0.4943975321        0.3277649416
  48.  15.       -0.5773570545       -0.7440106164
  48.  16.        0.3168559664        0.5281708727
  48.  17.       -0.1741323211       -0.5473819258
  48.  18.       -0.1286972939        0.2598848737
  48.  19.        0.5544301502        0.0572435932
  48.  20.       -0.1966326717        0.3948182994
  48.  21.        0.2449654050       -0.6254069333
  48.  22.       -0.1522198081        0.0271184394
  48.  23.       -0.1515604339        0.3465907768
  48.  24.        0.4530106662       -0.0264533584
  48.  25.       -0.1215488383        0.1306463620
  48.  26.        0.0664813908       -0.0700395080
  48.  27.       -0.1722919626       -0.2635244279
  48.  28.        0.0858642716       -0.6136388070
  48.  29.       -0.3001945912        0.2379621225
  48.  30.        0.6414298464       -0.3129154310
  48.  31.       -0.0696187772        0.1717613068
  48.  32.       -0.1666651896       -0.5574685093
  48.  33.        0.5012416985       -0.0588341664
  48.  34.        0.0598638245       -0.0304753138
  48.  35.        0.2445979888       -0.1415749976
  48.  36.        0.2703002662        0.0131441119
  48.  37.        0.2717661467       -0.1116874349
  48.  38.       -0.2781091913        0.1925642349
  48.  39.       -0.1821130614       -0.3147396134
  48.  40.        0.0894344597       -0.4283865626
  48.  41.        1.0181640190        0.7900750904
  48.  42.       -0.2546556601       -0.3207317790
  48.  43.        0.0778120101       -0.6350630025
  48.  44.        0.0957751701       -0.5963121601
  48.  45.       -0.4870348351        0.0321955616
  48.  46.       -0.3734793355       -0.7683297193
  48.  47.        1.1468682943       -0.1427273068
  48.  48.        0.6100896945        0.0973178983
  49.   0.        0.0427582219        0.0000000000
  49.   1.       -0.4975285010        0.1295708183
  49.   2.       -0.8750703154       -0.8846934177
  49.   3.       -0.1544848118        0.6357358268
  49.   4.       -0.6534237001       -0.5540954533
  49.   5.        0.3114281301        0.4263971465
  49.   6.        0.0316367088        0.2377571880
  49.   7.       -0.2675382262        0.1119162109
  49.   8.        0.1656644866       -0.2178984984
  49.   9.        0.5872785093        0.0926551119
  49.  10.       -0.0937836510       -0.1827505879
  49.  11.       -0.1404623631        0.4775264622
  49.  12.       -0.4428413358       -0.1387555113
  49.  13.        0.1028690574       -0.5382626010
  49.  14.       -0.7657176542       -0.0634171567
  49.  15.       -0.0752461227        0.1235998861
  49.  16.        0.2675006063       -0.0129698053
  49.  17.       -0.0383889377       -0.0600319781
  49.  18.        0.0573393897       -0.0000960295
  49.  19.        0.1951558707        0.7927369687
  49.  20.       -0.0049048305       -0.0820223380
  49.  21.        0.0797119475        0.4506410877
  49.  22.        0.2044854222       -0.0026009480
  49.  23.       -0.0345957555        0.3550805262
  49.  24.        0.4379753144       -0.3529556112
  49.  25.        0.2114635307       -0.0662547270
  49.  26.       -0.5388880811        0.4961020931
  49.  27.       -0.2718256625       -0.3145309511
  49.  28.        0.1838698784       -0.4623994640
  49.  29.        0.2215917160       -0.0188795157
  49.  30.       -0.4358729143       -0.4368912279
  49.  31.       -0.4237794876       -0.0279577222
  49.  32.        0.1641377135        0.1039788517
  49.  33.        0.1486666731       -0.6169323361
  49.  34.        0.9593350909       -0.4038104692
  49.  35.       -0.2211301033       -0.0349428248
  49.  36.       -0.4339565221        0.6065965434
  49.  37.       -0.4774536479       -0.2096199847
  49.  38.       -0.0363908084        0.2459257369
  49.  39.        0.0325319956        0.3152518762
  49.  40.        1.1580567451        0.5793652571
  49.  41.       -0.2681896434        0.5429926245
  49.  42.       -0.8557948393        0.2359732815
  49.  43.       -0.1071689233        0.6098372572
  49.  44.       -0.0876611249        0.3302307597
  49.  45.        0.1619561844        0.4137556472
  49.  46.        0.4105996865        0.1175927351
  49.  47.        0.5402832292        0.0124075172
  49.  48.        0.2896703733       -0.2776359428
  49.  49.       -0.1094939066        0.0638156478
  50.   0.        0.3645580834        0.0000000000
  50.   1.       -0.3212992359        0.7146298303
  50.   2.       -0.4977581017       -0.2387381724
  50.   3.        0.0910993539        0.2096885649
  50.   4.        0.0473030810        0.5091220404
  50.   5.        0.0387161710        0.2276210933
  50.   6.        0.5260962845        0.5547608015
  50.   7.        0.5175854201        0.0094943808
  50.   8.       -0.2483652712       -0.6092192658
  50.   9.       -0.1249224941       -0.0142529859
  50.  10.        0.0111733907       -0.2464486066
  50.  11.        0.2102991016       -0.0745980820
  50.  12.       -0.4313896554        0.2282488226
  50.  13.       -0.1516333537       -0.6041150386
  50.  14.       -0.0771532645       -0.1989606460
  50.  15.       -0.1482435696        0.4690401986
  50.  16.        0.1821828191       -0.0713653516
  50.  17.       -0.1821865602       -0.2888400350
  50.  18.        0.2435769388       -0.0129494330
  50.  19.       -0.8063698732        0.2391333071
  50.  20.       -0.4598458967       -0.1741946881
  50.  21.        0.0579378896        1.0573984029
  50.  22.       -0.1750258256        0.1534917851
  50.  23.        0.2165308452       -0.0364927319
  50.  24.       -0.6782004705        0.3082955794
  50.  25.       -0.5312606624        0.0366756114
  50.  26.       -0.4621892779        0.6866548842
  50.  27.       -0.1194032813       -0.4172304230
  50.  28.       -0.3155265023        0.8405402880
  50.  29.       -0.7141054761       -0.5856543043
  50.  30.        0.0539022211       -0.2611318923
  50.  31.       -0.0287264565       -0.2682804468
  50.  32.       -0.3717658895        0.5010257491
  50.  33.       -0.7017868402       -0.2668980968
  50.  34.        0.1714330446       -0.0457206490
  50.  35.       -0.4610838797        0.1115646346
  50.  36.       -0.5428085096        0.3591695479
  50.  37.        0.3532691105       -0.5428682667
  50.  38.        0.0108060097        0.1181872259
  50.  39.       -0.0624606494       -0.3758814712
  50.  40.       -0.0615043439        0.3526420625
  50.  41.        0.3522863056       -0.0606053187
  50.  42.        0.6173460703       -0.0793020773
  50.  43.       -0.5661220369       -0.3509805978
  50.  44.        0.3211674375        0.1539113087
  50.  45.        0.2767880949       -0.2266738000
  50.  46.        0.0475858561        0.2257110243
  50.  47.        0.2008596522       -0.9508537634
  50.  48.       -0.0096697267       -0.5834401711
  50.  49.       -0.1920468936        0.1700336599
  50.  50.        0.0544478516       -0.0626613824
  51.   0.        0.1812943467        0.0000000000
  51.   1.        0.6216696864        0.5725611263
  51.   2.        0.2226290915        0.1516561297
  51.   3.        0.4539547979        0.0616027785
  51.   4.        0.1085401003       -0.3110262065
  51.   5.       -0.6506527501       -0.3108893230
  51.   6.       -0.2467495896       -0.7756069900
  51.   7.        0.6284288992       -0.1786475662
  51.   8.       -1.1782146948        0.0025775074
  51.   9.        0.0678670969        0.2165923300
  51.  10.        0.0295495154        0.6147670629
  51.  11.       -0.3137246081       -0.0290295194
  51.  12.        1.3753120669        0.1167648917
  51.  13.       -0.0695729572        0.0773166225
  51.  14.        0.0727306061        0.0797976302
  51.  15.        0.3783980180       -0.2939887896
  51.  16.       -0.5098648663       -0.1348818705
  51.  17.        0.4291462268       -0.3223382551
  51.  18.       -0.4160619502       -0.3192439478
  51.  19.       -0.3936925899       -0.6917293372
  51.  20.       -0.1770432951       -0.0563548974
  51.  21.        0.2497855790       -0.4107118624
  51.  22.       -0.6410074487       -0.4580298354
  51.  23.        0.0097152034       -0.0440904216
  51.  24.        0.2470205825        0.1404996531
  51.  25.       -0.5556696384       -0.3864686647
  51.  26.        0.0251694456       -0.3287448971
  51.  27.        0.1013964581       -0.2135359130
  51.  28.       -0.2087423086        0.1418378195
  51.  29.        0.5866684134       -0.3029368347
  51.  30.        0.3520869117       -0.0634321598
  51.  31.        0.2546438442       -0.1777713856
  51.  32.       -0.5780609238       -0.6586075213
  51.  33.       -0.3571096205        0.4455921994
  51.  34.       -0.1712198170        0.3454327979
  51.  35.        0.4892055798       -0.0500086344
  51.  36.       -0.4977604594       -0.1115236661
  51.  37.        0.5307709348        0.0307627535
  51.  38.        0.1562550883       -0.3905464313
  51.  39.        0.2488175112       -0.1220576472
  51.  40.       -0.0286012790       -0.3540478728
  51.  41.        0.0423277787       -0.4643254701
  51.  42.       -0.4907117303        0.4661225834
  51.  43.       -1.0305513471        0.5632771940
  51.  44.        0.6436040429        0.0466398986
  51.  45.       -0.5798175824        0.7459071367
  51.  46.        0.1551338194       -0.9823332480
  51.  47.       -0.5263538050       -0.4032793541
  51.  48.        0.3113772910        0.1772307073
  51.  49.       -0.0611310083        0.4724388872
  51.  50.       -0.5816137052        0.1240826348
  51.  51.        0.4517536601       -0.5778197596
  52.   0.       -0.0016455117        0.0000000000
  52.   1.        0.9410410964       -0.2921823016
  52.   2.        0.1992202450       -0.3544763491
  52.   3.       -0.2062912126        0.2064773398
  52.   4.       -0.1806203977       -0.6977180031
  52.   5.       -0.2159094258       -0.2348672548
  52.   6.        0.2365172509        0.3996357246
  52.   7.        0.0887088184        0.4524033774
  52.   8.        0.4217509680        0.3528453261
  52.   9.       -0.5174900186       -0.1548200356
  52.  10.        0.1765573852       -0.5134641528
  52.  11.        0.1376697953        0.1002525591
  52.  12.        0.0034982324        0.2457216009
  52.  13.        0.0112073979        0.1812853507
  52.  14.       -0.3185770392        0.1221084190
  52.  15.       -0.4246324097       -0.2290949470
  52.  16.        0.2304832159       -0.0263404180
  52.  17.        0.0111591312        0.3676737979
  52.  18.        0.0368412452       -0.2726871062
  52.  19.       -0.0014380812       -0.3529334974
  52.  20.        0.2425741419       -0.1500491561
  52.  21.        0.3664159287       -0.8295599950
  52.  22.        0.2188439642        0.2972454134
  52.  23.       -0.0346735047       -0.3302005691
  52.  24.        0.1079972679       -0.0540060425
  52.  25.        0.1918207490       -0.5839080063
  52.  26.        0.7748416012       -0.2292481270
  52.  27.        0.6027419629        0.4727439019
  52.  28.       -0.0896935617        0.0477563897
  52.  29.        0.3350639182        0.2577766408
  52.  30.       -0.8188310059        0.0502699136
  52.  31.       -0.2288581387        0.0065553040
  52.  32.        0.3803378149       -0.0612182557
  52.  33.       -0.0492030016       -0.3120193017
  52.  34.        0.1364717628        0.0971054819
  52.  35.       -0.1240944405        0.2514438973
  52.  36.        0.3483275654       -0.2339563377
  52.  37.       -0.0448317438       -0.0721024030
  52.  38.        0.6543077074        0.2155257109
  52.  39.       -0.0429052441        0.2646855460
  52.  40.       -0.2260457199       -0.9263583827
  52.  41.        0.0436807780        0.2269637358
  52.  42.        0.6186800703        0.3499958008
  52.  43.        0.1691007145       -0.1022233143
  52.  44.       -0.1725057422        0.8648016938
  52.  45.       -0.0409117330        0.4009302991
  52.  46.       -0.5069703525        0.2451435268
  52.  47.        0.2520103389        0.0593505127
  52.  48.       -0.2484554515        0.3785025124
  52.  49.        1.0684977685       -0.4964921433
  52.  50.       -0.1057014960        0.9372257255
  52.  51.        0.1264720711       -0.5934150620
  52.  52.        0.8542700003       -0.2126930317
  53.   0.       -0.0835190826        0.0000000000
  53.   1.        0.0797363884       -0.2384192520
  53.   2.        0.4103822879        0.7306856091
  53.   3.       -0.2417494614       -0.3344425923
  53.   4.       -0.1067852818        0.9094717797
  53.   5.        0.2864856938        0.2056702338
  53.   6.        0.1387525841        0.1853937602
  53.   7.        0.5442766831       -0.2282006561
  53.   8.        0.9542054784        0.7383886874
  53.   9.        0.2448521401       -0.0000385170
  53.  10.       -0.1503912154       -0.2144593489
  53.  11.       -0.0579883934       -0.6791137218
  53.  12.        0.0557312955       -0.2004021422
  53.  13.       -0.4993130934        0.7547625332
  53.  14.        0.0694060769        0.4992818334
  53.  15.        0.3297684076        0.4923020598
  53.  16.        0.6236294237       -0.1194797686
  53.  17.       -0.2944671264        0.1524279661
  53.  18.        0.3552433983        0.7722285491
  53.  19.        0.5501670914       -0.2371136131
  53.  20.       -0.0608264867       -0.2233203756
  53.  21.        0.4958869341       -0.8749791393
  53.  22.        0.8158177844        0.7511015151
  53.  23.        0.0509502396       -0.1513660862
  53.  24.       -0.2004557652        0.0930090286
  53.  25.        0.6409396610        0.1323026771
  53.  26.       -0.2207127603        0.0037235192
  53.  27.       -0.1460223486        0.1764100945
  53.  28.        0.4373648007       -0.0854759480
  53.  29.       -0.8621631020       -0.2266278554
  53.  30.       -0.0444413841       -0.4845011068
  53.  31.       -0.3528518562       -0.2614682690
  53.  32.        0.2461954801        0.3179423747
  53.  33.        0.6497437661        0.2088551267
  53.  34.       -0.4008599735        0.0916783715
  53.  35.       -0.0617808554       -0.1750949316
  53.  36.       -0.1895105657       -0.2785163791
  53.  37.        0.0454559333       -0.1285009854
  53.  38.       -0.0318626593        0.1169173636
  53.  39.        0.0965782225       -0.2377416792
  53.  40.        0.3559033165        0.1677309427
  53.  41.       -0.5587125567       -0.0322735336
  53.  42.        0.1373285190        0.0190021388
  53.  43.        0.5462047084       -0.5129380434
  53.  44.        0.0668605458       -0.1623244350
  53.  45.        0.2936904617        0.2849587682
  53.  46.       -0.0477388969        0.2539849573
  53.  47.       -0.3053820632        0.0073063632
  53.  48.        0.7069701509        0.2048292966
  53.  49.        0.3062481573       -0.7735823321
  53.  50.       -0.0553574844        0.5629885053
  53.  51.        0.3478381602       -0.4124699933
  53.  52.        0.5354797848        0.8818276109
  53.  53.        0.2217641418        0.4878678480
  54.   0.       -0.5690501412        0.0000000000
  54.   1.       -0.1278413912       -0.5122435162
  54.   2.       -0.0858522934       -0.0498552765
  54.   3.       -0.0067766000       -0.1042276650
  54.   4.        0.1678380005        0.1050394630
  54.   5.        0.0145687987       -0.3038155186
  54.   6.        0.1177223067       -0.2785700630
  54.   7.       -0.5129528625       -0.1514312500
  54.   8.       -0.3025943778       -0.2895892970
  54.   9.        0.4130591958       -0.1701253967
  54.  10.        0.2683724619        0.2412845393
  54.  11.       -0.2337808769        0.1121920247
  54.  12.        0.5473793357        0.0103676651
  54.  13.        0.2242856935        0.5781751366
  54.  14.        0.0383471108       -0.2564295317
  54.  15.        0.3160531569        0.2742332303
  54.  16.       -0.0441525245       -0.1539890225
  54.  17.       -0.3525347963       -0.3903737825
  54.  18.        0.1110859094       -0.1956914793
  54.  19.        0.0492512959       -0.5504966797
  54.  20.       -0.2569590599        0.2677550873
  54.  21.       -0.1800520735       -0.1059319365
  54.  22.        0.3733094837       -0.3696868934
  54.  23.       -0.2408133147        0.3418992379
  54.  24.       -0.2324417300       -0.2497012917
  54.  25.        0.1955060232       -0.0767310848
  54.  26.        0.1166800881        0.0263233094
  54.  27.       -0.2747803381       -0.3933779932
  54.  28.        0.4811565261       -0.4398125156
  54.  29.        0.3332879334       -0.2523424882
  54.  30.        0.4082011027        0.1107980636
  54.  31.        0.4099056488       -0.2817805127
  54.  32.        0.3103820815       -0.3084638872
  54.  33.        0.0286791550        0.1983919714
  54.  34.       -0.4187581833        0.6389244034
  54.  35.        0.0877593360       -0.0770511731
  54.  36.        0.4508244569        0.2231470568
  54.  37.       -0.1366225876        0.2060990395
  54.  38.        0.2541133779       -0.0252505217
  54.  39.        0.1589935480        0.7683219174
  54.  40.       -0.5266115956        0.1024699962
  54.  41.       -0.1245092467       -0.2210847711
  54.  42.        0.4588783702       -0.2850608045
  54.  43.       -0.4920758986        0.6145002571
  54.  44.       -0.3806538427       -0.2632873277
  54.  45.       -0.0154916072        0.2985792341
  54.  46.        0.2107656296       -0.0787796473
  54.  47.        0.4243976033       -0.0574636888
  54.  48.       -0.2657982667       -0.1210102628
  54.  49.        0.0817627247       -0.5501591685
  54.  50.        0.4460225906        0.2225334403
  54.  51.       -0.1215561945       -0.2376228740
  54.  52.        0.1091418233       -0.0124237276
  54.  53.       -0.4791630777        0.9765853697
  54.  54.        0.4369323404        0.4944975692
  55.   0.       -0.1894079016        0.0000000000
  55.   1.       -0.4677765713        0.1020452300
  55.   2.       -0.1042074276       -0.2348308246
  55.   3.       -0.0361154583        0.0245326526
  55.   4.        0.6338774888        0.0722383719
  55.   5.        0.2294665878       -0.0728852701
  55.   6.       -0.2393489566        0.0195660945
  55.   7.       -0.7117726714        0.0272085491
  55.   8.       -0.1502036457       -0.1980537651
  55.   9.       -0.3489857412       -0.3090647872
  55.  10.        0.4307100739        0.1480651001
  55.  11.       -0.0714892100        0.1994049009
  55.  12.       -0.5535482231        0.2238797254
  55.  13.        0.3750993350       -0.0941204625
  55.  14.        0.0677251866        0.2184796597
  55.  15.       -0.2311030252       -0.4737766608
  55.  16.       -0.3162709519       -0.6708459738
  55.  17.        0.5048200228        0.3437500155
  55.  18.       -0.2926362981        0.0721925144
  55.  19.       -0.2418221788        0.0328174737
  55.  20.       -0.1879571709       -0.0869669070
  55.  21.       -0.1119891123        0.3625627342
  55.  22.        0.1244778921        0.5464740610
  55.  23.        0.1080297410        0.0419548640
  55.  24.        0.1172813046        0.1477630486
  55.  25.       -0.3652350457        0.0072084349
  55.  26.       -0.1446295237        0.3506978943
  55.  27.        0.0186674437        0.3286362764
  55.  28.       -0.2905778188        0.0166850938
  55.  29.       -0.1005692731       -0.1324328021
  55.  30.        0.6590338347        0.0171295496
  55.  31.       -0.2391616340        0.2423410085
  55.  32.        0.1950388270        0.1705143395
  55.  33.       -0.1544496383       -0.4149989319
  55.  34.        0.4244155015        0.1307374495
  55.  35.        0.0581234330       -0.0833254302
  55.  36.        0.0035860594        0.3240975919
  55.  37.       -0.1001652220        0.3483804070
  55.  38.       -0.6361055490        0.0676425149
  55.  39.       -0.3391921645       -0.0675797769
  55.  40.        0.4755156411       -0.2437057593
  55.  41.        0.3154401763       -0.0644928751
  55.  42.        0.3185056249       -0.3991004823
  55.  43.        0.2016222277       -0.3089535106
  55.  44.       -1.2838401575        0.4647130640
  55.  45.       -0.1092878445        0.2045350656
  55.  46.        0.5764640425        0.1033435649
  55.  47.        0.0641705454        1.0676298362
  55.  48.        1.0125216246        0.1751820803
  55.  49.       -0.6212234992       -0.8381994971
  55.  50.       -0.0318233564       -0.1339533144
  55.  51.       -0.2654569168        0.2501260525
  55.  52.        0.5017380169       -0.6964295687
  55.  53.       -0.6032971611       -0.0299596947
  55.  54.       -0.6200855909       -0.7442605047
  55.  55.       -0.4189188656       -0.2567600337
  56.   0.        0.0214026765        0.0000000000
  56.   1.        0.1945605525        0.1750604216
  56.   2.        0.1206884315       -0.0473036410
  56.   3.       -0.2825377646       -0.1719802549
  56.   4.       -0.2711806888        0.1972427527
  56.   5.       -0.3300940147        0.0657165847
  56.   6.       -0.8939843667        0.0226266684
  56.   7.       -0.6906569706        0.0176043564
  56.   8.        0.5957636035        0.2982903204
  56.   9.       -0.0959775254       -0.1378822467
  56.  10.       -0.7209474048       -0.4041317638
  56.  11.        0.5684516883        0.2694976961
  56.  12.       -0.3135590281        0.3228254897
  56.  13.       -0.3203153405       -0.5745529387
  56.  14.       -0.2300655457        0.2346253539
  56.  15.       -0.1266168385        0.1237075915
  56.  16.        0.4770961000        0.0348182054
  56.  17.        0.9036235645        0.2586394570
  56.  18.       -0.4834722122        0.8956616932
  56.  19.       -0.1718437359       -0.0671467794
  56.  20.        0.3801362193        0.1634377018
  56.  21.        0.0386532477       -0.0600603579
  56.  22.        0.0812421569       -0.0487087392
  56.  23.        0.2659868621        0.3004088696
  56.  24.       -0.0315838462        0.3750582271
  56.  25.       -0.6815417247       -0.2941356179
  56.  26.       -0.3830085887       -0.2797069577
  56.  27.       -0.1377357358        0.4207396808
  56.  28.        0.2975046372       -0.4059791461
  56.  29.       -0.2263155449        0.2637788408
  56.  30.        0.1120538154       -0.2394121571
  56.  31.        0.4258414800        0.2592248716
  56.  32.       -0.2217072956       -0.1798536050
  56.  33.       -0.5206013854        0.3733764308
  56.  34.        0.0171928364       -0.2369232375
  56.  35.        0.5128644795       -0.5108401869
  56.  36.       -0.1087552495        0.7184706233
  56.  37.       -0.3034382746       -0.7231758288
  56.  38.       -0.3046542498       -0.5705633158
  56.  39.       -0.1233857858       -0.1702709378
  56.  40.       -0.1846684196       -0.2126197286
  56.  41.       -0.3187778488        0.8232989576
  56.  42.        0.1567117624       -0.1119602855
  56.  43.        0.8959615290       -0.1905856226
  56.  44.        0.2886754617       -0.2372964107
  56.  45.        0.3988367585       -0.0534578700
  56.  46.       -0.7059058534       -0.3217253853
  56.  47.       -0.2398117045       -0.3491771648
  56.  48.       -0.0568369868       -0.7032110144
  56.  49.       -0.3449511028        0.9065145002
  56.  50.       -0.5510156591       -0.2833934169
  56.  51.        0.4001280987       -0.0504248395
  56.  52.        0.0760318945        0.8113413082
  56.  53.       -0.6413122971       -0.4924656888
  56.  54.        0.5107369543       -0.4342400100
  56.  55.       -0.6412848082        0.5406496184
  56.  56.       -0.3172486055        0.1587311185
  57.   0.        0.5344583648        0.0000000000
  57.   1.        0.0213687213       -0.4545735286
  57.   2.       -0.2613909710        0.0333780483
  57.   3.       -0.0426874611        0.2591008612
  57.   4.        0.0704763455       -0.7021821664
  57.   5.       -0.2801439904       -0.0949675370
  57.   6.        0.5615596894        0.2782899118
  57.   7.        0.3059548731       -0.2908403917
  57.   8.       -0.3140139002       -0.4254112562
  57.   9.        0.2374704326        0.0899818670
  57.  10.        0.0106951797       -0.1530742954
  57.  11.        0.0372004936        0.1994341725
  57.  12.        0.1145684763       -0.4890555397
  57.  13.       -0.7503009864       -0.0581100229
  57.  14.       -0.0112581508       -0.4570356531
  57.  15.        0.3286609634       -0.5242418572
  57.  16.       -0.1033367613        0.6234950254
  57.  17.       -0.4925072890       -0.4612761194
  57.  18.       -0.0720829003       -0.1298494875
  57.  19.       -0.4791100991        0.4096385094
  57.  20.        0.4160350487        0.0856277210
  57.  21.       -0.0085080713        0.3390374655
  57.  22.       -0.3785129379       -0.7176819434
  57.  23.        0.5033124146       -0.2868820217
  57.  24.       -0.0843584469       -0.3384309923
  57.  25.       -0.2711862148        0.0635964060
  57.  26.        0.0305676165       -0.5848760827
  57.  27.        0.1168267050       -0.1221927806
  57.  28.       -0.0764705980       -0.5976735269
  57.  29.        0.2075455480       -0.3303337575
  57.  30.       -0.3564089806        0.5153544276
  57.  31.        0.4263049840       -0.2675390311
  57.  32.        0.0793915500       -0.3620098539
  57.  33.        0.1088327526       -0.6619019341
  57.  34.        0.2059843928       -0.2653353597
  57.  35.       -0.4132414530       -0.0726976735
  57.  36.        0.1719162292       -0.1365997472
  57.  37.       -0.2690035021        0.3137449852
  57.  38.        0.1358359461       -0.3151897285
  57.  39.       -0.0077391418        0.0893963220
  57.  40.       -0.3944971118       -0.1324379144
  57.  41.       -0.1213210403       -0.0000865524
  57.  42.       -0.0416446670        0.3149959507
  57.  43.        0.2145693955       -0.2860483281
  57.  44.       -0.4087975094        0.2557621088
  57.  45.        0.1176264511        0.4454247505
  57.  46.        0.0199692439       -0.3930588472
  57.  47.        0.0818450513       -0.4248670747
  57.  48.        0.3643415286       -0.6479385475
  57.  49.       -0.1155400021        0.1003789592
  57.  50.       -0.3323461661        0.3741064613
  57.  51.        0.0326423802        0.0031801619
  57.  52.        0.0224204886        0.6195704525
  57.  53.        0.4415871015        0.4403631346
  57.  54.        0.0800517426        0.6811857066
  57.  55.       -0.3088544097        0.3070781564
  57.  56.        0.1866599348       -0.6509494060
  57.  57.       -0.2463020212       -0.0138673646
  58.   0.        0.7504661829        0.0000000000
  58.   1.       -0.6563293453        0.1089927340
  58.   2.        0.2160300519        0.4869321541
  58.   3.       -0.1873072984        0.1441347636
  58.   4.        0.1519487034        0.2465996016
  58.   5.        0.2643594266        0.1606505563
  58.   6.        0.3971101410        0.0226420337
  58.   7.        0.2663134937        0.3137356682
  58.   8.       -0.4049488290        0.0929208719
  58.   9.        0.0743657632       -0.2568305925
  58.  10.        0.6000566779        0.2195029388
  58.  11.       -0.2470918192       -0.3869792495
  58.  12.       -0.3545105116        0.1103841220
  58.  13.       -0.0771082553       -0.2031591486
  58.  14.       -0.0935765646       -0.1050733279
  58.  15.       -0.5759828649       -0.3094651085
  58.  16.        0.1028172887       -0.5817131198
  58.  17.       -0.0144812861       -0.5638676321
  58.  18.        0.1731311057       -0.1080705473
  58.  19.        0.0356361835        0.0719564996
  58.  20.        0.1352885431       -0.1721230962
  58.  21.        0.1199626909        0.4170420998
  58.  22.       -0.4088063147       -0.2063457384
  58.  23.       -0.3675028534        0.2446076736
  58.  24.        0.4063674840       -0.5342700241
  58.  25.        0.2537261321        0.0322785019
  58.  26.       -0.7880880626        0.0308538244
  58.  27.       -0.0487412454       -0.3704990476
  58.  28.        0.3195054326       -0.0137698091
  58.  29.        0.3988094343        0.3793946949
  58.  30.        0.2137388682        0.2323483187
  58.  31.        0.1947843869        0.6075496560
  58.  32.       -0.6158159108        0.5888444281
  58.  33.        0.4371951613       -0.3291700619
  58.  34.       -0.3805460076        0.1437857969
  58.  35.       -0.0975028243        0.0804689035
  58.  36.        0.5518392350        0.2524066127
  58.  37.        0.3850823760        0.3315856511
  58.  38.       -0.1028557270        0.2160759883
  58.  39.       -0.5374188838       -0.2970949901
  58.  40.       -0.2631705072        0.1729106661
  58.  41.        0.1881304130       -0.4443558721
  58.  42.        0.1310721436        0.1071594930
  58.  43.       -0.1209592195        0.8386748601
  58.  44.       -0.2268088030        0.2609081415
  58.  45.       -0.1764333485        0.2488181950
  58.  46.        0.3193876525       -0.8635911021
  58.  47.        0.0568458550        0.0519189359
  58.  48.       -0.2520576915        0.2695568618
  58.  49.       -0.0398427642        0.0693385594
  58.  50.       -0.3823793863       -0.0230835461
  58.  51.        0.3863728313       -0.0464070797
  58.  52.       -0.0118612045       -0.8622459027
  58.  53.       -0.3538260781       -0.0480290634
  58.  54.        0.0771642809       -0.3171337249
  58.  55.        1.0229057218       -0.0993668074
  58.  56.        0.1936510195       -0.1742863731
  58.  57.        0.2524950819        0.0273717171
  58.  58.        0.1406868547       -0.7676672801
  59.   0.        0.0139250647        0.0000000000
  59.   1.        0.2058333636       -0.0848225946
  59.   2.        0.6180153388       -0.6864702009
  59.   3.        0.0284046278       -0.2321095711
  59.   4.       -0.5337141681        0.4989917757
  59.   5.        0.1053235495       -0.5465160047
  59.   6.       -0.4253862611        0.4802187811
  59.   7.       -0.1086742106        0.2120703374
  59.   8.        0.3994907529       -0.0168071204
  59.   9.       -0.4123362089        0.0526319996
  59.  10.       -0.2106147310       -0.4360617590
  59.  11.       -0.1502945169        0.2266933584
  59.  12.        0.2524914344        0.1993784245
  59.  13.        0.2797337494       -0.4367190241
  59.  14.       -0.2726767111        0.0057448802
  59.  15.        0.6376577053        0.1833315380
  59.  16.        0.3187172320       -0.1306650740
  59.  17.       -0.1318896011       -0.1505589335
  59.  18.       -0.1437499327        0.1782062160
  59.  19.       -0.1488981406        0.0771817961
  59.  20.        0.0450614430        0.0034872190
  59.  21.       -0.3447734881       -0.3567815990
  59.  22.        0.6906022395       -0.1424542843
  59.  23.       -0.1645166152       -0.1792229815
  59.  24.       -0.0789964353       -0.1919126100
  59.  25.       -0.0792028976       -0.2321676304
  59.  26.        0.0409650721        0.2615218637
  59.  27.       -0.5839380296       -0.5881609484
  59.  28.        0.1742999045        0.3625022204
  59.  29.        0.1589689633       -0.0359412128
  59.  30.        0.2892031313        0.4838591692
  59.  31.        0.0448639623        0.2153590269
  59.  32.       -0.2480528867        0.6110128927
  59.  33.       -0.5141256915        0.5283623629
  59.  34.       -0.0451214568        0.2740718305
  59.  35.        0.7322310201       -0.1444475695
  59.  36.       -0.3949363962       -0.2620810424
  59.  37.        0.2850381216        0.5344200801
  59.  38.       -0.0778553363        0.1601275071
  59.  39.       -0.3237768307        0.4709396166
  59.  40.        0.0558938370        0.1673033538
  59.  41.        0.3207440535        0.1947492683
  59.  42.       -0.5780234032       -0.7881631977
  59.  43.       -0.8936746378        0.0536056906
  59.  44.        0.1894814995       -0.0319457330
  59.  45.        0.9048895912       -0.1006868961
  59.  46.        0.1236796661        0.7390294090
  59.  47.       -0.0187357974        0.0699618082
  59.  48.        1.4339333786       -0.1161802378
  59.  49.        0.2991614338        0.2131550650
  59.  50.       -0.3002462008       -1.0433978449
  59.  51.        0.1437554492        0.1557108672
  59.  52.       -0.0728991888       -0.0224856785
  59.  53.        0.1726494970       -0.1549882441
  59.  54.       -0.3799804232        0.3605868242
  59.  55.       -0.6454716942        0.2189708922
  59.  56.       -0.3081685073        0.4204874594
  59.  57.       -0.0116813785       -0.6480154204
  59.  58.       -0.0527695201        0.2841547089
  59.  59.       -0.3527200699       -0.1293873920
  60.   0.        0.0485276276        0.0000000000
  60.   1.       -0.2869085852        0.2041856476
  60.   2.        0.0203194866       -0.0639373783
  60.   3.        0.2630243607       -0.0056469977
  60.   4.       -0.0732569767       -0.5214155072
  60.   5.        0.1111393028        0.1766074500
  60.   6.        0.2844535123       -0.5119730271
  60.   7.        0.3882230945        0.0699377895
  60.   8.       -0.2191395488       -0.1453325571
  60.   9.        0.0086446683        0.4736363991
  60.  10.        0.2052940700        0.0435470296
  60.  11.        0.5076890887        0.4625881958
  60.  12.       -0.2089317830       -0.6284158280
  60.  13.       -0.0169569903       -0.0950268691
  60.  14.       -0.3908827496        0.1044900536
  60.  15.        0.6497446250        0.0756780165
  60.  16.        0.0564545819        0.4654668171
  60.  17.       -0.4324811216       -0.0641260643
  60.  18.        0.5657167873       -0.0573794723
  60.  19.        0.3824346862        0.0404243573
  60.  20.        0.2913062194       -0.0798742493
  60.  21.        0.1241656015       -0.0019562249
  60.  22.        0.2309738495       -0.2265142620
  60.  23.        0.6311727086       -0.4680823627
  60.  24.       -0.3404242368       -0.1462055028
  60.  25.        0.2760229758       -0.2889549356
  60.  26.       -0.1032095234        0.5602297070
  60.  27.       -0.5278627284        0.0682173871
  60.  28.       -0.1907591359       -0.4418746928
  60.  29.       -0.3593087699       -0.4969671462
  60.  30.        0.5905262584       -0.5856946524
  60.  31.       -0.1220159560       -0.2383762919
  60.  32.       -0.1664740997        0.4551666817
  60.  33.       -0.4347572786        0.4054682749
  60.  34.        0.1957928920        0.3376252185
  60.  35.       -0.1014887389        0.4200212512
  60.  36.        0.0724682698       -0.1474333422
  60.  37.       -0.1660520468       -0.2358959564
  60.  38.        0.0251065799        0.5335315059
  60.  39.        0.2297777990       -0.0879126493
  60.  40.        0.5895443190        0.7868159733
  60.  41.       -0.0961791324       -0.3246073899
  60.  42.       -0.0005282283       -0.3945397337
  60.  43.        0.3158333141        0.4726890902
  60.  44.       -0.7991527046       -0.9214261087
  60.  45.       -0.4724027702       -0.2944557499
  60.  46.        0.0513052555        0.4017104046
  60.  47.       -0.2101702200       -0.4462060898
  60.  48.        0.1982015290        0.0085529304
  60.  49.        0.5795123824        0.1402131863
  60.  50.        0.2816262238        0.2274808111
  60.  51.        0.0974313157        0.1236867772
  60.  52.       -0.0648875911       -0.1954997207
  60.  53.       -0.1122471730       -0.4568839342
  60.  54.        0.6866869929        0.5392979726
  60.  55.       -0.5858364405       -0.3869856787
  60.  56.       -0.6070098584        0.1147816299
  60.  57.       -0.0705339780        0.0045987342
  60.  58.       -0.5427690221       -0.5481221813
  60.  59.       -0.2483581301       -0.5235219882
  60.  60.        0.7879196582       -0.4187769330
  61.   0.       -0.1487724106        0.0000000000
  61.   1.       -0.0401963516        0.2666325302
  61.   2.       -0.1968320220        0.1167845295
  61.   3.       -0.1710085034       -0.4051333983
  61.   4.       -0.0603012180        0.0737656229
  61.   5.        0.1927088612        0.4244067334
  61.   6.       -0.0654154269       -0.4381146704
  61.   7.       -0.1907437672        0.6906191835
  61.   8.       -0.1680870068        0.3282210190
  61.   9.        0.4802249400        0.1610971877
  61.  10.        0.3259379472        0.2510554005
  61.  11.       -0.2965661676        0.0589202444
  61.  12.       -0.5752198067       -0.5537781738
  61.  13.        0.2524749681        0.8926975111
  61.  14.        0.3313647416        0.2334190458
  61.  15.       -0.0159627603       -0.3872043053
  61.  16.        0.0166248996        0.1304948217
  61.  17.        0.7511935620        0.2227035210
  61.  18.       -0.0417046295        0.1905849138
  61.  19.       -0.0020257729       -0.1776059442
  61.  20.       -0.4563278254       -0.4848957323
  61.  21.       -0.0591102641        0.1805021685
  61.  22.       -0.4285622355       -0.0484914847
  61.  23.       -0.0613505113        0.0490610467
  61.  24.       -0.0192035105       -0.0789143396
  61.  25.       -0.2843996203       -0.0751094361
  61.  26.       -0.0234698127        0.2382468552
  61.  27.        0.3446330001        0.2930483346
  61.  28.       -0.2812552634       -0.6201902102
  61.  29.        0.1442142072        0.0717920440
  61.  30.       -0.3151329632       -0.3578701193
  61.  31.       -0.1938694680       -0.0120046007
  61.  32.        0.2880719434       -0.1116653821
  61.  33.       -0.0832067341        0.6339587488
  61.  34.       -0.5574360543       -0.0824707603
  61.  35.       -0.3246253408        0.6379207030
  61.  36.        0.3127891438       -0.0308232477
  61.  37.       -0.2781065137       -0.1156901209
  61.  38.       -0.1376712255       -0.2089087345
  61.  39.        0.1061479715        0.4039141881
  61.  40.       -0.7722754023        0.2677288414
  61.  41.       -0.3241304209       -0.0838206229
  61.  42.       -0.4585632351        0.0679646964
  61.  43.       -0.1224790664        0.1475448214
  61.  44.       -0.2245138508        0.0459036707
  61.  45.       -0.6659350757        0.4798449835
  61.  46.       -0.6966529622        0.4302178749
  61.  47.       -0.1274432886       -0.0909553767
  61.  48.       -0.1863092310       -0.2217761678
  61.  49.       -0.1848651048       -0.0903412173
  61.  50.        0.9564287508        0.1576448884
  61.  51.        0.2063494068        0.1285042419
  61.  52.       -0.0629447638       -0.3410396208
  61.  53.        0.0379026838        0.2872232400
  61.  54.        0.5115023171        0.0574623964
  61.  55.       -0.1996966854        0.1471940149
  61.  56.        0.5924125744        0.2884753371
  61.  57.       -0.4452423968       -0.5583685387
  61.  58.       -0.5046129765       -0.4566410099
  61.  59.       -0.6785387212       -0.4008861996
  61.  60.        0.8035119351       -0.0349723490
  61.  61.        0.0144651716        0.4508383775
  62.   0.       -0.4237762193        0.0000000000
  62.   1.        0.7348506499        0.2528222206
  62.   2.       -0.6595733216       -0.7153115785
  62.   3.        0.3445485390       -0.3095867021
  62.   4.        0.4249100976       -0.0248742182
  62.   5.       -0.5268167721        0.2867213646
  62.   6.        0.2309554839        0.4336155224
  62.   7.       -0.2252661818       -0.7380602457
  62.   8.        0.3871500268        0.3405190247
  62.   9.       -0.3286620484       -0.0855004202
  62.  10.       -0.2580518981        0.2401292990
  62.  11.       -0.7697359927       -0.4703251107
  62.  12.        0.5581456424        0.5219054882
  62.  13.        0.3232362625        0.6838356631
  62.  14.       -0.0951880827        0.1433931610
  62.  15.        0.1041876879       -0.2278010476
  62.  16.       -0.0505861125       -0.3432528531
  62.  17.       -0.2918450870        0.4780589451
  62.  18.       -0.5404914823       -0.5826585372
  62.  19.        0.0822942630        0.0999404126
  62.  20.       -0.1203011230        0.5394356687
  62.  21.       -0.0047495666       -0.4818369142
  62.  22.        0.0868278146       -0.3485504197
  62.  23.        0.2762690519        0.1251650749
  62.  24.       -0.1617490841       -0.2696203533
  62.  25.       -0.0060368842        0.1241536244
  62.  26.        0.5342431760       -0.3649121413
  62.  27.        0.1996586294        0.0052113692
  62.  28.        0.1859652007        0.1932997315
  62.  29.       -0.2232452077        0.0040683463
  62.  30.        0.3838524562        0.8071544314
  62.  31.       -0.1406984088        0.3217244379
  62.  32.        0.0256455020        0.1002948081
  62.  33.       -0.1688388369       -0.5622020843
  62.  34.       -0.1904290294        0.3584042762
  62.  35.       -0.3336728312       -0.1909022458
  62.  36.        0.4867128557        0.3630455106
  62.  37.        0.4053182814       -0.0862358923
  62.  38.       -0.2202615912        0.1536522243
  62.  39.        0.2345388438        0.2295376485
  62.  40.       -0.3419283078        0.0427198727
  62.  41.       -0.7560897839        0.0752016483
  62.  42.        0.0987791404       -0.3861096782
  62.  43.        0.1219177777       -0.7627130044
  62.  44.        0.0612254490       -0.2235777970
  62.  45.        0.9444820313       -0.0466802842
  62.  46.        0.6414234000       -0.5422916049
  62.  47.       -0.2443896965        0.2172852537
  62.  48.        0.5609192017       -0.0989728900
  62.  49.       -0.0433627301       -0.2007627586
  62.  50.       -0.6861406396       -0.0380159408
  62.  51.        0.0189751179        0.0702835698
  62.  52.        0.3784579169        0.1021018200
  62.  53.       -0.1811999944        0.1638180206
  62.  54.       -0.4398902172       -0.0664819070
  62.  55.        0.0088508350        0.1291945632
  62.  56.       -0.3120687818        0.3569293977
  62.  57.       -0.2471130672        0.1347021049
  62.  58.       -0.0568887606        0.6034056269
  62.  59.       -0.0992541100        0.4960244355
  62.  60.       -0.2245326904       -0.0337916683
  62.  61.        0.5119584932        0.0507592145
  62.  62.        0.3934206805        0.3500380314
  63.   0.       -0.6680106754        0.0000000000
  63.   1.       -0.0667937958        0.0770458131
  63.   2.       -0.0948189971        0.5042659209
  63.   3.        0.1364661401        0.3706080844
  63.   4.        0.0828720471       -0.4184762793
  63.   5.       -0.1581126224        0.7926929280
  63.   6.        0.3863281707       -0.2581850560
  63.   7.       -0.4259359245       -0.4747530140
  63.   8.        0.1310140136       -0.1378006902
  63.   9.        0.0299350682       -0.0935720973
  63.  10.       -0.4330833717       -0.1860649011
  63.  11.        0.5271927866        0.0270563233
  63.  12.        0.1762073631        0.2617823099
  63.  13.        0.0914318588       -0.5803070307
  63.  14.       -0.3370473960       -0.6593068770
  63.  15.       -0.1289648985        0.2255366660
  63.  16.       -0.1378763236       -0.0251067330
  63.  17.        0.2767060784        0.3201483696
  63.  18.       -0.2721219727        0.0697831940
  63.  19.        0.2416916923        0.1826657419
  63.  20.       -0.0456537695        0.2594525547
  63.  21.        0.6930275345        0.2581774429
  63.  22.        0.4008616532       -0.0717489953
  63.  23.        0.4732244295        0.0278477785
  63.  24.       -0.0212753346       -0.0900371721
  63.  25.        0.0210264215        0.0285734583
  63.  26.       -0.0530176292       -0.4148279784
  63.  27.       -0.1602792738       -0.0324804907
  63.  28.        0.0331475925        0.4337216475
  63.  29.        0.1201129789       -0.4533077269
  63.  30.        0.1989122034       -0.0216459819
  63.  31.       -0.2066509611       -0.0395536902
  63.  32.        0.2700725593       -0.5493053868
  63.  33.       -0.4073136965       -0.2005158677
  63.  34.        0.4904303114       -0.2685562664
  63.  35.       -0.2037754705       -0.5020713336
  63.  36.       -0.2916351902       -0.0267420356
  63.  37.        0.1022125861        0.2478267390
  63.  38.        0.2616810384       -0.2281227433
  63.  39.       -0.0996300109        0.3880663626
  63.  40.        0.2286710098       -0.1081323463
  63.  41.       -0.0595972213        0.5558464116
  63.  42.       -0.2275213094        0.2552939903
  63.  43.        0.1568657399        0.5674221737
  63.  44.        0.0481415049        0.0200460632
  63.  45.        0.4491753092        0.3542119513
  63.  46.        0.2282622936        0.0779956692
  63.  47.       -0.2401958335        0.0310188937
  63.  48.        0.1838894958       -0.4572771744
  63.  49.        0.1516111035        0.2419033024
  63.  50.       -0.0729984497       -0.2015410802
  63.  51.       -0.2446994571        0.0217744595
  63.  52.        0.7454491413        1.2716274606
  63.  53.       -0.3610555961       -0.0323839820
  63.  54.        0.2511194649       -0.0277007603
  63.  55.       -0.4568949140        0.4007965740
  63.  56.       -0.1534812362        0.1583711935
  63.  57.       -0.1044890284       -0.3353660923
  63.  58.       -0.1177012431        0.4169161329
  63.  59.        0.5935919794       -0.2308024471
  63.  60.       -0.2726662680        0.5626796026
  63.  61.       -1.2195945092        0.2822701191
  63.  62.       -0.1737047341       -0.0867976965
  63.  63.       -0.1970034323        0.7096894926
  64.   0.        0.0358866983        0.0000000000
  64.   1.        0.1111606698       -0.3276205435
  64.   2.        0.3858218250        0.7334133640
  64.   3.       -0.0014950346        0.4021346826
  64.   4.       -0.3937075286       -0.2912959823
  64.   5.        0.4982166104       -0.6879832322
  64.   6.       -0.5336950933       -0.3972257426
  64.   7.        0.7135907785       -0.1833973557
  64.   8.       -0.2025624359       -0.0134272156
  64.   9.       -0.0756158201        0.0224545309
  64.  10.        0.2112746725       -0.3550982560
  64.  11.       -0.2367834880        0.3987364667
  64.  12.        0.3689426363       -0.1341931056
  64.  13.        0.0982554082       -0.4036071036
  64.  14.        0.2313921801       -0.1828482825
  64.  15.       -0.0644402498        0.3873725114
  64.  16.        0.1695524664        0.6759192275
  64.  17.        0.2519267292        0.6238187848
  64.  18.        0.6741155940        0.1007107127
  64.  19.       -0.1677888099       -0.6004319108
  64.  20.       -0.1677019411        0.2045790216
  64.  21.        0.2854183096        0.2374683129
  64.  22.        0.1636002771       -0.1288138355
  64.  23.       -0.0381608175        0.2390288169
  64.  24.        0.1398490270       -0.3704792875
  64.  25.       -0.1964494477        0.2530295027
  64.  26.       -0.2297183119        0.2425641565
  64.  27.        0.4528011192       -0.3111064623
  64.  28.       -0.0484895103       -0.0647107587
  64.  29.        0.0885832323       -0.0673140740
  64.  30.       -0.2893561947       -0.6788784475
  64.  31.        0.2726336157       -0.1831878508
  64.  32.       -0.0413345483        0.0136348959
  64.  33.       -0.0125365269       -0.4644549881
  64.  34.       -0.0635984282       -0.1550151690
  64.  35.       -0.3997761775       -0.0032534514
  64.  36.       -0.1644272149       -0.8715875961
  64.  37.        0.3457329195       -0.3118445459
  64.  38.       -0.2160977173        0.4208997607
  64.  39.       -0.0829925456        0.2123196710
  64.  40.       -0.0736416723        0.0559483465
  64.  41.       -0.0211754142       -0.2193146425
  64.  42.       -0.0303739768       -0.3353044697
  64.  43.       -0.3091484747        0.4547713435
  64.  44.       -0.5530287563        0.1726592631
  64.  45.        0.3207356504        0.4224198660
  64.  46.       -1.1084005436        0.0578933989
  64.  47.        0.3091649375       -0.3058721572
  64.  48.       -0.4138532621        0.5619056455
  64.  49.        0.3149021001        0.6965112489
  64.  50.       -0.0351885945        0.3477930255
  64.  51.       -0.1895431979       -0.5055034759
  64.  52.        0.2163712150       -0.9215643174
  64.  53.        0.0406938415       -0.2725852306
  64.  54.       -0.4436716608       -0.1403327711
  64.  55.        0.0696080636       -0.4527346473
  64.  56.       -0.3149274730       -0.2820326859
  64.  57.       -0.1888236997       -0.7831833720
  64.  58.        0.9646294749       -0.4114822477
  64.  59.        0.0588422942       -0.0165468103
  64.  60.       -0.4598899985        0.2972798814
  64.  61.       -0.3391883467        0.3205691895
  64.  62.        0.1516984848       -0.1741411401
  64.  63.        0.4308038322        0.7640113455
  64.  64.       -0.2339187012       -0.6034163729
  65.   0.        0.5133385688        0.0000000000
  65.   1.       -0.0778275493       -0.1567271718
  65.   2.        0.1611126471        0.0518810780
  65.   3.        0.0455916079        0.2119267828
  65.   4.        0.3314589447        0.2058842307
  65.   5.        0.0039796154       -0.5847235966
  65.   6.       -0.0607544543        0.4873604900
  65.   7.        0.7837824484       -0.1629357702
  65.   8.        0.1831969627       -0.3702472576
  65.   9.       -0.0714863120        0.2658901222
  65.  10.        0.0417179612       -0.1262281722
  65.  11.       -0.3005724034        0.0306061272
  65.  12.        0.1223911522        0.3382778116
  65.  13.        0.0793418604        0.0894067474
  65.  14.        0.4246100640        0.5650796472
  65.  15.        0.3507769642       -0.2070606364
  65.  16.       -0.1514277427       -0.0570237755
  65.  17.       -0.9237984214        0.1772491234
  65.  18.        0.3158867971        0.3676081948
  65.  19.        0.0194436036        0.9077275695
  65.  20.       -0.0894335073        0.0283746473
  65.  21.        0.0331945019       -0.0766726880
  65.  22.       -0.2168872964       -0.1553504229
  65.  23.        0.1517160474       -0.1267857738
  65.  24.        0.1053148326        0.0580460912
  65.  25.        0.4393194825        0.0516246832
  65.  26.        0.3052504630        0.2194855085
  65.  27.        0.6628010214       -0.0578725804
  65.  28.        0.2823243903        0.2594907204
  65.  29.       -0.4484545308        0.1112753689
  65.  30.       -0.3014188537       -0.1996907892
  65.  31.       -0.2216447487        0.2320293744
  65.  32.       -0.3764696850       -0.4894666057
  65.  33.        0.2511102586        0.3173188716
  65.  34.        0.2857396609        0.1414627864
  65.  35.        0.5476531023        0.5645378864
  65.  36.       -0.2114795413       -0.2643559053
  65.  37.        0.2963576501       -0.3928929467
  65.  38.        0.5555312562       -0.2649171051
  65.  39.        0.4068551323        0.0001594936
  65.  40.        0.4461196246        0.0539838432
  65.  41.       -0.0818880916       -0.1077200706
  65.  42.        0.5485663239       -0.1044926528
  65.  43.        0.0460874375        0.1207199090
  65.  44.       -0.3554008787        0.0090088643
  65.  45.       -0.6487405216       -0.3779102818
  65.  46.        0.4955607678       -0.2369628916
  65.  47.       -0.5164604126        0.3571557316
  65.  48.        0.3256754049       -0.0224207034
  65.  49.        0.2911845510        0.0342907237
  65.  50.        0.6632677263       -0.4996536189
  65.  51.       -0.1702060797        0.0851524865
  65.  52.        0.4970592085        0.2210429998
  65.  53.       -0.2434455244       -0.1964340593
  65.  54.       -0.7170367270        0.2791634442
  65.  55.       -0.2606870041        1.0079048323
  65.  56.       -0.6887102695        0.1830876816
  65.  57.       -0.0550944126       -0.5372898074
  65.  58.        0.1330577608        0.4665340539
  65.  59.        0.4243054266       -0.2734412303
  65.  60.       -0.0157505532       -0.0787041986
  65.  61.       -0.0643942390       -0.0609817568
  65.  62.       -0.5461141248        1.0042927410
  65.  63.       -0.6056623978       -0.7017938983
  65.  64.       -0.0893720027       -0.9002456589
  65.  65.       -0.3709716281        0.3668160045
  66.   0.       -0.5220145137        0.0000000000
  66.   1.       -0.4215171866       -0.2450384073
  66.   2.        0.0058674960       -0.0536850509
  66.   3.       -0.2018355456       -0.0133005203
  66.   4.        0.2843562875        0.5338102735
  66.   5.       -0.1839324940        0.1017109043
  66.   6.       -0.4003427671        0.1248346617
  66.   7.       -0.7156618782        0.3118302378
  66.   8.        0.5370857174       -0.5135038798
  66.   9.        0.3511904412       -0.1576610482
  66.  10.       -0.2507275188        0.7255750593
  66.  11.        0.3003828510        0.0163586546
  66.  12.       -0.2657554770       -0.1619523529
  66.  13.       -0.4339569345        0.1497181436
  66.  14.       -0.2515197539        0.0274655710
  66.  15.        0.2370145142       -0.5734637120
  66.  16.        0.1784092373       -0.3553852609
  66.  17.        0.3539849743       -0.3642632608
  66.  18.        0.2257687580        0.0025468536
  66.  19.        0.3763167375        0.4012041036
  66.  20.        0.6161417484       -0.1316073937
  66.  21.       -0.0886456235        0.1089262830
  66.  22.       -0.3620879430       -0.0448116866
  66.  23.       -0.0566335435       -0.1149099059
  66.  24.        0.3323500805        0.2054410873
  66.  25.       -0.2040563123       -0.0822043802
  66.  26.        0.1347103380       -0.2703218859
  66.  27.       -0.5202134874        0.7928445855
  66.  28.       -0.5687892412        0.8020060039
  66.  29.       -0.0899976426        0.2029084576
  66.  30.        0.1783704599        0.3728974713
  66.  31.        0.1180559655       -0.0179413692
  66.  32.       -0.3164412807        0.0118365224
  66.  33.        0.0289143257       -0.2713825764
  66.  34.        0.0258468674        0.3081371761
  66.  35.        0.5930042937       -0.2685674767
  66.  36.       -0.1663785653        0.7503264200
  66.  37.       -0.1371640693       -0.1706944754
  66.  38.        0.1711538301       -0.4878633394
  66.  39.        0.3842617729       -0.2689959211
  66.  40.       -0.2329513408       -0.4066249530
  66.  41.        0.0464406976       -0.4648088473
  66.  42.       -0.5544252993        0.2761807209
  66.  43.        0.0993819183       -0.2473910830
  66.  44.       -0.3368423746       -0.0785417344
  66.  45.       -0.2602547653       -0.8611118594
  66.  46.       -0.0813008140        0.1378291788
  66.  47.        0.1557561209       -0.0880677868
  66.  48.        0.3116593320       -0.8564867987
  66.  49.       -0.0950682997        0.1274961041
  66.  50.        0.3355306933        0.1231615832
  66.  51.        0.1184705255        0.1855015149
  66.  52.       -0.9152449329        0.3383449572
  66.  53.       -0.3207228700       -0.6730587443
  66.  54.        0.1877440003       -0.3483017238
  66.  55.       -0.2668612459       -0.0479198779
  66.  56.       -0.0870025662       -0.2073044256
  66.  57.        0.5482266360        0.0690161454
  66.  58.        0.8232414536       -0.1260351046
  66.  59.        0.0779913596       -0.1339496162
  66.  60.        0.0973714417        0.2361672653
  66.  61.       -0.5121190646        0.1729068595
  66.  62.       -0.2407923907        0.2092360352
  66.  63.        0.4485826644        0.6446452617
  66.  64.       -0.2784231891       -0.3549612395
  66.  65.        0.2130978300        0.7130440900
  66.  66.       -1.0756368537       -0.2056350902
  67.   0.        0.0743548925        0.0000000000
  67.   1.        0.1657280164        0.2499540686
  67.   2.       -0.5309749722       -0.2364941575
  67.   3.        0.1117776591       -0.4314222048
  67.   4.       -0.1691287622        0.0090912660
  67.   5.        0.1772766767        0.0017967305
  67.   6.       -0.1037113421       -0.2178713099
  67.   7.       -0.1439718900       -0.2004910101
  67.   8.        0.0118478523        0.2907492342
  67.   9.       -0.1241773946        0.1847398638
  67.  10.        0.4007115647        0.2487193990
  67.  11.        0.1380317887       -0.2861509668
  67.  12.       -0.3354277016       -0.1859567423
  67.  13.        0.1711233676       -0.3086940722
  67.  14.        0.5759635192       -0.5387630558
  67.  15.       -0.3407793392        0.5800099227
  67.  16.       -0.1778328755        0.2842480711
  67.  17.        0.5702659084        0.0670116515
  67.  18.       -0.8042933301        0.0903626108
  67.  19.        0.1435937981       -0.6829336073
  67.  20.        0.0127666620        0.0112007980
  67.  21.       -0.0034974987       -0.4199853803
  67.  22.       -0.2411268401        0.4142961053
  67.  23.        0.0965018406       -0.4860422015
  67.  24.        0.2777724444       -0.1299852726
  67.  25.       -0.3444181606        0.4007049988
  67.  26.       -0.2375187230       -0.1157100019
  67.  27.       -0.4425352756       -0.2801087340
  67.  28.        0.0825149649        0.2871166646
  67.  29.       -0.0557574917       -0.1777956052
  67.  30.        0.6461793978        0.0042303378
  67.  31.        0.4467028289       -0.0432020221
  67.  32.        0.3906348639        0.3592857657
  67.  33.        0.0932338249        0.5638364089
  67.  34.        0.4882527018        0.2095154378
  67.  35.       -0.1514493791       -0.1975638323
  67.  36.        0.5072657655        0.2434440915
  67.  37.       -0.6869406642        0.2977619210
  67.  38.       -0.7978001708        0.2351735166
  67.  39.        0.2808897716       -0.6289647951
  67.  40.       -0.0787182109       -0.0145838721
  67.  41.       -0.0807072377       -0.1841848191
  67.  42.        0.1730295974       -0.0204246840
  67.  43.        0.5013434318       -0.2095064704
  67.  44.       -0.3057302599       -0.6333872403
  67.  45.       -0.1798906599        0.1351422416
  67.  46.        0.0106802296       -0.4795347281
  67.  47.        0.2928879859       -0.4856250159
  67.  48.        0.1338900216        0.3126613139
  67.  49.        0.6559150475       -0.3640077902
  67.  50.       -0.4766580787        0.5600965965
  67.  51.        0.1449719910        0.1367411036
  67.  52.        0.1652195883        0.0911045327
  67.  53.        0.7140309384       -0.0786624543
  67.  54.       -0.7611325325       -0.3964960845
  67.  55.        0.0180359344       -0.3493469365
  67.  56.        0.4359629204        0.0538958877
  67.  57.       -0.8723636352        0.1892155079
  67.  58.       -0.0632343115       -0.6247747755
  67.  59.        0.2747020834       -0.4053529478
  67.  60.       -0.1441690993        0.0583103415
  67.  61.        0.7342620109       -0.7677270726
  67.  62.        0.8401448684       -0.6679791031
  67.  63.       -0.4232636352        0.0821142214
  67.  64.       -0.2213848680        0.1589976874
  67.  65.        0.2565695398        0.4260291071
  67.  66.        0.0603003079       -0.0198813216
  67.  67.        0.2327958011       -0.1432995669
  68.   0.        0.2423843339        0.0000000000
  68.   1.       -0.4073546563        0.3935130834
  68.   2.       -0.1553307942       -0.2346550263
  68.   3.        0.1633304764        0.1625115826
  68.   4.       -0.2627743992        0.3243559212
  68.   5.        0.1292799312        0.1898844540
  68.   6.        0.7297481462        0.3813733176
  68.   7.        0.1043508504        0.3515439402
  68.   8.       -0.9315506790        0.3858364541
  68.   9.        0.1043182267        0.3699845070
  68.  10.        0.2830823089       -0.4702497291
  68.  11.        0.0006861785        0.0347195591
  68.  12.        0.2627406417       -0.0084551878
  68.  13.       -0.1456027551        0.1759751928
  68.  14.        0.6449519340       -0.1679616560
  68.  15.        0.2844637340        0.5762841341
  68.  16.        0.0871761190       -0.4952940569
  68.  17.       -0.0014860235       -0.3340962570
  68.  18.       -0.1572042940       -0.3270938524
  68.  19.       -0.5991613808       -0.2759529222
  68.  20.       -0.5994503907        0.1444692414
  68.  21.       -0.0548689369        0.0210644902
  68.  22.        0.1177078403        0.3022351838
  68.  23.        0.1604969188        0.3619695449
  68.  24.       -0.1985647895       -0.2808906966
  68.  25.        0.3369365778        0.4069269613
  68.  26.       -0.1085055788       -0.0136627996
  68.  27.       -0.0344106571       -0.5264364988
  68.  28.        0.3726492634       -0.8208257284
  68.  29.        0.2468984368        0.6199546415
  68.  30.        0.5067786935       -0.2024973789
  68.  31.        0.0592758044        0.3342433511
  68.  32.        0.5600738466        0.2539930158
  68.  33.        0.1291589264        0.2582954181
  68.  34.       -0.0426311561        0.4286462586
  68.  35.        0.6946748214        0.0847063776
  68.  36.        0.5446106724       -0.4593902630
  68.  37.        0.5187809559       -0.0082218778
  68.  38.       -0.5356975894        0.3178274189
  68.  39.        0.1353711453       -0.1891798596
  68.  40.       -0.2312704195        0.5356541650
  68.  41.        0.3308109033        0.0306353702
  68.  42.        0.4139658365       -0.0701682761
  68.  43.        0.2269756865       -0.3994800982
  68.  44.        0.0831950397        0.2936242353
  68.  45.       -0.3345893112       -0.3668632025
  68.  46.       -0.0820476865       -0.1855557237
  68.  47.        0.2143629326       -0.3939952992
  68.  48.        0.0793358957        0.9380319785
  68.  49.        0.1736851348       -0.3928288215
  68.  50.       -0.0526563163       -0.4001244331
  68.  51.        0.0327563873       -0.5787294689
  68.  52.       -0.1396453874       -0.1381610457
  68.  53.        0.6737803385        0.1427147945
  68.  54.        0.2053127663       -0.0218453227
  68.  55.        0.4940302566       -0.0599995700
  68.  56.       -0.3462304617       -0.2309848948
  68.  57.        0.2120636815        0.4798803495
  68.  58.       -0.6126117514        0.1697008039
  68.  59.       -0.0447763771        0.2333289068
  68.  60.       -0.1830148717        0.1728862814
  68.  61.        0.4992700610        0.2331063882
  68.  62.       -0.1204648872       -0.2490970766
  68.  63.        0.2553225567        0.1489962052
  68.  64.       -0.3599118553        0.6264829956
  68.  65.       -0.8293340092        0.5534407834
  68.  66.       -0.1300357613       -1.2230338314
  68.  67.       -0.9881565271       -0.5495554028
  68.  68.        0.0061891517       -0.4105081170
  69.   0.       -0.6009757489        0.0000000000
  69.   1.        0.5653634045       -0.0295830877
  69.   2.        0.3413772584        0.1090393770
  69.   3.        0.2412306006        0.0252075135
  69.   4.       -0.6122121585        0.2169119785
  69.   5.       -0.4318531184       -0.4161993112
  69.   6.        0.2008597758       -0.0269503977
  69.   7.       -0.3225174494        0.6331930159
  69.   8.       -0.4413505623        0.2337350473
  69.   9.        0.0330326114       -0.6312548901
  69.  10.       -0.3873380802        0.1963597170
  69.  11.        0.1974817604        0.2987571387
  69.  12.       -0.0729819151       -0.0389149305
  69.  13.       -0.0883357339        0.0523101724
  69.  14.       -0.3469359571        0.1646003610
  69.  15.        0.1735957623       -0.3404860869
  69.  16.        0.2335345827        0.1776639779
  69.  17.       -0.3214159115        0.2598006163
  69.  18.        0.4124549443       -0.1028509939
  69.  19.        0.4370970789        0.1671484398
  69.  20.       -0.3848512779        0.2601250576
  69.  21.       -0.3322548549        0.0209016421
  69.  22.        0.2444128343        0.0140660370
  69.  23.        0.3065729771       -0.1957546121
  69.  24.        0.0176487150        0.0575331043
  69.  25.        0.0923542783       -0.1630943215
  69.  26.       -0.1291279838        0.5141555354
  69.  27.       -0.4425593735       -0.0930824982
  69.  28.        0.1136875749       -0.3219579396
  69.  29.        0.2350903318        0.4403733777
  69.  30.       -0.9053834159        0.5007720178
  69.  31.        0.0489715519        0.1184519724
  69.  32.       -0.0780584030       -0.1530282134
  69.  33.        0.0239010611       -0.5707566266
  69.  34.       -0.2341596324        0.4749192407
  69.  35.       -0.0140190489        0.0144963766
  69.  36.       -0.2453297558        0.1429831220
  69.  37.        0.8962543444       -0.0999583709
  69.  38.       -0.8330385729        0.0484100978
  69.  39.       -0.3578143903       -0.1036467450
  69.  40.       -0.4814968721        0.1485573908
  69.  41.       -0.0471438001        0.4363925430
  69.  42.       -0.3693018720       -0.3940845119
  69.  43.        0.0161321795        0.0748274635
  69.  44.       -0.3095718432        0.2081800727
  69.  45.       -0.1442736802        0.1090148097
  69.  46.       -0.3091061799       -0.4467194735
  69.  47.       -0.1369179486        0.3490235642
  69.  48.        0.0475642079       -0.2932488886
  69.  49.       -0.1065527379       -0.1155580194
  69.  50.       -0.0181636819        0.5103668835
  69.  51.        0.1910074243       -0.4427217232
  69.  52.        0.1599434668        0.4179082831
  69.  53.       -0.6291367487       -0.0073997831
  69.  54.        0.0125855079       -0.1545775474
  69.  55.        0.3481942725        0.1919139655
  69.  56.       -0.1623708914       -0.6332748874
  69.  57.        0.3259368726       -0.3321638679
  69.  58.       -0.4505939394        0.0596567038
  69.  59.       -0.0328871920        0.3496572829
  69.  60.        0.1358811282        0.2505531398
  69.  61.        0.0054584074        0.7302251481
  69.  62.       -0.3150216597        0.1083322396
  69.  63.        0.0819276085       -0.1511348245
  69.  64.        0.3158442770        0.5674055370
  69.  65.       -0.4290805043       -0.0876705858
  69.  66.        0.3436593718        0.2090353063
  69.  67.       -0.0304914528       -0.3386327124
  69.  68.        0.3487532953       -0.0551252659
  69.  69.        0.3027193239       -0.2341202895
  70.   0.        0.2462110592        0.0000000000
  70.   1.        0.4810461517       -0.1517035622
  70.   2.        0.3212021520       -0.2200023710
  70.   3.       -0.5320398655       -0.2752531181
  70.   4.        0.1686754580       -0.4012169671
  70.   5.        0.1843193080       -0.2678739959
  70.   6.       -0.0304211797       -0.1716325631
  70.   7.        0.4862807588        0.1250634852
  70.   8.        0.4112826758        0.0399972546
  70.   9.       -0.2966955375       -0.2694318064
  70.  10.       -0.0133325126       -0.1468276682
  70.  11.       -0.1720738517       -0.2212533887
  70.  12.       -0.3498654874       -0.2163615555
  70.  13.       -0.0125964573       -0.0751693202
  70.  14.       -0.2643355625        0.0410004110
  70.  15.        0.0245548623        0.2887690926
  70.  16.       -0.1590618231        0.1512700462
  70.  17.        0.3233281323        0.3133332782
  70.  18.        0.1851317774        0.3548020347
  70.  19.        0.0608422076        0.0606117515
  70.  20.        0.2937654520       -0.0146609029
  70.  21.        0.5093358302        0.0228641724
  70.  22.        0.2000338730        0.0847512018
  70.  23.        0.2497325893       -0.0945746669
  70.  24.       -0.0367834509        0.1493300472
  70.  25.       -0.0938622970       -0.2356016595
  70.  26.       -0.0979192251       -0.1450614272
  70.  27.       -0.1084487676        0.2010747275
  70.  28.       -0.3936935356        0.0619845419
  70.  29.        0.3342331111       -0.1682255712
  70.  30.       -0.6387367382       -0.0929397304
  70.  31.       -0.3678307383       -0.2738959707
  70.  32.       -0.2260808619       -0.5106987825
  70.  33.        0.2824164209        0.1281756788
  70.  34.       -0.0466546351       -0.4458449355
  70.  35.       -0.0222282941        0.2083057924
  70.  36.       -0.1684128072        0.3566891628
  70.  37.       -0.1366572046        0.1602804807
  70.  38.        0.2315716531       -0.3527918249
  70.  39.       -0.4903229610       -0.2761436622
  70.  40.       -0.1002642969        0.1637373541
  70.  41.       -0.3829369171       -0.4561028137
  70.  42.       -0.1961531201        0.4968897761
  70.  43.       -0.5975471239        0.1953877400
  70.  44.        0.1083579624        0.5460835719
  70.  45.        0.5762761282       -0.4877637659
  70.  46.       -0.8016858727        0.2188413485
  70.  47.       -0.3874496484        0.1237113773
  70.  48.       -0.0641522928       -0.0708883880
  70.  49.        0.2896679800        0.7335059297
  70.  50.        0.1900383601        0.0964423469
  70.  51.        0.1731932237        0.2767541836
  70.  52.        0.1268447620        0.0660887514
  70.  53.        0.2615993280        0.5282795130
  70.  54.       -0.0972768588        0.3989571575
  70.  55.        0.0676680821       -0.1200230052
  70.  56.        0.2171466767       -0.2412166257
  70.  57.       -0.3655023285       -0.1099163527
  70.  58.       -0.2352791408       -0.3916903634
  70.  59.       -0.5188456783       -0.0356596786
  70.  60.       -1.0030324288       -0.3386253576
  70.  61.        0.6805566367       -0.5831494397
  70.  62.        0.0696889988       -0.6782635046
  70.  63.       -1.5421124303       -0.0523936507
  70.  64.       -0.1765415737        0.5705191435
  70.  65.       -0.3469092358       -0.1579796774
  70.  66.       -0.1864975271        0.2557552951
  70.  67.        0.2394984279       -0.2957827776
  70.  68.        0.5068228980       -0.4546297491
  70.  69.       -0.3656554395       -0.1704948508
  70.  70.        0.3113785873        0.2494895026
  71.   0.        0.5300881737        0.0000000000
  71.   1.       -0.5718571506       -0.4224878809
  71.   2.       -0.2171115655       -0.1004705047
  71.   3.       -0.2788083630        0.1108500648
  71.   4.        0.6362426950       -0.1312692344
  71.   5.        0.0751531105        0.4567221051
  71.   6.       -0.6834184252       -0.5361228231
  71.   7.        0.2836798226       -0.2961890830
  71.   8.        0.2596532329        0.0338848116
  71.   9.       -0.1652534237        0.2092396715
  71.  10.       -0.0904056173       -0.4906040586
  71.  11.       -0.0766117054       -0.2954259020
  71.  12.       -0.2897440511        0.3777639003
  71.  13.       -0.0635350124        0.4142003200
  71.  14.       -0.4385435679        0.4050349196
  71.  15.       -0.5028734908        0.2533392951
  71.  16.        0.4726884080        0.0894151982
  71.  17.       -0.1112885026       -0.1005691287
  71.  18.       -0.6450375980       -0.0470664938
  71.  19.       -0.4094908395        0.1685780077
  71.  20.        0.0541019415       -0.2408951835
  71.  21.        0.1789327991        0.3658144146
  71.  22.        0.1149123306       -0.1138599917
  71.  23.        0.1516802509        0.0941460936
  71.  24.       -0.0078936053       -0.1805441802
  71.  25.       -0.1480414417        0.5544924532
  71.  26.       -0.4093623842       -0.4718939649
  71.  27.        0.4055289334       -0.0564850002
  71.  28.       -0.8284500452        0.4578628094
  71.  29.        0.1563590935        0.0570147656
  71.  30.        0.6800737039       -0.0430871928
  71.  31.       -0.2166010313       -0.4870750643
  71.  32.       -0.2349016942       -0.2250144878
  71.  33.       -0.0386488039        0.2994434933
  71.  34.        0.2740784489       -0.0712133220
  71.  35.        0.4558546466       -0.0596307391
  71.  36.       -0.2195031792        0.7540931537
  71.  37.       -0.1963220039        0.7428589200
  71.  38.        0.2438948822        0.0347575167
  71.  39.        0.3294700827        0.1959779948
  71.  40.       -0.1680880817       -0.6747016942
  71.  41.        0.3612534641       -0.2708156896
  71.  42.        0.7990677118        0.3289031922
  71.  43.       -0.2772234376        0.2249357334
  71.  44.       -0.3676015161        0.0461580180
  71.  45.       -0.4777018047        0.4249857233
  71.  46.       -0.0572755611       -0.6149252495
  71.  47.        0.1357859314       -0.4088647623
  71.  48.        0.2366891435       -0.2548859810
  71.  49.       -0.2520168956        0.2081857727
  71.  50.       -0.3504139806       -0.6555632381
  71.  51.        0.1179321999        0.0347283212
  71.  52.       -0.0391483858       -0.6654953943
  71.  53.        0.4660105989        1.0143569826
  71.  54.        0.6191716216        0.0082718577
  71.  55.        0.0342146402       -0.3254480592
  71.  56.       -0.0980863542        0.3287326012
  71.  57.       -0.2901900420       -0.3982692541
  71.  58.        0.1025553606       -0.5384247556
  71.  59.       -0.4483210899        0.1538685920
  71.  60.        0.2959378958       -0.6065191949
  71.  61.        0.2164724896       -0.1684769068
  71.  62.       -0.1686207581       -0.1500228826
  71.  63.       -0.2834334712       -0.6940851440
  71.  64.       -0.4925486739        0.0766972294
  71.  65.       -0.0997104458        0.4757644003
  71.  66.       -0.3986243810       -0.8393787031
  71.  67.        0.3263362122       -0.0769628681
  71.  68.       -0.1209869545       -0.2621796602
  71.  69.       -0.2550793177        0.0472289066
  71.  70.        0.1053640245       -0.0796890817
  71.  71.       -0.2122442157       -0.1353269462
  72.   0.        0.2179682413        0.0000000000
  72.   1.       -0.2641830427       -0.5729804175
  72.   2.        0.1938956484        0.4601685623
  72.   3.        0.3189511361        0.2647284472
  72.   4.        0.2239179598       -0.0129058092
  72.   5.       -0.2087719821        0.0231779729
  72.   6.        0.1157972446        0.0208046562
  72.   7.       -0.2445194100       -0.7087795713
  72.   8.        0.2158347815        0.0466963329
  72.   9.        0.5148089079        0.0060317514
  72.  10.        0.2165040598        0.0561771493
  72.  11.        0.0227823140        0.1157435560
  72.  12.       -0.1541774477        0.9091313732
  72.  13.       -0.0042373486       -0.1798682380
  72.  14.       -0.1875733814        0.2277586229
  72.  15.        0.3327827434       -0.6366651252
  72.  16.        0.0571081811        0.0694991778
  72.  17.       -0.2999074034        0.0950465970
  72.  18.        0.0856347432        0.1368092403
  72.  19.       -0.1513349183        0.1130966306
  72.  20.        0.0454646678        0.6947351994
  72.  21.       -0.1962022797        0.0014130251
  72.  22.        0.0969304738        0.1708913624
  72.  23.       -0.7248544893        0.1274361792
  72.  24.       -0.3025766681        0.4328338582
  72.  25.        0.3353721779       -0.0848960520
  72.  26.        0.1165992795       -0.0028697907
  72.  27.        0.1747085446       -0.3235575769
  72.  28.       -0.1989028199        0.3771396887
  72.  29.       -0.0365989567        0.1164187106
  72.  30.        0.7813348133        0.6467566713
  72.  31.       -0.0220081564       -0.1499196944
  72.  32.       -0.2666943531        0.4450783320
  72.  33.       -0.2085623212        0.1640676161
  72.  34.        0.4521926587       -0.1626562384
  72.  35.       -0.6048808268       -0.2282279171
  72.  36.        0.1985960076       -0.1933259121
  72.  37.       -0.5678525742       -0.0434189345
  72.  38.       -0.5215827708       -0.0705984237
  72.  39.        0.0785407366        0.1856219750
  72.  40.        0.1030817776       -0.1235547435
  72.  41.        0.1749035007        0.2352615385
  72.  42.        0.4838895306        0.1076927540
  72.  43.        0.5629734969        0.1463689699
  72.  44.       -0.2797183755       -0.2985118265
  72.  45.       -1.2327568694       -0.0897357151
  72.  46.       -0.0593357425       -0.4135792425
  72.  47.        0.3026172066       -0.0429913342
  72.  48.        0.1286423855       -0.7315152394
  72.  49.        0.0514233126       -0.5051910671
  72.  50.       -0.3815319824        0.2831030401
  72.  51.       -0.0202636617        0.1650826923
  72.  52.       -0.5881092716       -0.2192681224
  72.  53.        0.2252630164       -0.2703608190
  72.  54.       -0.4568401669       -0.2468458081
  72.  55.        0.6477394873        0.1166771044
  72.  56.       -0.1845404161       -0.0746933048
  72.  57.       -0.1125666167        0.3778564513
  72.  58.        0.4702108036        0.1128301737
  72.  59.       -0.3706497441        0.0473725975
  72.  60.        0.5219949442       -0.0151418193
  72.  61.       -0.4911488868        0.8171597317
  72.  62.       -0.2770801467        0.0884780165
  72.  63.        0.3896108402       -0.5618292235
  72.  64.       -0.3028949609       -0.2056089281
  72.  65.       -0.0201537211       -0.1659138309
  72.  66.        0.5067428021        0.3459485962
  72.  67.       -0.5098113840        0.1398881122
  72.  68.        0.7575470656       -0.6739998673
  72.  69.        0.1934154005       -0.3234501777
  72.  70.       -0.5080907379       -0.4576895862
  72.  71.       -0.1900118968        0.5655367324
  72.  72.        0.4919466882        0.1684014732
  73.   0.        0.3981533334        0.0000000000
  73.   1.        0.0273990436        0.7807624681
  73.   2.        0.0521153395       -0.0951544482
  73.   3.       -0.0074747915       -0.2055355417
  73.   4.        0.0989913286       -0.3336712490
  73.   5.        0.1215219711       -0.2409410199
  73.   6.        0.2876311713        0.5472684377
  73.   7.        0.1204676971        0.2194744634
  73.   8.       -0.2397871988       -0.2178035697
  73.   9.        0.1946509636       -0.0699444024
  73.  10.       -0.0819902298        0.5945845938
  73.  11.       -0.4743507072       -0.0311904647
  73.  12.        0.1079393580       -0.3056731295
  73.  13.       -0.1949613004       -0.4646062308
  73.  14.        0.3821260982       -0.4977382325
  73.  15.        0.0683091196       -0.1785855145
  73.  16.       -0.1129948033       -0.6801177034
  73.  17.        0.1048425125       -0.1330552813
  73.  18.        0.5663433138        0.4515245645
  73.  19.       -0.1788171389       -0.0524716741
  73.  20.       -0.0619989912        0.3050004313
  73.  21.       -0.1712341985        0.5269993663
  73.  22.       -0.2536851338        0.2216519181
  73.  23.        0.2513209048        0.4132499454
  73.  24.       -0.6932481339       -0.0596078436
  73.  25.        0.3930771024       -0.4326506953
  73.  26.       -0.2329016112        0.0019318048
  73.  27.       -0.0566834071       -0.3501893491
  73.  28.        0.0406177698       -0.2615173043
  73.  29.        0.3161218153       -0.2162463245
  73.  30.        0.2508603752       -0.1526006585
  73.  31.        0.3838608420        0.3902450227
  73.  32.        0.3576029230        0.1411982536
  73.  33.       -0.2114300004        0.2728564138
  73.  34.       -0.0434465903       -0.0737182933
  73.  35.       -0.0286114828        0.2288241881
  73.  36.       -0.2407082743       -0.2648522409
  73.  37.       -0.0032484478       -0.4544002643
  73.  38.       -0.0022055492        0.2435734927
  73.  39.        0.4948759994       -0.3324765074
  73.  40.        0.1186340964        0.6233516634
  73.  41.        0.1244099095       -0.2936476378
  73.  42.       -0.2183530693       -0.1927033317
  73.  43.        0.3369735625        0.1104085252
  73.  44.        0.5881781074        0.1436353370
  73.  45.        0.2394586589       -0.4948669429
  73.  46.       -0.1226706837       -0.4243655723
  73.  47.       -0.0782563077        0.1004661233
  73.  48.        0.3434578050       -0.3581358911
  73.  49.        0.2856252644       -0.3285965862
  73.  50.        0.4009226113       -0.0391924878
  73.  51.       -0.6996188491       -0.0806572162
  73.  52.       -0.2940089167        1.2294774699
  73.  53.        0.1731864706       -0.1850076493
  73.  54.        0.3072039166        0.0416913334
  73.  55.       -0.6270711907        0.2858793427
  73.  56.       -0.1893916144        0.3855202293
  73.  57.        0.1829623077       -0.0048265761
  73.  58.       -0.8568767214       -0.1156336077
  73.  59.        0.3189653512       -0.6615598713
  73.  60.       -0.4119499685        0.3203681861
  73.  61.       -0.8242231259       -0.0490001801
  73.  62.        0.2780637014        0.2466939836
  73.  63.       -0.3078470813        0.5387657473
  73.  64.        0.3952737791        0.5176173895
  73.  65.        0.3106092653       -0.8881222769
  73.  66.        0.0789374135       -0.0336362567
  73.  67.       -0.1300396537        0.2847132618
  73.  68.        0.2886295001       -0.1188599583
  73.  69.        0.2538414277        0.5126099428
  73.  70.       -0.4789601826        0.2251586199
  73.  71.        0.4648133769       -0.7855380670
  73.  72.        0.5745847971       -0.5371793471
  73.  73.        0.4315380016        0.3518935726
  74.   0.       -0.0064907833        0.0000000000
  74.   1.        0.4679830799        0.5044967410
  74.   2.       -0.5821624556       -0.1535452895
  74.   3.       -0.1015144843       -0.6228940111
  74.   4.       -0.6077647026       -0.2542986203
  74.   5.       -0.1125059446        0.5665356492
  74.   6.       -0.8314816703       -0.1915106061
  74.   7.       -0.3839969281        0.1366985446
  74.   8.       -0.1834374091       -0.1633427773
  74.   9.       -0.4163148497       -0.1610948941
  74.  10.       -0.3907284330       -0.1385135128
  74.  11.        0.0509750093        0.1991682333
  74.  12.        0.2358677915       -0.4858825021
  74.  13.        0.0433127296       -0.1477437877
  74.  14.       -0.3978190926        0.0009347018
  74.  15.       -0.2609130898        0.3636594484
  74.  16.        0.0449725686        0.1247570030
  74.  17.        0.6475660606       -0.1059838075
  74.  18.       -0.0144450268       -0.8716057459
  74.  19.       -0.2091139203        0.1455914307
  74.  20.       -0.2600917201       -0.3971950080
  74.  21.       -0.1152838266        0.0385123594
  74.  22.       -0.5577255526       -0.1693691173
  74.  23.        0.3146224798       -0.1109912563
  74.  24.        0.2416081767       -0.5677155298
  74.  25.       -0.0815638649       -0.1296425671
  74.  26.        0.1718001287       -0.2655893560
  74.  27.       -0.2184806645        0.0936959288
  74.  28.       -0.1064389629        0.2280829011
  74.  29.       -0.2546695624        0.2498125458
  74.  30.       -0.3066872332        0.3077438348
  74.  31.       -0.4444298743        0.1284836073
  74.  32.        0.1712911423       -0.4320718852
  74.  33.       -0.4680769279        0.2460200006
  74.  34.       -0.1525148593        0.4347021317
  74.  35.       -0.7168889408       -0.2142719327
  74.  36.        0.3504747563        0.4519615593
  74.  37.        0.2711406199       -0.0514133426
  74.  38.       -0.0694566709        0.2457996741
  74.  39.       -0.0849307116        0.5575624282
  74.  40.        0.0339883848       -0.1080932947
  74.  41.       -0.0242168107       -0.4035764957
  74.  42.       -0.5677355446        0.4399841119
  74.  43.       -0.1887804578        0.0581374395
  74.  44.        0.2658009311       -0.2813138919
  74.  45.        0.2895644082       -0.0412609657
  74.  46.       -0.0970942960       -0.4315855490
  74.  47.        0.4283205434       -0.0407483592
  74.  48.       -0.3159355046        0.5028430456
  74.  49.        0.5301842940       -0.0810501666
  74.  50.        0.1438910452       -0.4112742853
  74.  51.        0.1924113059       -0.1190645932
  74.  52.        0.0896389523       -0.3859594691
  74.  53.        0.0875272636       -0.3453975693
  74.  54.       -0.0494547783        0.4988724900
  74.  55.       -0.2080478326       -0.1464970156
  74.  56.       -0.5060283443        0.2521788300
  74.  57.        0.1935163872       -0.1217922032
  74.  58.        0.5109002024       -0.6229426337
  74.  59.       -0.0498679935        0.2109857795
  74.  60.       -0.2347583976        0.3609603695
  74.  61.        0.3924547544        0.2930130259
  74.  62.        0.0753160827        0.4819179478
  74.  63.        0.7279299945       -0.1396924698
  74.  64.       -0.1957088055        0.4501940466
  74.  65.        0.5787719032        0.1864156449
  74.  66.        0.5919599634        0.1160009759
  74.  67.        0.8230272104       -0.0855051861
  74.  68.        0.1153012053       -0.0952889327
  74.  69.        0.1550999915        0.1587823314
  74.  70.       -0.5644534939        0.1676870842
  74.  71.        0.3082520650        0.0101079426
  74.  72.        0.0974547736       -0.2787038118
  74.  73.        0.1841393404        0.5692459189
  74.  74.       -0.1726268416       -0.2901178700
  75.   0.        0.0759677338        0.0000000000
  75.   1.       -0.3331828588       -0.9719642602
  75.   2.        0.6117064660        0.1610916561
  75.   3.       -0.1455078756        0.6259759632
  75.   4.       -0.2210970051        0.1378182260
  75.   5.        0.0230907393       -0.0025108679
  75.   6.        0.4500672189        0.2879151859
  75.   7.       -0.4247508036       -0.2312109163
  75.   8.        0.2731414305       -0.2169839569
  75.   9.       -0.1017493675       -0.1459333950
  75.  10.       -0.1968772814        0.1414622001
  75.  11.        0.5421892189        0.0437852067
  75.  12.        0.1756120329       -0.6315165592
  75.  13.        0.4412028882        0.2193172119
  75.  14.        0.1538681253        0.2320457416
  75.  15.        0.2720276563        0.1448934391
  75.  16.       -0.0789892094        0.0425729653
  75.  17.       -0.2350083892       -0.0002222642
  75.  18.       -0.0870119773       -0.3499314445
  75.  19.        0.1040689998       -0.3596240469
  75.  20.       -0.0648713582        0.5692136731
  75.  21.       -0.3224056929       -0.2204323640
  75.  22.       -0.2031363360       -0.5785767440
  75.  23.       -0.4157315546        0.4110037933
  75.  24.        0.2888713746       -0.0011502625
  75.  25.       -0.0490228564        0.1216898503
  75.  26.        0.1256467910        0.5190341319
  75.  27.       -0.0740795514       -0.3647394680
  75.  28.       -0.5198092436       -0.0793374926
  75.  29.       -0.3304328296        0.0074281994
  75.  30.       -0.8004033460        0.5643330236
  75.  31.       -0.2828660821       -0.1576187416
  75.  32.       -0.5616125997        0.0482478600
  75.  33.        0.2399042566       -0.2153399426
  75.  34.       -0.3417676950        0.4205992558
  75.  35.        0.0886658718       -0.4952938998
  75.  36.        0.1821918260       -0.4406472466
  75.  37.       -0.0586255077       -0.0413918021
  75.  38.        0.1295469141       -0.0946253920
  75.  39.        0.0078865977       -0.1386852998
  75.  40.       -0.2704918927       -0.0970390762
  75.  41.       -0.0297024849        0.1287127950
  75.  42.        0.0119575771       -0.1921868912
  75.  43.       -0.1582389160        0.3585751078
  75.  44.        0.0393043292        0.2380194026
  75.  45.        0.2345872752        0.0521939179
  75.  46.        0.2594182071       -0.3618154952
  75.  47.       -0.3073058963       -0.1017770458
  75.  48.       -0.4012010381        0.0407022405
  75.  49.       -0.1521459274       -0.1081696592
  75.  50.        0.2825666863        0.0415688402
  75.  51.        0.3865864669       -0.2050010615
  75.  52.        0.7324350702        0.0108734363
  75.  53.       -0.0860109435       -0.0894398770
  75.  54.        0.0356881358        0.3902659186
  75.  55.       -0.1500698652       -0.9378055676
  75.  56.        0.2144308507        0.1402275989
  75.  57.        0.3918232735       -0.3518478742
  75.  58.       -0.3368630364        0.0387029636
  75.  59.        0.8885187955        0.1037787573
  75.  60.       -0.0869761500       -0.8128263265
  75.  61.        0.5695623575        0.1833345165
  75.  62.       -0.2104998633       -0.8400636883
  75.  63.        0.7228503248        0.1915863924
  75.  64.       -0.0261375088       -0.0549090321
  75.  65.       -0.2945833840       -0.0238620759
  75.  66.        0.1704540527        0.7158875987
  75.  67.        0.3947567481       -0.0877597926
  75.  68.       -0.5171972880        0.1721414469
  75.  69.       -0.0438187059        0.1101760799
  75.  70.        0.6474011720        0.3734526266
  75.  71.        0.3589019470        0.4970751522
  75.  72.       -0.1951949932       -0.3317362641
  75.  73.       -0.0679533349        0.0112885023
  75.  74.       -0.0148025551        0.6792042835
  75.  75.       -0.1628101599        0.1650285312
  76.   0.        0.0116086912        0.0000000000
  76.   1.       -0.1904867285        0.2485477540
  76.   2.        0.1504528529       -0.0162360493
  76.   3.        0.3050785611        0.6503489012
  76.   4.       -0.0149336005        0.6414913141
  76.   5.       -0.0237071389       -0.2128101650
  76.   6.        0.6853436927        0.2270795029
  76.   7.        0.1490809601        0.5977140096
  76.   8.        0.0014412931        0.0019417083
  76.   9.        0.2598104158        0.1559770929
  76.  10.        0.1501203059        0.4166398688
  76.  11.       -0.2363551973       -0.1328835569
  76.  12.       -0.1944934176       -0.1616450705
  76.  13.        0.3401793409        0.0393534698
  76.  14.        0.3869760976       -0.2594059361
  76.  15.       -0.7256284398        0.0371441912
  76.  16.       -0.4396437445       -0.1213210468
  76.  17.       -0.0016822429        0.1908426746
  76.  18.       -0.4025497927        0.2054657937
  76.  19.        0.1418578835       -0.2665229319
  76.  20.        0.5813253200       -0.1470658351
  76.  21.        0.4563015279        0.4697845431
  76.  22.        0.1799563088        0.1537427391
  76.  23.        0.4238958017       -0.3613606463
  76.  24.       -0.0634786531        0.2371636708
  76.  25.        0.5370934711       -0.1841809870
  76.  26.        0.2487104295       -0.2191301606
  76.  27.        0.1309315379       -0.1076602901
  76.  28.       -0.0899477117       -0.2914213039
  76.  29.        0.2002158804       -0.6826292277
  76.  30.       -0.2272637508       -0.0563713624
  76.  31.       -0.2114934688        0.1103864583
  76.  32.       -0.2551687500       -0.2342287442
  76.  33.        0.3020544288       -0.1297954251
  76.  34.       -0.3076435692       -0.5413009340
  76.  35.       -0.1185291113        0.2681731171
  76.  36.        0.4398223060       -0.3284203566
  76.  37.        0.1734778263        0.2999147643
  76.  38.        0.1649674097        0.3673122597
  76.  39.       -0.4081910541       -0.2559972536
  76.  40.       -0.1790934852        0.1865248230
  76.  41.       -0.1016070925       -0.3162760838
  76.  42.        0.6909584759        0.4803985666
  76.  43.       -0.1010420147       -0.2871794691
  76.  44.        0.1934549473       -0.0492911718
  76.  45.       -0.5342541635        0.5607451255
  76.  46.       -0.0007891820       -0.0931274701
  76.  47.        0.0552993830        0.3858236236
  76.  48.       -0.3337701045       -0.3953419749
  76.  49.       -0.0936333339        0.2131407231
  76.  50.       -0.5972785144       -0.2069234427
  76.  51.        0.4398894115       -0.4529557132
  76.  52.       -0.2995427234       -0.3418329060
  76.  53.       -0.8893343442        0.1355921033
  76.  54.       -0.1607466317       -0.4463735297
  76.  55.       -0.1772950997        0.5386168294
  76.  56.        0.7356627111       -0.5612367723
  76.  57.       -0.5165015565       -0.1554902780
  76.  58.        0.0547433789       -0.2564049440
  76.  59.        0.0005585387       -0.0369241157
  76.  60.       -0.4324879987       -0.0275995735
  76.  61.        0.4830965406       -0.4182730674
  76.  62.       -0.0951790672       -0.3040900068
  76.  63.       -0.1803917106        0.1392964803
  76.  64.        0.3293897379        0.5508798508
  76.  65.        0.2145182167       -0.4289544195
  76.  66.        0.0587782882        0.3773752822
  76.  67.       -0.9854924348       -0.1223123170
  76.  68.        0.6240209929        0.4746236359
  76.  69.        0.4825247003        0.0033510039
  76.  70.        0.4916790647       -0.2944116987
  76.  71.        0.2993225250        0.1192482503
  76.  72.       -0.8314159768       -0.2665518641
  76.  73.       -0.4693071852        0.5940393788
  76.  74.        0.1437168536       -0.5554821976
  76.  75.        0.0415190122        0.1493575320
  76.  76.       -0.1787205682        0.0060361174
  77.   0.       -0.5272152618        0.0000000000
  77.   1.        0.6943100490        0.5817898331
  77.   2.       -0.3945378381       -0.0712675116
  77.   3.        0.0290709928       -0.4107719775
  77.   4.        0.2579706690        0.2744948791
  77.   5.        0.2584169885        0.1929182905
  77.   6.        0.0266183176       -0.7152088693
  77.   7.        0.1881959365       -0.3516860589
  77.   8.        0.3996200301        0.1723747626
  77.   9.       -0.2859478374        0.4677433076
  77.  10.        0.1745161750       -0.3004540942
  77.  11.       -0.1400647909       -0.6235039082
  77.  12.        0.0225950975        0.4511781839
  77.  13.       -0.0989556991        0.3646011814
  77.  14.       -0.2948993829       -0.0040692918
  77.  15.        0.0273285834       -0.1712208603
  77.  16.       -0.1059155316        0.7807549434
  77.  17.       -0.0189087028        0.0850365104
  77.  18.       -0.1005732745       -0.0608561460
  77.  19.        0.1736395196       -0.0447122833
  77.  20.        0.0858036774       -0.3242222724
  77.  21.       -0.0227022082       -0.4257527530
  77.  22.       -0.2161972609       -0.3035449360
  77.  23.        0.3315684471       -0.2157267325
  77.  24.       -0.2399439596       -0.1368308722
  77.  25.        0.1791974593       -0.1124112909
  77.  26.        0.0505268867       -0.6842663317
  77.  27.        0.0197452765        0.2421940156
  77.  28.        0.2394243912       -0.0811846841
  77.  29.        0.6293999811        0.0521454599
  77.  30.        0.1069539637       -0.6782837606
  77.  31.        0.2478251768       -0.0309769674
  77.  32.       -0.1252305410       -0.6738983449
  77.  33.       -0.0878720588       -0.0583501739
  77.  34.        0.6377428547        0.3156607557
  77.  35.        0.0611437933        0.3084554346
  77.  36.        0.0901420766        0.2277359191
  77.  37.       -0.0724520427        0.1089970954
  77.  38.       -0.1772442767       -0.2853154791
  77.  39.       -0.1292536912        0.4025414847
  77.  40.       -0.0068355352        0.2581606147
  77.  41.       -0.6149544374       -0.1334383102
  77.  42.       -0.1616743468        0.0574273247
  77.  43.        0.1312840136       -0.1146204032
  77.  44.       -0.2890180639        0.1526615506
  77.  45.       -0.4442978125       -0.1719889199
  77.  46.        0.4472795820       -0.0648129109
  77.  47.        0.0584213619        0.0224805699
  77.  48.        0.3105908736        0.0966925460
  77.  49.       -0.3170986681        0.0283048007
  77.  50.        0.1230911639       -0.6309871321
  77.  51.       -0.1637688321        0.6449395541
  77.  52.       -0.3926151582        0.2111804671
  77.  53.        0.1133188696       -0.4645279136
  77.  54.       -0.5121219248       -0.2045734580
  77.  55.       -0.4430659479        0.5385593053
  77.  56.        0.3727857762       -0.1304585873
  77.  57.       -0.8861429849        0.1520951973
  77.  58.       -0.0759457582        0.1142264875
  77.  59.       -0.3860397468        0.2192752778
  77.  60.        0.1793570143        0.4837537538
  77.  61.        0.0991217065       -0.4404350990
  77.  62.        0.2798676240        0.6109707144
  77.  63.       -0.4211234236       -0.5081286523
  77.  64.        0.6971185127       -0.4618569302
  77.  65.       -0.0607096903       -0.2210211952
  77.  66.        0.2984368395       -0.0472903101
  77.  67.       -0.8615153131       -0.3581614081
  77.  68.        0.3749002720       -0.5681918205
  77.  69.       -0.0159398685        0.3634968720
  77.  70.        0.3557842507        0.1736162360
  77.  71.        0.2735288905       -0.2956805506
  77.  72.       -0.6897051721        0.7722451357
  77.  73.       -0.1815556641       -0.7825932151
  77.  74.        0.6418839627        1.2561067066
  77.  75.        0.0789811917        0.1517966253
  77.  76.        0.2245898059        0.9197391018
  77.  77.       -0.2616083865        0.2233468335
  78.   0.       -0.3926847824        0.0000000000
  78.   1.       -0.2140629469       -0.0198187617
  78.   2.        0.3447927154        0.5229801122
  78.   3.       -0.2806281390       -0.2011907929
  78.   4.        0.1451815763       -0.1987363971
  78.   5.        0.1849465241        0.0410554432
  78.   6.       -0.3456551972        0.1751679620
  78.   7.        0.2385618895        0.0403671906
  78.   8.       -0.1022607725       -0.3443140910
  78.   9.       -0.2191845099        0.0881245003
  78.  10.       -0.1096519574       -0.0157338610
  78.  11.        0.3834015142        0.3219032667
  78.  12.        0.2982460462        0.3501903443
  78.  13.       -0.2413921962        0.3928017551
  78.  14.       -0.2074247237        0.0813615365
  78.  15.        0.2734551277       -0.3830362194
  78.  16.       -0.0919035639        0.1003404291
  78.  17.       -0.3124151965        0.2666025304
  78.  18.       -0.2422686471        0.5512779385
  78.  19.        0.5458066823       -0.1146729981
  78.  20.       -0.3809920381        0.1790697861
  78.  21.       -0.1559074318       -0.0969161244
  78.  22.       -0.3937943945       -0.3039103499
  78.  23.       -0.0090833610        0.2465054446
  78.  24.       -0.1875770589        0.4566812149
  78.  25.        0.5152258901       -0.0893825634
  78.  26.        0.3315100365        0.3150849116
  78.  27.        0.0583510462        0.2940408412
  78.  28.        0.1601256591       -0.2769052846
  78.  29.       -0.1146161427        0.3124266655
  78.  30.       -0.1492307236        0.3263848647
  78.  31.        0.0639816412        0.3036489969
  78.  32.       -0.4015236597        0.3639861823
  78.  33.       -0.0568417737       -0.3504226066
  78.  34.        0.3196816444        0.3222463414
  78.  35.        0.0087099001       -0.3921745386
  78.  36.       -0.4753646926       -0.0349798457
  78.  37.        0.2272949542        0.2170482357
  78.  38.       -0.5202153256       -0.9777925186
  78.  39.        0.2906673884        0.1844682301
  78.  40.        0.5507171643       -0.1984625407
  78.  41.       -0.3730031974        0.1763147903
  78.  42.        0.1769147779       -0.2318838332
  78.  43.        0.2258105714        0.1486094915
  78.  44.       -0.2561756384       -0.0029993946
  78.  45.        0.1801778946       -0.0008164653
  78.  46.        0.4004390846        0.6335479469
  78.  47.        0.5142997043       -0.2912060016
  78.  48.        0.6660906845        0.2263996393
  78.  49.        0.5025644892       -0.2300133184
  78.  50.        0.0182294718        0.1218748244
  78.  51.       -0.0224789247        0.4391143061
  78.  52.        0.8402680559       -0.2065051023
  78.  53.        0.1467950149       -0.1627497910
  78.  54.        0.2728034282       -0.2094307400
  78.  55.        0.2428086008       -0.2598585267
  78.  56.        0.1563043227       -0.3882650593
  78.  57.       -0.9607106722        0.5483170033
  78.  58.        0.1963988319        0.4645215604
  78.  59.       -0.6321605554        0.3263129358
  78.  60.        0.1453464287        0.0611648658
  78.  61.        0.0986936431       -0.0709000802
  78.  62.       -0.4876212359        0.0425178517
  78.  63.        0.4842148493       -0.0005872610
  78.  64.        0.2205666397       -0.2079698735
  78.  65.       -0.2142799506        0.1273822424
  78.  66.       -0.0506829624       -0.7584678201
  78.  67.        0.3143270197        0.0327661577
  78.  68.       -1.0933634948       -0.1710588873
  78.  69.       -0.2036196675        0.2632861833
  78.  70.       -0.6293597758        0.3895605496
  78.  71.       -0.0297461131       -0.1006628863
  78.  72.       -0.5501008677       -0.6320323839
  78.  73.       -0.1143921124       -0.6499105541
  78.  74.        0.1481109356        0.4831539750
  78.  75.       -0.1047531392       -0.3067438175
  78.  76.       -0.2799538202        0.3282620772
  78.  77.       -0.3079251401        0.1519281256
  78.  78.       -0.6599226208        0.2867933852
  79.   0.       -0.2002717511        0.0000000000
  79.   1.       -0.1968660767       -0.0195494576
  79.   2.       -0.3060122490       -0.2584174880
  79.   3.       -0.0772439550       -0.0610252168
  79.   4.       -0.2626985609       -0.0625955791
  79.   5.       -0.1427416991       -0.2082565625
  79.   6.       -0.3098316911        0.4113620916
  79.   7.        0.1928065938        0.4353161828
  79.   8.       -0.6515528435        0.2229543652
  79.   9.        0.1335277411       -0.1891335702
  79.  10.        0.0764379986       -0.1549118498
  79.  11.        0.3798674851        0.5511948562
  79.  12.        0.1661424341        0.4858188044
  79.  13.       -0.0538829708       -0.4545952435
  79.  14.        0.5425490564        0.3461153419
  79.  15.       -0.3584298704       -0.3085745467
  79.  16.        0.1077684939       -0.5452783973
  79.  17.        0.3674506108       -0.3910314738
  79.  18.       -0.3123905214       -0.0351775347
  79.  19.        0.0865850975        0.4602021194
  79.  20.        0.1175929119        0.0006351834
  79.  21.       -0.1015635225        0.1882091078
  79.  22.       -0.3863435442        0.1606378057
  79.  23.       -0.2839029038       -0.0322073346
  79.  24.       -0.3656868376        0.1791875669
  79.  25.       -0.2203982169        0.1644091264
  79.  26.       -0.4536582968        0.1959379880
  79.  27.       -0.2898351906       -0.2146646310
  79.  28.        0.1503964377        0.2593794503
  79.  29.       -0.9761811927        0.1043033484
  79.  30.        0.1374711587        0.2934908784
  79.  31.       -0.4617236602        0.0367631938
  79.  32.        0.1630013067        0.5994688475
  79.  33.        0.0589232503        0.1014731821
  79.  34.       -0.3258996235       -0.4774406446
  79.  35.        0.4220936582       -0.0029969423
  79.  36.       -0.0109429452       -0.1086591804
  79.  37.       -0.2806863835        0.2171968487
  79.  38.       -0.3589461241        0.0550130835
  79.  39.        0.0903008064       -0.2351218260
  79.  40.        0.4657326847        0.0614674497
  79.  41.        0.7059719535        0.1613609881
  79.  42.        0.2623960817        0.4807035288
  79.  43.       -0.1977142931       -0.2044403647
  79.  44.        0.2971788178       -0.1178537150
  79.  45.        0.3889769671        0.2950264140
  79.  46.       -0.2334692113        0.9033300626
  79.  47.        0.5200397552        0.1622201837
  79.  48.        0.1180112416       -0.3128224947
  79.  49.        0.0598532512        0.0591890960
  79.  50.        0.1097444484        0.4185345313
  79.  51.        0.1519862468       -0.2470783540
  79.  52.       -0.2225734859       -0.0177709452
  79.  53.        0.0254665392        0.7388210567
  79.  54.        0.8244292827       -0.1248029889
  79.  55.        0.0718827130       -0.2773184814
  79.  56.       -0.2178342233       -0.1807339825
  79.  57.        0.2941029095       -0.2074497995
  79.  58.       -0.5737934407       -0.0332118646
  79.  59.        0.2386023744        0.2803274605
  79.  60.        0.3888119749        0.0329337412
  79.  61.       -0.3523464408        0.2901900599
  79.  62.       -0.1490465128        0.3234606747
  79.  63.        0.0561628744       -0.4736346929
  79.  64.        0.6895925332        0.8088458100
  79.  65.       -0.1059680206       -0.4888878398
  79.  66.        0.4746830465        0.2221574183
  79.  67.        0.0945855015        0.4510763942
  79.  68.       -0.2094464774       -0.0824449021
  79.  69.        0.0051106421       -0.5302264532
  79.  70.       -0.2703743501        0.1890775569
  79.  71.       -1.0688891178       -0.2573649089
  79.  72.        0.1808475940       -0.4420084527
  79.  73.       -0.7799114136       -0.2959282983
  79.  74.        0.1144210694       -0.2360553732
  79.  75.       -0.5202981860        0.5418977943
  79.  76.       -0.3469875975        0.1955896312
  79.  77.       -0.4238771588       -0.2689531314
  79.  78.        0.0250209441        0.1802994909
  79.  79.       -0.0138080362        0.3486725538
  80.   0.       -0.0595923998        0.0000000000
  80.   1.        0.1245951968        0.0064140425
  80.   2.       -0.2105650640       -0.7540748686
  80.   3.        0.1279348653       -0.3286765198
  80.   4.        0.1493599835       -0.3598982662
  80.   5.       -0.2637968444       -0.4342621626
  80.   6.        0.1148792088       -0.5019806817
  80.   7.       -0.1683084159       -0.0596140405
  80.   8.        0.1698066894        0.1230009836
  80.   9.        0.0075761751        0.1674228950
  80.  10.        0.1559010508       -0.7734707170
  80.  11.       -0.1043869320       -0.1911933248
  80.  12.        0.1491736332       -0.3890537772
  80.  13.        0.1685411876       -0.5948377746
  80.  14.       -0.1784977392        0.0473261518
  80.  15.       -0.1300043439        0.2641010905
  80.  16.        0.1305556600        0.2149059746
  80.  17.       -0.1158030917        0.0536719906
  80.  18.        0.0534690850       -0.3324750881
  80.  19.       -0.6570377803        0.4457259292
  80.  20.        0.0566301905        0.2323003477
  80.  21.       -0.0740840549        0.4744075904
  80.  22.        0.1826931776        0.3968599396
  80.  23.       -0.3974836532       -0.0788318203
  80.  24.        0.0222375723       -0.3256805808
  80.  25.       -0.1892958748       -0.1125643046
  80.  26.        0.2238823621       -0.0795410459
  80.  27.       -0.6671974267       -0.1731647154
  80.  28.       -0.4352042651        0.3004050965
  80.  29.        0.0966572996        0.4272269989
  80.  30.        0.0984555071        0.0989773047
  80.  31.        0.2018896655        0.0414400832
  80.  32.       -0.3000343885       -0.1903177633
  80.  33.       -0.1522189594       -0.0318644369
  80.  34.        0.2938745660        0.1291840420
  80.  35.       -0.0717976467       -0.0136190069
  80.  36.       -0.1164124410       -0.0624421277
  80.  37.       -0.1028950636       -0.1154677670
  80.  38.        0.0895717438        0.5973183190
  80.  39.        0.1959649853       -0.3051435288
  80.  40.       -0.5791982504       -0.3328353321
  80.  41.        0.5754935648       -0.2087400214
  80.  42.        0.1447897183        0.2091851306
  80.  43.       -0.2084049097        0.1283160932
  80.  44.        0.2720761336       -0.3788784511
  80.  45.       -0.1200189290       -0.1244218455
  80.  46.       -0.8363481983        0.2058834936
  80.  47.        0.1021782613        0.2126337097
  80.  48.       -0.0587690664       -0.3075106001
  80.  49.        0.5485578608       -0.3300768849
  80.  50.        0.2623611904        0.1172950155
  80.  51.       -0.2733696451        0.2402861802
  80.  52.       -0.7667297564        0.3696919954
  80.  53.       -0.1048992156       -0.3743017972
  80.  54.       -0.2725438856       -0.0649759120
  80.  55.       -0.0531073309        0.1741326453
  80.  56.        0.2129777078        0.0990004941
  80.  57.        0.3637187812       -0.6937683011
  80.  58.        0.0598718366       -0.0698884605
  80.  59.        0.0052037200       -0.0488811109
  80.  60.       -0.3776809250        0.3354558206
  80.  61.        0.2079394099        0.5276890632
  80.  62.       -0.4024320399       -0.0535868763
  80.  63.       -0.2691636111        0.1582990813
  80.  64.       -0.0535524591       -0.0590637250
  80.  65.        0.4338038298        0.2807666859
  80.  66.        0.5263690693       -0.3529082254
  80.  67.       -0.6979863211        0.1823108858
  80.  68.        0.7891341294        0.8202134170
  80.  69.       -0.8736979274       -0.1751637685
  80.  70.       -0.0386190918       -0.5357969809
  80.  71.       -0.4670702009       -0.4407749430
  80.  72.       -0.4776414950        0.3360415397
  80.  73.       -0.1132592017        0.2009013655
  80.  74.       -0.4397688331       -0.3101904260
  80.  75.        0.5436136515       -0.1755837445
  80.  76.       -0.1257543509        0.2495202881
  80.  77.        0.4714617179       -0.9762709701
  80.  78.        0.3928526221       -0.4387550792
  80.  79.        0.6242825860        0.0115273378
  80.  80.        0.3506546009       -0.3092162615
  81.   0.        0.3527057916        0.0000000000
  81.   1.       -0.8136143422       -0.1348782668
  81.   2.        0.0151515701       -0.0163899509
  81.   3.        0.2578639979        0.0989284129
  81.   4.        0.1505117808       -0.2097855581
  81.   5.       -0.3705694981        0.4495418632
  81.   6.       -0.2616990888        0.2078424695
  81.   7.       -0.3674371946       -0.2623421342
  81.   8.       -0.0196114053        0.1865974648
  81.   9.        0.3631750557       -0.1446491805
  81.  10.        0.0587345212       -0.1694683598
  81.  11.       -0.3268603374        0.2343374886
  81.  12.       -0.3595204165       -0.5703395824
  81.  13.       -0.0276777511        0.1467219157
  81.  14.       -0.1599820712       -0.2607540633
  81.  15.        0.1467689517        0.4984051416
  81.  16.        0.0778776880        0.1092465347
  81.  17.       -0.3712765696        0.5361876601
  81.  18.       -0.0713289512        0.5443062266
  81.  19.       -0.2058133795       -0.3706239639
  81.  20.        0.0287361542       -0.4196611470
  81.  21.       -0.1522105480        0.3976540854
  81.  22.        0.1101876035       -0.2128036231
  81.  23.        0.5145544549        0.0318557621
  81.  24.        0.2296280110       -0.1369019372
  81.  25.       -0.0050411105       -0.0057783548
  81.  26.        0.2519766765       -0.2378579304
  81.  27.        0.5166337815        0.4017646880
  81.  28.        0.0763447141       -0.5437104567
  81.  29.        0.2253708450        0.4530964919
  81.  30.       -0.3563790965       -0.2571631969
  81.  31.        0.1568820027        0.2594117698
  81.  32.       -0.2819151726       -0.1886485877
  81.  33.       -0.4543628776       -0.0768571249
  81.  34.        0.2820566519        0.3224400035
  81.  35.       -0.1515774794       -0.2016714283
  81.  36.        0.2530178843        0.2809415327
  81.  37.       -0.1141848185       -0.3946215567
  81.  38.        0.2956509765        0.3162059243
  81.  39.       -0.4995125378       -0.4183233134
  81.  40.        0.0464208904        0.2199711354
  81.  41.       -0.0861094776       -0.1138195026
  81.  42.       -0.4351036940        0.0394804081
  81.  43.       -0.0567669307       -0.1612657100
  81.  44.       -0.3386791529        0.2240287869
  81.  45.       -0.1686418232        0.0109687149
  81.  46.       -0.0576048650       -0.4792429893
  81.  47.       -0.3692525129       -0.0978609050
  81.  48.       -0.5961330263        0.8681185011
  81.  49.        0.0767386223        0.1616746031
  81.  50.       -0.0486642982       -0.0636165121
  81.  51.       -0.3003915744        0.3020624148
  81.  52.        0.1070532069        0.2124670621
  81.  53.       -0.3759954036       -0.0234576332
  81.  54.       -0.5428518884       -0.3226171912
  81.  55.       -0.3497377569        0.2414746031
  81.  56.       -0.1878657960        0.3650540530
  81.  57.       -0.1880390269        0.2400633476
  81.  58.        0.0035133108       -0.2873857424
  81.  59.        0.3274518707        0.0899744580
  81.  60.       -0.3328283970       -0.2014254827
  81.  61.        0.3053463271        0.0688525653
  81.  62.        0.3483154384       -0.5953438409
  81.  63.       -0.3925639853        0.3380363475
  81.  64.       -0.4602647369       -1.2012946717
  81.  65.       -0.6375863860       -0.1888302820
  81.  66.       -0.2386604671        0.1168797269
  81.  67.        0.1028380928        0.2165811126
  81.  68.        0.5026435385        0.6023865527
  81.  69.       -0.0363634322        0.1468457795
  81.  70.       -0.2686590788       -0.4554609830
  81.  71.        0.3308979394        0.4388686779
  81.  72.        0.0159107771        0.3600521963
  81.  73.       -0.0267125959       -0.1727859074
  81.  74.       -0.2534444786        0.0128313024
  81.  75.        0.0525319132       -0.1142784572
  81.  76.       -0.6278091511        0.2480227612
  81.  77.       -0.2868163664       -0.6776200703
  81.  78.       -0.2707331033       -0.2541517052
  81.  79.       -0.1102482241       -0.3751345271
  81.  80.        0.6562484152       -0.1912093069
  81.  81.       -0.1439104209       -0.5432079474
  82.   0.        0.0840497283        0.0000000000
  82.   1.        0.3149933620       -0.6020080034
  82.   2.       -0.2950725957        0.1473582185
  82.   3.       -0.1448562289        0.3789573065
  82.   4.        0.2567623847        0.0255504439
  82.   5.        0.2621257915        0.2744988086
  82.   6.        0.1999638460        0.0831945391
  82.   7.       -0.0211088773       -0.5223849371
  82.   8.       -0.2271385817        0.4503113816
  82.   9.       -0.1655100027       -0.2670006173
  82.  10.       -0.2165342161        0.3668161041
  82.  11.        0.1050200753       -0.5640773016
  82.  12.       -0.3431743475        0.1071503067
  82.  13.       -0.3214098508        0.4388685730
  82.  14.        0.3573062938        0.2013732197
  82.  15.        0.4535960983       -0.1909434151
  82.  16.        0.1733531512        0.0957161532
  82.  17.       -0.0057159754       -0.4281683418
  82.  18.       -0.1280580680       -0.0521601037
  82.  19.       -0.0937134620        0.2079988420
  82.  20.       -0.1208085537        0.0273684959
  82.  21.        0.1566965798       -0.3141199451
  82.  22.       -0.3800389685        0.1337064410
  82.  23.        0.2525178136        0.1778645020
  82.  24.        0.2928313444       -0.1333138689
  82.  25.       -0.1356337188       -0.0860732996
  82.  26.       -0.0882310909       -0.2831441868
  82.  27.        0.3140443285       -0.1646542800
  82.  28.        0.5459006917       -0.7798246542
  82.  29.       -0.0839715774       -0.4050933922
  82.  30.       -0.2894521870       -0.2546367029
  82.  31.       -0.4449392899       -0.1953336135
  82.  32.        0.2270872848        0.4097533325
  82.  33.       -0.3017079828        0.8489436604
  82.  34.        0.0190876685       -0.0392265351
  82.  35.        0.6477943331        0.0663315121
  82.  36.        0.1824056866        0.4017513569
  82.  37.       -0.5254411859       -0.5163277826
  82.  38.       -0.1066370898       -0.4721726941
  82.  39.       -0.1009401546        0.1544636120
  82.  40.        0.3403950318        0.2757168988
  82.  41.       -0.0080794706        0.1748471551
  82.  42.        0.4920942510        0.4531251122
  82.  43.        0.4625531356        0.3015892791
  82.  44.       -0.0057506544        0.1610079879
  82.  45.        0.0449001562        0.4845197229
  82.  46.        0.2770848572       -0.5011599657
  82.  47.        0.4589885079       -0.1849315531
  82.  48.        0.1156097634        0.0412594750
  82.  49.       -0.6148489695        0.0739205646
  82.  50.        0.1215741138       -0.6281065108
  82.  51.       -0.2020783499       -0.0812733396
  82.  52.        0.0915139973       -0.1248426993
  82.  53.       -0.2289048330       -0.0079729490
  82.  54.        0.1971774602       -0.2355471393
  82.  55.        0.2403405988       -0.1603196777
  82.  56.       -0.4403169725        0.0446981773
  82.  57.       -0.5426100291       -0.2530216501
  82.  58.        0.4826135302        0.1911002293
  82.  59.       -0.3184806547        0.0584174163
  82.  60.        0.2482538666       -0.4394717919
  82.  61.       -0.4669037366        0.2874777598
  82.  62.        0.6150196273       -0.0399588162
  82.  63.        0.6010202502       -0.9226774637
  82.  64.       -0.2639980803        0.2721289340
  82.  65.        0.1154403428        0.0952338593
  82.  66.       -0.5984587435        0.0367773607
  82.  67.       -0.1498327453       -0.3478751000
  82.  68.       -0.3982498718        1.0060621478
  82.  69.       -0.0679166619        0.1553869415
  82.  70.       -0.5719324656        0.6184660005
  82.  71.       -0.3347176784        0.4857198434
  82.  72.       -0.1275970023       -0.3331593441
  82.  73.       -0.1533346107       -0.3084018173
  82.  74.       -0.1043165886       -0.3344539558
  82.  75.        0.1057332611       -0.6148090903
  82.  76.       -0.5296398008        0.3679415612
  82.  77.        0.0218303882       -0.1612627027
  82.  78.        0.8821002657       -0.7117909269
  82.  79.        0.2280003031        0.0887511022
  82.  80.        0.0429054288       -0.3245296785
  82.  81.        0.2010936569        0.0223299971
  82.  82.       -0.4481677791       -0.3679643686
  83.   0.       -0.6217900606        0.0000000000
  83.   1.        0.6862862745        0.4068080832
  83.   2.        0.4035749722        0.9198683034
  83.   3.        0.0320657233        0.1372521872
  83.   4.       -0.2317045185        0.2077962821
  83.   5.        0.4252535614       -0.1183725276
  83.   6.        0.5012466645        0.0122802115
  83.   7.       -0.0900875073        0.2673950483
  83.   8.        0.1911276853       -0.9565472069
  83.   9.       -0.0907341027        0.2752199914
  83.  10.        0.1084239423        0.5902403753
  83.  11.        0.0026497458       -0.6164420159
  83.  12.        0.3396511098        0.2157543027
  83.  13.       -0.1691136893        0.0290904558
  83.  14.        0.1236597054       -0.1405905591
  83.  15.        0.1639921451       -0.1459587051
  83.  16.       -0.0855550669        0.0282217873
  83.  17.        0.5539568377       -0.4446784780
  83.  18.        0.1269130782       -0.2905303107
  83.  19.        0.0421982711       -0.0097182869
  83.  20.       -0.1954494669        0.5847098775
  83.  21.        0.2073138908        0.0190168849
  83.  22.        0.0575780412        0.4258650551
  83.  23.       -0.0096614701       -0.1342737236
  83.  24.       -0.0085120971        0.2108761454
  83.  25.        0.0403324476       -0.2421985848
  83.  26.       -0.2288201334        0.0412135938
  83.  27.       -0.2657471756       -0.2606655918
  83.  28.       -0.1852989972       -0.0940138575
  83.  29.       -0.3408330302       -0.0086589073
  83.  30.       -0.1407012382        0.4057223993
  83.  31.        0.2986557026       -0.1240883918
  83.  32.        0.1760531147       -0.5885380973
  83.  33.        0.2858844329       -0.4093128868
  83.  34.        0.2307882914       -0.5760216780
  83.  35.        0.3431797355        0.0753380908
  83.  36.       -0.2551960867        0.0880981135
  83.  37.       -0.0399138406        0.4691397254
  83.  38.       -0.1395520569        0.1105185537
  83.  39.        0.0712712809        0.2425886256
  83.  40.       -0.0677780949       -0.2044617680
  83.  41.        0.0566315135       -0.0430205732
  83.  42.        0.2542863067        0.2891125716
  83.  43.        0.2909950057        0.4657921332
  83.  44.        0.0294759873        0.0142467005
  83.  45.       -0.1072860662       -0.3262212418
  83.  46.        0.2956294404       -0.0447667859
  83.  47.        0.0888002853        0.4568702134
  83.  48.        0.2266339451        0.1279883549
  83.  49.       -0.0527918410       -0.1745165772
  83.  50.       -0.2344493857       -0.3214055887
  83.  51.       -0.0591615724       -0.0757400613
  83.  52.        0.1219621890        0.4777419627
  83.  53.       -0.2036431797        0.9981485685
  83.  54.       -0.2048702885        0.0766898902
  83.  55.       -0.3346849496       -0.1259666264
  83.  56.        0.0415032789       -0.0950659860
  83.  57.       -0.2470330594       -0.0049638574
  83.  58.       -0.1845325925        0.2280536261
  83.  59.        0.5434683024       -0.0786651857
  83.  60.       -0.0992402575       -0.0059819763
  83.  61.       -0.3982768988        0.2102955017
  83.  62.        0.1080732634       -0.0059831096
  83.  63.        0.2894251343        0.7386304613
  83.  64.        0.8945007968        0.2770659828
  83.  65.       -0.4076092425        0.2314682836
  83.  66.        0.1714984289        0.4673026771
  83.  67.        0.3588328754       -0.3324710452
  83.  68.        0.7358840238       -0.2604355214
  83.  69.        0.4259990894       -0.0392503865
  83.  70.        0.1344110165       -0.0403485700
  83.  71.       -0.1733404172        0.0780957972
  83.  72.        0.6174109251        0.4789606190
  83.  73.       -0.5730080063       -0.2389719661
  83.  74.       -0.0277916555       -0.6766945292
  83.  75.        0.1599559716        0.8874635748
  83.  76.        0.2424681554       -0.0424057316
  83.  77.        0.5109591478        0.0924318263
  83.  78.        0.0446512519       -0.1282444232
  83.  79.       -0.5522462725       -0.4905916746
  83.  80.        0.7743098354       -0.0402632609
  83.  81.        0.6554099856       -0.0931549095
  83.  82.       -0.7106022132        0.5897259623
  83.  83.       -0.0786504237        0.2051762100
  84.   0.        0.0839980683        0.0000000000
  84.   1.        0.1907858006        0.3227924030
  84.   2.        0.1608832542        0.1489277774
  84.   3.        0.3247681835       -0.0585950971
  84.   4.        0.0122468556        0.1062958529
  84.   5.        0.0511660574       -0.3224806760
  84.   6.        0.1863214733        0.0263831975
  84.   7.        0.1774300596       -0.0523519555
  84.   8.        0.3066623805        0.0229228897
  84.   9.        0.1596045741       -0.2070578448
  84.  10.       -0.0341282405        0.2777609339
  84.  11.        0.0625133739        0.7244748191
  84.  12.        0.0263560974        0.0241678751
  84.  13.       -0.1799493258       -0.1557656434
  84.  14.       -0.1184680971       -0.0198417022
  84.  15.       -0.5309848537        0.3261096315
  84.  16.       -0.2625323867       -0.4216261397
  84.  17.       -0.3165446856        0.3306308703
  84.  18.        0.4379100569       -0.4614182861
  84.  19.        0.0191491931       -0.3761733603
  84.  20.       -0.0497195621       -0.0713155206
  84.  21.       -0.5248085680        0.3904412935
  84.  22.       -0.0158993568        0.0376369851
  84.  23.        0.6277313035       -0.4157575322
  84.  24.        0.3398269732        0.3536217576
  84.  25.       -0.0801299327        0.4219930027
  84.  26.       -0.0858613091       -0.1663961119
  84.  27.        0.2193418762        0.1172770759
  84.  28.       -0.1895246946        0.4704465520
  84.  29.        0.1834776070        0.4848965966
  84.  30.        0.0395251389        0.2419582381
  84.  31.       -0.0145752527        0.4787562902
  84.  32.        0.2493900976        0.1938757288
  84.  33.       -0.0068952002       -0.2115178641
  84.  34.        0.0047859237       -0.1575674050
  84.  35.       -0.5092511762       -0.1206351168
  84.  36.       -0.0470975025       -0.0171872412
  84.  37.        0.1284128388        0.3113474313
  84.  38.        0.3931473651        0.3222186592
  84.  39.        0.1152635970        0.4956677417
  84.  40.        0.5517516313        0.1437483388
  84.  41.        0.4028799687       -0.1055949277
  84.  42.       -0.0867457609       -0.3937784451
  84.  43.       -0.2723243983        0.0385592981
  84.  44.       -0.0386279903        0.0978391964
  84.  45.       -0.4773637795       -0.3395609788
  84.  46.       -0.1447607675       -0.3720238643
  84.  47.        0.0037091336        0.3038050635
  84.  48.       -0.3179273563        0.1809271911
  84.  49.       -0.0955655370        0.1659050188
  84.  50.       -0.1788220034        0.4075754406
  84.  51.        0.0355127408        0.1779074305
  84.  52.       -0.2768336231       -0.3835936742
  84.  53.        0.3331166152        0.0821443111
  84.  54.        0.1009841071        0.3003800872
  84.  55.       -0.3219405337       -0.3537341296
  84.  56.        0.5211989524       -0.1866045674
  84.  57.       -0.1908138467        0.3583039735
  84.  58.        0.1600225585       -0.0349412565
  84.  59.       -0.0153886028        0.2926990871
  84.  60.        0.0326406692        0.3116878171
  84.  61.       -0.2608247054       -0.0237092362
  84.  62.       -0.4409243257        0.1120824300
  84.  63.       -0.0270135050        0.0387000086
  84.  64.        0.2174383899       -0.5543087876
  84.  65.        0.1892839956        0.9951767999
  84.  66.       -0.2660850725       -0.4672994977
  84.  67.       -0.4320105266        0.2840672469
  84.  68.        0.0561376379       -0.0511972099
  84.  69.        0.2962270819        0.2404533381
  84.  70.        0.4094439618       -0.5495126390
  84.  71.        0.0099857175        0.1454756603
  84.  72.       -0.4589872343       -0.3961115221
  84.  73.       -0.4787548974       -0.3697544206
  84.  74.        0.5062640347       -0.1204333100
  84.  75.        0.1186889827        0.6244943458
  84.  76.        0.0653184559       -0.3063602666
  84.  77.       -0.2736475438        0.0603160012
  84.  78.        0.1550168300        0.3354933690
  84.  79.        0.6742792550        0.2446432208
  84.  80.        0.3191939188       -0.4572995435
  84.  81.       -0.3562562292       -0.0853177762
  84.  82.       -0.0957898952        0.4311812950
  84.  83.        0.0663450661        0.7498415395
  84.  84.       -0.3533264885        0.1904574012
  85.   0.        0.5101776758        0.0000000000
  85.   1.       -0.1434374560       -0.6438803810
  85.   2.       -0.1519021890       -0.8282370253
  85.   3.       -0.2452817278       -0.3382366999
  85.   4.        0.0319963212       -0.0322640440
  85.   5.       -0.1303879441       -0.0670585324
  85.   6.       -0.3307405296       -0.2529491761
  85.   7.        0.2204220486        0.1800320192
  85.   8.        0.0338936228        0.5742066752
  85.   9.        0.3378058607       -0.1583260524
  85.  10.        0.0075875385       -0.3688012644
  85.  11.       -0.2227335956        0.1221346192
  85.  12.       -0.0066472842        0.0065218479
  85.  13.        0.3897955165       -0.1600685688
  85.  14.       -0.0649035844       -0.2390792024
  85.  15.       -0.2182058669       -0.1850220256
  85.  16.        0.5272835623       -0.1911799725
  85.  17.       -0.4850740598        0.3552758379
  85.  18.        0.1444989243        0.0694945527
  85.  19.        0.1435201105        0.0047838236
  85.  20.       -0.4276076485        0.0590203504
  85.  21.       -0.1207985779       -0.0519349635
  85.  22.       -0.0493762995       -0.6131521369
  85.  23.       -0.0000680358       -0.1601256201
  85.  24.        0.1769863138       -0.1521266532
  85.  25.        0.1571477548        0.3807110998
  85.  26.       -0.0175616804        0.1738714981
  85.  27.        0.2591529423       -0.0561227311
  85.  28.        0.1190912021       -0.3902400662
  85.  29.        0.2770279820        0.0124071689
  85.  30.       -0.1964248614       -0.0477001178
  85.  31.       -0.1058024624       -0.3658027453
  85.  32.       -0.6521781724        0.3967174900
  85.  33.        0.4483638721        0.6505012965
  85.  34.       -0.3466189379        0.2216081573
  85.  35.       -0.2059548660        0.1259688596
  85.  36.        0.0295747347       -0.0440885197
  85.  37.        0.1464626084        0.0636514758
  85.  38.        0.1478273622       -0.2042544210
  85.  39.        0.4859805290        0.2639849523
  85.  40.        0.3071244988       -0.4583445422
  85.  41.        0.2725074503       -0.2600626501
  85.  42.        0.4385822373       -0.2476191071
  85.  43.       -0.3478406128        0.0856829811
  85.  44.       -0.1572375197        0.3047570758
  85.  45.       -0.6925833734       -0.0872195067
  85.  46.       -0.1917456639       -0.0470091008
  85.  47.        0.3196741263        0.1367114585
  85.  48.       -0.0730981062       -0.0099074817
  85.  49.        0.1756550214        0.2239933062
  85.  50.        0.3428125463        0.3556434777
  85.  51.       -0.0307087653       -0.0692145339
  85.  52.        0.2493057928        0.1181428155
  85.  53.        0.4154707628       -0.2254229760
  85.  54.        0.4383589936       -0.0013934369
  85.  55.       -0.3152341531        0.0117319604
  85.  56.        0.0160363611       -0.0328905845
  85.  57.        0.6431110521        0.0734800876
  85.  58.       -0.2159719161       -0.1561603274
  85.  59.        0.1439169758        0.5694593818
  85.  60.       -0.2824213110       -0.2864323952
  85.  61.        0.3384748470        0.4342737322
  85.  62.        0.2404660364        0.0849862476
  85.  63.        0.2048685346       -0.1618993746
  85.  64.       -0.1626053213       -0.2098669031
  85.  65.        0.3130360779        0.5050586875
  85.  66.        0.2346701792        0.1098393509
  85.  67.       -0.4592762996       -0.1672136075
  85.  68.        0.1507545376       -0.0458553930
  85.  69.       -0.0565601257       -0.3236182975
  85.  70.        0.0511196213        0.2816030691
  85.  71.        0.7384559729        0.8452474013
  85.  72.       -0.3339146930       -0.3096658068
  85.  73.       -0.1638361504       -0.0784946699
  85.  74.        0.0111149147       -0.1253776970
  85.  75.       -0.4155443278       -0.4863245966
  85.  76.       -0.3241807210       -0.1393856490
  85.  77.       -0.6303000426       -0.4196357417
  85.  78.       -0.5256615616        0.2522562721
  85.  79.        0.1744941890        0.7030010466
  85.  80.        0.4378223614       -0.0033219401
  85.  81.        0.0583274314       -0.8529139779
  85.  82.       -0.4999781618       -0.1689476603
  85.  83.        0.1622171919        0.2528228635
  85.  84.       -0.1157981647        0.5555389166
  85.  85.        0.5245472738        0.1790914779
  86.   0.        0.0604393686        0.0000000000
  86.   1.       -0.9277406564        0.1542260258
  86.   2.        0.2489313545       -0.0818691712
  86.   3.       -0.4376635570        0.0683516114
  86.   4.       -0.2043398544       -0.1332210693
  86.   5.       -0.1949144495        0.4019308814
  86.   6.       -0.4974867855        0.1204980604
  86.   7.        0.2504387183        0.0030013145
  86.   8.       -0.2520599360       -0.3881738348
  86.   9.       -0.2534133029        0.0450316312
  86.  10.        0.4601698214        0.2358463547
  86.  11.       -0.1216867821        0.0625729083
  86.  12.        0.1134505545        0.1631046521
  86.  13.        0.3642168386        0.3160508319
  86.  14.       -0.1016051884       -0.2206560417
  86.  15.        0.2307828391       -0.3286235817
  86.  16.       -0.0862933567       -0.1980363784
  86.  17.        0.2412224985       -0.2673723863
  86.  18.       -0.4252338982        0.3997968401
  86.  19.        0.1417079057        0.1775580794
  86.  20.        0.2781536418        0.4198850508
  86.  21.       -0.1036648545        0.0818296031
  86.  22.        0.2424220572        0.1880375633
  86.  23.       -0.3359093778        0.0654815419
  86.  24.       -0.4817149524        0.1876419368
  86.  25.        0.0989012605       -0.1424129792
  86.  26.        0.2422590997       -0.0350026673
  86.  27.       -0.0343948521        0.0793647691
  86.  28.        0.1513668651       -0.3733325831
  86.  29.        0.0563867758       -0.4911841502
  86.  30.       -0.3199792453        0.6631008897
  86.  31.        0.1850621835        0.0893328944
  86.  32.        0.0968629573       -0.9964880869
  86.  33.       -0.0381177171       -0.1084277323
  86.  34.        0.0955159481       -0.0417211284
  86.  35.       -0.1987995097       -0.2319153849
  86.  36.        0.1317510099       -0.0995487333
  86.  37.        0.1211248667        0.3074486258
  86.  38.       -0.4268552423        0.0395141257
  86.  39.       -0.1078141587       -0.8643837002
  86.  40.       -0.2757263421        0.0485499286
  86.  41.       -0.5199367340       -0.0044164635
  86.  42.       -0.0720385666        0.1895984748
  86.  43.       -0.1806387642        0.8043734107
  86.  44.       -0.0666730438        0.1284717851
  86.  45.        0.3961211495        0.2892899376
  86.  46.       -0.2120608402        0.0102359289
  86.  47.        0.3741340166       -0.0583377585
  86.  48.        0.1815243183       -0.0846137768
  86.  49.       -0.0836810473        0.2440218106
  86.  50.        0.0384514157       -0.2402939564
  86.  51.       -0.0731184153        0.2101977413
  86.  52.       -0.0830271796       -0.2004782491
  86.  53.       -0.0961551138        0.3309649810
  86.  54.       -0.3893836849        0.1868467422
  86.  55.       -0.3545684935        0.7895144057
  86.  56.        0.0311269560        0.1160044706
  86.  57.       -0.0365757817        0.1408116078
  86.  58.       -0.1665582947        0.4485707707
  86.  59.       -0.1302388836        0.0377385585
  86.  60.        0.0706609689       -0.7338858708
  86.  61.        0.1842614216        0.2802715672
  86.  62.       -0.3140879254        0.0028782183
  86.  63.       -0.3948871751       -0.4053174386
  86.  64.       -0.7206006699        0.1308840180
  86.  65.       -0.1280749514       -0.4748674736
  86.  66.        0.0763932984       -0.2005241456
  86.  67.       -0.6898674142        0.6126784903
  86.  68.       -0.4905269975       -0.0253781372
  86.  69.       -0.0090733773        0.3385258565
  86.  70.       -0.8998979485       -0.3811571386
  86.  71.       -0.5435663413       -0.1261985271
  86.  72.        0.4305837688        0.0761793790
  86.  73.        0.3319989595       -0.2370163707
  86.  74.       -0.8500985794       -0.1616040680
  86.  75.        0.2423995492       -0.3275534560
  86.  76.        0.8905385193       -0.1341917137
  86.  77.        0.0603197689       -0.5302554556
  86.  78.       -0.0814095494        0.1980152351
  86.  79.        0.0421116761       -0.1095523951
  86.  80.       -0.3339224434        0.1235848517
  86.  81.        0.5123844163        0.1712898684
  86.  82.       -0.2306647237       -0.4427124449
  86.  83.       -0.1821317927       -0.6223989550
  86.  84.        0.1841968744       -0.4148012349
  86.  85.        0.0155139729       -0.4588558350
  86.  86.        0.2281005478        0.2168596290
  87.   0.        0.3582742763        0.0000000000
  87.   1.        0.1557601003        0.1900245384
  87.   2.        0.0638635412        0.1612804901
  87.   3.        0.2243415312        0.5940759687
  87.   4.       -0.0960847910        0.1162610351
  87.   5.        0.0058672940       -0.3645703975
  87.   6.        0.0757743975       -0.2905304716
  87.   7.        0.3137520686       -0.1756703049
  87.   8.       -0.0451596379        0.1156883125
  87.   9.       -0.4263518807        0.3526345276
  87.  10.       -0.3030962894       -0.0829690843
  87.  11.        0.4278416431        0.2468157768
  87.  12.       -0.1989401755        0.0217645913
  87.  13.       -0.0307920276       -0.2401669245
  87.  14.       -0.2782974499        0.2284881172
  87.  15.        0.4057522617        0.1300840293
  87.  16.       -0.5534614796        0.1540039158
  87.  17.        0.1938025088       -0.0133791492
  87.  18.       -0.0298504189        0.0477744375
  87.  19.       -0.2559181344        0.2530826747
  87.  20.        0.6804783867       -0.3451892754
  87.  21.        0.5118006924        0.3854998126
  87.  22.       -0.3836865244        0.1935561238
  87.  23.        0.0315331133        0.1268472810
  87.  24.        0.0484204911       -0.2914638566
  87.  25.       -0.0344231910        0.1856925147
  87.  26.       -0.1545444317       -0.3605315773
  87.  27.        0.0716975751        0.0013158590
  87.  28.        0.1973558599        0.3102115475
  87.  29.       -0.2232516756       -0.3971219215
  87.  30.        0.1713746742        0.0432518790
  87.  31.        0.2056921873        0.4602456756
  87.  32.       -0.0717833180       -0.1674473039
  87.  33.       -0.1042845300       -0.0653726267
  87.  34.        0.1890237997       -0.5746559614
  87.  35.       -0.1628511126       -0.0643333884
  87.  36.       -0.0610589652       -0.4288044183
  87.  37.        0.0360119365       -0.0568241480
  87.  38.       -0.4958838774        0.0341118649
  87.  39.       -0.0236415943       -0.2335327366
  87.  40.        0.1582283613        0.2568139691
  87.  41.       -0.2428983513        0.1523016852
  87.  42.        0.1148333595        0.0645788323
  87.  43.        0.4383250850        0.1853168232
  87.  44.       -0.1987738050       -0.1923277834
  87.  45.        0.3042152813       -0.1555233854
  87.  46.       -0.1508005546       -0.0386062019
  87.  47.       -0.0430571772       -0.7821898709
  87.  48.        0.3245800057        0.0551356689
  87.  49.       -0.0538499993        0.2664211350
  87.  50.       -1.1244707674       -0.4891368912
  87.  51.        0.0114034642        0.2741799380
  87.  52.        0.1640932339        0.1417489536
  87.  53.       -0.1553004237       -0.3595414317
  87.  54.       -0.0433787390        0.6984105389
  87.  55.        0.3023645337       -0.0035443466
  87.  56.       -0.0007662786        0.1423131648
  87.  57.       -0.2566061012       -0.2063024859
  87.  58.        0.1802744543       -0.3121159223
  87.  59.        0.0487390731       -0.6202703022
  87.  60.        0.2557521108        0.3427347021
  87.  61.       -0.2437356806        0.3627734645
  87.  62.        0.3662954612       -0.3138287729
  87.  63.       -0.2822466129       -0.1808021842
  87.  64.        0.3924758883        0.1261836589
  87.  65.       -0.1388266593       -0.5321155001
  87.  66.        0.2158803195        0.8304978805
  87.  67.       -0.3932049485       -0.0795393566
  87.  68.       -0.6419863894        0.1259804544
  87.  69.        0.0899325650        0.4274826797
  87.  70.        0.3407105545       -0.1628834569
  87.  71.       -0.3561989265        0.1023731472
  87.  72.       -0.3678973842       -0.0182310758
  87.  73.       -0.3789214816       -0.0501812363
  87.  74.       -0.2117239404       -0.1063836630
  87.  75.       -0.5997864097        0.3047037162
  87.  76.        0.3608793867       -0.7733754536
  87.  77.        0.0556434073       -0.2418387839
  87.  78.       -0.1944927298       -0.7806785663
  87.  79.       -0.2485659248        0.1234836420
  87.  80.       -0.2942577447       -0.0296416720
  87.  81.       -0.1725644811        0.6188425677
  87.  82.        0.0362718120       -0.3396582937
  87.  83.        0.4072821223       -0.0867386711
  87.  84.        0.1552263986        0.1990269349
  87.  85.        0.2212582513       -0.5247386951
  87.  86.        0.0871654380       -0.5262733417
  87.  87.       -0.5131365342       -0.1949847012
  88.   0.        0.2389013794        0.0000000000
  88.   1.        0.5919548958        0.2239849492
  88.   2.       -0.2239453352       -0.1402339906
  88.   3.        0.4365928226       -0.3614205817
  88.   4.       -0.1992171707        0.6036019189
  88.   5.        0.0121719792       -0.0861131047
  88.   6.       -0.0402076028        0.0733531984
  88.   7.       -0.5563749987        0.3640494096
  88.   8.        0.1066400529        0.0678599328
  88.   9.        0.2483659397        0.3328597026
  88.  10.       -0.0400419450       -0.2760199945
  88.  11.        0.2348539126       -0.4613374916
  88.  12.        0.3447362856       -0.2745634935
  88.  13.       -0.1663451140       -0.0802844551
  88.  14.        0.0052351653       -0.0118490418
  88.  15.       -0.4650395448        0.3649456686
  88.  16.        0.4685535005        0.2382841021
  88.  17.        0.2490735443        0.1283531426
  88.  18.        0.1288391847       -0.2183274598
  88.  19.        0.3256304407       -0.0487819197
  88.  20.       -0.3200839655        0.0569162944
  88.  21.        0.2705327065       -0.2203766759
  88.  22.       -0.2958333636       -0.3053317236
  88.  23.       -0.0613290936        0.0536432233
  88.  24.        0.1215073342       -0.3640266398
  88.  25.       -0.5191417802        0.4704710300
  88.  26.       -0.2436969885        0.5452081142
  88.  27.       -0.2564908721       -0.1635456453
  88.  28.       -0.0885572086        0.0207864567
  88.  29.       -0.4532924087        0.2662136033
  88.  30.        0.1157772129       -0.0081133871
  88.  31.       -0.0863108119       -0.1226638762
  88.  32.        0.2151571474        0.1604944809
  88.  33.       -0.1603655789        0.0179697502
  88.  34.        0.2731186672       -0.1458786916
  88.  35.        0.0706067535        0.3979790983
  88.  36.       -0.1964355679        0.3725520056
  88.  37.       -0.2670876734       -0.8031750533
  88.  38.       -0.0375723101        0.0174286441
  88.  39.        0.1309306039        0.8617300737
  88.  40.        0.5424459688       -0.2516887040
  88.  41.        0.3627905830        0.2672599776
  88.  42.       -0.0114471787        0.2703247258
  88.  43.       -0.2956592295       -0.2102836852
  88.  44.        0.5021886952       -0.1924418438
  88.  45.       -0.6975323062       -0.4783530154
  88.  46.       -0.1977064979       -0.0829158617
  88.  47.       -0.1676042183        0.3193492913
  88.  48.        0.1812766182       -0.2093159270
  88.  49.        0.6264845054       -0.0083982703
  88.  50.       -0.2012461617       -0.2161899478
  88.  51.        0.1033710437        0.0590050390
  88.  52.        0.2331446795        0.0686377391
  88.  53.       -0.2687648187       -0.3664593059
  88.  54.        0.4730860458       -0.2914432334
  88.  55.       -0.5584572001        0.3630288332
  88.  56.       -0.0850900267       -0.0765295047
  88.  57.       -0.4274075643       -0.3297927712
  88.  58.        0.2870892206       -0.0795229459
  88.  59.       -0.2828133183       -0.3287592854
  88.  60.        0.3110402814        0.7998590661
  88.  61.       -0.3725447338       -0.5810252179
  88.  62.       -0.1697664623       -0.5022102356
  88.  63.        0.2752764581       -0.0878681737
  88.  64.        0.4710257381        0.3243889279
  88.  65.        0.0086681769       -0.0745624997
  88.  66.       -0.0582917979       -0.0854456751
  88.  67.        0.0584846163        0.0242980581
  88.  68.       -0.0352950721        0.2205853727
  88.  69.        0.5332220645       -0.2312830330
  88.  70.       -0.0991799822        0.2265744518
  88.  71.        0.2390435842        0.1189963151
  88.  72.       -0.1105434242        0.2981329824
  88.  73.       -0.1895816192       -0.2377769623
  88.  74.       -0.2391264108        0.0713925247
  88.  75.       -0.0891175200       -0.2410502779
  88.  76.       -0.0610618471       -0.0847076443
  88.  77.       -0.2523087239        0.2861799771
  88.  78.        0.7701759010       -0.6730774594
  88.  79.        0.2296641558        0.6883436669
  88.  80.        0.5195037614       -0.0447510766
  88.  81.       -0.1168215406       -0.2444093200
  88.  82.        0.3051286580        0.0416068945
  88.  83.        0.0852950132        0.1263007747
  88.  84.       -0.2351169603        0.3344504803
  88.  85.        0.5404764916        0.2632670423
  88.  86.        0.1607817886        0.0034397545
  88.  87.        0.6089502539        0.5213262714
  88.  88.       -0.4502101127       -0.7618022092
  89.   0.       -0.3217163586        0.0000000000
  89.   1.       -0.1655935607        0.0767439323
  89.   2.       -0.1248260540        0.1717043354
  89.   3.       -0.2614819154       -0.2780822385
  89.   4.        0.0046496900       -0.5300843196
  89.   5.       -0.1702549141       -0.0441210992
  89.   6.       -0.0542567481        0.4784884870
  89.   7.       -0.1862544678       -0.3219122485
  89.   8.       -0.0519026907       -0.0773130732
  89.   9.        0.2243539508       -0.6710615840
  89.  10.        0.1698229524       -0.0097230285
  89.  11.       -0.1115362937       -0.0209223123
  89.  12.        0.0113769516        0.0338760899
  89.  13.        0.0583003524        0.2571357062
  89.  14.       -0.2207919632        0.3069367105
  89.  15.       -0.3775583182        0.3051743728
  89.  16.        0.1457174306        0.2584563543
  89.  17.       -0.0512058709       -0.2096645209
  89.  18.       -0.2212050941       -0.0802720088
  89.  19.       -0.0847823132       -0.3436375265
  89.  20.        0.1315734002        0.1344378670
  89.  21.       -0.2509885914        0.1248401071
  89.  22.        0.1655540927        0.0977975432
  89.  23.        0.0038367632       -0.3615308095
  89.  24.        0.2540676047        0.0946111839
  89.  25.       -0.1020660315       -0.3816071189
  89.  26.       -0.0292131057        0.3261347493
  89.  27.        0.3942681211       -0.2548899284
  89.  28.       -0.0640436919        0.1106536959
  89.  29.       -0.0735719342        0.5094079539
  89.  30.        0.0573320279       -0.1566193205
  89.  31.       -0.3163535154        0.2941672484
  89.  32.       -0.1490217285       -0.0778659819
  89.  33.        0.3202528447        0.0866578678
  89.  34.       -0.2985092389        0.2522496971
  89.  35.        0.3947465133        0.0478098811
  89.  36.       -0.0410494502       -0.1253845761
  89.  37.        0.0125565882       -0.3752714730
  89.  38.        0.4566284343        0.1777358863
  89.  39.       -0.4367955904       -0.1151893822
  89.  40.       -0.0356386112       -0.2423981543
  89.  41.        0.0213731568       -0.1600894171
  89.  42.       -0.4149730031       -0.1415010427
  89.  43.       -0.0212573817       -0.3787002730
  89.  44.        0.1604080925        0.4100759653
  89.  45.        0.2184590451       -0.0138192008
  89.  46.       -0.0164142148        0.4019455843
  89.  47.       -0.1139775934        0.5664029117
  89.  48.        0.0775078690       -0.0744331606
  89.  49.        0.3950484551        0.4393384520
  89.  50.        0.0415688716        0.1855821559
  89.  51.        0.3484785570        0.0066799565
  89.  52.       -0.3645546087       -0.0175504787
  89.  53.        0.0889397278        0.0557580529
  89.  54.       -0.4422123204        0.1824103307
  89.  55.       -0.0216047013        0.0666592444
  89.  56.       -0.8929211295        0.1785998373
  89.  57.        0.0151030372       -0.0957782149
  89.  58.        0.2532272261        0.6293392331
  89.  59.        0.2281151396       -0.0660867748
  89.  60.       -0.2911264269       -0.1551407909
  89.  61.       -0.1398217865       -0.1058538298
  89.  62.       -0.2186875418        0.0246162358
  89.  63.        0.4727886893       -0.0299949035
  89.  64.       -0.0267538539       -0.3865521068
  89.  65.       -0.1638073594        0.2867807866
  89.  66.        0.5612839645       -0.1317969956
  89.  67.        0.3270057910        0.4008719966
  89.  68.       -0.0882537039        0.3418399313
  89.  69.        0.0216731801        0.1901705411
  89.  70.        0.3175749095       -0.3668881043
  89.  71.       -0.4562941722       -0.6306108601
  89.  72.        0.1325553641        0.4657082587
  89.  73.       -0.4036607369       -0.1408355498
  89.  74.        0.3765080548        0.1293966062
  89.  75.       -0.2307007691        0.4912915511
  89.  76.        0.3521354970        0.0795037645
  89.  77.        0.1295683640        0.0773683296
  89.  78.        0.3889389715        0.0547029513
  89.  79.        0.3730549142        0.0867716594
  89.  80.       -0.0637958131        0.2220918646
  89.  81.        0.5744021291       -0.4498758169
  89.  82.       -0.4947866537        0.2666199287
  89.  83.       -0.2359929703       -0.5058895184
  89.  84.        0.2921076205        0.3310795637
  89.  85.       -0.2086385285       -0.4265211182
  89.  86.        0.3118695884       -0.5364541778
  89.  87.       -0.1267134427       -0.0813736523
  89.  88.       -0.3937279391        0.2447831630
  89.  89.        0.5678514263       -0.5597554886
  90.   0.       -0.3948768316        0.0000000000
  90.   1.       -0.2445629478       -0.4422523604
  90.   2.        0.0387888838        0.1276800978
  90.   3.       -0.2827653836        0.5768173390
  90.   4.        0.1405673279       -0.5019615222
  90.   5.        0.0263829229        0.1050986552
  90.   6.        0.5761104532       -0.2153667545
  90.   7.        0.1903131449        0.0647560978
  90.   8.       -0.0980798218       -0.0060595428
  90.   9.       -0.0481318285       -0.3211306953
  90.  10.       -0.1577948305       -0.2473322809
  90.  11.       -0.5450264047        0.0622091143
  90.  12.       -0.0144083075        0.4409165869
  90.  13.       -0.0814720700       -0.1107126852
  90.  14.        0.2645863436        0.1437437228
  90.  15.        0.3125425036       -0.2301942549
  90.  16.       -0.4634385676       -0.2952989701
  90.  17.       -0.1862630743       -0.4304234546
  90.  18.        0.5317750325        0.3121936610
  90.  19.       -0.3384810764        0.1456611044
  90.  20.       -0.0480397170       -0.1435913427
  90.  21.       -0.3128262991       -0.1107657521
  90.  22.        0.2277620803        0.1962496713
  90.  23.        0.3099398050        0.6255512909
  90.  24.        0.2697223318       -0.2149623351
  90.  25.        0.2126634011       -0.4170479568
  90.  26.       -0.1090126138        0.0620111935
  90.  27.       -0.3661522942        0.1902908050
  90.  28.        0.0009851942        0.3479434556
  90.  29.        0.3086132334       -0.1648108319
  90.  30.       -0.3212380191       -0.1260688038
  90.  31.       -0.1385598158        0.0874524343
  90.  32.       -0.2336536510       -0.2319542506
  90.  33.       -0.1114995355        0.0551818532
  90.  34.        0.0941600352       -0.0605849189
  90.  35.        0.2770233283        0.3140833660
  90.  36.       -0.5871763745       -0.0211876475
  90.  37.        0.0082079910        0.3035203508
  90.  38.        0.1306137562        0.2131349656
  90.  39.       -0.1172570334        0.0620918065
  90.  40.        0.0929859908       -0.1884398722
  90.  41.        0.0805639483        0.3284859571
  90.  42.       -0.1816728846        0.0300574187
  90.  43.        0.7833466884       -0.0078831343
  90.  44.       -0.2072359827        0.2362471145
  90.  45.        0.2541180700        0.1217132823
  90.  46.        0.1238165430        0.3459756624
  90.  47.       -0.2089157095       -0.4836420053
  90.  48.       -0.0901704355       -0.4553784846
  90.  49.       -0.0773060926       -0.0711593172
  90.  50.        0.0953397556        0.4470986535
  90.  51.        0.1250697548        0.1861673090
  90.  52.        0.2443767309        0.4819854696
  90.  53.        0.1978371835        0.2819533624
  90.  54.       -0.0584255806       -0.2452512428
  90.  55.       -0.1970540752       -0.0619226564
  90.  56.        0.3520074069        0.0010124157
  90.  57.       -0.2919323593       -0.3072124331
  90.  58.        0.0055094018        0.2945818262
  90.  59.        0.1582824748       -0.1680945896
  90.  60.       -0.1885208450       -0.3241807018
  90.  61.        0.0164523432       -0.0869653978
  90.  62.       -0.4775958418        0.0830039926
  90.  63.       -0.2172929611        0.0383866730
  90.  64.       -0.1539700308        0.0633813665
  90.  65.       -0.2959635204       -0.2877215253
  90.  66.       -0.0835345057        0.1278869382
  90.  67.       -0.2231092091       -0.2729841724
  90.  68.        0.2122889439        0.0323265099
  90.  69.        0.1370847662        0.1702042472
  90.  70.        0.0061021789       -0.8079397338
  90.  71.       -0.2309798029        0.2067338922
  90.  72.        0.6531733414       -0.3110115655
  90.  73.        0.6462651207        0.3860262225
  90.  74.       -0.5104966495        0.0839045723
  90.  75.       -0.1906189982        0.4655494242
  90.  76.        0.1402645904        0.4101326291
  90.  77.        0.5044701866        0.1534322677
  90.  78.       -0.2688038924       -0.4989167057
  90.  79.       -0.1116349224        0.3690237286
  90.  80.        0.6174461777       -0.6483139837
  90.  81.        0.0763387992       -0.3226711912
  90.  82.       -0.0680061607       -0.1130261524
  90.  83.        0.0580867311       -0.4971375105
  90.  84.       -0.6064514599        0.3027008815
  90.  85.       -0.2316616218       -0.3811781529
  90.  86.        0.2992336526        0.2479063795
  90.  87.       -0.0339786291       -0.0487172959
  90.  88.       -0.8305911301        0.2084678758
  90.  89.       -0.5057979017       -0.1189431103
  90.  90.        0.1167249285       -0.5309514704
  91.   0.       -0.0234741868        0.0000000000
  91.   1.        0.3462384171        0.2504404728
  91.   2.       -0.0962170608       -0.2557193693
  91.   3.        0.2824977202       -0.4847398822
  91.   4.        0.4631713560        0.3810576845
  91.   5.       -0.0627955120        0.2982830654
  91.   6.        0.2685291496       -0.1503081922
  91.   7.        0.0004005050        0.2840634728
  91.   8.        0.1140315769        0.0494061931
  91.   9.       -0.2460901169        0.0968537447
  91.  10.       -0.1577415894       -0.0262796447
  91.  11.       -0.0582558063       -0.0286719023
  91.  12.       -0.1476995232       -0.4240749970
  91.  13.       -0.0083730781       -0.2397559483
  91.  14.        0.3915622492       -0.1946532726
  91.  15.        0.0722039906       -0.1027274988
  91.  16.       -0.2263005036        0.0720283538
  91.  17.        0.1144162146       -0.0767957579
  91.  18.        0.1612416662       -0.0362887295
  91.  19.        0.3908484712        0.3573591716
  91.  20.        0.1456470368        0.0722889949
  91.  21.       -0.0331230148        0.0808231604
  91.  22.        0.1823379786       -0.2751927561
  91.  23.        0.3895573491        0.6536627474
  91.  24.       -0.0424093362       -0.1545484922
  91.  25.        0.2198525397       -0.3376214721
  91.  26.        0.2107200693       -0.3329060492
  91.  27.       -0.0650176849        0.2245279638
  91.  28.       -0.4024499749       -0.3685951535
  91.  29.        0.2354732591       -0.4028087298
  91.  30.       -0.3870805790       -0.0529292036
  91.  31.        0.1919477166       -0.3856034383
  91.  32.        0.1321817569        0.4122780893
  91.  33.       -0.1364338119        0.0449333180
  91.  34.        0.1453038375        0.1643305296
  91.  35.       -0.1649794115       -0.1034610247
  91.  36.       -0.5253676800        0.6814094099
  91.  37.        0.3258980708       -0.1001360058
  91.  38.        0.0037382531        0.1577242916
  91.  39.       -0.1332867704        0.0397015682
  91.  40.       -0.0912544123        0.2556558481
  91.  41.        0.4284806829        0.3592264764
  91.  42.        0.0842611345       -0.1352906930
  91.  43.       -0.4850162289       -0.2011606566
  91.  44.        0.2469941114       -0.3000080357
  91.  45.       -0.1150669205       -0.0878132631
  91.  46.       -0.3809336588        0.5543191331
  91.  47.        0.3604686448        0.1194230790
  91.  48.       -0.3394919880        0.2672767180
  91.  49.       -0.0708451603       -0.3526635070
  91.  50.        0.4470949924        0.1531745349
  91.  51.       -0.1340059960       -0.1602241767
  91.  52.        0.0603893378        0.2439100131
  91.  53.        0.5134571595        0.5244001098
  91.  54.        0.0959407748        0.0818571975
  91.  55.        0.1519086846       -0.1986636754
  91.  56.        0.2378496645       -0.3046724454
  91.  57.        0.6040713093       -0.0667581093
  91.  58.       -0.3546278873       -0.6625487989
  91.  59.       -0.0672840713       -0.2564661977
  91.  60.        0.1049778644       -0.1508383144
  91.  61.        0.1898527500       -0.0395656150
  91.  62.        0.4137988849        0.2360524782
  91.  63.       -0.2538677826        0.0040965938
  91.  64.        0.0315230834        0.0606570454
  91.  65.        0.1741318254        0.6815778840
  91.  66.        0.6710712707        0.0014229172
  91.  67.        0.4117734654       -0.3766716197
  91.  68.       -0.2113792091       -0.0773880055
  91.  69.       -0.3273775697       -0.0206228139
  91.  70.       -0.4142928667        0.3804252388
  91.  71.       -0.2646784218        0.1368473027
  91.  72.        0.3459536150        0.2904818955
  91.  73.        0.4304034325        0.1829261972
  91.  74.        0.2177984196       -0.0095619946
  91.  75.       -0.4091714093       -0.1013772764
  91.  76.       -0.4380863649       -0.0871945289
  91.  77.        0.3427666741        0.1239506897
  91.  78.       -0.3061239318        0.5388243510
  91.  79.       -0.0037277599       -0.1968147435
  91.  80.       -0.4531419855       -0.0047890669
  91.  81.        0.2753371735        0.3910547668
  91.  82.       -0.0547831945        0.4285620050
  91.  83.        0.4961309046        0.2474743482
  91.  84.        0.4667249180        0.2038648632
  91.  85.       -0.5786324247       -0.2208152783
  91.  86.        0.3267584321       -0.4250582913
  91.  87.       -0.1893458961        0.5812953513
  91.  88.        0.2274573592        0.1781043307
  91.  89.       -0.2927401674       -0.1801272562
  91.  90.       -0.4984113954       -0.6294576048
  91.  91.       -0.2511789082       -0.2195043483
  92.   0.        0.1353572898        0.0000000000
  92.   1.        0.1694530627        0.0843811325
  92.   2.        0.1971014028        0.2221877226
  92.   3.       -0.3682142183       -0.5948095381
  92.   4.        0.1185747609        0.0056752620
  92.   5.        0.4034911520        0.0349357705
  92.   6.       -0.3794265658        0.3062968875
  92.   7.       -0.0495868314       -0.0564781664
  92.   8.        0.3884956768        0.2178835477
  92.   9.        0.0905338535        0.3838000647
  92.  10.        0.0211379026        0.3770959356
  92.  11.        0.0048823128        0.2801699454
  92.  12.       -0.3320308442       -0.0964138375
  92.  13.       -0.2007428306        0.2232577973
  92.  14.       -0.1014095960       -0.2689183907
  92.  15.        0.3652690750       -0.1711465019
  92.  16.       -0.0199293107        0.2575935655
  92.  17.       -0.0029011678        0.0144101761
  92.  18.       -0.1112779740        0.0889534993
  92.  19.       -0.1486471560       -0.0716804723
  92.  20.        0.0207138049       -0.3186156230
  92.  21.        0.0667489143        0.1198051940
  92.  22.       -0.3769260252       -0.4258798825
  92.  23.        0.3962762610       -0.5551360474
  92.  24.        0.2421360492        0.1673005541
  92.  25.       -0.1326886071        0.9246382193
  92.  26.        0.1712704100        0.0763204843
  92.  27.        0.3995614318       -0.1382343824
  92.  28.        0.5847478600       -0.3695509774
  92.  29.       -0.3527414549        0.1928842736
  92.  30.        0.1073491616        0.1847851073
  92.  31.       -0.2542548973        0.2776355602
  92.  32.       -0.0790724945        0.4133370749
  92.  33.       -0.0771677492        0.2289456726
  92.  34.       -0.2398067069        0.1152663903
  92.  35.        0.2555914556       -0.3938729360
  92.  36.        0.0820923526        0.0213160119
  92.  37.       -0.4259943418       -0.2003327196
  92.  38.        0.2450920426        0.0614587189
  92.  39.       -0.0527705279        0.1099929884
  92.  40.       -0.0628531645        0.5587361359
  92.  41.       -0.1187219360       -0.2051065527
  92.  42.       -0.1028509884       -0.2187304536
  92.  43.       -0.3675324857        0.2821699305
  92.  44.        0.4278296756        0.0496193794
  92.  45.       -0.0398190001        0.0510202142
  92.  46.        0.2247879037        0.2760751028
  92.  47.       -0.1164115360       -0.0056657247
  92.  48.        0.0162255402        0.3567245819
  92.  49.        0.2810580851       -0.2696042936
  92.  50.        0.0060363277        0.0860369994
  92.  51.        0.5412021493       -0.4447382698
  92.  52.        0.3141236475       -0.0838551783
  92.  53.        0.2089596795        0.2444449674
  92.  54.        0.0384900732        0.5935681727
  92.  55.       -0.0296395195        0.0908990013
  92.  56.        0.0365107770        0.1821413227
  92.  57.        0.1136671395       -0.2062200265
  92.  58.       -0.4051332338       -0.0443125070
  92.  59.        0.1481264247       -0.3673856635
  92.  60.        0.2202733407       -0.2161422839
  92.  61.        0.3614247056        0.2693722659
  92.  62.        0.0521667902        0.3656679428
  92.  63.        0.1468841619       -0.5308842862
  92.  64.        0.2117132469       -0.4660436905
  92.  65.       -0.1295307637        0.1065808556
  92.  66.       -0.4392962399       -0.2053768413
  92.  67.       -0.0735703527        1.0276822358
  92.  68.       -0.3833639135        0.0769199736
  92.  69.        0.1365364169        0.2500028030
  92.  70.        0.1806298251        0.9689873720
  92.  71.        0.5002084712       -0.0725352229
  92.  72.        0.0392471582        0.5063090757
  92.  73.        0.1726703356        0.1767009331
  92.  74.        0.4671995625        0.0851992364
  92.  75.        0.4500088126        0.1767226537
  92.  76.        0.4112245251       -0.1923060371
  92.  77.       -0.1466905833        0.1886240206
  92.  78.        0.5573276963       -0.4805246787
  92.  79.        0.1079972688       -0.6003137099
  92.  80.        0.0694644356       -0.1029493692
  92.  81.       -0.2414871452        0.3530501451
  92.  82.        0.7722347092       -0.0783539426
  92.  83.       -0.0483332466       -0.1506285002
  92.  84.        0.1706708903        0.2092179216
  92.  85.        0.1633942222        0.3958475001
  92.  86.       -0.3847059834       -0.6857376238
  92.  87.        0.0362617379        0.3681403268
  92.  88.        0.0350107021       -0.1813406707
  92.  89.       -0.2534934163       -0.3123194283
  92.  90.       -0.2617085635       -0.6632280351
  92.  91.        0.0828686524        0.2071369753
  92.  92.       -0.3263918886        0.2289522374
  93.   0.       -0.1376301031        0.0000000000
  93.   1.       -0.1471491802       -0.1525053917
  93.   2.        0.2894558629       -0.0169022367
  93.   3.        0.0722329191        0.2081399119
  93.   4.       -0.2743808892        0.0171479941
  93.   5.        0.3712519021        0.2019764602
  93.   6.       -0.0918241085       -0.2199809912
  93.   7.       -0.3174745314       -0.3270308066
  93.   8.       -0.1102467840       -0.0453903851
  93.   9.        0.0363515451        0.5054417293
  93.  10.        0.0287757413        0.3834073500
  93.  11.        0.0977205013       -0.1513247481
  93.  12.        0.0852581078        0.1808260735
  93.  13.        0.0032376840        0.3983313390
  93.  14.       -0.2528476489       -0.2242427975
  93.  15.        0.0920543012        0.0211318470
  93.  16.       -0.1146553083       -0.3214345840
  93.  17.       -0.5503758695        0.4268399572
  93.  18.        0.3011812199       -0.5007851146
  93.  19.        0.0879256125       -0.1119903982
  93.  20.       -0.6699049544        0.4892463528
  93.  21.        0.3990875527        0.2186037943
  93.  22.        0.0920132928        0.2876760185
  93.  23.       -0.4268932211       -0.8581275693
  93.  24.        0.1589470308        0.1795394433
  93.  25.       -0.0032135113        0.3715964615
  93.  26.        0.1438071895       -0.1170376141
  93.  27.       -0.2027227789       -0.1391530241
  93.  28.        0.2227291170        0.7281964268
  93.  29.       -0.1829976319        0.4752736356
  93.  30.        0.0267197324       -0.0655449797
  93.  31.        0.4918975517        0.1105941777
  93.  32.       -0.2370523624       -0.0540108248
  93.  33.        0.2232797120        0.0678097127
  93.  34.       -0.6864118174       -0.1588280117
  93.  35.       -0.3759547651        0.2903756047
  93.  36.        0.5665467300        0.0501429509
  93.  37.       -0.4323306977        0.0320217542
  93.  38.       -0.4567951307       -0.4932413331
  93.  39.        0.0802279903       -0.0931769348
  93.  40.        0.3654537705        0.0981666662
  93.  41.       -0.3542380314       -0.1547515147
  93.  42.        0.1298852108       -0.2755206446
  93.  43.       -0.0885816868        0.4451037047
  93.  44.        0.2470681767        0.3796841583
  93.  45.       -0.2411749444       -0.2540694424
  93.  46.        0.1953915340       -0.5805542164
  93.  47.        0.1340868203        0.0534749504
  93.  48.       -0.3580565973       -0.2025905314
  93.  49.       -0.0224134771       -0.2293721251
  93.  50.        0.0475584776       -0.0196240957
  93.  51.       -0.4591931821       -0.1763430786
  93.  52.        0.0132407100        0.1018719277
  93.  53.       -0.3435580541       -0.0276494333
  93.  54.        0.2712952914       -0.2634819561
  93.  55.        0.0406191531        0.0758717070
  93.  56.        0.2593695198        0.3399382530
  93.  57.        0.3186004948        0.6563708534
  93.  58.        0.0953141690        0.1907656811
  93.  59.       -0.0292572707        0.0560262926
  93.  60.        0.0342874304       -0.1176077412
  93.  61.        0.0302744871       -0.3679108440
  93.  62.        0.5019367636        0.0018832909
  93.  63.        0.0554404685       -0.2924958575
  93.  64.       -0.3853207910       -0.5503214440
  93.  65.       -0.1428862020       -0.1624621872
  93.  66.       -0.3779276520       -0.1599711565
  93.  67.        0.3149741187        0.2861650683
  93.  68.        0.0870893177        0.2539331757
  93.  69.        0.0097560585        0.2941094016
  93.  70.       -0.3758111360       -0.0793800228
  93.  71.       -0.1408863144       -0.3735545134
  93.  72.       -0.3008643233       -0.1967208746
  93.  73.       -0.4945933028       -0.1478659058
  93.  74.       -0.1186439752        0.0473120220
  93.  75.        0.4680352576       -0.6193937654
  93.  76.        0.3655350144       -0.3932476552
  93.  77.        0.6511720960        0.0114264492
  93.  78.        0.4800072029       -0.4878194589
  93.  79.        0.3044117439        0.2311349722
  93.  80.       -0.1355085699       -0.1379586892
  93.  81.       -0.1116318473       -0.2000854249
  93.  82.       -0.0102858484        0.3890719697
  93.  83.       -0.0562916006        0.3352289752
  93.  84.       -0.5621353372       -0.2193436506
  93.  85.       -0.1089990977       -0.3349946717
  93.  86.       -0.1877255914       -0.1508722375
  93.  87.       -0.5980989524        0.1683617973
  93.  88.        0.0934291502        0.0526530481
  93.  89.       -0.2511300794       -0.0825695449
  93.  90.       -0.7083646228        0.6922558490
  93.  91.       -0.7390754722       -0.3127663512
  93.  92.       -0.5045098069       -0.1385917524
  93.  93.       -0.0547810954       -0.1631593401
  94.   0.        0.2056921142        0.0000000000
  94.   1.       -0.1102197022       -0.2526460764
  94.   2.       -0.2422228507       -0.1196079297
  94.   3.        0.8368906609        0.1605582744
  94.   4.       -0.3368961647        0.1258161073
  94.   5.       -0.5933220929       -0.3878238148
  94.   6.       -0.1982647553       -0.3136371617
  94.   7.        0.0545436989       -0.1915185187
  94.   8.       -0.5276084502       -0.2488437667
  94.   9.       -0.2350323069       -0.3757943223
  94.  10.       -0.2124651199       -0.2685046725
  94.  11.        0.1269328474        0.1733097553
  94.  12.       -0.0369364409       -0.4838346716
  94.  13.        0.2442871631       -0.3486146872
  94.  14.        0.1135780774        0.4173650229
  94.  15.       -0.3246537289        0.0173019730
  94.  16.        0.0940422193       -0.2064249138
  94.  17.        0.6629471142       -0.0418922195
  94.  18.       -0.5414475034       -0.1723177140
  94.  19.       -0.0728051764       -0.3557661700
  94.  20.        0.1631414796        0.2098607114
  94.  21.       -0.2474803896       -0.0713121211
  94.  22.        0.1043633935        0.0001136566
  94.  23.        0.4165906830        0.0140062872
  94.  24.        0.2274399052        0.0338572001
  94.  25.       -0.2293494388       -0.1502919881
  94.  26.        0.7398882898       -0.1824933328
  94.  27.        0.1619345900       -0.1029819695
  94.  28.       -0.5193399198        0.4858052735
  94.  29.        0.3616758376        0.2641889178
  94.  30.       -0.3410409432       -0.2418751170
  94.  31.        0.1455276816       -0.0065786393
  94.  32.        0.2603533034       -0.2390101954
  94.  33.       -0.0178999507        0.1748658139
  94.  34.        0.3667730572        0.1150756425
  94.  35.       -0.5159205242        0.0813493390
  94.  36.        0.2099184609       -0.1679002866
  94.  37.        0.1552961150       -0.2046784062
  94.  38.       -0.3202106475        0.4535816549
  94.  39.       -0.6083508306       -0.0945778867
  94.  40.        0.0335572722        0.0283628636
  94.  41.        0.1675204591       -0.1562256822
  94.  42.        0.3431254213        0.0916348507
  94.  43.        0.0666219637       -0.1713192889
  94.  44.       -0.0958759141       -0.3676198623
  94.  45.       -0.2826893402        0.5288361851
  94.  46.       -0.3939078493        0.1893934847
  94.  47.       -0.3326027783        0.0375139339
  94.  48.       -0.1738193097       -0.1559463698
  94.  49.       -0.2476123525        0.3511998530
  94.  50.       -0.2033800584       -0.3696023913
  94.  51.       -0.4920540800        0.0312111953
  94.  52.       -0.2031798202        0.1492791312
  94.  53.       -0.4581625259       -0.3409586034
  94.  54.        0.2515828960        0.0654591177
  94.  55.       -0.1482284053        0.0263054812
  94.  56.        0.4210919030       -0.1744788147
  94.  57.       -0.5123653915        0.1449312707
  94.  58.        0.0728838432        0.0983438485
  94.  59.        0.0006520339       -0.3193608040
  94.  60.        0.1884168295        0.5706411698
  94.  61.        0.4991658373        0.1609675660
  94.  62.        0.2472033556        0.1086549680
  94.  63.       -0.2711202311        0.7847704539
  94.  64.        0.0117515693       -0.3668052436
  94.  65.       -0.0326131498       -0.1321582745
  94.  66.        0.0364793083        0.2084442722
  94.  67.        0.1015913568       -0.4017030811
  94.  68.        0.3780667513       -0.0617603049
  94.  69.       -0.2319275441       -0.1116875765
  94.  70.       -0.0395897370       -0.2120748107
  94.  71.       -0.2356070965        0.1282383421
  94.  72.       -0.4241042399        0.2324689392
  94.  73.        0.0882533074        0.0313200460
  94.  74.        0.3916205266       -0.1271569390
  94.  75.        0.1274375261        0.2264303590
  94.  76.       -0.5213741127       -0.4136955238
  94.  77.        0.3318636463       -0.2809577129
  94.  78.        0.1062164740        0.3334306533
  94.  79.        0.0210488823        0.2570305714
  94.  80.       -0.6715820911       -0.3029301799
  94.  81.        0.0495082741       -0.3206156095
  94.  82.        0.0422466176       -1.0144296134
  94.  83.        0.2711734914       -0.1376782564
  94.  84.       -0.2734992353        0.8707439305
  94.  85.       -0.8008115778       -0.1779133401
  94.  86.        0.6116999752       -0.3294522842
  94.  87.       -0.7722706789       -0.4426116975
  94.  88.        0.2927194303       -0.2114005226
  94.  89.        0.2908630892        0.4055528102
  94.  90.        0.0081019693        0.1939521954
  94.  91.       -0.0987496657       -0.6218154268
  94.  92.       -0.4424262856       -0.3038445635
  94.  93.       -0.2496563834       -0.4848139615
  94.  94.       -0.1517816197       -0.5150120331
  95.   0.        0.0467983415        0.0000000000
  95.   1.       -0.0642709155       -0.0420525689
  95.   2.       -0.1958316043        0.0296412354
  95.   3.       -0.2991943805        0.2251508186
  95.   4.        0.2502631747       -0.0960912376
  95.   5.       -0.3412286872       -0.4582659892
  95.   6.       -0.3623629728        0.2537369680
  95.   7.        0.1609617029        0.3220250843
  95.   8.        0.5285596050        0.0141789104
  95.   9.       -0.0554566775       -0.1968440541
  95.  10.        0.1413372592       -0.1998124083
  95.  11.       -0.2380435721        0.0720458312
  95.  12.        0.1348761886        0.1496239476
  95.  13.       -0.3077248044       -0.1297932817
  95.  14.        0.1610631633        0.1700510565
  95.  15.        0.0213108441       -0.3433774391
  95.  16.        0.2544016595       -0.0891410251
  95.  17.        0.0373786924       -0.1532004392
  95.  18.       -0.1566017881        0.5894964120
  95.  19.        0.0222873984       -0.2125119328
  95.  20.        0.3374541286       -0.4374028292
  95.  21.       -0.0862290417        0.0731625612
  95.  22.       -0.1178433081       -0.1375686982
  95.  23.       -0.3187494854        0.5194392374
  95.  24.       -0.2781793938       -0.0874315565
  95.  25.        0.2724329479       -0.5675133024
  95.  26.       -0.1196544458        0.0543269002
  95.  27.        0.3426478823        0.0370320666
  95.  28.        0.0459893521        0.0645131092
  95.  29.        0.0010990439       -0.2858747752
  95.  30.        0.2171342509       -0.0096277446
  95.  31.       -0.1465445312       -0.1517332598
  95.  32.        0.2618413459       -0.2451944946
  95.  33.        0.1613486807        0.0818383098
  95.  34.        0.4888203340        0.0931916992
  95.  35.       -0.2425335150       -0.2267602317
  95.  36.       -0.8458276240        0.0822528801
  95.  37.        0.2290518450       -0.0009947299
  95.  38.       -0.0312037364        0.4416222444
  95.  39.       -0.1044658832        0.0009057304
  95.  40.        0.3019248296       -0.3044612132
  95.  41.        0.4237872648        0.2628171261
  95.  42.        0.1072130184        0.0336778673
  95.  43.        0.1883125900       -0.0696136245
  95.  44.       -0.4182619233       -0.0988167330
  95.  45.        0.2965631123       -0.0221368928
  95.  46.       -0.3859755001        0.5637131279
  95.  47.       -0.4291873483        0.3177059521
  95.  48.        0.4709669370        0.3331802871
  95.  49.       -0.7386705866       -0.0646956376
  95.  50.       -0.0687345621       -0.4235388502
  95.  51.        0.4710515479        0.0460454395
  95.  52.        0.1567477660       -0.5422725231
  95.  53.        0.3033293318       -0.0675438978
  95.  54.       -0.1241862932       -0.4704370304
  95.  55.        0.1564991098       -0.0373519991
  95.  56.        0.1140985053        0.1885767260
  95.  57.       -0.4779208019       -0.2120013217
  95.  58.        0.0163066140        0.2653783488
  95.  59.       -0.3241484310        0.2034571341
  95.  60.       -0.3958482351       -0.3743325254
  95.  61.        0.3845675301        0.2734500916
  95.  62.       -0.3335507153        0.4710037441
  95.  63.       -0.1764274969       -0.0347164377
  95.  64.        0.1084557381        0.1993084591
  95.  65.       -0.1888474132        0.1091496418
  95.  66.        0.1856179082        0.2362062210
  95.  67.       -0.2432921569        0.0764869442
  95.  68.       -0.0485612079       -0.1848021324
  95.  69.        0.2836343613       -0.4700892400
  95.  70.       -0.5788903238       -0.2701166850
  95.  71.        0.3789921271       -0.6176357781
  95.  72.        0.1171742822        0.2004703469
  95.  73.        0.1721029742       -0.2273423937
  95.  74.       -0.2544034954       -0.3541480236
  95.  75.       -0.1564543429        0.1429367682
  95.  76.       -0.5142271982       -0.4299829792
  95.  77.        0.2737124439        0.0461049632
  95.  78.       -0.3719323808       -0.3915573148
  95.  79.        0.4504915193       -0.1957679622
  95.  80.        0.3968704307        0.2162569421
  95.  81.       -0.1447044056        0.0177301621
  95.  82.        0.0821173580        0.1300006569
  95.  83.        0.7078510953       -0.1036071641
  95.  84.       -0.0560614244       -0.1479922677
  95.  85.        0.0802950476        0.0052806091
  95.  86.        0.7285642856       -0.4558081481
  95.  87.       -0.1274089208        0.1331159923
  95.  88.        0.4692046975       -0.3039505951
  95.  89.       -0.8187848294       -0.0862169379
  95.  90.        0.1036594352        0.2990638073
  95.  91.       -0.1886739818       -0.6183301022
  95.  92.       -0.3329273013       -0.3152039331
  95.  93.        0.2867177943        0.1189454271
  95.  94.        0.1122446329        0.2462742538
  95.  95.       -0.0259501872        0.2819125356
  96.   0.       -0.3453662198        0.0000000000
  96.   1.       -0.0556128116        0.2813712574
  96.   2.        0.2484292925       -0.1098603863
  96.   3.       -0.2938093695        0.3997908387
  96.   4.        0.2627686407       -0.0636767161
  96.   5.        0.4171057666        0.1916362895
  96.   6.        0.1743465864        0.4983538161
  96.   7.        0.2004383524       -0.0783957248
  96.   8.        0.4583418445       -0.0480372964
  96.   9.        0.4485784619        0.1037775879
  96.  10.        0.1055230114        0.0252405114
  96.  11.        0.1254917791       -0.5070495692
  96.  12.       -0.0990061400        0.2807429150
  96.  13.       -0.1931657628        0.2551304832
  96.  14.        0.0601860585        0.0596766274
  96.  15.       -0.0839830783        0.3685795239
  96.  16.        0.1051067697        0.5774123248
  96.  17.       -0.6487582929        0.0227783671
  96.  18.        0.3342128336        0.0211611614
  96.  19.        0.1008309768        0.2748181745
  96.  20.       -0.0599276359       -0.3099620783
  96.  21.       -0.0283916310       -0.0180220887
  96.  22.       -0.2186297003        0.1015310096
  96.  23.       -0.0868293239       -0.3791274686
  96.  24.       -0.1970351636        0.0715381814
  96.  25.        0.3429437612        0.3871919656
  96.  26.       -0.1561805655       -0.1459735850
  96.  27.        0.2122260227       -0.3639721668
  96.  28.       -0.1483957260       -0.2735277775
  96.  29.        0.2319644319       -0.0688562729
  96.  30.       -0.2041235554        0.1987188399
  96.  31.       -0.2330095575        0.2872065213
  96.  32.       -0.2068892705       -0.1303139161
  96.  33.       -0.2189563405       -0.1067480607
  96.  34.       -0.2841872957       -0.1778382759
  96.  35.        0.6143413347        0.5299992130
  96.  36.       -0.0106430280       -0.4206920068
  96.  37.        0.0637013395       -0.3812377669
  96.  38.        0.2443720085       -0.3455825339
  96.  39.        0.1798722268       -0.3689707010
  96.  40.       -0.1929517993       -0.1795406512
  96.  41.       -0.0712158295        0.1104507165
  96.  42.       -0.8221788328       -0.0528856302
  96.  43.       -0.2119189234        0.1356155009
  96.  44.       -0.0248962648        0.8606435252
  96.  45.        0.4088145439       -0.3916158828
  96.  46.       -0.0574279959        0.1679518709
  96.  47.        0.0525872994        0.5092329298
  96.  48.        0.0095519970       -0.4510140926
  96.  49.        0.1232000725       -0.5409220469
  96.  50.       -0.1020368984        0.6517771352
  96.  51.        0.2675292018        0.0408196079
  96.  52.       -0.0372814192        0.1907619540
  96.  53.       -0.3197859519        0.2910618194
  96.  54.        0.0095900680       -0.1439429671
  96.  55.       -0.5515970857       -0.2404235372
  96.  56.        0.0657610223        0.1986791855
  96.  57.        0.1596413341       -0.0846857807
  96.  58.        0.2710798060        0.1550148010
  96.  59.        0.1427870231        0.3140854040
  96.  60.        0.0106714425        0.0729881428
  96.  61.       -0.0539594410       -0.1809192399
  96.  62.       -0.1364257571       -0.3871506932
  96.  63.        0.4258702269       -0.5140874670
  96.  64.        0.3909958518       -0.0704272009
  96.  65.       -0.4531684775        0.4305599398
  96.  66.        0.2260567201       -0.0730387796
  96.  67.        0.3023144473       -0.0646234969
  96.  68.       -0.7198313749        0.3803094134
  96.  69.        0.3426467072       -0.0662149648
  96.  70.        0.0787451287        0.1589868902
  96.  71.       -0.0226898434       -0.0895986050
  96.  72.        0.4571115226       -0.4166374335
  96.  73.        0.0223069172       -0.2320719812
  96.  74.       -0.4860008294       -0.2236604673
  96.  75.        0.1258580974       -0.1854018747
  96.  76.        0.0021463609       -0.2444632820
  96.  77.        0.1517051599       -0.2564702569
  96.  78.        0.4393281406       -0.1045590847
  96.  79.        0.4385599001        0.1529135584
  96.  80.       -0.0303580521        0.3404374251
  96.  81.       -0.0183361634        0.0323566506
  96.  82.        0.3442888301       -0.2986413744
  96.  83.       -0.1858936081       -0.4803527544
  96.  84.        0.0105896868        0.5083000100
  96.  85.        0.3235885829        0.3404266225
  96.  86.        0.1184298937        0.1264168219
  96.  87.        0.0252802675        0.5050795473
  96.  88.       -0.1167247964       -0.1119782258
  96.  89.       -0.3537319240        0.3648279733
  96.  90.       -0.2347522321        0.3566798305
  96.  91.       -0.4202034237       -0.0769754478
  96.  92.       -0.3015016136       -0.7815692926
  96.  93.       -0.0680456036       -0.2015165385
  96.  94.       -0.3788802388        0.5121092900
  96.  95.        0.3411822726        0.1093429512
  96.  96.       -0.1234608965        0.1574647940
  97.   0.        0.2435379831        0.0000000000
  97.   1.       -0.0973559038       -0.1863005808
  97.   2.       -0.0309226175        0.4243573171
  97.   3.        0.0429217881       -0.0303294156
  97.   4.       -0.2878349338        0.2127834354
  97.   5.        0.2160289623        0.5000601010
  97.   6.        0.3839956626        0.0593953811
  97.   7.        0.1882990854        0.2353457918
  97.   8.       -0.7769809197        0.0544234328
  97.   9.        0.0366432584       -0.2417492747
  97.  10.        0.2042662602       -0.0636891038
  97.  11.       -0.1592775841        0.1039190638
  97.  12.       -0.2247429939        0.2576372446
  97.  13.        0.2070108814       -0.3983286098
  97.  14.        0.1005154580       -0.3095743707
  97.  15.        0.0089089695        0.2795483986
  97.  16.        0.3065627151        0.2679539978
  97.  17.        0.5371275257       -0.1087486877
  97.  18.        0.1978294441        0.1029889675
  97.  19.       -0.2742816574       -0.0500430791
  97.  20.        0.1267188143        0.0170874018
  97.  21.        0.2479819573        0.2152505692
  97.  22.       -0.1567146662        0.5488901871
  97.  23.        0.2122533509       -0.0466252153
  97.  24.        0.2065706604       -0.1011880840
  97.  25.        0.3000390424        0.4216749450
  97.  26.       -0.0299136662       -0.1417052694
  97.  27.        0.3218925143       -0.0995826048
  97.  28.       -0.1427356567        0.3212959164
  97.  29.       -0.1503093783       -0.0211957879
  97.  30.        0.0769197256        0.2849385798
  97.  31.        0.2244183560        0.1684983160
  97.  32.        0.0425794438        0.3465217331
  97.  33.       -0.1086364130        0.2178846382
  97.  34.       -0.0791561621       -0.4901794684
  97.  35.       -0.0237008848       -0.2104730613
  97.  36.        0.1693197389        0.0590505967
  97.  37.       -0.1087631131       -0.3383715604
  97.  38.       -0.3970121208       -0.2688229167
  97.  39.        0.0783126037        0.1687517594
  97.  40.       -0.0966564335        0.1159220287
  97.  41.        0.3558236761        0.1505328566
  97.  42.       -0.1437027310        0.2725824932
  97.  43.       -0.0948176978       -0.0456490889
  97.  44.        0.1081562185       -0.3509618266
  97.  45.        0.0817053208       -0.0612476481
  97.  46.        0.3023336135       -0.1964571239
  97.  47.       -0.2154205852        0.1912097148
  97.  48.       -0.2234586757       -0.1606670159
  97.  49.       -0.0048645438        0.1893695920
  97.  50.        0.1314041127        0.3877735758
  97.  51.        0.0155279618        0.2292086036
  97.  52.        0.2264412137       -0.0518943467
  97.  53.       -0.2027221304        0.0972246975
  97.  54.        0.1006639974        0.3407176335
  97.  55.       -0.0624815467       -0.1593846639
  97.  56.       -0.2888122570       -0.4353161287
  97.  57.        0.2703562263       -0.4911604931
  97.  58.       -0.5071701337       -0.6098191019
  97.  59.        0.0201130837        0.2894713525
  97.  60.        0.2443306178       -0.2450187448
  97.  61.       -0.0593655491       -0.1455148801
  97.  62.        0.2990170906       -0.2211340734
  97.  63.        0.4544466251       -0.2983301718
  97.  64.       -0.2329207085        0.2827897233
  97.  65.       -0.1052544504        0.1785149300
  97.  66.       -0.2460229541       -0.2030031815
  97.  67.        0.0681527836        0.0606591226
  97.  68.        0.2421058288        0.4109073716
  97.  69.       -0.4213620162        0.1096500123
  97.  70.       -0.3217413209       -0.1196656972
  97.  71.        0.0754209863       -0.1198515853
  97.  72.       -0.0151744982        0.3382082466
  97.  73.        0.2827658378        0.1216617799
  97.  74.        0.3276664727       -0.1041145357
  97.  75.       -0.3080782562        0.2518763616
  97.  76.        0.2485133126        0.5767857903
  97.  77.       -0.1487181236        0.2185008531
  97.  78.        0.5765521062       -0.0990799559
  97.  79.        0.1537275655        0.3325762242
  97.  80.        0.0201155365       -0.2193332816
  97.  81.        0.3129198903        0.0031142796
  97.  82.        0.0862114108       -0.0843913094
  97.  83.       -0.0413341960        0.3552851679
  97.  84.        0.5412197988        0.0369702612
  97.  85.        0.2201671952        0.1759411870
  97.  86.       -0.3066811151       -0.3195492557
  97.  87.        0.3298693571       -0.4831326957
  97.  88.        0.0110840729        0.5210112271
  97.  89.       -0.5958861361       -0.1560315386
  97.  90.        0.1661491392       -0.2305250336
  97.  91.       -0.6593644392        0.0727088566
  97.  92.        0.3800848233        0.0185929049
  97.  93.        0.4988134364       -0.2187581654
  97.  94.       -0.5292982818        0.0062512523
  97.  95.        0.2633090135       -0.2101927904
  97.  96.        0.3550567021       -0.0129641207
  97.  97.       -0.4502598179       -0.3648239334
  98.   0.       -0.1658304280        0.0000000000
  98.   1.        0.3283410731        0.2817743734
  98.   2.       -0.6503001861        0.0962771359
  98.   3.       -0.2890819255       -0.4222662227
  98.   4.       -0.0347121249        0.0457949332
  98.   5.       -0.4490158712       -0.0549847301
  98.   6.        0.1468749192       -0.5573039466
  98.   7.       -0.5347881879        0.3375148312
  98.   8.       -0.2257485833        0.3340750643
  98.   9.       -0.2421098347        0.1385784113
  98.  10.        0.2288049792        0.0914916431
  98.  11.       -0.0626730027        0.1686552246
  98.  12.        0.5137872500        0.0693155477
  98.  13.        0.2787783947        0.0990975168
  98.  14.       -0.2278922730       -0.2425394201
  98.  15.        0.2817743962       -0.4062004506
  98.  16.       -0.1159333977       -0.4835431103
  98.  17.       -0.2323064979        0.1580153021
  98.  18.        0.0129241635       -0.3228542657
  98.  19.       -0.0381392452        0.1105739168
  98.  20.        0.1518683041       -0.0050789902
  98.  21.       -0.0485590439       -0.1753856982
  98.  22.        0.0175820837        0.3201018944
  98.  23.       -0.0594855321        0.1905935103
  98.  24.        0.1491784100       -0.1915535629
  98.  25.       -0.1504651721       -0.4773464642
  98.  26.       -0.1474245464        0.1013446580
  98.  27.       -0.3133609215        0.4145149467
  98.  28.        0.4834754036        0.1213440259
  98.  29.       -0.4388817685        0.0921361388
  98.  30.        0.0644608081        0.1492039015
  98.  31.        0.2462184377       -0.3597521290
  98.  32.       -0.1468779937        0.2961988094
  98.  33.        0.0929040847        0.2169338129
  98.  34.        0.4094121860       -0.3039063290
  98.  35.       -0.6559223025       -0.4015156276
  98.  36.       -0.2051546688        0.2974577884
  98.  37.       -0.3660400782        0.2633596636
  98.  38.        0.3698741720        0.2893334865
  98.  39.       -0.4252486741        0.3202627093
  98.  40.       -0.1058061979       -0.1183832178
  98.  41.        0.0173681668       -0.0557988068
  98.  42.        0.3611073362        0.0378621061
  98.  43.       -0.1183616889        0.0237000779
  98.  44.        0.0798846506       -0.4218423020
  98.  45.       -0.1730170389       -0.1752954051
  98.  46.        0.3760588781       -0.0700497079
  98.  47.       -0.2880933760       -0.3827275320
  98.  48.       -0.3093970240       -0.0880312068
  98.  49.       -0.3140985885        0.0225188827
  98.  50.       -0.2608943071        0.0718225593
  98.  51.        0.0071424467        0.4688454347
  98.  52.       -0.3459552482        0.1179751028
  98.  53.        0.1449140108       -0.1204179759
  98.  54.        0.0207946315       -0.1459523207
  98.  55.       -0.1812690268        0.1792848500
  98.  56.       -0.0034388315        0.1927963104
  98.  57.       -0.0826837400        0.3263456601
  98.  58.       -0.0752613304       -0.3646736614
  98.  59.       -0.1112014875       -0.2537017736
  98.  60.        0.2031135333        0.3263437193
  98.  61.       -0.1578606547       -0.1565225230
  98.  62.        0.5992653015        0.2041806810
  98.  63.       -0.1159811619       -0.4044878566
  98.  64.       -0.3751801580        0.2841645453
  98.  65.        0.1974090495        0.2683357439
  98.  66.       -0.1657118457       -0.0792358337
  98.  67.       -0.6336705901       -0.0565855805
  98.  68.        0.1380751380        0.0228633737
  98.  69.        0.2839743030        0.3014636418
  98.  70.       -0.4022044278       -0.0675076573
  98.  71.       -0.4605122839       -0.0862013140
  98.  72.        0.2065117521       -0.6564835273
  98.  73.        0.2212631808        0.2508894690
  98.  74.        0.3407555796        0.0926497599
  98.  75.        0.2383426680        0.3398613268
  98.  76.        0.1646544344       -0.1018880442
  98.  77.        0.2189989386       -0.1419478833
  98.  78.        0.5653609044        0.0556868743
  98.  79.       -0.5748773822        0.4120484875
  98.  80.       -0.2116443301        0.2076780074
  98.  81.        0.2929844583       -0.2234334056
  98.  82.       -0.4544655545        0.2477130538
  98.  83.        0.3420503159        0.0619133483
  98.  84.       -0.4788145242       -0.1513888041
  98.  85.        0.1917813029       -0.0030121107
  98.  86.        0.0143457876       -0.5694066040
  98.  87.        0.0763786440       -0.1241483010
  98.  88.        0.1023971545        0.4022616617
  98.  89.        0.0816709452       -0.0439897076
  98.  90.       -0.1446579663        0.2296609184
  98.  91.       -0.5259147674       -0.1246549752
  98.  92.       -0.3281014635        0.1217323004
  98.  93.        0.6816273183        0.6319165303
  98.  94.        0.3622686757        0.5766282805
  98.  95.        0.2538409298        0.4213085515
  98.  96.       -0.3773862575       -0.1798345004
  98.  97.        0.0530517423       -0.1538104158
  98.  98.       -0.2488453085        0.4039102246
  99.   0.       -0.2456254425        0.0000000000
  99.   1.       -0.1380295703        0.2388113879
  99.   2.        0.0908439298       -0.3470602787
  99.   3.        0.1344619986        0.1129134342
  99.   4.       -0.2837706421       -0.3085860362
  99.   5.        0.2547142611       -0.2224661960
  99.   6.        0.0218292927       -0.0514937933
  99.   7.       -0.1263359998       -0.4541403599
  99.   8.        0.2397322742       -0.3012004975
  99.   9.       -0.1363286730        0.2986761419
  99.  10.       -0.1587170316       -0.2142184385
  99.  11.        0.2714700064        0.0708866086
  99.  12.        0.1431284690       -0.1930976173
  99.  13.        0.1593774335        0.6582473226
  99.  14.       -0.5493312621        0.6367127848
  99.  15.        0.2269919163       -0.2343855313
  99.  16.       -0.1711590629       -0.3348685095
  99.  17.       -0.1632767902        0.1445436140
  99.  18.       -0.3027654873       -0.0230805537
  99.  19.        0.1602616455       -0.2041884836
  99.  20.       -0.4989137234       -0.0735256568
  99.  21.       -0.2320678387       -0.4637682992
  99.  22.        0.1324205177       -0.7138218070
  99.  23.        0.1611135777       -0.3421699167
  99.  24.       -0.0817134111       -0.0316398401
  99.  25.       -0.1133382303       -0.0854486606
  99.  26.        0.0822774869        0.5312424903
  99.  27.       -0.3635909204       -0.3362565895
  99.  28.        0.2327841462       -0.2235268899
  99.  29.       -0.0869241988        0.0852131867
  99.  30.        0.2486781131        0.1567848571
  99.  31.        0.2785917937       -0.0389357397
  99.  32.       -0.0052701912       -0.2307029408
  99.  33.       -0.1696904107       -0.0876072205
  99.  34.       -0.5586613642       -0.0916523068
  99.  35.        0.3624217427        0.3231048423
  99.  36.        0.2503132353       -0.0569252686
  99.  37.        0.1896215984       -0.0779833397
  99.  38.       -0.1321230332        0.3579263761
  99.  39.       -0.4332057050        0.5322199577
  99.  40.        0.0166203958        0.2387098471
  99.  41.       -0.2503694007       -0.1615085012
  99.  42.       -0.1288273700       -0.3628806039
  99.  43.       -0.0532571443        0.0666239329
  99.  44.        0.4698055539        0.4836370362
  99.  45.        0.0381213682       -0.2530952326
  99.  46.       -0.0685923992       -0.0507480156
  99.  47.        0.0324417170       -0.0790123907
  99.  48.        0.3712493202        0.0610375599
  99.  49.        0.4006163191       -0.2221748229
  99.  50.       -0.2602574020        0.3724095853
  99.  51.        0.1020337196       -0.1858238981
  99.  52.       -0.3988037151        0.0795899059
  99.  53.        0.3088045286        0.0507122950
  99.  54.       -0.4522952939       -0.0427371144
  99.  55.       -0.0707850812        0.0292840469
  99.  56.        0.1213946460       -0.3294822809
  99.  57.       -0.3105782488        0.1962389974
  99.  58.        0.7362423709        0.7095965153
  99.  59.       -0.0180537688       -0.5111900251
  99.  60.        0.0719801351        0.2991499560
  99.  61.        0.0803545602       -0.0337653123
  99.  62.        0.1599427501       -0.3122587062
  99.  63.        0.2589177018        0.6948676588
  99.  64.        0.7537862447        0.0131929997
  99.  65.       -0.0824057177        0.2244669256
  99.  66.       -0.2231300490       -0.2845850654
  99.  67.        0.1173597901        0.2056669719
  99.  68.       -0.1962567470       -0.4690261084
  99.  69.        0.0721339095        0.2113394969
  99.  70.        0.0282263729        0.5238971809
  99.  71.       -0.0737907004       -0.3359639485
  99.  72.        0.1800023734       -0.3379891533
  99.  73.        0.5357648034       -0.1886129836
  99.  74.        0.3604625806       -0.2905635977
  99.  75.        0.4191948268       -0.0651105936
  99.  76.       -0.0268019323       -0.0315384723
  99.  77.        0.1572598514        0.1409111136
  99.  78.       -0.4714572044       -0.1418348529
  99.  79.       -0.0602266973       -0.0657717756
  99.  80.        0.0505507286        0.0480230034
  99.  81.       -0.0288617198        0.6183789738
  99.  82.        0.1839834724       -0.5797026181
  99.  83.        0.2761930761       -0.0506930391
  99.  84.       -0.5175185919        0.1032386428
  99.  85.       -0.3227437099       -0.2481572851
  99.  86.        0.3896234847        0.4482895558
  99.  87.        0.2995283787        0.3384050151
  99.  88.       -0.2324619530       -0.0757278394
  99.  89.        0.6275055937        0.2968651603
  99.  90.       -0.5345161977        0.5058483269
  99.  91.       -0.0102473880        0.1633454928
  99.  92.        0.6075466675       -0.0969129023
  99.  93.        0.3356846303       -0.1938534291
  99.  94.        0.2225216355        0.1441259533
  99.  95.        0.0642104944        0.4357712668
  99.  96.        1.0734441424       -0.1550187569
  99.  97.       -0.0629335849       -0.9715626306
  99.  98.       -0.0881958375       -0.5411625754
  99.  99.       -0.4098557158       -0.2146292186
 100.   0.        0.5310912315        0.0000000000
 100.   1.       -0.1498948612       -0.1795560828
 100.   2.        0.6209244094       -0.2226782026
 100.   3.        0.0045588367        0.1333949598
 100.   4.        0.0213457465        0.0199497714
 100.   5.        0.0484441532        0.2908301020
 100.   6.       -0.0237858581        0.1598360824
 100.   7.        0.4602326881       -0.2736030370
 100.   8.        0.0712633919       -0.1065929749
 100.   9.       -0.1732096078        0.0195525124
 100.  10.       -0.2824694885        0.1210336030
 100.  11.       -0.0004057086        0.1915813112
 100.  12.       -0.5032930211       -0.0538277326
 100.  13.       -0.1846812992       -0.1884690220
 100.  14.        0.0700645425       -0.1764834400
 100.  15.       -0.2493008160        0.4226420810
 100.  16.        0.1631405658        0.2162283200
 100.  17.        0.0229927396       -0.5211202709
 100.  18.       -0.0382420792        0.5860591481
 100.  19.        0.0339697221        0.3284234314
 100.  20.        0.1060792722       -0.0966690178
 100.  21.        0.0949763268       -0.0413437172
 100.  22.        0.2211546486       -0.1855029470
 100.  23.        0.1021159788       -0.2436529375
 100.  24.        0.1707240674        0.0559669746
 100.  25.        0.4014909712        0.0309461406
 100.  26.       -0.2667482856       -0.2824306740
 100.  27.       -0.0331758444       -0.5273124903
 100.  28.       -0.1659127659       -0.0128571448
 100.  29.        0.2561158987        0.3134329612
 100.  30.       -0.1254813721       -0.4836360443
 100.  31.        0.0283154259        0.3615180516
 100.  32.       -0.0593940218       -0.1217271769
 100.  33.       -0.2851060871       -0.0816890785
 100.  34.        0.1770529493       -0.0721883318
 100.  35.        0.3178374279        0.2116957325
 100.  36.       -0.0481696988        0.1656294627
 100.  37.        0.1405983133       -0.1021345028
 100.  38.       -0.2839551748        0.1920432984
 100.  39.       -0.0612695903        0.0520968173
 100.  40.       -0.1001390657        0.5666685372
 100.  41.        0.1662895845       -0.4615164188
 100.  42.        0.1714055685        0.2073102615
 100.  43.       -0.2656175488        0.2059624666
 100.  44.        0.2521920916       -0.1023459681
 100.  45.       -0.3150769445        0.0087392246
 100.  46.        0.1740860918        0.3627396532
 100.  47.        0.1512916107        0.4151080114
 100.  48.       -0.0801869657        0.1997663319
 100.  49.        0.0363322112       -0.0448932609
 100.  50.        0.3256740595       -0.4191616153
 100.  51.       -0.2026111873       -0.2327184087
 100.  52.        0.0613504812        0.0824643521
 100.  53.       -0.4322854979       -0.0746259047
 100.  54.        0.0577892818        0.0448622907
 100.  55.        0.0179141085        0.2612820163
 100.  56.        0.3966166826       -0.4739810742
 100.  57.        0.5024932821       -0.2394368339
 100.  58.       -0.4339126196        0.1240549458
 100.  59.        0.3859143844        0.1972501789
 100.  60.       -0.2638704752       -0.1864208512
 100.  61.       -0.1537389606       -0.2626337442
 100.  62.       -0.5479611794       -0.0591666023
 100.  63.       -0.3233220474        0.1111579985
 100.  64.        0.8069022929        0.3338848472
 100.  65.        0.1335184936       -0.1766186229
 100.  66.       -0.6069631933        0.5979845690
 100.  67.       -0.5168693658        0.3223724129
 100.  68.        0.5111213797       -0.0034762262
 100.  69.        0.4260632102       -0.1729307085
 100.  70.       -0.0963939792        0.2512933990
 100.  71.       -0.0732399101        0.1303921264
 100.  72.       -0.4149394253       -0.2878710303
 100.  73.       -0.0681688205       -0.2748745174
 100.  74.       -0.0976539643        0.2194512653
 100.  75.       -0.4061466975       -0.3323660640
 100.  76.       -0.3893327103       -0.1259802482
 100.  77.        0.0042396528        0.6820490996
 100.  78.       -0.2498387876        0.2534560480
 100.  79.        0.3101103746        0.1698708006
 100.  80.       -0.1468443368        0.1877970632
 100.  81.        0.0315635499       -0.0240499694
 100.  82.       -0.1987520115        0.1588850849
 100.  83.       -0.4635118014       -0.0441592438
 100.  84.        0.3890350893        0.6337843416
 100.  85.        0.1493948859       -0.2476217189
 100.  86.       -0.1594341758       -0.1518200711
 100.  87.        0.1575053458       -0.4661532205
 100.  88.       -0.0642954259        0.9684302462
 100.  89.       -0.1758675347       -0.5564422303
 100.  90.        0.4048630041        0.5625472216
 100.  91.       -0.1677806183        0.0916337011
 100.  92.        0.3674550245        0.0576946407
 100.  93.       -0.0404546357        0.2806565235
 100.  94.        0.2767597781       -0.3684575557
 100.  95.       -0.5900448457        0.3399842609
 100.  96.       -0.0331076798       -0.0884965940
 100.  97.       -0.5511280816       -0.6135882246
 100.  98.       -0.0409192210       -0.4682153470
 100.  99.        0.1364840980        0.6636299407
 100. 100.       -0.0582268498       -0.5130731381
 101.   0.       -0.1342389576        0.0000000000
 101.   1.        0.1300999323       -0.3129539394
 101.   2.       -0.1573896077       -0.0488141054
 101.   3.       -0.2203184716       -0.1810979498
 101.   4.        0.2949317465        0.3649420743
 101.   5.       -0.2357544473        0.1153053926
 101.   6.       -0.3104629071       -0.3247638335
 101.   7.        0.1972434220        0.1300368997
 101.   8.        0.0730888042        0.1196888385
 101.   9.        0.3630118724       -0.2898962137
 101.  10.       -0.4107793683        0.2498815930
 101.  11.        0.0785198456       -0.0677543061
 101.  12.        0.1397333201       -0.3119951088
 101.  13.       -0.0277392248       -0.4368526080
 101.  14.        0.0769492458       -0.5735396009
 101.  15.       -0.1996723202        0.0099883885
 101.  16.        0.0504646282        0.2460298159
 101.  17.        0.0199686395        0.1936515345
 101.  18.        0.3090110833       -0.4456140646
 101.  19.        0.1499531521        0.4188912057
 101.  20.       -0.1428085728        0.5717033534
 101.  21.        0.1718225373        0.3773181743
 101.  22.        0.2709394856        0.4236537134
 101.  23.        0.0452274794        0.0404834685
 101.  24.       -0.2860221289       -0.1946493506
 101.  25.        0.2075405552        0.1010417859
 101.  26.       -0.0497712354       -0.0305949573
 101.  27.       -0.0850159395       -0.0524270128
 101.  28.       -0.0998189400       -0.1854255748
 101.  29.        0.1638824200        0.0124243967
 101.  30.       -0.3486958073        0.1684240146
 101.  31.       -0.1762679727        0.2578619827
 101.  32.        0.3324312875        0.0631490656
 101.  33.        0.6701121427        0.2812886733
 101.  34.        0.1170488311        0.2381795293
 101.  35.       -0.4421094570       -0.0848357620
 101.  36.       -0.3490163290       -0.2195735567
 101.  37.        0.0645831391        0.5466897115
 101.  38.        0.4622203731       -0.0780054230
 101.  39.        0.1248661461        0.0089331640
 101.  40.        0.2551934610        0.1415679733
 101.  41.       -0.2324404145       -0.0548875190
 101.  42.       -0.4226317594        0.1694386456
 101.  43.       -0.3513843021        0.2299130632
 101.  44.       -0.3146123220       -0.0796581962
 101.  45.        0.0170746645        0.1374816597
 101.  46.        0.4831538346       -0.0721314607
 101.  47.       -0.4285376950        0.2356906940
 101.  48.        0.3994778633       -0.5842897412
 101.  49.       -0.0616796070       -0.0311939351
 101.  50.        0.1013441636       -0.7605169380
 101.  51.        0.0778283836        0.2062641582
 101.  52.       -0.0081166570        0.0707411585
 101.  53.        0.0170056904       -0.1114182468
 101.  54.        0.0627390192       -0.2226916840
 101.  55.        0.2478427798       -0.1830006557
 101.  56.        0.0124730270        0.0626264455
 101.  57.        0.4872581994        0.0056126564
 101.  58.        0.4388026784        0.1968310725
 101.  59.       -0.0349138338       -0.0110975388
 101.  60.       -0.2535960810        0.1666788984
 101.  61.       -0.4798963657        0.1551782702
 101.  62.        0.0767520718       -0.1631246586
 101.  63.       -0.4244926401       -0.1084818101
 101.  64.       -0.0166737886       -0.0414441058
 101.  65.        0.2078946308       -0.2383069548
 101.  66.        0.0208037096        0.4446687905
 101.  67.       -0.5959832754       -0.2239647160
 101.  68.       -0.4131632566       -0.2268795521
 101.  69.       -0.3132935580       -0.1087477429
 101.  70.        0.5324174719       -0.1486249944
 101.  71.        0.1603853493        0.4731312233
 101.  72.       -0.0403718060        0.6064570499
 101.  73.       -0.3284330179        0.1759141585
 101.  74.        0.0970780374        0.2527552995
 101.  75.        0.0211488096        0.3780648350
 101.  76.       -0.4951651145        0.1295633472
 101.  77.       -0.4105080357       -0.5788162008
 101.  78.        0.4796130694       -0.2832058753
 101.  79.       -0.1381838688       -0.2371636542
 101.  80.        0.1440977408       -0.3069949717
 101.  81.        0.1656714242       -0.1054809094
 101.  82.       -0.2795940147        0.2188040766
 101.  83.        0.1275230899        0.1999406515
 101.  84.       -0.1341502945        0.1843972597
 101.  85.        0.5539121916        0.7234138934
 101.  86.        0.2009393953        0.4753460962
 101.  87.       -0.1323937393        0.2196403341
 101.  88.        0.1994716740        0.0473470676
 101.  89.        0.5282386524       -0.3361236012
 101.  90.        0.0604236500        0.1997904261
 101.  91.       -0.3589646660       -0.5411045330
 101.  92.       -0.1387176257        0.2980267963
 101.  93.        0.0681499755       -0.2011430828
 101.  94.        0.5897093648        0.6155950617
 101.  95.        0.1333580323       -0.3058960903
 101.  96.        0.4174060342       -0.1498183397
 101.  97.       -0.2924810720       -0.1473903192
 101.  98.       -0.5262476664       -0.0068627029
 101.  99.       -0.3830055076       -0.5170213854
 101. 100.       -0.0282245408       -0.0463147885
 101. 101.       -0.2679684513       -0.4100190757
 102.   0.       -0.1285558293        0.0000000000
 102.   1.       -0.1843158450       -0.0927567920
 102.   2.        0.0459286833        0.1618867939
 102.   3.        0.4629289162        0.1159636191
 102.   4.       -0.1750050834        0.0354125307
 102.   5.        0.3731547525       -0.4019817914
 102.   6.       -0.1958314532       -0.0117189338
 102.   7.       -0.1770278485        0.3751895352
 102.   8.       -0.3976043688       -0.0998767927
 102.   9.        0.3016478013        0.0403115050
 102.  10.        0.1175737221       -0.1293510950
 102.  11.        0.1252546539       -0.4052695755
 102.  12.        0.0118135878        0.2621877636
 102.  13.       -0.0357731282       -0.0200693361
 102.  14.        0.2179621063        0.0780605888
 102.  15.        0.2463949245       -0.3910066132
 102.  16.       -0.2195866603        0.1693850307
 102.  17.        0.4902555670        0.6807726847
 102.  18.       -0.2282634554       -0.0693018370
 102.  19.       -0.0273687600       -0.3772026693
 102.  20.        0.0324382863       -0.2539078773
 102.  21.        0.1875475058       -0.2676751167
 102.  22.       -0.1063334985       -0.2860480252
 102.  23.       -0.0143632839        0.2040207289
 102.  24.       -0.0198588381        0.3766570114
 102.  25.       -0.4560891505       -0.3336092399
 102.  26.       -0.0141711280       -0.0402428114
 102.  27.        0.2054898665        0.1140644729
 102.  28.       -0.1846348197       -0.2621720611
 102.  29.        0.0036981837       -0.0546123669
 102.  30.        0.1261451070        0.3466605403
 102.  31.       -0.1009804357        0.1910109038
 102.  32.        0.2554701141        0.0853830343
 102.  33.        0.4387688533        0.1817553018
 102.  34.       -0.2568574775        0.3341495246
 102.  35.        0.0157606412       -0.2330043124
 102.  36.        0.4682647904       -0.4054335921
 102.  37.       -0.3363784476       -0.2803988576
 102.  38.        0.1840431102        0.5746819569
 102.  39.        0.0477121580       -0.0369341598
 102.  40.        0.1459826124        0.0833448510
 102.  41.       -0.3583072352        0.3753961782
 102.  42.       -0.1163906811       -0.1801093281
 102.  43.        0.5346299758       -0.0090564239
 102.  44.        0.0544286667       -0.0981387391
 102.  45.        0.0274529708        0.1632854630
 102.  46.       -0.2741364567       -0.1328873830
 102.  47.        0.1613962930       -0.1571166191
 102.  48.       -0.1523440416       -0.0489697277
 102.  49.        0.1134336774        0.3574146031
 102.  50.        0.0737708516        0.1863279625
 102.  51.        0.0649626760        0.1291517022
 102.  52.        0.2123027844        0.1325895390
 102.  53.        0.0265854523        0.1593721457
 102.  54.       -0.2974257534       -0.0875304651
 102.  55.       -0.0191827278       -0.4259089243
 102.  56.       -0.2692699494        0.0092865168
 102.  57.        0.1515957865        0.2920713143
 102.  58.       -0.1258534850        0.0282595086
 102.  59.        0.0163865665       -0.2032135189
 102.  60.        0.1827217608        0.3978428273
 102.  61.        0.2116605687        0.1430373131
 102.  62.        0.0763640072       -0.3463704949
 102.  63.       -0.0877570767       -0.3925505437
 102.  64.        0.1224457167        0.2415891004
 102.  65.       -0.4732761975        0.0423534719
 102.  66.       -0.0361568793       -0.1876309855
 102.  67.        0.6675527708       -0.2333202796
 102.  68.       -0.7432229692       -0.1097340621
 102.  69.        0.3867374477        0.2413175779
 102.  70.       -0.5265606811       -0.4512308550
 102.  71.        0.1740879290       -0.0236740895
 102.  72.       -0.0242931513        0.0387719523
 102.  73.       -0.0308942351       -0.2042997411
 102.  74.        0.1999458379       -0.0571900711
 102.  75.        0.2924655225        0.1652114317
 102.  76.        0.0785173720        0.4118694497
 102.  77.       -0.7529012148        0.2445489432
 102.  78.       -0.2432452201        0.0622170347
 102.  79.       -0.0607803157       -0.3101377792
 102.  80.       -0.3930959154        0.0926146035
 102.  81.        0.1635558232        0.2361805071
 102.  82.       -0.1711217470       -0.3502042317
 102.  83.       -0.2281404548       -0.2067084698
 102.  84.        0.2302138468        0.1835068102
 102.  85.       -0.1215991288        0.3160734405
 102.  86.        0.0921207708        0.3696037052
 102.  87.       -0.4713722962       -0.9262121696
 102.  88.        0.2142001548       -0.3546144946
 102.  89.       -0.2430009988        0.3601226530
 102.  90.       -0.1711671023        0.5692894899
 102.  91.        0.1410854589       -0.2096098075
 102.  92.       -0.2345241355        0.2214334607
 102.  93.       -0.2091563541        0.2081843448
 102.  94.        0.3438196836        0.3345558564
 102.  95.       -0.0561856996        0.2370508699
 102.  96.       -0.2929432856        0.1483793743
 102.  97.       -0.1451756193       -0.4630621211
 102.  98.        0.1221569572       -0.0853673483
 102.  99.       -0.0100182627       -0.2883130556
 102. 100.        0.0947200967        0.1137534403
 102. 101.       -0.4749999916        0.1218888385
 102. 102.        0.3796457874       -0.1147258094
 103.   0.        0.5572828069        0.0000000000
 103.   1.        0.2374891407        0.4317498960
 103.   2.        0.0544874238        0.0292438052
 103.   3.        0.3165216499       -0.1283248417
 103.   4.        0.2312671915       -0.4102842729
 103.   5.       -0.3759949754       -0.3806168421
 103.   6.        0.1185539566        0.1247846369
 103.   7.       -0.2361747801       -0.0252380566
 103.   8.        0.0557360721        0.3738427221
 103.   9.       -0.2894377872        0.0004687714
 103.  10.        0.4884429912        0.1953446634
 103.  11.        0.0693723675       -0.0118822966
 103.  12.       -0.1139381189        0.2034012380
 103.  13.        0.1067382218        0.0159679143
 103.  14.        0.4569512586        0.4464818400
 103.  15.       -0.0716260877        0.1040674869
 103.  16.       -0.4140942604       -0.2650959535
 103.  17.       -0.2604683669       -0.2739605404
 103.  18.       -0.0880017449        0.2333713205
 103.  19.        0.0062250561       -0.1537501154
 103.  20.        0.2580782572       -0.4872557970
 103.  21.       -0.0685313049        0.0066911603
 103.  22.        0.1446133208       -0.2297475070
 103.  23.       -0.0242027242        0.0839961473
 103.  24.        0.2814867078       -0.2126530991
 103.  25.       -0.1759513571        0.5928052029
 103.  26.        0.0418745141        0.1854783152
 103.  27.        0.1166560596        0.4047965973
 103.  28.        0.1359849810       -0.0619014904
 103.  29.       -0.0802528029       -0.2403879001
 103.  30.        0.0041636538       -0.3417104369
 103.  31.        0.0609391891       -0.2744703936
 103.  32.       -0.3388591399        0.0773932145
 103.  33.       -0.2276473810       -0.0170997329
 103.  34.        0.0140485811       -0.1227580020
 103.  35.       -0.0089783254       -0.1327037330
 103.  36.       -0.1102273630        0.4033643775
 103.  37.        0.5617820501       -0.1125374012
 103.  38.       -0.2751827898       -0.0117475679
 103.  39.       -0.0031340234       -0.3942808226
 103.  40.       -0.2879059009       -0.2892888912
 103.  41.       -0.0771664384       -0.0806337753
 103.  42.        0.0528003669       -0.1750775195
 103.  43.        0.0821942471       -0.2634149144
 103.  44.        0.0507129356        0.1636602505
 103.  45.       -0.1237541809        0.3181490039
 103.  46.       -0.3429852636        0.0447070562
 103.  47.       -0.4892550364       -0.0121089605
 103.  48.       -0.2934146638        0.4239891918
 103.  49.        0.0783906044       -0.0258466404
 103.  50.        0.2288192290        0.5225934242
 103.  51.        0.2760039917        0.4998708458
 103.  52.       -0.5254055709        0.1029831317
 103.  53.       -0.1756259327       -0.1428406489
 103.  54.       -0.0169241955        0.1526694691
 103.  55.        0.1054057253        0.3555157755
 103.  56.        0.0655900176        0.2600485732
 103.  57.       -0.4239762720       -0.2243997511
 103.  58.       -0.2801955588       -0.3719555363
 103.  59.        0.3548743899       -0.0150051213
 103.  60.        0.5011834785        0.5337056493
 103.  61.        0.2978200462       -0.1486795734
 103.  62.       -0.0044539414       -0.1534812875
 103.  63.        0.4151161453        0.0248688657
 103.  64.        0.0099217661        0.1993825003
 103.  65.       -0.1156787959       -0.0191033463
 103.  66.        0.4960709814        0.4321190229
 103.  67.       -0.3228261872        0.0009858399
 103.  68.        0.2628031681        0.2835405160
 103.  69.       -0.2712957748       -0.1787953194
 103.  70.        0.0878224142        0.2408827507
 103.  71.        0.2656826218        0.1814759415
 103.  72.        0.3442213303       -0.8245698855
 103.  73.       -0.5839329855       -0.1942169346
 103.  74.        0.2505040089       -0.1744716906
 103.  75.       -0.5808020277        0.1028225908
 103.  76.        0.3717975358        0.0997607805
 103.  77.       -0.0726590904        0.5520067623
 103.  78.       -0.6928309811       -0.2277511895
 103.  79.        0.5658447920       -0.0423331155
 103.  80.       -0.0017520906        0.5709804107
 103.  81.       -0.0374282553        0.0621749229
 103.  82.        0.0533863532        0.0980400301
 103.  83.       -0.0029614009       -0.4467560871
 103.  84.       -0.0586813082        0.0607473688
 103.  85.       -0.3792738816       -0.1459164847
 103.  86.       -0.1089634942        0.0537421622
 103.  87.       -0.1927253355       -0.0103720460
 103.  88.       -0.5025524088       -0.1495418934
 103.  89.        0.2600390220        0.1016884462
 103.  90.        0.1715440534        0.2452859253
 103.  91.       -0.1098928910       -0.1975184669
 103.  92.       -0.2746092304       -0.8098072885
 103.  93.        0.7786603684       -0.2748236478
 103.  94.       -0.7256833896        0.0555908711
 103.  95.       -0.1827069922       -0.2020796235
 103.  96.        0.2477228105       -0.5559122444
 103.  97.       -0.2605055213       -0.3204136409
 103.  98.       -0.0295048659        0.1024726222
 103.  99.        0.4619691062       -0.0701210459
 103. 100.        0.0926228815       -0.6239962605
 103. 101.       -0.1955897437        0.2460236451
 103. 102.        0.2422600322       -0.0487057007
 103. 103.       -0.1021125393       -0.3349110957
 104.   0.        0.0681592467        0.0000000000
 104.   1.        0.0150078629       -0.0864368278
 104.   2.       -0.1498874342        0.1877741503
 104.   3.       -0.4852264186       -0.1770443751
 104.   4.        0.3124555408       -0.1055303334
 104.   5.       -0.1222333624        0.2459127882
 104.   6.        0.1853691508       -0.0375745346
 104.   7.        0.0750696665       -0.3107470794
 104.   8.        0.5279304615        0.1459285381
 104.   9.       -0.0731299938       -0.2565917635
 104.  10.       -0.0625689438       -0.2813168594
 104.  11.       -0.1202472137        0.4308206394
 104.  12.        0.3251537271       -0.2702989635
 104.  13.        0.2749933759       -0.1251301092
 104.  14.       -0.4503254552        0.2474368570
 104.  15.       -0.2651230157        0.3256286067
 104.  16.        0.2487918548       -0.1289565296
 104.  17.       -0.2177974254       -0.0699952763
 104.  18.        0.2956649279       -0.1789485343
 104.  19.        0.1294942949       -0.1038310582
 104.  20.        0.2013195961        0.2255288706
 104.  21.       -0.2389042787        0.0942015346
 104.  22.       -0.0962044595        0.3335207336
 104.  23.        0.0007933803        0.1246302363
 104.  24.        0.0739408745       -0.0260675578
 104.  25.        0.3159759013        0.3808162764
 104.  26.       -0.1844399283       -0.0589585098
 104.  27.       -0.3266856864       -0.1040282457
 104.  28.        0.1872314157       -0.1141050579
 104.  29.        0.1354911234        0.2424135535
 104.  30.       -0.0626285825       -0.2522894096
 104.  31.       -0.0848066538       -0.0531487702
 104.  32.       -0.0019114166        0.4918562858
 104.  33.       -0.4573654497       -0.0588209180
 104.  34.        0.2209590748       -0.1387146951
 104.  35.        0.2076045335        0.0657690361
 104.  36.       -0.7462473417       -0.1303352065
 104.  37.       -0.3139072185        0.1703382995
 104.  38.       -0.0669828870       -0.0139475665
 104.  39.        0.1734135403        0.2756421445
 104.  40.        0.0752693186        0.1933583250
 104.  41.       -0.0098042233       -0.3474619183
 104.  42.       -0.1744112110       -0.1038305392
 104.  43.       -0.3559555237       -0.1658490525
 104.  44.       -0.0859867119        0.3374254843
 104.  45.        0.1266104591        0.1104905706
 104.  46.       -0.0931298199        0.3048421636
 104.  47.       -0.0515573185       -0.1496417591
 104.  48.        0.2796233739       -0.0335800907
 104.  49.       -0.1457039072        0.0901894285
 104.  50.       -0.0781716100       -0.4886024080
 104.  51.       -0.0994973192        0.2502962530
 104.  52.       -0.3089489289       -0.0238905167
 104.  53.       -0.1160000698        0.2537739874
 104.  54.        0.4388726640       -0.2275559049
 104.  55.        0.4698454012       -0.0565504451
 104.  56.        0.2289315931        0.0525000073
 104.  57.        0.6595142845        0.1459954502
 104.  58.        0.1043766328       -0.3195821596
 104.  59.       -0.2211817259       -0.2569311810
 104.  60.       -0.3682020561       -0.1632035964
 104.  61.       -0.1996390423        0.3068274562
 104.  62.       -0.2321130986        0.3460552066
 104.  63.        0.3661452894        0.3425722195
 104.  64.        0.0702103281       -0.0603933330
 104.  65.       -0.1406457088       -0.3901607301
 104.  66.        0.4613038019        0.3379059336
 104.  67.        0.0827565992        0.4866878188
 104.  68.        0.2498207461       -0.2992768611
 104.  69.       -0.4712188278        0.0630906290
 104.  70.       -0.1974589795       -0.4853689867
 104.  71.       -0.0911531280       -0.1862731974
 104.  72.        0.0894822029        0.0994822182
 104.  73.       -0.3463076328        0.5687397313
 104.  74.       -0.2356908165       -0.2739887325
 104.  75.        0.3355671143       -0.3125670749
 104.  76.       -0.0361600288        0.0326592651
 104.  77.        0.4499818639        0.5340076420
 104.  78.       -0.1792915065        0.0312904073
 104.  79.       -0.1826160518       -0.2567954243
 104.  80.        0.1617514250       -0.0522119945
 104.  81.       -0.0208652661       -0.1930014113
 104.  82.       -0.4822768372       -0.3605052519
 104.  83.        0.0644691846       -0.1925828015
 104.  84.        0.0946213616        0.3731405256
 104.  85.        0.4794758417       -0.2647898925
 104.  86.       -0.1110825925       -0.4159119804
 104.  87.        0.3576036324        0.0102498387
 104.  88.       -0.3207130555       -0.0725554340
 104.  89.        0.1637101820        0.0423835124
 104.  90.        0.0144407051        0.2648862066
 104.  91.        0.1283148410       -0.3455418128
 104.  92.        0.0806795055       -0.0230272797
 104.  93.        0.0224387408       -0.0272912017
 104.  94.       -0.8391171614       -0.3922663033
 104.  95.       -0.3000315594       -0.2847591363
 104.  96.       -0.1793040389        0.4551218381
 104.  97.        0.0623010773       -0.1645851664
 104.  98.        0.0940914162       -0.0183551710
 104.  99.       -0.5422825266        0.4396907684
 104. 100.        0.5264838573       -0.1725457584
 104. 101.       -0.0309124586       -0.0405840124
 104. 102.       -0.1555134997        0.0121584768
 104. 103.        0.4326442593        0.2984295364
 104. 104.       -0.1644234173        0.3727371630
 105.   0.       -0.2282890737        0.0000000000
 105.   1.       -0.1958364933       -0.1805743982
 105.   2.        0.2202583267        0.0361142137
 105.   3.       -0.2401309040        0.1529849213
 105.   4.       -0.2662418548        0.2197831016
 105.   5.        0.4351145667        0.2088060572
 105.   6.        0.3354583165        0.5397629851
 105.   7.       -0.1114278613        0.1557259180
 105.   8.       -0.1267609949       -0.4822706421
 105.   9.        0.0605028474        0.3055130587
 105.  10.       -0.0797577509       -0.3135066304
 105.  11.       -0.1718616906       -0.0781113137
 105.  12.       -0.3369455226       -0.0401328520
 105.  13.       -0.3296927505       -0.0717948362
 105.  14.       -0.0582945876       -0.2840920677
 105.  15.        0.0632696560       -0.0705204793
 105.  16.        0.4829407219       -0.0360511031
 105.  17.        0.0999427370        0.1218635478
 105.  18.       -0.1018726274        0.1294239839
 105.  19.       -0.0333797859       -0.1950681903
 105.  20.        0.1894459076        0.3366219494
 105.  21.        0.1630921995        0.0518565722
 105.  22.       -0.1481461902        0.1646438081
 105.  23.       -0.2145179632        0.0126598141
 105.  24.       -0.2776461315        0.0871848335
 105.  25.       -0.0623044060       -0.5015267627
 105.  26.        0.1224666074       -0.0748495963
 105.  27.       -0.1257832596        0.0196665459
 105.  28.       -0.4141756234        0.2450527244
 105.  29.        0.1043165547        0.1617869873
 105.  30.       -0.1595453104        0.2200664270
 105.  31.        0.3861437143       -0.0676157067
 105.  32.       -0.1625682853        0.5608624285
 105.  33.       -0.1293905310        0.2770480101
 105.  34.       -0.2175708655       -0.1376217556
 105.  35.        0.1591195207        0.1122900156
 105.  36.       -0.0013469495       -0.2633102701
 105.  37.       -0.5524781317       -0.1586030208
 105.  38.        0.0905647940       -0.0381746565
 105.  39.       -0.3148175371        0.5327429897
 105.  40.        0.0659760175        0.0306850178
 105.  41.        0.2930300316        0.1224638323
 105.  42.       -0.0375254132       -0.2065920056
 105.  43.       -0.0775235007       -0.2401903884
 105.  44.       -0.0495690001       -0.2497345491
 105.  45.        0.0564151798       -0.2894410115
 105.  46.       -0.4522829738       -0.0040836159
 105.  47.       -0.2499757995        0.1310191569
 105.  48.       -0.0613251791        0.2039100166
 105.  49.       -0.1869933043       -0.3462553210
 105.  50.       -0.3504317000        0.0916109332
 105.  51.       -0.2112539380       -0.5392159245
 105.  52.        0.5995248885        0.0513563394
 105.  53.       -0.1420868936       -0.1162832373
 105.  54.       -0.1019553508       -0.3012259531
 105.  55.       -0.0789999838        0.4332964114
 105.  56.       -0.3158334092       -0.3777558137
 105.  57.       -0.4922391611       -0.1534128023
 105.  58.       -0.1511057467       -0.3920837234
 105.  59.       -0.3524307879        0.4765551288
 105.  60.       -0.3949025754       -0.2716555048
 105.  61.        0.4358819815        0.2015366625
 105.  62.       -0.0475565473        0.4488993115
 105.  63.       -0.3176280181       -0.0090014154
 105.  64.        0.2078579275        0.3294391071
 105.  65.        0.5920644796        0.0394947883
 105.  66.        0.1642630166       -0.4803740048
 105.  67.        0.2482605885        0.3941097395
 105.  68.       -0.1747073193       -0.2868433159
 105.  69.       -0.2134869540        0.0004630029
 105.  70.        0.0657285813        0.3752060420
 105.  71.        0.2287277233       -0.4157914844
 105.  72.        0.1317321761        0.7708559312
 105.  73.        0.6203732134        0.4376719435
 105.  74.        0.0825771197        0.3202328243
 105.  75.       -0.0213226901       -0.0602676564
 105.  76.        0.3072713683       -0.3965495931
 105.  77.        0.5645346130       -0.2772796304
 105.  78.       -0.0469356355        0.1287534573
 105.  79.       -0.2654214125        0.2814655382
 105.  80.        0.2448928540       -0.4097387053
 105.  81.       -0.5667368672        0.0524469121
 105.  82.       -0.3338328680       -0.1667125104
 105.  83.       -0.3465898381        0.5213482617
 105.  84.        0.3471796434        0.5683740102
 105.  85.        0.8428451406       -0.0453672025
 105.  86.       -0.2569807488       -0.3596555990
 105.  87.        0.3192026135       -0.3473673481
 105.  88.        0.5446628784       -0.1769653648
 105.  89.       -0.6506054218        0.2740869638
 105.  90.       -0.0682820301        0.0664618872
 105.  91.       -0.0907471866        0.2468145523
 105.  92.       -0.0122770970        0.2800112347
 105.  93.       -0.3033747700       -0.5037833938
 105.  94.       -0.0637935117        0.3946064178
 105.  95.       -0.2212952881       -0.4131011757
 105.  96.       -0.3253948086        0.1794030837
 105.  97.       -0.2857078768       -0.1600656624
 105.  98.        0.2084468785        0.0957652415
 105.  99.       -0.3378323977       -0.1567881103
 105. 100.       -0.5219083417        0.3666098191
 105. 101.        0.3101550493        0.3344029252
 105. 102.       -0.1573970719       -0.6040510079
 105. 103.       -0.4553265668       -0.3290890532
 105. 104.        0.0638201789        0.2943043472
 105. 105.        0.1040113602       -0.4876165006
 106.   0.       -0.2634273995        0.0000000000
 106.   1.        0.2943532117        0.1018446467
 106.   2.       -0.1133106527       -0.0229531612
 106.   3.        0.2870745539        0.1390036865
 106.   4.        0.0805390247       -0.1301971906
 106.   5.       -0.0873351611       -0.0698547484
 106.   6.        0.0248658697        0.1355801877
 106.   7.        0.1604662245       -0.2328532844
 106.   8.        0.0012349848       -0.4575231474
 106.   9.       -0.0323963703        0.0586732967
 106.  10.       -0.1044585633        0.2502096953
 106.  11.        0.1347861925       -0.2802264140
 106.  12.        0.0671064858       -0.1329993233
 106.  13.       -0.1507716864        0.2117463951
 106.  14.        0.4288866134       -0.1419937566
 106.  15.        0.0642819673       -0.3385830656
 106.  16.       -0.1378907839        0.1644934126
 106.  17.        0.1244278597       -0.2595756953
 106.  18.        0.1203054383       -0.1670390440
 106.  19.       -0.2110627319        0.1107220324
 106.  20.       -0.6042471931        0.0640412117
 106.  21.       -0.0366381047       -0.1109320233
 106.  22.        0.0729328262        0.0032143147
 106.  23.        0.2332112210       -0.3826008808
 106.  24.       -0.0712217051       -0.1550890641
 106.  25.       -0.1337823651        0.0944102426
 106.  26.       -0.1136469641        0.1795020264
 106.  27.        0.4580421601       -0.0336589286
 106.  28.        0.2190226469       -0.0035161393
 106.  29.       -0.3815679360       -0.1260275569
 106.  30.       -0.1209355001       -0.2925275298
 106.  31.        0.4311171684        0.0604492182
 106.  32.        0.2266198530       -0.3837615039
 106.  33.       -0.1407328607       -0.1318946680
 106.  34.       -0.2605485482       -0.1340406100
 106.  35.       -0.0807688180       -0.2847278901
 106.  36.        0.0714750684        0.1095853713
 106.  37.        0.2161821848        0.1939947608
 106.  38.       -0.0074609159        0.3366011373
 106.  39.       -0.4505018454        0.1124242175
 106.  40.       -0.0740036608        0.1152247581
 106.  41.        0.1676454370        0.2397849486
 106.  42.        0.0301724529        0.1302143556
 106.  43.       -0.1753692891       -0.0355597464
 106.  44.       -0.2506881326       -0.2179172176
 106.  45.       -0.1120976681       -0.0315412409
 106.  46.       -0.1429685322        0.5134058911
 106.  47.        0.0780565336        0.6192915052
 106.  48.       -0.5518034578        0.2135886150
 106.  49.        0.0258668333        0.0201060224
 106.  50.       -0.3288737382       -0.0186361113
 106.  51.       -0.1477097743       -0.0372867233
 106.  52.        0.1070691464        0.1453494273
 106.  53.        0.0554758514       -0.2706859140
 106.  54.       -0.1664258877       -0.0856025798
 106.  55.       -0.0913940580        0.4664164312
 106.  56.        0.0382445383       -0.5260139967
 106.  57.       -0.0715379344       -0.1662628765
 106.  58.       -0.1110676247        0.2812119124
 106.  59.       -0.0319784195        0.4168406629
 106.  60.       -0.0849761968        0.2261989288
 106.  61.        0.4850711803       -0.0720186315
 106.  62.       -0.1363000832       -0.0684125714
 106.  63.        0.2772033059       -0.3570926584
 106.  64.       -0.0182224135       -0.3148698765
 106.  65.       -0.0762243281        0.5731698300
 106.  66.       -0.1655514489       -0.1422546537
 106.  67.       -0.0793257185       -0.0134884860
 106.  68.        0.2641508656        0.3901499953
 106.  69.        0.0530454000        0.3499840430
 106.  70.       -0.0028634361       -0.4651269056
 106.  71.       -0.1797814923        0.4755876002
 106.  72.        0.2571259897       -0.0241797769
 106.  73.        0.1513545880       -0.1918370160
 106.  74.       -0.3560197731        0.1315847411
 106.  75.        0.4372413537        0.2005129183
 106.  76.       -0.0831665623       -0.3401495561
 106.  77.        0.0585727378       -0.3101951232
 106.  78.        0.1230015123       -0.2344506059
 106.  79.       -0.2772801404        0.3244020161
 106.  80.        0.2032725658       -0.2545778179
 106.  81.       -0.1402427558        0.4114067435
 106.  82.        0.6725871435       -0.0607896857
 106.  83.       -0.2796387561       -0.0896618826
 106.  84.       -0.0555691824       -0.3736496222
 106.  85.       -0.8331579457        0.1971112258
 106.  86.       -0.3769220254        0.6716332501
 106.  87.        0.5710581734       -0.0752359539
 106.  88.        0.2458831338        0.2621154120
 106.  89.       -0.3110507719        0.3480623176
 106.  90.       -0.6378436963       -0.1151672245
 106.  91.       -0.2729053733       -0.1373768459
 106.  92.        0.3400557951       -0.3655994074
 106.  93.        0.2509440951       -0.3073501265
 106.  94.        0.6539064161       -0.2134127297
 106.  95.        0.3499583965       -0.1648521330
 106.  96.       -0.0890934737       -0.3398865320
 106.  97.       -0.6646030980       -0.0565671470
 106.  98.       -0.0009205493       -0.1649614591
 106.  99.       -0.0050071948       -0.0540485079
 106. 100.       -0.4822034897        0.0681680893
 106. 101.       -0.1897688648       -0.1014178836
 106. 102.       -0.4164078534       -0.0086099409
 106. 103.        0.7998007993       -0.0321031624
 106. 104.        0.3706443473       -0.1414666095
 106. 105.        0.0900037743        0.2825172161
 106. 106.       -0.3230584381       -0.3685272247
 107.   0.       -0.1010308280        0.0000000000
 107.   1.       -0.1579098824        0.0251331532
 107.   2.        0.0538273061        0.0351584996
 107.   3.       -0.0307341647        0.2025785580
 107.   4.       -0.2546708828       -0.0299906902
 107.   5.       -0.0660860343        0.0754214383
 107.   6.       -0.3836371146       -0.3839437773
 107.   7.        0.1554693242        0.0581259941
 107.   8.        0.1543197855        0.2955384583
 107.   9.        0.0319831743       -0.0609779587
 107.  10.       -0.1971731705        0.1673938376
 107.  11.       -0.1006161626        0.0307404202
 107.  12.        0.1758462196        0.0986882960
 107.  13.        0.0131371851        0.2541865931
 107.  14.        0.0789635580       -0.1026031352
 107.  15.        0.1993510246        0.3828037990
 107.  16.       -0.1435925508       -0.1571289826
 107.  17.        0.2167813555        0.1227326527
 107.  18.       -0.2833309897       -0.2511365671
 107.  19.       -0.0074939591        0.2723976287
 107.  20.       -0.0491284642       -0.3545870112
 107.  21.       -0.1166048897       -0.4359646069
 107.  22.       -0.0765574618       -0.1081558423
 107.  23.       -0.0998996021        0.3051994625
 107.  24.        0.0863854468       -0.0660730352
 107.  25.        0.0409969731        0.0462403790
 107.  26.       -0.4587597400        0.4662285137
 107.  27.        0.2850239713       -0.0069730746
 107.  28.        0.5043623071        0.1510489133
 107.  29.       -0.0257125847       -0.1734558718
 107.  30.        0.0433181833       -0.4521226932
 107.  31.        0.1750149837        0.1408258220
 107.  32.        0.0870062752        0.1611154479
 107.  33.        0.0653955938       -0.1848464774
 107.  34.        0.5455865952       -0.7881743345
 107.  35.       -0.2354980868        0.2266714631
 107.  36.        0.2193334463       -0.1766219690
 107.  37.        0.0940552706        0.2114652720
 107.  38.       -0.2786908912        0.6199915941
 107.  39.       -0.0481799512       -0.2489166990
 107.  40.        0.2224486413       -0.3438940419
 107.  41.       -0.0475866777        0.0220737039
 107.  42.        0.1058748948       -0.1263981649
 107.  43.       -0.0802391649        0.3198033279
 107.  44.       -0.0936334472       -0.1260800788
 107.  45.        0.3624341932        0.2334128905
 107.  46.        0.2188315140        0.3630306008
 107.  47.        0.1499784356       -0.0713079787
 107.  48.        0.2338139858       -0.2900506904
 107.  49.       -0.0119900993        0.1275749151
 107.  50.        0.2399630956       -0.1852188298
 107.  51.        0.0547750063        0.2888596499
 107.  52.       -0.1762964937       -0.0912366018
 107.  53.        0.2687999840       -0.4574321330
 107.  54.       -0.1418092112        0.1624298711
 107.  55.        0.1291763358       -0.2598539322
 107.  56.        0.4454404213        0.0840822834
 107.  57.        0.2858871392        0.1930216716
 107.  58.        0.2518360059        0.1619684458
 107.  59.        0.1629194191       -0.0376708040
 107.  60.       -0.3033379675       -0.0944334011
 107.  61.       -0.1553986486       -0.2684559699
 107.  62.        0.5620964121        0.3597869213
 107.  63.       -0.2301251971        0.2962533163
 107.  64.       -0.2837194669       -0.1551543113
 107.  65.       -0.2164600491       -0.1710067432
 107.  66.       -0.2168787257        0.0181861383
 107.  67.        0.6959669471        0.4899181153
 107.  68.       -0.3193883232        0.1732650525
 107.  69.        0.0457616480        0.2681938771
 107.  70.        0.3082313675       -0.6079530312
 107.  71.       -0.2168511263       -0.1097102652
 107.  72.       -0.3497349603       -0.2604404234
 107.  73.        0.0360184138       -0.2634137879
 107.  74.       -0.0494031962        0.1080306311
 107.  75.       -0.2951269305       -0.2306495887
 107.  76.       -0.0397731616       -0.0668055973
 107.  77.        0.0082118733        0.0301048938
 107.  78.       -0.2978128329        0.0823335804
 107.  79.        0.0837309239       -0.2341300151
 107.  80.       -0.0931115207       -0.0660649054
 107.  81.        0.3146955747       -0.2490770623
 107.  82.        0.2224892652        0.0613843593
 107.  83.       -0.2730014296        0.2603220120
 107.  84.       -0.3393849885        0.1372559340
 107.  85.        0.0769884134       -0.7773647187
 107.  86.       -0.0992887607        0.0025918859
 107.  87.       -0.3530542729        0.1498636601
 107.  88.        0.1459636668        0.4960458893
 107.  89.        0.4271686661        0.2297816663
 107.  90.       -0.2850961107       -0.2438063969
 107.  91.       -0.2369048301       -0.2327810159
 107.  92.       -0.5881911286        0.0851573767
 107.  93.        0.1888555854        0.0061285850
 107.  94.       -0.0884625915        0.3044523687
 107.  95.       -0.5205269865       -0.3104545840
 107.  96.        0.0878969266       -0.2388059406
 107.  97.        0.0774235704        0.1684729846
 107.  98.        0.0127005704       -0.1419017294
 107.  99.       -0.1361319926        0.0295053239
 107. 100.       -0.0930292956        0.0424168621
 107. 101.        0.0095228954        0.1112110093
 107. 102.       -0.2628802236        0.3682482935
 107. 103.        0.0592007717       -0.3832485894
 107. 104.        0.4626004366        0.0859042748
 107. 105.        0.1794759763       -0.7424543969
 107. 106.       -0.0731543316        0.7058732130
 107. 107.       -0.2028284157        0.1461404467
 108.   0.        0.2017304418        0.0000000000
 108.   1.       -0.1989307519       -0.0377544535
 108.   2.        0.0118243903       -0.3127254414
 108.   3.       -0.1611968962       -0.1043061202
 108.   4.       -0.2585292913        0.2667291681
 108.   5.        0.0293828149        0.1140496661
 108.   6.       -0.0247803180       -0.1700657678
 108.   7.       -0.3591876010        0.5298721831
 108.   8.       -0.2766130842        0.3827874799
 108.   9.       -0.1982584658       -0.0482030879
 108.  10.        0.1251488781        0.0269031443
 108.  11.        0.0484389981       -0.0247318283
 108.  12.       -0.3553399204        0.1077045288
 108.  13.       -0.0592911461       -0.0422829685
 108.  14.       -0.2501814041       -0.1106560686
 108.  15.        0.1009007950        0.3243977025
 108.  16.        0.1869964918        0.0131062835
 108.  17.        0.0783650940       -0.0799620019
 108.  18.       -0.3057177405        0.5640623647
 108.  19.       -0.2431785890        0.2747084872
 108.  20.        0.0442168013        0.0088749374
 108.  21.       -0.1597964147       -0.0913527972
 108.  22.       -0.0517545939       -0.1159522124
 108.  23.        0.0936943239        0.2050963082
 108.  24.        0.2282028288        0.0600119383
 108.  25.        0.0120359051       -0.5084286967
 108.  26.        0.4935799639       -0.4803714215
 108.  27.       -0.4968324089       -0.3995807150
 108.  28.        0.0858285439        0.1753933201
 108.  29.       -0.1093043370        0.2841604104
 108.  30.       -0.0830353209       -0.1487905557
 108.  31.       -0.0927688560        0.0423764483
 108.  32.        0.0826640389        0.5303172312
 108.  33.        0.0805031054        0.1673368157
 108.  34.        0.7580262947       -0.2928872552
 108.  35.        0.2147169471       -0.1153313201
 108.  36.        0.0946890936       -0.1825493088
 108.  37.       -0.0382700281       -0.2814325863
 108.  38.        0.1465864318       -0.3102988025
 108.  39.        0.1241308668        0.2714691141
 108.  40.        0.0483146029       -0.2400232705
 108.  41.       -0.3236989328       -0.2870004185
 108.  42.       -0.4008943932       -0.0170849611
 108.  43.        0.3014383305        0.4566657561
 108.  44.        0.0837237819        0.6594324069
 108.  45.       -0.0163168559       -0.2688753357
 108.  46.        0.2727664669       -0.2166876847
 108.  47.       -0.7336203388       -0.2484760410
 108.  48.       -0.1231255491       -0.2511246676
 108.  49.        0.0017255074        0.3206289791
 108.  50.        0.0442665686       -0.2479329349
 108.  51.        0.0553994576       -0.2438218785
 108.  52.        0.0418842920        0.1956926505
 108.  53.       -0.0514373323        0.2501745744
 108.  54.       -0.2799658742       -0.4707334620
 108.  55.       -0.1405233625       -0.5489711535
 108.  56.       -0.0155814498       -0.0778393576
 108.  57.       -0.3516591767       -0.1515300172
 108.  58.       -0.1592322001        0.1794580412
 108.  59.       -0.0161818049       -0.3059998303
 108.  60.       -0.0379535754        0.0469717583
 108.  61.       -0.1532849559       -0.1103760503
 108.  62.        0.2308781844        0.1301804098
 108.  63.        0.0809526503        0.3209928545
 108.  64.        0.1712272961        0.0309477447
 108.  65.       -0.2120051009       -0.5027491087
 108.  66.        0.3121507756       -0.4552075393
 108.  67.       -0.4868791464       -0.6360126250
 108.  68.        0.2935996080        0.1279987777
 108.  69.       -0.7158255085       -0.0713052776
 108.  70.        0.2250162820        0.5065663298
 108.  71.        0.1208543899       -0.2620416537
 108.  72.       -0.2846751501       -0.0918770088
 108.  73.       -0.4520582511        0.2928523753
 108.  74.       -0.2574760632        0.6513648139
 108.  75.       -0.5168954023        0.1779188292
 108.  76.        0.0405492245       -0.1740533599
 108.  77.        0.2633186416        0.3288088351
 108.  78.       -0.1253591586        0.0412234988
 108.  79.        0.4837178615       -0.3679714105
 108.  80.        0.2687671453       -0.0132897075
 108.  81.       -0.1979095118        0.1979945219
 108.  82.       -0.2759245438        0.0464579967
 108.  83.        0.0557638719       -0.3912663767
 108.  84.       -0.1000225489        0.0785166331
 108.  85.       -0.1381275038        0.0023873779
 108.  86.        0.3617855034       -0.5560105624
 108.  87.       -0.2047236437       -0.1268762796
 108.  88.       -0.2552439745        0.0038575092
 108.  89.        0.3234228019       -0.2668435909
 108.  90.       -0.1988615759       -0.1700560206
 108.  91.       -0.3433507700       -0.0426638710
 108.  92.       -0.0501954098       -0.0471934354
 108.  93.       -0.1128409663        0.4207792881
 108.  94.        0.7690204240       -0.6587635888
 108.  95.        0.0092225751       -0.4579615412
 108.  96.        0.4391422243        0.0482104930
 108.  97.        0.1337326022       -0.1899214018
 108.  98.       -0.1078123049        0.2648339804
 108.  99.        0.0405933959        0.5649661909
 108. 100.        0.5023202794       -0.4992690416
 108. 101.        0.3380546379        0.2177327666
 108. 102.       -0.1950581555        0.0887084193
 108. 103.        0.1860061684        0.4846898077
 108. 104.       -0.0519188428       -0.1463222109
 108. 105.       -0.1068268954        0.2204306095
 108. 106.       -0.3600322470       -0.0788200339
 108. 107.       -0.0345547128       -0.0518972084
 108. 108.        0.4465125423        0.0620644290
 109.   0.       -0.0702083409        0.0000000000
 109.   1.        0.4176140291        0.0151547408
 109.   2.       -0.2667204411       -0.0803808428
 109.   3.        0.1312499308       -0.3534141632
 109.   4.        0.3767933692        0.1377293376
 109.   5.       -0.1304771718       -0.0374806083
 109.   6.        0.0861852649       -0.1391279131
 109.   7.        0.1431232763       -0.3874160812
 109.   8.       -0.1447819599       -0.2904527000
 109.   9.        0.2266245014       -0.1360781686
 109.  10.        0.0712496422       -0.0457939697
 109.  11.        0.2765032051       -0.0137853783
 109.  12.        0.0856620302       -0.0558538257
 109.  13.        0.1931673316        0.0601622376
 109.  14.       -0.1662895125        0.0994050505
 109.  15.       -0.1829722420       -0.3141055750
 109.  16.       -0.0446410742        0.5428045810
 109.  17.       -0.3438995405       -0.0788980267
 109.  18.        0.2168969244       -0.2445128093
 109.  19.        0.2130812044       -0.1345556779
 109.  20.       -0.1805721565       -0.0445992022
 109.  21.        0.0242281582        0.1776065948
 109.  22.        0.0361641369        0.2670380498
 109.  23.        0.0120502008       -0.2583972405
 109.  24.        0.3040962260        0.0636395444
 109.  25.       -0.2153233609        0.1803292399
 109.  26.        0.2238874724        0.1050279476
 109.  27.       -0.1421616475        0.1091561075
 109.  28.       -0.3773205256       -0.1957069707
 109.  29.       -0.1475880506        0.0527975743
 109.  30.        0.1286420650        0.3705852074
 109.  31.        0.0851943551       -0.2240498817
 109.  32.        0.0241993808       -0.5575557559
 109.  33.        0.1086138117        0.0251314063
 109.  34.       -0.4523423104        0.4298316795
 109.  35.        0.2134458088       -0.3569578235
 109.  36.       -0.3624627207        0.0100952563
 109.  37.        0.3946703885        0.0911746856
 109.  38.        0.2082291203        0.2904426113
 109.  39.        0.1823063021        0.1299795974
 109.  40.       -0.1507010677        0.3263578452
 109.  41.        0.0510252371       -0.1233986377
 109.  42.       -0.2824498395        0.1234934042
 109.  43.        0.4449520461       -0.6375398729
 109.  44.        0.0180049500        0.2449519858
 109.  45.       -0.2570551466       -0.1514740575
 109.  46.        0.2194643130       -0.3184850099
 109.  47.       -0.4056292304        0.1187452651
 109.  48.       -0.0787001449       -0.0210751478
 109.  49.       -0.1213566841       -0.0974831004
 109.  50.       -0.3814014044       -0.0020889227
 109.  51.       -0.3872087038       -0.1333634302
 109.  52.        0.1534079964       -0.1501010786
 109.  53.       -0.2889317052        0.4316257347
 109.  54.       -0.1042055567       -0.3974232526
 109.  55.       -0.0154817101       -0.3401165884
 109.  56.       -0.3577153998        0.2104579911
 109.  57.        0.1940025956       -0.0601327705
 109.  58.        0.0708145937       -0.1917279820
 109.  59.       -0.2097879882       -0.3240919840
 109.  60.       -0.1910597354        0.0710099711
 109.  61.       -0.1644663444        0.4811800972
 109.  62.        0.0621041481       -0.2459977399
 109.  63.       -0.1044402048       -0.2469271603
 109.  64.        0.3304029026        0.1236154185
 109.  65.       -0.1053351676        0.2114292151
 109.  66.       -0.0926877310       -0.0601758384
 109.  67.       -0.4533433510       -0.1517831097
 109.  68.        0.1580207962        0.3635999851
 109.  69.        0.3709616456        0.1184366301
 109.  70.       -0.2104012891       -0.2299387532
 109.  71.       -0.0363487720        0.2047655674
 109.  72.        0.2621400014       -0.3881943884
 109.  73.       -0.2615285213       -0.2782774782
 109.  74.       -0.1412908619       -0.1567033839
 109.  75.       -0.1755965355        0.0738893685
 109.  76.       -0.2632289067       -0.4214035174
 109.  77.        0.0849692221       -0.3688147851
 109.  78.       -0.4270966069        0.1581089908
 109.  79.        0.1552243324        0.3565757689
 109.  80.        0.3694022077        0.1913695720
 109.  81.        0.2408878785       -0.0156733945
 109.  82.        0.2258635358        0.0011993364
 109.  83.        0.1374479187        0.3329992568
 109.  84.        0.1208705426       -0.0479565711
 109.  85.        0.8576987096       -0.1615670844
 109.  86.       -0.3627451491        0.3392214546
 109.  87.        0.0641162838        0.1265397566
 109.  88.       -0.1884959169       -0.8481750912
 109.  89.       -0.1014299146        0.2265473103
 109.  90.       -0.0991816585       -0.2044893785
 109.  91.        0.0735562007       -0.0650884684
 109.  92.        0.2050794952       -0.2564773754
 109.  93.        0.0254920056       -0.3514924800
 109.  94.        0.0711584727        0.0924335034
 109.  95.        0.1043276487        0.2889964590
 109.  96.        0.1457231232        0.1680700320
 109.  97.       -0.5166609093        0.0564175804
 109.  98.        0.5774527113        0.4189112188
 109.  99.       -0.3723590047       -0.3960169559
 109. 100.        0.1353223012       -0.4810026412
 109. 101.       -0.2100556904       -0.3461950870
 109. 102.        0.0899832232        0.4434704853
 109. 103.        0.2260575182       -0.0430620543
 109. 104.        0.3496645062        0.0735338109
 109. 105.        0.1509576687       -0.6368128762
 109. 106.        0.5313896822        0.2332232434
 109. 107.       -0.4821307234        0.6849100770
 109. 108.       -0.1352809800       -0.5712705269
 109. 109.       -0.1341061505       -0.2814629533
 110.   0.       -0.1933951602        0.0000000000
 110.   1.        0.2192486392        0.0093227069
 110.   2.        0.1231823122        0.0232028563
 110.   3.       -0.0061574443        0.0221286469
 110.   4.       -0.2987410554       -0.2385497275
 110.   5.        0.0915069385        0.1696073396
 110.   6.       -0.2723669171        0.2788304148
 110.   7.        0.4041607738       -0.2860091483
 110.   8.       -0.1596602050        0.0056063179
 110.   9.        0.0170370352        0.0032864453
 110.  10.        0.1937894226        0.1522428141
 110.  11.        0.0141291814        0.2237146056
 110.  12.        0.3057132891        0.2626913161
 110.  13.       -0.0507503007       -0.1429362488
 110.  14.       -0.0996009350        0.4444010809
 110.  15.       -0.3554861930       -0.3418824447
 110.  16.       -0.3370200897       -0.1955124731
 110.  17.       -0.0787682419        0.0753521262
 110.  18.        0.1200827030       -0.2823240248
 110.  19.        0.0539775080       -0.1098316450
 110.  20.        0.5352347517       -0.1659732013
 110.  21.        0.1595358299        0.1541553960
 110.  22.       -0.2119416030       -0.2131043013
 110.  23.       -0.3700931718       -0.2135518064
 110.  24.       -0.1512793449        0.1551481763
 110.  25.        0.0368000286        0.6341159371
 110.  26.       -0.0506610891       -0.2071989342
 110.  27.       -0.0487919242       -0.0935725356
 110.  28.        0.0151246950        0.1631014367
 110.  29.        0.2540429453       -0.3855819242
 110.  30.        0.1574647360        0.2842972480
 110.  31.        0.2299620944        0.1291263706
 110.  32.       -0.0273915274       -0.2469184153
 110.  33.        0.1637576635       -0.2424137932
 110.  34.       -0.2688119249        0.1090335826
 110.  35.       -0.2072851923        0.1675069215
 110.  36.       -0.1136378646       -0.2748524631
 110.  37.        0.3586580222       -0.2854689166
 110.  38.        0.2094876517       -0.0196203096
 110.  39.        0.0905187813       -0.1159644974
 110.  40.        0.2643151618        0.0213520260
 110.  41.        0.0959800295        0.0474010246
 110.  42.       -0.2277077503       -0.7008794505
 110.  43.       -0.0665155487       -0.0861515174
 110.  44.        0.1580947208       -0.3617273755
 110.  45.        0.2911997924        0.2997023700
 110.  46.       -0.0920792140        0.3580922074
 110.  47.        0.4075983344        0.0293087777
 110.  48.        0.0538913136       -0.1606201674
 110.  49.       -0.0294440253       -0.1102672928
 110.  50.        0.0014858429       -0.4636296292
 110.  51.       -0.0465026098       -0.0067210518
 110.  52.       -0.0333327393       -0.8473248455
 110.  53.       -0.0119691764       -0.3446186460
 110.  54.       -0.2719601268        0.0509329643
 110.  55.        0.0147861610        0.0663793604
 110.  56.       -0.0785132331        0.3874236468
 110.  57.       -0.0605875510       -0.4490051601
 110.  58.       -0.1815334461        0.1583579483
 110.  59.       -0.2648630815       -0.1399020227
 110.  60.        0.1574364080       -0.2495993623
 110.  61.       -0.2188479143       -0.4240082850
 110.  62.       -0.3971865593        0.0019491654
 110.  63.        0.0893584825        0.5114937538
 110.  64.       -0.0307228234       -0.2072727540
 110.  65.        0.0112302285        0.0131771614
 110.  66.       -0.5058049228        0.3858403054
 110.  67.        0.3895556104        0.3283321261
 110.  68.        0.2126813839       -0.2180842349
 110.  69.       -0.0935191876       -0.0417657375
 110.  70.       -0.0487496786       -0.0006514422
 110.  71.        0.3941224253        0.1073717456
 110.  72.        0.2653518410        0.2908299522
 110.  73.        0.7204323096       -0.3029042866
 110.  74.        0.5666425464        0.1994902760
 110.  75.       -0.1658416361        0.1313091288
 110.  76.       -0.4062983586        0.7663198938
 110.  77.        0.0849648590        0.0769390573
 110.  78.        0.0557836387        0.3281231627
 110.  79.       -0.1360495990        0.1194883792
 110.  80.       -0.0340051037       -0.4480379441
 110.  81.        0.2193785703        0.0529562648
 110.  82.        0.1930910800        0.0645615278
 110.  83.       -0.0722636787       -0.0714145654
 110.  84.        0.1606659739        0.0465418922
 110.  85.       -0.4123800343        0.3455811003
 110.  86.        0.0420701249        0.4201269730
 110.  87.       -0.3034360909       -0.0853532862
 110.  88.        0.1448350606        0.0793333461
 110.  89.        0.4136794127        0.4565852641
 110.  90.        0.1215662704        0.0745997239
 110.  91.       -0.5264948310        0.2704241753
 110.  92.        0.0407554587        0.4347719852
 110.  93.        0.4282047160        0.1470102930
 110.  94.        0.3126640384       -0.4353299598
 110.  95.       -0.1298149132        0.1081103098
 110.  96.       -0.0483384287        0.4590401150
 110.  97.       -0.0597378271        0.1120780893
 110.  98.        0.1055457716       -0.1508805983
 110.  99.        0.3920618781        0.1096816047
 110. 100.       -0.0548288600        0.5151287815
 110. 101.        0.2108510757       -0.1483168568
 110. 102.       -0.1707516112       -0.0937075933
 110. 103.        0.1336032408       -0.0834818281
 110. 104.        0.1400860545       -0.7465921969
 110. 105.        0.5936253827       -0.0020027123
 110. 106.        0.3246217324        0.1698459177
 110. 107.       -0.3418436412        0.3417392247
 110. 108.        0.2540940904       -0.3348201699
 110. 109.        0.4302483707       -0.0946728445
 110. 110.       -0.2497222198        0.6997106922
 111.   0.       -0.1361364142        0.0000000000
 111.   1.       -0.3007064477       -0.1181548281
 111.   2.        0.0027907934        0.0694800554
 111.   3.        0.0642172733        0.1191886396
 111.   4.        0.0532696767       -0.2058511998
 111.   5.       -0.0118238845       -0.1022260496
 111.   6.       -0.0532108469        0.1496409302
 111.   7.        0.0203041872        0.2352638637
 111.   8.        0.0759365840        0.2925512744
 111.   9.       -0.2253098997        0.0206021486
 111.  10.       -0.1602148410        0.0924068005
 111.  11.       -0.3787904775       -0.0457739796
 111.  12.        0.0916762145       -0.1050711854
 111.  13.        0.0821220891       -0.1686910663
 111.  14.       -0.0957201837        0.0552263489
 111.  15.       -0.0062913274        0.0927612225
 111.  16.        0.0322887713       -0.2575574655
 111.  17.        0.1695559879        0.1126738036
 111.  18.        0.1081808379        0.0978731031
 111.  19.        0.0028653592        0.0245396957
 111.  20.       -0.0464733255        0.2075311387
 111.  21.       -0.0012728609       -0.0306477223
 111.  22.        0.1873179510       -0.2277944986
 111.  23.       -0.0634937907        0.2708709861
 111.  24.       -0.2316093699        0.0511054411
 111.  25.       -0.0248100601       -0.0821206954
 111.  26.        0.0994363309       -0.1568977342
 111.  27.        0.0646428058        0.0348667597
 111.  28.        0.0487611507       -0.2880006568
 111.  29.        0.0596434242        0.0768014040
 111.  30.       -0.0221458839       -0.0533939707
 111.  31.       -0.0291258975        0.0898788970
 111.  32.       -0.0112184241       -0.1662062695
 111.  33.        0.3450099208        0.1698221727
 111.  34.        0.1399098422        0.1898625963
 111.  35.       -0.0039988514        0.2588018131
 111.  36.        0.1661106046        0.1420917856
 111.  37.       -0.2070949357        0.2763962632
 111.  38.       -0.1163008900       -0.1345996564
 111.  39.       -0.3696703386        0.0158064620
 111.  40.       -0.0666920454        0.1773608624
 111.  41.       -0.3583228377       -0.0014300621
 111.  42.        0.2273886432        0.0515396519
 111.  43.        0.0236780979        0.0396222657
 111.  44.        0.1345751493        0.5059512492
 111.  45.        0.2361718764       -0.0904154102
 111.  46.       -0.0042812242        0.1088161310
 111.  47.        0.2483395178       -0.0102109058
 111.  48.       -0.1092867420        0.2177338408
 111.  49.       -0.1260177683        0.1564807644
 111.  50.        0.0981063440       -0.1771179773
 111.  51.       -0.2525447112       -0.3152554342
 111.  52.       -0.4872500286       -0.0251536626
 111.  53.        0.0244374829        0.1903900535
 111.  54.        0.6454899656        0.3815792737
 111.  55.        0.1392937225        0.3079254175
 111.  56.        0.0593718807       -0.0302892432
 111.  57.       -0.1298464685        0.2551557391
 111.  58.        0.1751963439        0.1644078138
 111.  59.       -0.2999990797        0.1668151501
 111.  60.        0.0525540083       -0.2895364979
 111.  61.        0.2632869475       -0.1034406816
 111.  62.       -0.1931939907       -0.1523777824
 111.  63.       -0.2464320899        0.4631702327
 111.  64.       -0.2353435847        0.1323490356
 111.  65.        0.1888728049       -0.1977781211
 111.  66.       -0.0044818447        0.1988531215
 111.  67.        0.0537522530       -0.0839937108
 111.  68.        0.2335084811       -0.3999906547
 111.  69.        0.0708525160       -0.0004010423
 111.  70.       -0.3195090343       -0.0746647155
 111.  71.        0.1442410228       -0.1858663403
 111.  72.       -0.0739406304       -0.0597973989
 111.  73.       -0.0127971997       -0.2852816753
 111.  74.        0.0802057597        0.2792996967
 111.  75.        0.3012692879       -0.4478051577
 111.  76.        0.2788400183       -0.0840602528
 111.  77.        0.0904847728        0.2864486069
 111.  78.        0.4047013320        0.1895576416
 111.  79.        0.3575466328       -0.1404699428
 111.  80.       -0.3159073594        0.0107160013
 111.  81.        0.0093328529        0.2764163431
 111.  82.       -0.8360792441        0.3005927377
 111.  83.       -0.0865198397       -0.0486792957
 111.  84.        0.0321541369        0.3505614549
 111.  85.        0.1764871195        0.0249170428
 111.  86.       -0.3281583105       -0.5806325737
 111.  87.        0.1568003187       -0.2023878741
 111.  88.        0.2257549054       -0.4451476029
 111.  89.        0.0108425418        0.0591499120
 111.  90.       -0.2731144089       -0.0726111142
 111.  91.        0.3098779450       -0.7609953472
 111.  92.        0.2586180334        0.1762939579
 111.  93.       -0.7597603497       -0.3928394778
 111.  94.        0.2858404057        0.4150217372
 111.  95.        0.1428929848        0.3664680249
 111.  96.        0.2481804821        0.4015704729
 111.  97.        0.2605924559        0.0654267872
 111.  98.        0.4719376787        0.4976722407
 111.  99.       -0.2541302114        0.0875787930
 111. 100.       -0.5548750070        0.3074629386
 111. 101.        0.7017316260        0.1319346699
 111. 102.       -0.0697555760        0.2079482113
 111. 103.        0.1843586106       -0.2404034208
 111. 104.       -0.5186836667        0.2813643150
 111. 105.       -0.3307485881       -0.3297088566
 111. 106.        0.2199585464        0.4566428147
 111. 107.        0.3037578851       -0.1144603085
 111. 108.       -0.5570377402       -0.0114760548
 111. 109.       -0.8929529132       -0.0864871144
 111. 110.       -0.2606339900        0.2460076358
 111. 111.        0.3800630518       -0.0232478092
 112.   0.       -0.0738323670        0.0000000000
 112.   1.       -0.5092581308       -0.0593019714
 112.   2.       -0.2394176612        0.1378524587
 112.   3.        0.1295004737       -0.1422010085
 112.   4.        0.5513224676        0.1561649481
 112.   5.        0.1234697673       -0.4197467452
 112.   6.        0.2930752810       -0.1285332102
 112.   7.       -0.2576818659       -0.1009836273
 112.   8.        0.3461329430        0.0299300934
 112.   9.        0.3219881350        0.2607677522
 112.  10.       -0.0105092678       -0.1855719101
 112.  11.       -0.3631771829        0.0402472446
 112.  12.       -0.1724106186       -0.1688971891
 112.  13.       -0.0631442656        0.3522335063
 112.  14.        0.1481251808       -0.2678793677
 112.  15.        0.1691698106        0.0318019114
 112.  16.        0.3232507150       -0.1416818235
 112.  17.       -0.1711198220        0.2468800257
 112.  18.       -0.1380228939        0.0404734102
 112.  19.       -0.0109240237       -0.5002115470
 112.  20.       -0.2547270007        0.3017058908
 112.  21.       -0.1033205504       -0.2542161213
 112.  22.        0.0759993577        0.0721904321
 112.  23.        0.1492517260        0.0886347534
 112.  24.        0.0963099569       -0.1603824686
 112.  25.       -0.0524112788       -0.1344319410
 112.  26.       -0.0150693193       -0.0715573487
 112.  27.       -0.1570463933        0.4960285363
 112.  28.       -0.0874908307       -0.4562938339
 112.  29.       -0.1035831942        0.3393852347
 112.  30.       -0.1466097616        0.2983452658
 112.  31.        0.2388872238       -0.0855192712
 112.  32.        0.1913482640       -0.0341888773
 112.  33.       -0.1123367897       -0.0738911573
 112.  34.        0.3070810000       -0.2520384815
 112.  35.        0.0955419382       -0.4108664342
 112.  36.       -0.2050853494        0.4969707524
 112.  37.       -0.4551597553        0.2227662804
 112.  38.       -0.0279714890       -0.2256663519
 112.  39.        0.1733522762        0.2830967549
 112.  40.       -0.1734232085        0.3137658680
 112.  41.       -0.1386518069       -0.2380660723
 112.  42.        0.3961251616        0.6187380820
 112.  43.        0.0639477132       -0.0883424945
 112.  44.        0.3438371641        0.2673724003
 112.  45.       -0.0548166721       -0.1411375568
 112.  46.       -0.2315617976       -0.2423094441
 112.  47.       -0.0911218830       -0.2426026926
 112.  48.       -0.3840466276        0.0401241210
 112.  49.       -0.2457188245       -0.2128623666
 112.  50.        0.1133746521        0.4618230124
 112.  51.        0.0897366985       -0.3219920104
 112.  52.        0.0957069934        0.4027198874
 112.  53.       -0.0534016535       -0.0343323496
 112.  54.        0.7024387638        0.0344208537
 112.  55.        0.0889326104        0.4441523101
 112.  56.        0.0335512605       -0.3993472669
 112.  57.       -0.2817208771        0.5300976613
 112.  58.        0.4072374418        0.0298419508
 112.  59.        0.3688477754       -0.0864500379
 112.  60.       -0.2436306310       -0.0401469913
 112.  61.        0.3302011326        0.4082221084
 112.  62.        0.3079918347        0.3920746853
 112.  63.        0.1810039208        0.0112813414
 112.  64.       -0.4646586788       -0.4722724060
 112.  65.        0.1040254017       -0.1182053990
 112.  66.        0.0492459017       -0.1427894034
 112.  67.       -0.0173270873        0.1174983718
 112.  68.       -0.2826540897       -0.0145955258
 112.  69.        0.0169145060        0.1398453525
 112.  70.        0.2220787162       -0.1672492184
 112.  71.       -0.1210986391       -0.0281037427
 112.  72.        0.1778791746       -0.0403010746
 112.  73.        0.1273868690        0.0272091021
 112.  74.        0.0389527089       -0.0569488389
 112.  75.       -0.1553137418        0.5338747768
 112.  76.        0.3719877624        0.1652968892
 112.  77.        0.2004194374       -0.2568967481
 112.  78.       -0.0969690229        0.0406312817
 112.  79.        0.2262576251       -0.1452935570
 112.  80.       -0.2859178658       -0.0064505266
 112.  81.       -0.1762343203        0.0407692901
 112.  82.       -0.1602035777        0.0527110549
 112.  83.       -0.0878532381        0.2380003794
 112.  84.       -0.2221850536        0.1259721087
 112.  85.       -0.4928824428        0.2221016485
 112.  86.        0.1558845774       -0.0691751737
 112.  87.        0.2524432682       -0.2234294932
 112.  88.        0.1314023240       -0.0968893135
 112.  89.        0.1411612586       -0.8030330588
 112.  90.       -0.1472204652        0.0072314700
 112.  91.        0.2771296284       -0.1642828623
 112.  92.        0.2069344753        0.1017809763
 112.  93.        0.2888764660        0.0278241308
 112.  94.       -0.2752081420       -0.6668451621
 112.  95.       -0.3850513131        0.7615321068
 112.  96.        0.3397376416       -0.0906781356
 112.  97.       -0.2107137233       -0.2777338150
 112.  98.        0.0636923093        0.1926617321
 112.  99.       -0.1412747551       -0.4261880588
 112. 100.        0.2692434798       -0.0382147258
 112. 101.        0.0734189011        0.0233821421
 112. 102.        0.3940926101       -0.4558558665
 112. 103.        0.1624308344       -0.2038372412
 112. 104.        0.6064438892       -0.0850482851
 112. 105.       -0.0808949264       -0.0638420009
 112. 106.       -0.1337448985       -0.1034843711
 112. 107.        0.0869614703       -0.3885452372
 112. 108.        0.1281214117        0.5207526060
 112. 109.       -0.2249567418       -0.5985007389
 112. 110.        0.1512272528       -0.6179504537
 112. 111.       -0.1108634097        0.4891574795
 112. 112.        0.4107375575       -0.0340484340
 113.   0.        0.1742123514        0.0000000000
 113.   1.        0.0969737391       -0.0404249022
 113.   2.        0.0452315009        0.1215137900
 113.   3.       -0.0783314617        0.2214780797
 113.   4.        0.0074195445        0.2033773309
 113.   5.        0.0492602171        0.1175269024
 113.   6.        0.1863307329       -0.0141544728
 113.   7.       -0.5242044174        0.1231884264
 113.   8.       -0.0476593938        0.0907820295
 113.   9.       -0.0808932675        0.1382131750
 113.  10.        0.2624767342       -0.1328840561
 113.  11.        0.4170957681       -0.0153994510
 113.  12.       -0.0392324701        0.2360089241
 113.  13.        0.0154125951       -0.0295567137
 113.  14.        0.2328521870        0.1897356791
 113.  15.        0.0354063716       -0.0076463264
 113.  16.       -0.2008605566        0.0261167395
 113.  17.        0.1486592505        0.1275068078
 113.  18.       -0.2273765447       -0.0007525199
 113.  19.        0.1986436579        0.2209691625
 113.  20.        0.1923709901        0.0597977732
 113.  21.        0.1481251587        0.0815179788
 113.  22.       -0.0308706976        0.0921730905
 113.  23.       -0.0303062303       -0.2452191759
 113.  24.       -0.1206144389       -0.2500616091
 113.  25.        0.2910563805        0.0754498477
 113.  26.       -0.1590852996        0.1132982897
 113.  27.        0.1193141085       -0.2147586728
 113.  28.       -0.0694658742        0.5008508107
 113.  29.        0.0310012771       -0.0672973405
 113.  30.        0.4161449050       -0.2769960856
 113.  31.        0.1219158199        0.3620815550
 113.  32.        0.1424204578        0.1288400983
 113.  33.        0.0463394908       -0.0601066964
 113.  34.        0.3095679820       -0.2295641553
 113.  35.       -0.1782780626       -0.0214727089
 113.  36.       -0.0963203135       -0.5116678577
 113.  37.        0.0795102574        0.1204122231
 113.  38.        0.0630358358        0.1977174190
 113.  39.        0.5703382543        0.2857743664
 113.  40.        0.5064529119       -0.1157499149
 113.  41.        0.3489812873        0.1953695031
 113.  42.       -0.2657411384       -0.4286973043
 113.  43.       -0.0908214004       -0.2428563330
 113.  44.       -0.3456319718       -0.3498913386
 113.  45.       -0.1667087078       -0.0087511511
 113.  46.       -0.1343981010        0.3963161860
 113.  47.        0.1851743374        0.2638893371
 113.  48.        0.2392899574        0.0720803465
 113.  49.        0.4351632599       -0.2644114463
 113.  50.       -0.2570050385        0.2150953434
 113.  51.        0.0282268427        0.3539905928
 113.  52.        0.3691285763       -0.2809961713
 113.  53.        0.0792806595       -0.1229112915
 113.  54.        0.1454683018       -0.4125256681
 113.  55.        0.0322600797       -0.3004112266
 113.  56.        0.4398767007        0.0624961876
 113.  57.       -0.4614241133        0.2339881464
 113.  58.       -0.3191227790       -0.2662674878
 113.  59.        0.1813179333       -0.1542576025
 113.  60.       -0.1079760367       -0.0258622319
 113.  61.        0.2223830509       -0.5721179061
 113.  62.        0.1922677126        0.0700815807
 113.  63.        0.0038361557        0.0009032844
 113.  64.        0.2233094680       -0.4053999617
 113.  65.        0.2015254146       -0.3960451030
 113.  66.        0.1295623619       -0.1328413410
 113.  67.        0.1954681487        0.2162868700
 113.  68.       -0.0323715831       -0.0879046658
 113.  69.        0.1043690410        0.1976451297
 113.  70.       -0.1172687185       -0.4184962539
 113.  71.        0.0090391325        0.3808892368
 113.  72.       -0.3390987682       -0.2757195829
 113.  73.        0.2722637235       -0.1662216649
 113.  74.       -0.0285307168        0.2236613109
 113.  75.       -0.1235340847        0.2694122442
 113.  76.        0.0378287209        0.4572795536
 113.  77.       -0.1937397624        0.0496376851
 113.  78.       -0.0486420972        0.1214666285
 113.  79.       -0.8978759171        0.0260116852
 113.  80.        0.3810583102       -0.0794989965
 113.  81.       -0.1145955526        0.1440292722
 113.  82.        0.6430585915       -0.0663243233
 113.  83.        0.1528639028       -0.1095026905
 113.  84.        0.4856362651        0.2571259119
 113.  85.       -0.4704869255        0.1437818167
 113.  86.        0.2730951902       -0.2195701592
 113.  87.        0.1920566516        0.2200213813
 113.  88.        0.2096832755       -0.1819120825
 113.  89.       -0.2384401274       -0.1671850684
 113.  90.       -0.0633098130       -0.0052744572
 113.  91.       -0.0404655802        0.0175163466
 113.  92.       -0.0609625864        0.0580138172
 113.  93.        0.4372474774        0.1196409874
 113.  94.        0.2304540061       -0.1295187158
 113.  95.       -0.0656727512        0.2699481167
 113.  96.       -0.1990056326        0.0337422572
 113.  97.        0.3289908892        0.2929904784
 113.  98.       -0.1247905804       -0.3222391920
 113.  99.       -0.0842238135        0.3268284545
 113. 100.        0.0039672121        0.3878395370
 113. 101.       -0.2864330555        0.1487933574
 113. 102.        0.2914015262        0.2224087392
 113. 103.       -0.3662243885        0.3202560085
 113. 104.        0.0043944898       -0.1069147361
 113. 105.        0.1805131388       -0.1454205019
 113. 106.       -0.0525643844        0.1846887165
 113. 107.        0.1954395159       -0.0139063397
 113. 108.       -0.0213551460        0.2791857843
 113. 109.        0.2871465218        0.1607507006
 113. 110.        0.2136031386       -0.3586427654
 113. 111.        0.2608870212        0.1771011589
 113. 112.        0.0002395637       -0.0613862364
 113. 113.       -0.2025837225       -0.0454791962
 114.   0.        0.0412182025        0.0000000000
 114.   1.        0.3941264629        0.2852416169
 114.   2.        0.1937169803        0.0628217763
 114.   3.       -0.0535689143        0.2340325349
 114.   4.       -0.3101819364       -0.0723092434
 114.   5.       -0.4505972272        0.0420756226
 114.   6.       -0.2048383487       -0.1596740430
 114.   7.        0.0940092814        0.0432784252
 114.   8.       -0.0622966205       -0.3014910869
 114.   9.       -0.2645593583        0.0176774392
 114.  10.       -0.2822538389        0.0542960618
 114.  11.        0.2292845521       -0.5053631013
 114.  12.        0.0698416978       -0.1348554448
 114.  13.       -0.0221285081       -0.1319066727
 114.  14.        0.0546696953       -0.3071684498
 114.  15.        0.2324819825        0.2384564121
 114.  16.       -0.2611917496        0.0017630972
 114.  17.        0.0322442999       -0.4513238767
 114.  18.        0.2005444262        0.1684697624
 114.  19.       -0.1797986690        0.2709689930
 114.  20.       -0.1509937612       -0.4347094461
 114.  21.        0.2433966090        0.0027221888
 114.  22.       -0.0750188579        0.1286278505
 114.  23.       -0.0246498417        0.2260716564
 114.  24.       -0.0966426934       -0.1593792000
 114.  25.       -0.0487272209       -0.0944190086
 114.  26.       -0.3414444442        0.2721912323
 114.  27.        0.0004295909       -0.2135725951
 114.  28.        0.2727356679        0.4327700465
 114.  29.        0.0474001662       -0.0018065021
 114.  30.        0.1949210396       -0.4189947608
 114.  31.        0.1529151546        0.0797086520
 114.  32.       -0.0947952786        0.2382412896
 114.  33.       -0.0386591542        0.2597398359
 114.  34.        0.0552663278        0.0850676056
 114.  35.        0.0155316524        0.1724547453
 114.  36.        0.3007747532       -0.0034048274
 114.  37.        0.1917449752       -0.2946974769
 114.  38.        0.0408918065        0.0509424886
 114.  39.       -0.2421286681       -0.1569420520
 114.  40.        0.4829237588       -0.2956253242
 114.  41.       -0.0759582280        0.1090949763
 114.  42.       -0.1078848795        0.0297329457
 114.  43.        0.0281799196       -0.2045627250
 114.  44.        0.0844582347       -0.0889723871
 114.  45.       -0.1837279035        0.3502717393
 114.  46.        0.0129175034        0.4619651657
 114.  47.        0.1819684445        0.2278291125
 114.  48.        0.3576346787       -0.1609691201
 114.  49.        0.0671737697        0.2857165519
 114.  50.       -0.3653362766       -0.5054576025
 114.  51.       -0.0105212920        0.0459567681
 114.  52.        0.0894330593       -0.2917248084
 114.  53.        0.2626709212       -0.4235356646
 114.  54.       -0.1322960262        0.2258687865
 114.  55.       -0.3023988132       -0.1073680271
 114.  56.        0.1185723621        0.5362894311
 114.  57.        0.3927579121       -0.2901960979
 114.  58.        0.1584403668        0.1017412840
 114.  59.       -0.0474838260       -0.0652170330
 114.  60.        0.0633327710        0.2371210731
 114.  61.       -0.2447333501       -0.4351230191
 114.  62.       -0.4202694422        0.1776362606
 114.  63.       -0.1271461306        0.1549368037
 114.  64.       -0.1888918495       -0.1632045778
 114.  65.        0.0956014796        0.1207648888
 114.  66.       -0.0240617881       -0.1999400861
 114.  67.       -0.2152818339       -0.0198853241
 114.  68.        0.1441714295       -0.0096683730
 114.  69.        0.0164785688       -0.0385182307
 114.  70.       -0.3035624050       -0.3216391212
 114.  71.       -0.0101586592       -0.2058679512
 114.  72.        0.3114387903       -0.1137120203
 114.  73.        0.1299835682       -0.1608021254
 114.  74.        0.3760148888       -0.0038240182
 114.  75.        0.1953914327       -0.3365119821
 114.  76.        0.2281941877        0.3102254858
 114.  77.       -0.4364634633       -0.0799249872
 114.  78.        0.1114470014       -0.3798677465
 114.  79.        0.0164319504        0.2041760778
 114.  80.       -0.0045063291        0.0243427981
 114.  81.        0.4027450558        0.3208755910
 114.  82.        0.3363137704       -0.1831773711
 114.  83.        0.2167460343       -0.0719070882
 114.  84.        0.0989234083        0.0847391477
 114.  85.       -0.2486719287       -0.2751405303
 114.  86.        0.1753314533       -0.4004389304
 114.  87.       -0.1087095094       -0.2814045352
 114.  88.        0.2786349530       -0.0161683710
 114.  89.        0.1480279658        0.0183793117
 114.  90.        0.0400629112        0.3123323909
 114.  91.       -0.1158836531       -0.4072432572
 114.  92.        0.7333736819       -0.3680550145
 114.  93.       -0.1287925097        0.2173354288
 114.  94.       -0.0002559782       -0.1215294185
 114.  95.        0.2066114197        0.1848006383
 114.  96.       -0.5588386662        0.0413250364
 114.  97.       -0.5264223235       -0.1724347083
 114.  98.       -0.1141356949       -0.0346087148
 114.  99.        0.0836211746       -0.0039760774
 114. 100.       -0.0381763885        0.4303776536
 114. 101.        0.0340636504       -0.2971111091
 114. 102.        0.2070867917        0.2933030605
 114. 103.        0.0587846668        0.1035600911
 114. 104.        0.0396140769       -0.4566845204
 114. 105.        0.2395639957       -0.3244863888
 114. 106.       -0.2859248124       -0.3051835283
 114. 107.       -0.2570638968        0.2897395062
 114. 108.       -0.1921388478        0.3088586992
 114. 109.       -0.7008770749        0.1798815440
 114. 110.       -0.1019928344       -0.2894001273
 114. 111.        0.1853741330       -0.0672699745
 114. 112.       -0.3621559328        0.0470054986
 114. 113.        0.2012200934       -0.5824179874
 114. 114.       -0.0117511438       -0.3938696284
 115.   0.       -0.1848858869        0.0000000000
 115.   1.       -0.0913820825        0.1121867116
 115.   2.        0.1044088421       -0.3178072805
 115.   3.        0.0876052371       -0.2983319592
 115.   4.       -0.3094113785       -0.2100774190
 115.   5.        0.0371279394       -0.0159760432
 115.   6.       -0.0696821527       -0.0452605094
 115.   7.        0.3577827580       -0.0124402699
 115.   8.       -0.0263738624       -0.2215655223
 115.   9.        0.0745094226       -0.2410182151
 115.  10.        0.0070358614       -0.0997119287
 115.  11.       -0.2227637283        0.1701499921
 115.  12.        0.1087548599       -0.1249209000
 115.  13.       -0.2163479624       -0.0900313688
 115.  14.       -0.2052211881       -0.1946865223
 115.  15.        0.0127106206       -0.0106019911
 115.  16.        0.2557392457       -0.0339603261
 115.  17.       -0.1534926099       -0.2398332806
 115.  18.        0.2283156128       -0.1312231420
 115.  19.       -0.1538432200       -0.1005951954
 115.  20.        0.1417188458       -0.0158511072
 115.  21.       -0.2224978087        0.2332575466
 115.  22.        0.0162035146        0.1051713870
 115.  23.        0.1281229766        0.3148857682
 115.  24.       -0.1264976608        0.1837675998
 115.  25.        0.0033317254       -0.1065655176
 115.  26.        0.1580928468        0.0302631486
 115.  27.       -0.3867598729        0.0137927651
 115.  28.        0.2599947627       -0.2913118552
 115.  29.        0.2810759270        0.1570494809
 115.  30.       -0.1664955109        0.1881819671
 115.  31.       -0.2449370738       -0.2568738920
 115.  32.       -0.1089189705        0.1183813978
 115.  33.       -0.0889870763       -0.3212504934
 115.  34.        0.2289336131        0.0287925660
 115.  35.       -0.2820532635        0.0451301755
 115.  36.        0.0844719969        0.2228077620
 115.  37.        0.1151200879       -0.1091879111
 115.  38.        0.1123401201        0.0822743396
 115.  39.        0.1476525601       -0.2022790446
 115.  40.       -0.3768601878       -0.1591711448
 115.  41.       -0.3475998011       -0.0130735888
 115.  42.        0.1536990471       -0.1436560217
 115.  43.        0.1364256850       -0.0385361427
 115.  44.        0.1876736479        0.1317376196
 115.  45.        0.3841993241        0.0735849796
 115.  46.       -0.1768684753        0.0432172015
 115.  47.       -0.2632638350       -0.4700308477
 115.  48.       -0.1697876747        0.1192211112
 115.  49.        0.0615196481       -0.2958229037
 115.  50.       -0.0020401912        0.1445012034
 115.  51.       -0.1173077284        0.2495213769
 115.  52.       -0.1558333581        0.1113404488
 115.  53.       -0.2422033839        0.0828540012
 115.  54.       -0.1529862523        0.2648212545
 115.  55.       -0.0145469132        0.3330168326
 115.  56.       -0.2738314804        0.1329062420
 115.  57.        0.2138281597       -0.1462587257
 115.  58.        0.1080115869        0.1528334780
 115.  59.       -0.0496639437       -0.1674207169
 115.  60.       -0.0625734198        0.0437868437
 115.  61.       -0.1939029316        0.0895720031
 115.  62.        0.0471301577        0.1403386288
 115.  63.       -0.0160879641       -0.1102139039
 115.  64.        0.2575330642       -0.0724826471
 115.  65.       -0.3637123361        0.0158120524
 115.  66.        0.3157142859       -0.5702668510
 115.  67.       -0.1033680792       -0.2212767300
 115.  68.        0.2106978978       -0.1005238302
 115.  69.       -0.1776377666       -0.0497730176
 115.  70.        0.3130767794        0.1263831236
 115.  71.        0.3738828513       -0.0731070425
 115.  72.        0.2111602993       -0.5063928101
 115.  73.       -0.1625983633        0.1789451644
 115.  74.        0.4262017163       -0.1353768244
 115.  75.       -0.1100361227       -0.3092271006
 115.  76.       -0.1910309589        0.2329890746
 115.  77.        0.1235463495       -0.1394058597
 115.  78.        0.2912615663        0.0562572365
 115.  79.       -0.0027257660       -0.1618376738
 115.  80.       -0.1272372497        0.0732468407
 115.  81.       -0.0378441997        0.0004965010
 115.  82.        0.1137939077        0.3330480766
 115.  83.       -0.4929686606       -0.1300395252
 115.  84.        0.3949295717        0.0173941431
 115.  85.        0.0428150234        0.0561625149
 115.  86.        0.3034135402        0.3231608696
 115.  87.        0.1481875550        0.3464136080
 115.  88.        0.2776411781       -0.2731605900
 115.  89.       -0.6148464403       -0.0914780342
 115.  90.        0.1341360200       -0.1011716974
 115.  91.        0.2272688881        0.2378110434
 115.  92.       -0.0397590712        0.2204315088
 115.  93.       -0.0698373409        0.7200228493
 115.  94.       -0.0069618926        0.3304725403
 115.  95.       -0.1222636749        0.2000603457
 115.  96.       -0.0209657520        0.3555948501
 115.  97.        0.0299428979       -0.1538430702
 115.  98.       -0.6142088515       -0.0487441827
 115.  99.        0.2556023733       -0.3151334790
 115. 100.       -0.3488382982       -0.4535036501
 115. 101.        0.0326368478        0.0012368616
 115. 102.       -0.4081526235       -0.1343751754
 115. 103.       -0.5429715934       -0.0922693899
 115. 104.        0.3902429826       -0.2695638733
 115. 105.       -0.3842331151        0.2395401192
 115. 106.       -0.3436941424        0.1961726491
 115. 107.       -0.5232895754       -0.5407279316
 115. 108.        0.3148915536        0.7096715665
 115. 109.       -0.1975815597       -0.2932023286
 115. 110.       -0.1130327267       -0.1628931930
 115. 111.       -0.1717235297       -0.2197800585
 115. 112.        0.6071549990       -0.0477047128
 115. 113.       -0.2726493511        0.0512010846
 115. 114.        0.4001255498        0.3159198420
 115. 115.        0.3604715654        0.0361230745
 116.   0.        0.4601180537        0.0000000000
 116.   1.       -0.0908917259       -0.3740289932
 116.   2.       -0.0351248761       -0.0097352030
 116.   3.        0.1155163810        0.0718606229
 116.   4.       -0.0290745963        0.1580306515
 116.   5.        0.1509668694       -0.0295483941
 116.   6.        0.0865891198        0.1357990812
 116.   7.       -0.0872908698        0.0662807663
 116.   8.       -0.0566240732        0.2349843177
 116.   9.        0.1599894001       -0.3854021570
 116.  10.        0.1453437531       -0.1135149426
 116.  11.       -0.2610413894        0.4638633997
 116.  12.       -0.1412261831        0.3159575715
 116.  13.        0.1432671615       -0.0625996767
 116.  14.       -0.0450799073        0.2079717178
 116.  15.       -0.2524325317        0.0197648083
 116.  16.       -0.0703609785        0.3435826338
 116.  17.        0.0927599194        0.1524788579
 116.  18.        0.0740970713        0.1699868452
 116.  19.        0.1312058335       -0.1163600868
 116.  20.        0.1209404483        0.3401211283
 116.  21.       -0.3518103026        0.0705085925
 116.  22.        0.2915693903       -0.1863607812
 116.  23.       -0.1590363297       -0.1073745087
 116.  24.       -0.1306127262        0.2919021458
 116.  25.        0.2536866899        0.0697149527
 116.  26.       -0.0399666151       -0.0240760042
 116.  27.        0.2623057552        0.1197326598
 116.  28.       -0.2228278785        0.0921369214
 116.  29.       -0.3529860870       -0.1057850473
 116.  30.        0.1249139155        0.0671136279
 116.  31.       -0.0772068295        0.0014462131
 116.  32.        0.1069843716       -0.0334920364
 116.  33.       -0.1242583917       -0.4471668817
 116.  34.        0.3318895300       -0.2544157787
 116.  35.       -0.2473207911       -0.5402451533
 116.  36.       -0.6577085826       -0.1152339978
 116.  37.       -0.0258939604        0.3330479428
 116.  38.       -0.2723937357        0.0359847493
 116.  39.        0.3959356690       -0.1803544545
 116.  40.       -0.0250924941        0.1510657757
 116.  41.       -0.0898759998        0.0918144120
 116.  42.       -0.0825498390       -0.2227213775
 116.  43.       -0.1895585291        0.0586807345
 116.  44.       -0.2882014523        0.0972742784
 116.  45.        0.3649422624       -0.2523170190
 116.  46.        0.3606773238        0.0425883939
 116.  47.        0.0965173656       -0.2199690113
 116.  48.        0.1663495732        0.0042567277
 116.  49.        0.0842984258        0.1081314698
 116.  50.        0.1826626471        0.0574914549
 116.  51.       -0.2685445043        0.0371458971
 116.  52.        0.0506741833       -0.0818327770
 116.  53.       -0.0744390170        0.2073134673
 116.  54.        0.2483859826       -0.1426148551
 116.  55.        0.1138398005        0.1833470321
 116.  56.       -0.2950633816       -0.0005258296
 116.  57.        0.1876145621        0.0648331209
 116.  58.        0.0420072861       -0.1746726151
 116.  59.       -0.2103979655        0.0548504374
 116.  60.        0.0798287038        0.3698108055
 116.  61.       -0.0600377527        0.4469892526
 116.  62.        0.5516969406        0.0620687099
 116.  63.        0.4160687399        0.2941066922
 116.  64.       -0.2154322968       -0.0052438479
 116.  65.       -0.3262020254       -0.1234257731
 116.  66.       -0.0104964969        0.0428359738
 116.  67.        0.2485452695        0.0532495988
 116.  68.        0.1496880337       -0.2815524561
 116.  69.        0.0793731881       -0.1862823341
 116.  70.       -0.3696595316       -0.5906622538
 116.  71.        0.3656593369       -0.0058585806
 116.  72.        0.1323752496        0.0040698216
 116.  73.        0.3773697235       -0.1603460027
 116.  74.        0.0477260633       -0.0229444259
 116.  75.        0.1424981124        0.1533108034
 116.  76.       -0.1586270964       -0.0242675962
 116.  77.       -0.0208484104        0.0005975997
 116.  78.        0.1289045341        0.2896044163
 116.  79.       -0.4749529354       -0.2261972858
 116.  80.        0.1969232283        0.2760737235
 116.  81.       -0.4179685453       -0.0656000537
 116.  82.       -0.0333462060       -0.3834216533
 116.  83.        0.2208883866        0.3216364599
 116.  84.        0.0780086331       -0.3950700188
 116.  85.        0.4564501892       -0.1373595182
 116.  86.        0.0077244158       -0.2908405555
 116.  87.        0.0697191040       -0.1405332815
 116.  88.        0.0325777955        0.0403790911
 116.  89.       -0.0364181822        0.1851281634
 116.  90.       -0.2656181966        0.0991712885
 116.  91.       -0.3602099193       -0.0333106513
 116.  92.       -0.0880348504       -0.1440368980
 116.  93.       -0.2179466317        0.1119601976
 116.  94.       -0.1129520121       -0.1686645283
 116.  95.        0.1486254786        0.0984088826
 116.  96.       -0.0060407406        0.0553754212
 116.  97.        0.0124203485        0.0903725671
 116.  98.       -0.1984370929       -0.6439481194
 116.  99.       -0.3863730397        0.1051218746
 116. 100.        0.1468116424        0.2138771428
 116. 101.       -0.4905050948       -0.0775698238
 116. 102.       -0.6046095035       -0.1111513765
 116. 103.       -0.1646260098       -0.1756836618
 116. 104.       -0.1207543754        0.0788691079
 116. 105.       -0.1843111753        0.4300029210
 116. 106.       -0.1695425681        0.2225258480
 116. 107.       -0.0954559848       -0.4288628476
 116. 108.       -0.3773038746       -0.0119244614
 116. 109.       -0.0612357733       -0.2616611409
 116. 110.       -0.3711512654        0.0982699709
 116. 111.        0.3631206172       -0.0603420234
 116. 112.        0.1656290047        0.1224605359
 116. 113.        0.0387287604       -0.1597434704
 116. 114.       -0.3032166232       -0.6962112643
 116. 115.        0.1824674925        0.1764668950
 116. 116.       -0.1045128091       -0.3317009415
 117.   0.        0.4795003919        0.0000000000
 117.   1.        0.1817517706        0.2030751678
 117.   2.       -0.2614264143        0.1622620455
 117.   3.       -0.3111361976        0.1067266937
 117.   4.        0.2983137849        0.1038180604
 117.   5.        0.1038788380        0.0568068064
 117.   6.       -0.0640979208       -0.1344198383
 117.   7.        0.1032198452       -0.2102605980
 117.   8.        0.2779407227       -0.1519483278
 117.   9.        0.0317474004        0.0911916577
 117.  10.        0.0884354656        0.1728892346
 117.  11.        0.1661298017       -0.0926550165
 117.  12.       -0.1263976449       -0.1679128392
 117.  13.       -0.0194117441       -0.0081237577
 117.  14.        0.0314212243       -0.1235585565
 117.  15.       -0.0178875524       -0.1565335713
 117.  16.       -0.0497420379        0.0394770193
 117.  17.       -0.0561618682       -0.0570440587
 117.  18.       -0.3950275984        0.3576155948
 117.  19.        0.0589332217        0.1827589128
 117.  20.       -0.3097378652       -0.0887790335
 117.  21.        0.2258989439       -0.0749679988
 117.  22.       -0.0137252572       -0.0382819883
 117.  23.       -0.1921934904       -0.2138220921
 117.  24.        0.2830341677        0.2859538026
 117.  25.       -0.1519728200       -0.1222091245
 117.  26.       -0.0123020232        0.0273644155
 117.  27.        0.5597306688        0.1145892784
 117.  28.       -0.0833485545        0.2119547161
 117.  29.        0.0215547345        0.0175242516
 117.  30.        0.2408619321       -0.2581415682
 117.  31.        0.2145852668        0.0397036972
 117.  32.       -0.0002203551       -0.1313559285
 117.  33.       -0.3408502259        0.1046702337
 117.  34.       -0.0218145042       -0.0195089535
 117.  35.        0.3550274589        0.0490180704
 117.  36.        0.1789782656       -0.0112970187
 117.  37.        0.2425789015       -0.3829699946
 117.  38.        0.0016407417       -0.0348559792
 117.  39.       -0.3397392603       -0.0530861706
 117.  40.       -0.1718574643        0.0403159001
 117.  41.        0.2315941714        0.2248176586
 117.  42.        0.0873774924       -0.0490591884
 117.  43.       -0.0548288707       -0.5074862535
 117.  44.       -0.1293366228       -0.1303269898
 117.  45.       -0.2089419246       -0.1514957359
 117.  46.        0.1838906646        0.3212784902
 117.  47.       -0.0833722108        0.0833672256
 117.  48.        0.2112979120        0.0757722940
 117.  49.        0.0178928690        0.1584945242
 117.  50.        0.0203226498       -0.0496886404
 117.  51.        0.3752840049       -0.3060676665
 117.  52.       -0.1175282691        0.0858984676
 117.  53.       -0.1313732621       -0.2890652327
 117.  54.       -0.1871692805       -0.0684323726
 117.  55.        0.1885093547        0.0325692844
 117.  56.       -0.1588959918        0.0914121615
 117.  57.        0.5484594895       -0.0624386026
 117.  58.        0.0171112594       -0.3997597175
 117.  59.        0.0029890768        0.3117789013
 117.  60.       -0.0091959983        0.1953965129
 117.  61.       -0.1685631537        0.2433029179
 117.  62.       -0.2997034852       -0.3734988372
 117.  63.        0.4450467205       -0.2039585303
 117.  64.       -0.4219552106        0.0292575510
 117.  65.       -0.0476016301       -0.2720511856
 117.  66.       -0.0839825024       -0.1038209808
 117.  67.       -0.1244110037       -0.1060971096
 117.  68.        0.0863109045        0.0428636627
 117.  69.       -0.1599033162        0.0335038328
 117.  70.        0.0040381501        0.1066093214
 117.  71.       -0.1102961173       -0.3778360710
 117.  72.        0.0341000053       -0.1207765489
 117.  73.       -0.0756441314       -0.3913513258
 117.  74.       -0.0521599484       -0.0663696971
 117.  75.       -0.1973771323        0.1580211132
 117.  76.        0.3106002303        0.1540504261
 117.  77.       -0.3050749014        0.0384802796
 117.  78.       -0.0160626645       -0.3335144327
 117.  79.        0.2715819249       -0.2789394518
 117.  80.        0.0783218114        0.2980580264
 117.  81.        0.0077444878        0.0324899995
 117.  82.        0.3285411040       -0.4642458382
 117.  83.       -0.1103748817       -0.5282949998
 117.  84.       -0.1245670012        0.3482805718
 117.  85.       -0.0042503306        0.3172822435
 117.  86.       -0.5965636070        0.0509242503
 117.  87.        0.4393788283        0.0378132420
 117.  88.       -0.2827780254        0.4663393877
 117.  89.        0.1399733277       -0.2726957732
 117.  90.        0.3410596186        0.6318967602
 117.  91.        0.0853230463       -0.0391277633
 117.  92.       -0.3441907089       -0.4215742829
 117.  93.       -0.0636340918       -0.3773951784
 117.  94.        0.1559654792        0.0317897663
 117.  95.       -0.0733668558        0.5421242865
 117.  96.        0.2006039361       -0.1869198332
 117.  97.       -0.2952960949       -0.0203192635
 117.  98.       -0.2599679333        0.1494893494
 117.  99.        0.9030846706        0.0022379071
 117. 100.        0.0522173298        0.2036184549
 117. 101.       -0.0322205127        0.2438148972
 117. 102.        0.2079426264       -0.1214802619
 117. 103.        0.1247599915        0.0870812963
 117. 104.        0.5620006048       -0.4138519952
 117. 105.        0.0337281014       -0.1822394663
 117. 106.        0.1767534766       -0.1981227942
 117. 107.       -0.3212839814        0.5293002926
 117. 108.        0.1283986582        0.0019347170
 117. 109.       -0.5979057742       -0.3748430648
 117. 110.        0.1451069439        0.4680620541
 117. 111.       -0.1323473455        0.0265244884
 117. 112.       -0.1477815851       -0.0740777159
 117. 113.       -0.2272197494        0.2630754157
 117. 114.        0.4462232080        0.0001961859
 117. 115.       -0.0723951601        0.3078957304
 117. 116.       -0.0479528103        0.2949140592
 117. 117.       -0.0514188346       -0.4578839333
 118.   0.       -0.3113729654        0.0000000000
 118.   1.       -0.0616861885        0.2874046527
 118.   2.        0.0087093964       -0.0019067370
 118.   3.       -0.0979910664       -0.2073974671
 118.   4.        0.0542104144       -0.2092271931
 118.   5.        0.2566379519        0.3084952516
 118.   6.        0.2691290764        0.1762571663
 118.   7.       -0.0137311881        0.2361841206
 118.   8.        0.0600520093       -0.0049461043
 118.   9.       -0.1702104854        0.1194272865
 118.  10.       -0.1406968345        0.0546184031
 118.  11.        0.3068697842        0.0513716221
 118.  12.        0.1317542138       -0.4471465152
 118.  13.        0.1824298028       -0.0992712731
 118.  14.        0.1760209301        0.0337432493
 118.  15.       -0.0979325858       -0.1992984006
 118.  16.        0.2551389569       -0.0991037985
 118.  17.        0.0419215243       -0.1244355492
 118.  18.       -0.2844378333       -0.4184438453
 118.  19.       -0.2654751032        0.1231499556
 118.  20.       -0.0599130654       -0.1243345614
 118.  21.        0.3510097163       -0.1620165164
 118.  22.       -0.1555691861        0.1562787289
 118.  23.        0.1159300355       -0.0140541646
 118.  24.        0.0234643070       -0.1498609740
 118.  25.       -0.1768770569       -0.0248747631
 118.  26.        0.4953044465       -0.0981679600
 118.  27.        0.1824279584        0.0459583620
 118.  28.        0.3072121278       -0.4250227340
 118.  29.        0.0105261893        0.3581436885
 118.  30.       -0.2742451356        0.2367817494
 118.  31.        0.4207526876       -0.0573239682
 118.  32.        0.2639736393       -0.0602192896
 118.  33.        0.0599950454        0.0990644363
 118.  34.       -0.3697193420       -0.3380442822
 118.  35.       -0.0396294018        0.5819724423
 118.  36.       -0.0506761320        0.3677597285
 118.  37.        0.0569770537       -0.3537884551
 118.  38.        0.2136642573       -0.1193699499
 118.  39.       -0.0858094310        0.1525460227
 118.  40.        0.3065442842        0.2999568623
 118.  41.       -0.0688374008       -0.1310952412
 118.  42.        0.1504195040        0.0896428134
 118.  43.        0.2580167383        0.2214830455
 118.  44.        0.1657421830        0.2310640273
 118.  45.        0.4454372377       -0.2681675999
 118.  46.        0.1328881879       -0.0960114365
 118.  47.       -0.0802285632        0.0922365331
 118.  48.       -0.1929665173       -0.0747866691
 118.  49.        0.2758006993        0.0555507538
 118.  50.        0.4344197937        0.4235129090
 118.  51.        0.1158628234        0.3625189207
 118.  52.       -0.0299512549        0.0362653021
 118.  53.       -0.4048565515       -0.1554903158
 118.  54.       -0.2874139428       -0.0928904217
 118.  55.       -0.2046089309       -0.0472979538
 118.  56.        0.4465158145       -0.0703432126
 118.  57.       -0.3105763138        0.1695964139
 118.  58.       -0.0121233405        0.0050497151
 118.  59.       -0.1295787049        0.1100098676
 118.  60.        0.2396632205       -0.3160774499
 118.  61.       -0.0193983088       -0.3431763779
 118.  62.       -0.2407914063        0.0860432682
 118.  63.       -0.0435326479       -0.2060926903
 118.  64.        0.2195102564        0.2377960965
 118.  65.        0.1451855081       -0.0015111993
 118.  66.        0.1727594807        0.2180871673
 118.  67.       -0.4356256601       -0.1938164922
 118.  68.       -0.2773978946        0.2838832169
 118.  69.       -0.0165831315       -0.2809032354
 118.  70.       -0.0009045742        0.2588172050
 118.  71.       -0.2607222731       -0.3934535402
 118.  72.       -0.3847721372        0.2345448253
 118.  73.       -0.1477831844       -0.1560252394
 118.  74.        0.2957517743       -0.1246115334
 118.  75.        0.0761682240        0.4295993587
 118.  76.       -0.0854091330        0.5046205286
 118.  77.        0.0762606923        0.1482015526
 118.  78.       -0.2153133519       -0.1155220889
 118.  79.        0.2557979021       -0.1465042519
 118.  80.        0.3244065434        0.0513182807
 118.  81.       -0.0835757944        0.3867173997
 118.  82.       -0.0373736420        0.2072550008
 118.  83.        0.1455963542        0.1136960390
 118.  84.        0.1876492575        0.4102208568
 118.  85.       -0.1823023236       -0.1675748144
 118.  86.        0.1081487779       -0.3462234083
 118.  87.        0.1121600946        0.6637584471
 118.  88.       -0.3857850258        0.2972009948
 118.  89.        0.3756561258        0.0241738345
 118.  90.        0.6327572925        0.4393471045
 118.  91.       -0.1738661025       -0.0890387938
 118.  92.       -0.2725420076       -0.4431805633
 118.  93.       -0.3718555862       -0.0767335779
 118.  94.        0.6441323735        0.1275534762
 118.  95.       -0.1136454816        0.0859037529
 118.  96.        0.3099617609        0.5930550334
 118.  97.        0.2164740734        0.3337448736
 118.  98.       -0.2116001530        0.0595653492
 118.  99.       -0.0181434158       -0.0833630994
 118. 100.        0.6827052486        0.2739914545
 118. 101.        0.1490111336       -0.4780610784
 118. 102.        0.2745407359        0.1646087341
 118. 103.        0.2130264353       -0.2435474972
 118. 104.       -0.0370257614       -0.2522324065
 118. 105.        0.0531783559       -0.0931233735
 118. 106.       -0.1784838330       -0.3886025580
 118. 107.        0.2712224911       -0.0919299506
 118. 108.       -0.1191897555       -0.1564564444
 118. 109.        0.1491972857       -0.4964682999
 118. 110.        0.0971201575        0.2055376219
 118. 111.       -0.1423531763        0.2852024772
 118. 112.       -0.4174051504        0.1283866723
 118. 113.       -0.5023104822       -0.3290230303
 118. 114.       -0.0997638635       -0.3303149630
 118. 115.        0.0702097094        0.0780651026
 118. 116.        0.3846889893       -0.3178575199
 118. 117.        0.0506273284        0.0645497297
 118. 118.       -0.0163663205       -0.2235742483
 119.   0.       -0.1353802919        0.0000000000
 119.   1.       -0.2219598119       -0.3125803910
 119.   2.        0.2328144025       -0.0030860699
 119.   3.        0.2902874051        0.0305449919
 119.   4.       -0.1249429498       -0.1974243260
 119.   5.       -0.0479391749       -0.0327706100
 119.   6.        0.0292188336        0.2892736373
 119.   7.        0.0598198836        0.0561479107
 119.   8.       -0.3193121878        0.2437757032
 119.   9.       -0.0656126319        0.0798964985
 119.  10.       -0.1435256796       -0.1640756077
 119.  11.       -0.1089542953       -0.1203743087
 119.  12.       -0.0178973140        0.2483625623
 119.  13.        0.1511867892        0.3311929547
 119.  14.       -0.0342316388        0.2412420624
 119.  15.        0.0135990187        0.0432059594
 119.  16.       -0.1774396216       -0.1028467236
 119.  17.       -0.1945454865        0.2329770084
 119.  18.        0.3768797000       -0.2234295559
 119.  19.        0.0950920932       -0.2887459468
 119.  20.        0.2401097489        0.0164724812
 119.  21.       -0.2476822098        0.1502444343
 119.  22.        0.0317252555       -0.1344493777
 119.  23.       -0.0666146409        0.2014755796
 119.  24.       -0.0214701473       -0.0041655819
 119.  25.        0.3035811099        0.0474449854
 119.  26.        0.1226711149       -0.0381547304
 119.  27.       -0.5033297560       -0.0662643081
 119.  28.       -0.0732178564       -0.1180086094
 119.  29.       -0.1057481868       -0.0173464531
 119.  30.       -0.0685405614        0.1413914116
 119.  31.       -0.0036827489        0.1562262352
 119.  32.        0.2569604826        0.0788005139
 119.  33.        0.4838723695        0.2153649755
 119.  34.        0.0827400566       -0.2687200915
 119.  35.       -0.2936295786       -0.5201914528
 119.  36.       -0.2053263744        0.0262727922
 119.  37.       -0.3857948211        0.3667357547
 119.  38.       -0.2259320127        0.1319511459
 119.  39.        0.0830009888        0.0931122244
 119.  40.        0.2035037430       -0.1304328316
 119.  41.       -0.1752752935       -0.0090018793
 119.  42.        0.1322769782       -0.2074782867
 119.  43.        0.1022584325        0.0403341769
 119.  44.        0.0869703416        0.0779114357
 119.  45.        0.2019583066        0.2144743463
 119.  46.        0.3497353496       -0.3232814456
 119.  47.       -0.2628078760        0.3024626623
 119.  48.        0.0722977820       -0.3881353153
 119.  49.        0.0234293254        0.1134702562
 119.  50.        0.0251996369        0.0320767498
 119.  51.       -0.0703062145       -0.0405142772
 119.  52.        0.1446213379       -0.3806828223
 119.  53.       -0.1100826408        0.1309703156
 119.  54.       -0.1490650669       -0.2523370479
 119.  55.       -0.1347149089       -0.2403003589
 119.  56.        0.5058393145        0.1154448809
 119.  57.       -0.0587394418        0.0129395992
 119.  58.       -0.1770733502       -0.0062781346
 119.  59.        0.0360613740       -0.2307116324
 119.  60.        0.1717974571       -0.0360860890
 119.  61.       -0.0150917459        0.0902042886
 119.  62.        0.4433986390       -0.0061602195
 119.  63.       -0.0346212036        0.0309158674
 119.  64.        0.0085042311        0.0778233124
 119.  65.        0.3743580395       -0.0551131430
 119.  66.       -0.2487531443       -0.1136255194
 119.  67.       -0.0165726489       -0.1762884566
 119.  68.        0.1224552825       -0.3003544184
 119.  69.       -0.0827778840        0.3476657985
 119.  70.        0.1437517425       -0.1908415855
 119.  71.        0.1936137040        0.1154984615
 119.  72.       -0.0603654850        0.1180886012
 119.  73.       -0.0478382152       -0.1594786319
 119.  74.        0.3225929980       -0.0739740088
 119.  75.       -0.0561226769       -0.2314073716
 119.  76.       -0.1465744934       -0.3295006943
 119.  77.        0.1169008185       -0.0248518856
 119.  78.       -0.0043322505        0.1335938037
 119.  79.       -0.3914252452       -0.2053069497
 119.  80.        0.0317149614       -0.2763197288
 119.  81.       -0.0681389278        0.4251184963
 119.  82.       -0.0096455012       -0.0208410001
 119.  83.        0.2424693080       -0.3323950261
 119.  84.       -0.3593641722        0.2519601327
 119.  85.       -0.0888196079       -0.6915001011
 119.  86.        0.1303423640        0.0469783711
 119.  87.        0.2492317275       -0.5089497937
 119.  88.        0.1228669359       -0.3400999460
 119.  89.        0.3005870289        0.4712821290
 119.  90.        0.0594149222       -0.7672031561
 119.  91.       -0.0162931524        0.2313406789
 119.  92.        0.0005423999        0.0072287674
 119.  93.        0.4025810325       -0.3488955500
 119.  94.        0.1692283856        0.5426473644
 119.  95.       -0.0312665907        0.2791110358
 119.  96.       -0.4427901760       -0.1846673621
 119.  97.       -0.0768603589        0.0565699303
 119.  98.       -0.1532119790        0.6985887493
 119.  99.        0.1298824841        0.0830943104
 119. 100.        0.2280401244        0.1387315353
 119. 101.       -0.2996090865       -0.0357406723
 119. 102.       -0.4865659891        0.2645298060
 119. 103.       -0.5722958087        0.0720985303
 119. 104.       -0.2095303330       -0.6234972728
 119. 105.        0.2788651811        0.2627440297
 119. 106.        0.2075902972       -0.1685323331
 119. 107.        0.5978427496       -0.1237624374
 119. 108.        0.2845356322       -0.1996051406
 119. 109.        0.2474125563        0.1133071804
 119. 110.        0.4873300079       -0.1693487026
 119. 111.       -0.2638829458        0.1472592446
 119. 112.       -0.3984592602       -0.0898061228
 119. 113.        0.0556820804       -0.3660010375
 119. 114.        0.1537346715        0.1127108137
 119. 115.        0.2084650788        0.2507699686
 119. 116.       -0.3692295587        0.2676207496
 119. 117.        0.0732191773        0.4846130941
 119. 118.       -0.1028637422       -0.2594350955
 119. 119.        0.0265670969        0.3540768211
 120.   0.       -0.0482694249        0.0000000000
 120.   1.        0.1225957975        0.0337738675
 120.   2.        0.1608730132       -0.0259550283
 120.   3.       -0.0976551070        0.0246870222
 120.   4.        0.2685777226        0.1508371706
 120.   5.       -0.2222893119       -0.2346421515
 120.   6.       -0.4179244083       -0.2179277838
 120.   7.       -0.0115877680       -0.2436062063
 120.   8.       -0.1182258399        0.1414163938
 120.   9.        0.0210475057        0.2715280597
 120.  10.        0.1535946719       -0.0266035687
 120.  11.        0.0924568662       -0.2118250172
 120.  12.        0.0074727436        0.2268086149
 120.  13.       -0.3665273632        0.0036017694
 120.  14.       -0.4513035453        0.1191274368
 120.  15.        0.2143291924        0.1694069119
 120.  16.        0.0313910820       -0.2712015472
 120.  17.       -0.1319735361        0.2079420443
 120.  18.        0.0952697086        0.0807316166
 120.  19.        0.1259401807        0.1030443480
 120.  20.       -0.0657832673        0.0213922641
 120.  21.       -0.0166503802        0.3397850340
 120.  22.       -0.0261245846        0.0629856753
 120.  23.        0.1303727623        0.1039448317
 120.  24.        0.1499836295       -0.2437539752
 120.  25.        0.0240835600       -0.0125196843
 120.  26.       -0.3674448662        0.0507347653
 120.  27.       -0.4477789767       -0.1370523638
 120.  28.       -0.1826757438        0.2163704579
 120.  29.        0.2466120570       -0.2259788984
 120.  30.        0.1380292153       -0.1610217020
 120.  31.       -0.3689552237       -0.0214818852
 120.  32.        0.0105835162       -0.0395436009
 120.  33.        0.1648344646        0.0245847473
 120.  34.        0.1082254039        0.2318371152
 120.  35.       -0.0409217116       -0.2079360264
 120.  36.        0.3327815813       -0.1863588733
 120.  37.       -0.3613421564        0.2206661705
 120.  38.        0.1051727872       -0.3304141196
 120.  39.        0.0777503522        0.1009152240
 120.  40.        0.2644380356       -0.2125979495
 120.  41.       -0.1112966533        0.1770031898
 120.  42.       -0.0728188875        0.0475585145
 120.  43.        0.3723231337       -0.2972495158
 120.  44.       -0.0451032945       -0.2145278522
 120.  45.       -0.5203095321        0.0735065436
 120.  46.        0.1190995127        0.2938789680
 120.  47.        0.2475953642        0.0996870048
 120.  48.       -0.2498576046        0.1156766833
 120.  49.        0.1095161195        0.1803327210
 120.  50.       -0.0863401446       -0.0107346006
 120.  51.       -0.0076636388       -0.3663335826
 120.  52.       -0.0067614958        0.0531755565
 120.  53.       -0.0794959522       -0.2408351806
 120.  54.        0.0224134590        0.0039386113
 120.  55.        0.0160207496        0.2422942753
 120.  56.        0.0596599159       -0.1442987497
 120.  57.       -0.0118602547        0.1159545826
 120.  58.        0.2182397825        0.2304272716
 120.  59.       -0.2984634755       -0.1129122566
 120.  60.       -0.3753599973       -0.0721178640
 120.  61.       -0.1625859700       -0.0050860451
 120.  62.        0.0980903950        0.0655690133
 120.  63.        0.3105386632       -0.1864840569
 120.  64.       -0.3416527284       -0.3588376100
 120.  65.       -0.2058114018       -0.1766297497
 120.  66.       -0.5487785614        0.3962863822
 120.  67.       -0.1689095831        0.2653736596
 120.  68.        0.2320084861       -0.2637242935
 120.  69.       -0.0336128359       -0.1485291708
 120.  70.       -0.2017025765       -0.1358984697
 120.  71.       -0.1424358412        0.3329194433
 120.  72.       -0.2274259028       -0.2067623974
 120.  73.       -0.0074253345       -0.3300264187
 120.  74.        0.1161933778       -0.2381856672
 120.  75.        0.1127867942       -0.3481322910
 120.  76.        0.3529117508        0.0228715951
 120.  77.       -0.0157373073       -0.2335719615
 120.  78.       -0.0684878518       -0.2043926989
 120.  79.       -0.0606467391       -0.3160369279
 120.  80.        0.3940129267       -0.1350972104
 120.  81.       -0.0183586593        0.0194278107
 120.  82.       -0.3643838301       -0.0555375814
 120.  83.       -0.2428567441       -0.0498243752
 120.  84.       -0.2422156834        0.3049571051
 120.  85.       -0.2514605463        0.3068161473
 120.  86.       -0.4629346986        0.0135978273
 120.  87.       -0.0078883857       -0.1773240234
 120.  88.        0.1252507437        0.1414281454
 120.  89.       -0.1997495581        0.3196571124
 120.  90.        0.6128081927       -0.1076608106
 120.  91.        0.1608911935        0.2727990171
 120.  92.        0.5040858307       -0.0170351774
 120.  93.       -0.0058587931        0.0910335695
 120.  94.       -0.1345349328        0.6768291082
 120.  95.        0.2240587509        0.2742726623
 120.  96.        0.1647855714       -0.0242438598
 120.  97.       -0.2298594194       -0.0277276952
 120.  98.       -0.3742176345        0.2531115603
 120.  99.       -0.2240975367        0.2891309996
 120. 100.       -0.0795853715        0.2471992581
 120. 101.       -0.5116943036       -0.2679355486
 120. 102.       -0.0508109536        0.2585136128
 120. 103.        0.4023682458        0.0619825953
 120. 104.       -0.0347731760        0.3296301455
 120. 105.       -0.0832627751       -0.2670037999
 120. 106.        0.4078230086       -0.2748906868
 120. 107.       -0.1554507307       -0.0809730969
 120. 108.       -0.2335037613       -0.3451669252
 120. 109.       -0.0143418539       -0.1646614544
 120. 110.        0.0940428050        0.2598652559
 120. 111.       -0.2077013553        0.6441979264
 120. 112.        0.2362842071       -0.1785859724
 120. 113.       -0.4618625549       -0.0358434670
 120. 114.        0.1203461119       -0.4982321142
 120. 115.        0.3452411168       -0.4695393060
 120. 116.        0.3686613342       -0.5717615910
 120. 117.        0.1767919796        0.5318611853
 120. 118.       -0.5426088757        0.0225381257
 120. 119.       -0.1025580163        0.0288258481
 120. 120.       -0.2900191347        0.2108547071
 121.   0.       -0.2079327986        0.0000000000
 121.   1.        0.0639916096        0.1276150716
 121.   2.        0.2514616324        0.1759578886
 121.   3.       -0.1131411134        0.0038509176
 121.   4.       -0.0342963521        0.1584686975
 121.   5.       -0.1270654831        0.0832934726
 121.   6.       -0.1378014680       -0.1123903245
 121.   7.       -0.4141157193       -0.2581457408
 121.   8.       -0.0822222041        0.0060957804
 121.   9.        0.0978981802       -0.1545495881
 121.  10.       -0.0504718523        0.0750989166
 121.  11.       -0.1434847806        0.2208041981
 121.  12.        0.0247964982       -0.0811102061
 121.  13.       -0.0322478827       -0.3236474174
 121.  14.        0.0569430534       -0.1911028933
 121.  15.       -0.2234336968        0.1615955989
 121.  16.        0.2119455776        0.0280673901
 121.  17.        0.3113443211        0.2781777657
 121.  18.       -0.0044926767       -0.0791351532
 121.  19.        0.1172850666        0.1994863211
 121.  20.       -0.1226618374        0.0415559959
 121.  21.        0.0580485753       -0.2643309927
 121.  22.       -0.2044040029        0.0248209067
 121.  23.       -0.0783677429       -0.0407686755
 121.  24.       -0.0884575150       -0.0246232070
 121.  25.       -0.3934813876        0.0433284185
 121.  26.       -0.0017941843       -0.0589165105
 121.  27.        0.2788720282       -0.0428178878
 121.  28.        0.2319366096       -0.0160007556
 121.  29.       -0.0019499464       -0.2015792603
 121.  30.        0.0929019196       -0.0983620942
 121.  31.        0.1106227320       -0.2080958784
 121.  32.       -0.1249191147       -0.1461073846
 121.  33.       -0.2096765368       -0.3084379907
 121.  34.        0.0444835531        0.3581531159
 121.  35.        0.1360399858        0.4387287904
 121.  36.       -0.1128206448       -0.2072265520
 121.  37.       -0.0522296617        0.0878796799
 121.  38.        0.0080257585        0.0126424609
 121.  39.        0.1215595881       -0.0496706017
 121.  40.        0.2140677770       -0.0531116247
 121.  41.        0.0212131094        0.1955192808
 121.  42.        0.0411937717        0.0114695425
 121.  43.        0.2280742170        0.2089301424
 121.  44.       -0.0933683362        0.4443219635
 121.  45.        0.3003098715       -0.2740335010
 121.  46.       -0.1424423809       -0.0286857081
 121.  47.       -0.1277733319       -0.2928958124
 121.  48.        0.1184234150       -0.0927404740
 121.  49.       -0.1379970380       -0.2663725806
 121.  50.       -0.1757531433        0.1662104015
 121.  51.        0.1269822387        0.3425502103
 121.  52.       -0.1185335609        0.3604585121
 121.  53.       -0.0310643129       -0.4389575207
 121.  54.        0.3004281057        0.4528805027
 121.  55.       -0.1140360708        0.2591755497
 121.  56.       -0.0036156387        0.1595458523
 121.  57.       -0.0211077725        0.3644033505
 121.  58.       -0.5402399145        0.3581329712
 121.  59.       -0.0748618302        0.0516555101
 121.  60.       -0.0491594438       -0.1222151731
 121.  61.       -0.0013468507       -0.1427758997
 121.  62.       -0.0304517809       -0.2463781681
 121.  63.       -0.2727130284        0.3251583733
 121.  64.       -0.0466058694        0.1843945148
 121.  65.       -0.3825614029        0.1582760767
 121.  66.        0.1002903665        0.3221920430
 121.  67.       -0.0346022819       -0.0327930854
 121.  68.       -0.1786017642        0.0985347438
 121.  69.        0.3152224621       -0.0002782165
 121.  70.       -0.0087836831       -0.2045704148
 121.  71.        0.0709621706       -0.0796882457
 121.  72.       -0.1088220839       -0.0032738730
 121.  73.        0.1192250068        0.1021084117
 121.  74.       -0.0756988887       -0.3174321023
 121.  75.        0.0448974870        0.1280273297
 121.  76.       -0.3324758197        0.3720690424
 121.  77.        0.1356700720        0.1371093283
 121.  78.       -0.4249590351        0.3172310916
 121.  79.       -0.1175204170       -0.2461954976
 121.  80.       -0.0647816798        0.1383368650
 121.  81.        0.1012171720        0.0427920972
 121.  82.       -0.0349065432        0.2870212363
 121.  83.       -0.0582891652        0.2127031979
 121.  84.        0.0464379566       -0.2954987472
 121.  85.        0.0860105845       -0.0760149741
 121.  86.       -0.0583493996        0.2196315343
 121.  87.       -0.7201888040        0.2169805490
 121.  88.        0.3801537393        0.2790128147
 121.  89.       -0.2708383164        0.0547539337
 121.  90.       -0.4806525242        0.3314461973
 121.  91.       -0.1423574463       -0.2709495335
 121.  92.       -0.0230397608       -0.4157852405
 121.  93.        0.0341987730        0.2061201654
 121.  94.        0.1381330452        0.5059409573
 121.  95.       -0.0724307547       -0.1119103833
 121.  96.       -0.3103821347        0.0568666287
 121.  97.       -0.3805198632       -0.5631824835
 121.  98.        0.2590409925       -0.0170439741
 121.  99.        0.0241199542       -0.2017434196
 121. 100.       -0.4607725717       -0.6848852234
 121. 101.        0.0033604632        0.2423006734
 121. 102.        0.1590693800        0.2374988432
 121. 103.        0.1570304772        0.1327539860
 121. 104.        0.1276979953       -0.2235143556
 121. 105.       -0.3082796152       -0.0499282831
 121. 106.        0.2192892744       -0.1619450733
 121. 107.        0.0026109839        0.1563962882
 121. 108.        0.0209289799        0.0816603254
 121. 109.       -0.0126533326       -0.0178170201
 121. 110.       -0.0348754966        0.1523354722
 121. 111.       -0.1938863637        0.5973059483
 121. 112.       -0.4263374311        0.5418768107
 121. 113.        0.0240532475       -0.3032534756
 121. 114.       -0.4051780835       -0.3100569189
 121. 115.       -0.0319550392       -0.1703651939
 121. 116.        0.0630772518       -0.3157560941
 121. 117.        0.3789030643        0.1123999498
 121. 118.       -0.1164003959       -0.5223000331
 121. 119.       -0.6232626314        0.0406208975
 121. 120.        0.2716676061        0.1414182922
 121. 121.        0.1437436386       -0.0797264607
 122.   0.       -0.1346096019        0.0000000000
 122.   1.       -0.0006508225       -0.3269145314
 122.   2.       -0.0681884336       -0.1616929974
 122.   3.        0.0530107002       -0.0519363924
 122.   4.       -0.2775450721        0.0587736026
 122.   5.        0.1355534745       -0.0199175851
 122.   6.        0.3448012455        0.0189682816
 122.   7.       -0.0162410837        0.0481033336
 122.   8.        0.3403642127       -0.0691884195
 122.   9.        0.3046104287       -0.2762010602
 122.  10.        0.0630558286        0.2457319709
 122.  11.       -0.3777417207        0.1046945890
 122.  12.       -0.1758978118        0.0625541467
 122.  13.        0.3165096474        0.1859933875
 122.  14.        0.4477697373       -0.0496830844
 122.  15.       -0.1119622726       -0.1893411136
 122.  16.       -0.2262993436        0.3353955992
 122.  17.        0.2645187004       -0.2409159904
 122.  18.        0.0355073867        0.3504442040
 122.  19.        0.0329805360       -0.1239897567
 122.  20.        0.0417050587        0.2826836417
 122.  21.       -0.1580497285       -0.2391528199
 122.  22.        0.0540717564       -0.1048973389
 122.  23.        0.0336210500       -0.2225296133
 122.  24.       -0.2474954922        0.3375347233
 122.  25.       -0.2927470226       -0.2002945766
 122.  26.        0.2429342415        0.0523643706
 122.  27.        0.0656808305        0.2295134971
 122.  28.        0.0977067380        0.1102423030
 122.  29.        0.0712328746        0.2454806849
 122.  30.       -0.2635182595        0.0517271855
 122.  31.        0.4352128821       -0.0855719889
 122.  32.       -0.1288330316       -0.1247566310
 122.  33.       -0.1028135235       -0.2772571450
 122.  34.       -0.0120579846       -0.1951307900
 122.  35.       -0.3105284066       -0.1101576614
 122.  36.       -0.0952174176        0.1378150924
 122.  37.        0.3605120728        0.0728593735
 122.  38.       -0.0631548713        0.0567115433
 122.  39.        0.3221307760       -0.1956897734
 122.  40.       -0.1928643066        0.0262444436
 122.  41.       -0.0948003852       -0.0611156839
 122.  42.       -0.1555411676        0.0017320167
 122.  43.       -0.1057170693        0.2137466000
 122.  44.       -0.1823099606       -0.0438788952
 122.  45.        0.1868078521        0.1802577003
 122.  46.       -0.0741330922       -0.3678459628
 122.  47.        0.4095122645       -0.0593956253
 122.  48.        0.1797906621        0.1535672176
 122.  49.        0.1438748604       -0.0806154791
 122.  50.        0.4146438502        0.0370783422
 122.  51.        0.0830988726        0.0821136684
 122.  52.       -0.3080378444       -0.2195195713
 122.  53.        0.4992091213       -0.0787850411
 122.  54.        0.0547418312       -0.1165710056
 122.  55.        0.6079441883       -0.1584560601
 122.  56.       -0.0703015712        0.0904813450
 122.  57.       -0.0040523683       -0.0495423045
 122.  58.       -0.0559364554       -0.4618483773
 122.  59.       -0.1412616529        0.2457777058
 122.  60.        0.5237362009       -0.0429428574
 122.  61.       -0.1195005463       -0.1506260178
 122.  62.        0.1169537690       -0.0883739524
 122.  63.       -0.0594763097       -0.2234152334
 122.  64.        0.1567233492        0.4660163750
 122.  65.        0.0430792777        0.0793219165
 122.  66.        0.4347455978       -0.1672923368
 122.  67.       -0.1327184731       -0.0079013576
 122.  68.       -0.3544677507        0.0238131252
 122.  69.        0.0396330810        0.0334149864
 122.  70.        0.3939896720       -0.1601619330
 122.  71.        0.2551464741       -0.1711482073
 122.  72.       -0.1090593816        0.1602862376
 122.  73.       -0.1938467487        0.2146131983
 122.  74.       -0.0968861054        0.0396756837
 122.  75.        0.2561534038       -0.0288768383
 122.  76.        0.1176841475       -0.4056859707
 122.  77.        0.0407977001        0.2579884327
 122.  78.       -0.0761964866       -0.3172486251
 122.  79.       -0.3992928659       -0.1889763113
 122.  80.       -0.1895040692       -0.1143431847
 122.  81.        0.1697474621        0.0699115940
 122.  82.        0.1497655839       -0.1111954348
 122.  83.        0.1293602502        0.2794379876
 122.  84.       -0.0989389636       -0.3825460278
 122.  85.        0.0755541679       -0.0131108212
 122.  86.        0.3437207255        0.1836332219
 122.  87.        0.2075016790        0.1806209302
 122.  88.       -0.2342312108       -0.1947076120
 122.  89.        0.0155722393        0.4032035004
 122.  90.        0.3921544823        0.0855518078
 122.  91.        0.2371681133       -0.3006068971
 122.  92.       -0.4268051420        0.2215635466
 122.  93.       -0.1959946298        0.1191098318
 122.  94.        0.3282052949        0.0508884540
 122.  95.       -0.0185156934       -0.3265684890
 122.  96.        0.5222656240       -0.1421767660
 122.  97.        0.2774019217        0.1703780309
 122.  98.        0.2718227644       -0.1278166588
 122.  99.        0.3573417334       -0.3316274332
 122. 100.       -0.0496848013       -0.6489489663
 122. 101.       -0.1811895208       -0.0983238000
 122. 102.       -0.2061250239        0.0708664002
 122. 103.       -0.0361040984        0.0172407787
 122. 104.       -0.3732313966       -0.1098510493
 122. 105.        0.1169355489       -0.0956603965
 122. 106.        0.1532053091        0.1015565825
 122. 107.        0.0316218782        0.4877766227
 122. 108.       -0.0870586198        0.0329570898
 122. 109.       -0.0902791605       -0.2944852350
 122. 110.       -0.0248339886        0.4457936625
 122. 111.       -0.5647265467        0.1256814788
 122. 112.       -0.1333463294       -0.7009273530
 122. 113.       -0.0308424516       -0.2359102228
 122. 114.        0.0419998369       -0.0929317774
 122. 115.       -0.0309218198       -0.6215554004
 122. 116.        0.0616510054       -0.3393207572
 122. 117.        0.0996894585        0.2244658945
 122. 118.       -0.0240966080        0.2348617516
 122. 119.       -0.1763423568        0.0379195868
 122. 120.       -0.0320663491       -0.2076469636
 122. 121.        0.4494055525       -0.2664617020
 122. 122.        0.5420375875       -0.0026225753
 123.   0.        0.2029265751        0.0000000000
 123.   1.        0.0099781539       -0.2880476259
 123.   2.       -0.4541453782       -0.2233647240
 123.   3.        0.0417444947        0.0840862189
 123.   4.       -0.1232095289        0.0926150859
 123.   5.        0.1657040777       -0.2952069025
 123.   6.        0.0936369627       -0.0899668257
 123.   7.        0.3761984362        0.4788188188
 123.   8.        0.2550843375       -0.2658086231
 123.   9.       -0.1958335849        0.2756601353
 123.  10.        0.0842173634        0.0395957099
 123.  11.        0.0120664226       -0.1068504800
 123.  12.       -0.0110006275        0.0862463818
 123.  13.        0.0647575530        0.2080858743
 123.  14.        0.1686348579        0.0403622620
 123.  15.        0.4745035702       -0.0973863631
 123.  16.        0.0065755739       -0.1177208768
 123.  17.       -0.0562150167       -0.5361569445
 123.  18.       -0.1533126274        0.1326545612
 123.  19.       -0.0411406192       -0.2679186994
 123.  20.        0.2795191905       -0.1642550441
 123.  21.        0.0774632465        0.3072484321
 123.  22.        0.3145466011        0.1389731999
 123.  23.        0.1680753173       -0.0273697152
 123.  24.       -0.2056745707        0.0270251758
 123.  25.        0.1087450588       -0.0855315891
 123.  26.       -0.1216158865       -0.0374024411
 123.  27.        0.0799280264       -0.2608334442
 123.  28.       -0.1428762493        0.0534744181
 123.  29.       -0.1126599856       -0.0162206887
 123.  30.        0.0561265312       -0.0315649169
 123.  31.       -0.1854211787        0.3540846220
 123.  32.        0.0400173290        0.0392622885
 123.  33.       -0.0394830066        0.0533772330
 123.  34.        0.3182063531       -0.4688412932
 123.  35.       -0.2095880709       -0.0549168960
 123.  36.       -0.0656019449        0.2450119589
 123.  37.        0.2862104565       -0.1631085281
 123.  38.       -0.1858376839        0.0215427329
 123.  39.        0.1010257187        0.3219412868
 123.  40.        0.0518164741        0.1180912533
 123.  41.        0.1861026396        0.2711126525
 123.  42.        0.1384637823       -0.3783055012
 123.  43.       -0.0654567313       -0.1675135868
 123.  44.        0.3381130204       -0.3655735280
 123.  45.       -0.2065751723        0.1988576447
 123.  46.       -0.6535751585       -0.0504964604
 123.  47.        0.3763233093       -0.2393759474
 123.  48.       -0.0003648920       -0.0113673800
 123.  49.        0.0105348433        0.2963637697
 123.  50.       -0.0130632381        0.0388013089
 123.  51.       -0.1331223516       -0.0188820477
 123.  52.        0.0587722418        0.0979831782
 123.  53.       -0.3409175200        0.4277508228
 123.  54.        0.0899369315       -0.4063514513
 123.  55.        0.1042200998       -0.2943754287
 123.  56.        0.1633140009        0.1030999141
 123.  57.       -0.0387079697       -0.0793835496
 123.  58.       -0.1376964560       -0.4600312266
 123.  59.       -0.2541382624        0.2960540527
 123.  60.        0.1273009947       -0.4204749996
 123.  61.        0.0310118159        0.4426236360
 123.  62.       -0.1340082240        0.0880196779
 123.  63.        0.2147009086       -0.1734403671
 123.  64.        0.3302127961        0.0425095609
 123.  65.        0.2799189760        0.0429960067
 123.  66.        0.2853352911        0.2127151524
 123.  67.        0.0699461822       -0.0158092816
 123.  68.        0.2242846292        0.0397337829
 123.  69.       -0.1644476883        0.1702024960
 123.  70.        0.3401828676       -0.3565354662
 123.  71.        0.3058297867        0.2157229461
 123.  72.        0.0682849907        0.0843139560
 123.  73.        0.0365449795       -0.4375351745
 123.  74.       -0.1773386318        0.4227182068
 123.  75.        0.1669467730        0.1225755416
 123.  76.       -0.0863380033       -0.3219310200
 123.  77.        0.4899500320       -0.1637750366
 123.  78.       -0.0897772758       -0.1663047420
 123.  79.        0.0378888496        0.7093190326
 123.  80.       -0.1293336602       -0.2028943943
 123.  81.        0.0809253070       -0.1073186926
 123.  82.       -0.5745594049       -0.1196060429
 123.  83.       -0.1153261291       -0.3863595380
 123.  84.       -0.0527280818        0.1875457419
 123.  85.        0.1068152162        0.0163217910
 123.  86.        0.0905178251       -0.4224445642
 123.  87.       -0.0546045224       -0.1766214379
 123.  88.       -0.2406401347        0.2641114990
 123.  89.       -0.1344762261       -0.1381303603
 123.  90.       -0.2017220700        0.0094175321
 123.  91.        0.0434222691        0.7411588526
 123.  92.       -0.6907879956       -0.2235858130
 123.  93.       -0.0149179377        0.0777540863
 123.  94.       -0.2728666109        0.0214034516
 123.  95.        0.3285485435        0.4427421120
 123.  96.        0.4921678061       -0.3396631843
 123.  97.       -0.4122496003       -0.1743786656
 123.  98.       -0.0389383958       -0.5530749788
 123.  99.        0.2980249294       -0.2153745932
 123. 100.       -0.2954973634        0.2253273117
 123. 101.        0.4340347028       -0.0700626867
 123. 102.        0.5229405383        0.1019663395
 123. 103.        0.0482953391       -0.4899837775
 123. 104.        0.1928837933        0.0344264938
 123. 105.       -0.0817404004        0.0219546062
 123. 106.        0.2647339417        0.4650717041
 123. 107.       -0.1543999618        0.3023440038
 123. 108.       -0.1229398159       -0.2500833011
 123. 109.        0.1134128667       -0.3386803277
 123. 110.       -0.4047819468        0.0570702296
 123. 111.        0.5323586742       -0.1163474217
 123. 112.        0.0838001573       -0.0996804710
 123. 113.       -0.1066531335       -0.1571861455
 123. 114.        0.1195288583       -0.0700009236
 123. 115.        0.0367573337       -0.2161621284
 123. 116.        0.1717804270        0.0185911608
 123. 117.       -0.1714208425       -0.1288421669
 123. 118.        0.6054835141       -0.0642497932
 123. 119.       -0.2548211098       -0.4073161443
 123. 120.       -0.1735688161       -0.4420932632
 123. 121.       -0.3275803028       -0.2971372703
 123. 122.       -0.0794029629       -0.0493484800
 123. 123.        0.0804299244        0.2922227240
 124.   0.        0.3104292618        0.0000000000
 124.   1.       -0.1232193454        0.0570256794
 124.   2.       -0.3029470198        0.1875055862
 124.   3.        0.0969684000        0.0623459890
 124.   4.        0.1671023742       -0.1283658655
 124.   5.       -0.1938340423        0.3104228871
 124.   6.       -0.1740891956       -0.1762542693
 124.   7.        0.2044764974        0.0194067880
 124.   8.       -0.4491158846       -0.1853486774
 124.   9.       -0.2302703001        0.0536603508
 124.  10.       -0.1899261394       -0.2880261542
 124.  11.        0.3244668961       -0.0671555750
 124.  12.        0.0852638784        0.2108862346
 124.  13.       -0.1321002937       -0.1133567773
 124.  14.       -0.0877486148       -0.1084480899
 124.  15.        0.1306569265        0.1445944295
 124.  16.        0.0210220795       -0.0290710913
 124.  17.       -0.1226912749       -0.1758058348
 124.  18.       -0.0378299520       -0.5099199456
 124.  19.       -0.1909824592        0.0356179857
 124.  20.       -0.1725274774       -0.2167128097
 124.  21.        0.0005947628       -0.1474336078
 124.  22.       -0.0727739219       -0.0313076914
 124.  23.       -0.3443013215        0.2284768463
 124.  24.        0.0687856758       -0.1631381682
 124.  25.        0.2810266070        0.0156377481
 124.  26.       -0.2671030760        0.0491883282
 124.  27.        0.1051057641       -0.0964789831
 124.  28.       -0.1365180532       -0.0699460554
 124.  29.       -0.3700860485       -0.0296637854
 124.  30.        0.0230470128       -0.0584164703
 124.  31.       -0.0568508032        0.3164446768
 124.  32.        0.1908659194        0.2550401272
 124.  33.        0.0371942382       -0.1577300825
 124.  34.       -0.0275726153       -0.1388670641
 124.  35.        0.4695205904        0.1441574896
 124.  36.        0.0081644618        0.0079351546
 124.  37.       -0.1636578455        0.0490770983
 124.  38.       -0.0492479242        0.0106028163
 124.  39.       -0.3000004547        0.3880816240
 124.  40.        0.0004744031        0.1806133796
 124.  41.        0.0948674983        0.4032612408
 124.  42.        0.2411346313       -0.1353267422
 124.  43.       -0.1712185479       -0.0882090646
 124.  44.        0.0934516270        0.1422520867
 124.  45.        0.0232001704       -0.0629534712
 124.  46.        0.1611696341        0.2140682622
 124.  47.       -0.2055965736       -0.1907355751
 124.  48.        0.1669848475       -0.2263275505
 124.  49.       -0.1819011707       -0.1710755934
 124.  50.       -0.2634704073       -0.0819555316
 124.  51.        0.1578821681       -0.2376384503
 124.  52.        0.0381753419       -0.2176075132
 124.  53.       -0.5033825920        0.0768295181
 124.  54.        0.2525094274       -0.1689036224
 124.  55.       -0.0916376889       -0.0224453605
 124.  56.        0.0315181043        0.2129320632
 124.  57.        0.0058414169        0.1217858141
 124.  58.       -0.2368592358        0.1245405291
 124.  59.        0.1436428279       -0.0601573347
 124.  60.       -0.1810997620        0.6671637542
 124.  61.        0.1735628536       -0.3272490865
 124.  62.        0.1867211704        0.2003795203
 124.  63.       -0.2030889778       -0.0955532465
 124.  64.       -0.0192775849       -0.3785701688
 124.  65.        0.0724125708       -0.0394334791
 124.  66.       -0.3149313457       -0.2900359700
 124.  67.        0.1603612445       -0.1350305499
 124.  68.       -0.1802265954        0.2195480683
 124.  69.       -0.4501486281        0.5493981602
 124.  70.       -0.6956957918        0.1579183108
 124.  71.       -0.1120766120        0.1059848572
 124.  72.        0.1399537745        0.2738565473
 124.  73.        0.0594879653       -0.1712659352
 124.  74.        0.0208809748        0.2402052674
 124.  75.       -0.2032746477       -0.1022842429
 124.  76.        0.0148111195       -0.0372205077
 124.  77.       -0.1862331003       -0.0549601467
 124.  78.        0.2948649900       -0.0177853839
 124.  79.       -0.1788430086        0.3392053895
 124.  80.       -0.2214694046        0.3162965080
 124.  81.       -0.4171272979       -0.1032821315
 124.  82.        0.0424115632        0.2847702437
 124.  83.       -0.4229131789       -0.3504268793
 124.  84.       -0.1361144213        0.1922540433
 124.  85.        0.0784498529       -0.1127281267
 124.  86.        0.0104928293       -0.4310180411
 124.  87.        0.1625165838       -0.0766896439
 124.  88.       -0.0882799434       -0.3492558927
 124.  89.        0.1748588924       -0.1095425206
 124.  90.       -0.1085388446       -0.1002371476
 124.  91.        0.1991726115       -0.0103588731
 124.  92.       -0.0671987132        0.3360268637
 124.  93.        0.4477028684        0.0223198301
 124.  94.        0.0504882639       -0.1299605035
 124.  95.        0.0055857610       -0.0547704220
 124.  96.       -0.2808434288        0.1970820424
 124.  97.       -0.1620349738       -0.3443189657
 124.  98.        0.5642855776        0.1762103349
 124.  99.       -0.2021376345        0.5124225881
 124. 100.       -0.0383731371       -0.0602677853
 124. 101.        0.3916317006       -0.1130816200
 124. 102.        0.0689737652       -0.4085884546
 124. 103.        0.1111799045       -0.1413865998
 124. 104.        0.1789982297        0.3292924395
 124. 105.       -0.3073442117       -0.1364066099
 124. 106.       -0.2712992782       -0.4576439434
 124. 107.        0.3547061298        0.1697846347
 124. 108.       -0.0651914961        0.1599825758
 124. 109.       -0.0026472541       -0.0276030321
 124. 110.        0.3559962320       -0.0879460648
 124. 111.        0.1626330245       -0.3608051523
 124. 112.       -0.3058329417       -0.2449299218
 124. 113.       -0.3258646815        0.1408599772
 124. 114.       -0.3003968131       -0.3289328655
 124. 115.       -0.1131475380       -0.1272397464
 124. 116.        0.2475288662        0.5129757596
 124. 117.        0.0600768669        0.3142231964
 124. 118.        0.3287776968       -0.4320023350
 124. 119.       -0.2050224455        0.2879794484
 124. 120.        0.4456879967       -0.2827911681
 124. 121.        0.2297233384       -0.2766991226
 124. 122.       -0.5336116965        0.0694750472
 124. 123.        0.1876470098        0.3736956920
 124. 124.       -0.2060041854        0.3982821146
 125.   0.       -0.1308583226        0.0000000000
 125.   1.        0.1483509832        0.4218939850
 125.   2.       -0.1329571657        0.0240901307
 125.   3.       -0.0563800674       -0.3689803544
 125.   4.        0.2478052259        0.0792229527
 125.   5.       -0.3029991597        0.0804388160
 125.   6.        0.1433671567        0.1779314175
 125.   7.       -0.0837671219        0.0416262045
 125.   8.        0.0658323767        0.3818407138
 125.   9.        0.2396147702       -0.2085125839
 125.  10.       -0.0679283277        0.1139368811
 125.  11.        0.2422548396       -0.0528030631
 125.  12.       -0.2044076937       -0.2049644737
 125.  13.       -0.1510574723       -0.0492994655
 125.  14.       -0.1421965888       -0.0279236053
 125.  15.       -0.2408963681       -0.0041858647
 125.  16.        0.0332063393        0.2939022642
 125.  17.        0.0528764573        0.1381977565
 125.  18.        0.1068687112       -0.1023896902
 125.  19.       -0.1149354514        0.2243432603
 125.  20.       -0.1069212448        0.2249144462
 125.  21.        0.0570584317       -0.0070786254
 125.  22.       -0.2100757075       -0.1624375782
 125.  23.        0.1869573093       -0.1307437769
 125.  24.        0.2473609602       -0.1882169093
 125.  25.        0.0412990308        0.0694331819
 125.  26.       -0.0110733957       -0.1338180972
 125.  27.       -0.0828942341        0.2097093169
 125.  28.       -0.1748843156       -0.0509912353
 125.  29.        0.3003336660        0.2224059387
 125.  30.       -0.1852214398        0.0156436740
 125.  31.       -0.0442760032       -0.2949621419
 125.  32.       -0.0189602982        0.1146664485
 125.  33.        0.0746296885        0.1096276856
 125.  34.       -0.1898632956        0.4212955534
 125.  35.       -0.1989117248       -0.1829810157
 125.  36.        0.2051089611        0.0403369295
 125.  37.        0.0800396497       -0.0305325333
 125.  38.       -0.1748800258       -0.0929174683
 125.  39.        0.0526652572       -0.2131121823
 125.  40.       -0.2384353888       -0.2551014551
 125.  41.       -0.1831903031       -0.4344988323
 125.  42.       -0.1610355007        0.0626067157
 125.  43.        0.1881739003        0.2016726385
 125.  44.       -0.1537769855       -0.1172974006
 125.  45.        0.1807341310       -0.1901113195
 125.  46.        0.3699551355        0.4407745365
 125.  47.       -0.2724214583        0.0324551500
 125.  48.        0.1055543904       -0.3649812786
 125.  49.        0.0175363564       -0.2125101723
 125.  50.        0.1616847054       -0.2042567821
 125.  51.        0.0705701697        0.2699137580
 125.  52.       -0.1294200200        0.0489688547
 125.  53.        0.5724250138        0.0106735454
 125.  54.       -0.2120330740       -0.1782108255
 125.  55.       -0.2587964150        0.1768068099
 125.  56.        0.6472568450       -0.0892392564
 125.  57.        0.1122094018       -0.0318151745
 125.  58.        0.1634481657       -0.1012628695
 125.  59.       -0.0737896570       -0.0760943561
 125.  60.       -0.0891713075        0.0181332633
 125.  61.       -0.1421970515        0.1180167362
 125.  62.        0.3779231728       -0.4223650876
 125.  63.        0.1279586271        0.0998118215
 125.  64.       -0.2098458168       -0.0689588958
 125.  65.       -0.0296333895       -0.1056625532
 125.  66.       -0.0792437478       -0.1971315890
 125.  67.        0.1188885412       -0.0974282552
 125.  68.        0.5063835002        0.0646095076
 125.  69.        0.1246605257       -0.1691789459
 125.  70.       -0.3187199081       -0.2084959152
 125.  71.        0.1160239126       -0.2354825394
 125.  72.        0.2644567407       -0.2715527644
 125.  73.       -0.1183320915        0.3843009990
 125.  74.       -0.2164561402        0.2757055092
 125.  75.        0.2593025405       -0.2424770097
 125.  76.       -0.0971497809        0.0368446931
 125.  77.       -0.0414700801        0.0384582888
 125.  78.       -0.1169766074        0.1867840934
 125.  79.        0.0619206610        0.1846594167
 125.  80.        0.0870204471       -0.2217108777
 125.  81.        0.0770581180        0.2915179324
 125.  82.       -0.1023317550       -0.3989136568
 125.  83.        0.0544129237       -0.1928099133
 125.  84.        0.0471005650       -0.1788186614
 125.  85.       -0.1989543121        0.2196665614
 125.  86.       -0.6256093437        0.2055803198
 125.  87.       -0.1250738266       -0.2069545751
 125.  88.        0.3786823207       -0.0495018038
 125.  89.       -0.0847692079        0.4072887564
 125.  90.        0.1442401750       -0.4170148124
 125.  91.        0.3513893703       -0.0456194583
 125.  92.        0.5355816483       -0.0270876872
 125.  93.       -0.4074343103        0.1957673266
 125.  94.        0.1803730353       -0.6034379534
 125.  95.       -0.0068594100       -0.0238602051
 125.  96.       -0.2676796813        0.0982909478
 125.  97.        0.0529191438        0.4665702499
 125.  98.       -0.0459706412       -0.0964462561
 125.  99.        0.1362137891       -0.1366086359
 125. 100.       -0.0164072851        0.2452009497
 125. 101.       -0.2490308374       -0.4796061381
 125. 102.       -0.2327304465       -0.0487242297
 125. 103.        0.1895330870       -0.1697410429
 125. 104.       -0.1682330879       -0.0486472793
 125. 105.       -0.3579031612        0.3203818036
 125. 106.        0.0452136166       -0.1916723307
 125. 107.       -0.0528806249       -0.2544877676
 125. 108.        0.0122345741        0.0640023872
 125. 109.       -0.0078597073        0.2835802169
 125. 110.        0.0390112133       -0.2852645258
 125. 111.       -0.0918115466       -0.0955319477
 125. 112.       -0.1043656256       -0.1566051005
 125. 113.        0.6043650070        0.0808702913
 125. 114.       -0.0150173941       -0.1812923713
 125. 115.       -0.2375298650        0.1729419308
 125. 116.        0.5708229817       -0.6741132154
 125. 117.        0.6370410821       -0.0237094075
 125. 118.       -0.0004271561       -0.0585638816
 125. 119.        0.4830878502        0.1736478982
 125. 120.       -0.3065381252        0.5376323324
 125. 121.       -0.2689944491       -0.1820558518
 125. 122.       -0.1787122740        0.2950206009
 125. 123.       -0.2007419774        0.1949565453
 125. 124.       -0.0251787820        0.0494762357
 125. 125.       -0.0670101579       -0.0672670504
 126.   0.       -0.1507960076        0.0000000000
 126.   1.        0.1376312367        0.3557611833
 126.   2.        0.2070196858       -0.1138927492
 126.   3.       -0.0789762444       -0.2597806640
 126.   4.       -0.2013643394       -0.1079672016
 126.   5.        0.2151266836       -0.0654500825
 126.   6.       -0.0770458905        0.2342818390
 126.   7.       -0.1596552689       -0.1170543420
 126.   8.        0.1044330373        0.0430120298
 126.   9.       -0.0784860022        0.1361685566
 126.  10.        0.0958287418       -0.0835305874
 126.  11.       -0.1406224924       -0.0479392436
 126.  12.        0.3097986817       -0.4351462492
 126.  13.       -0.1258174567        0.0451860193
 126.  14.       -0.4097732815        0.1513745653
 126.  15.        0.1561790416       -0.0349017409
 126.  16.        0.0928470335       -0.0092010472
 126.  17.       -0.2645136553        0.4288868081
 126.  18.        0.2722334705        0.6934065137
 126.  19.        0.0233871158       -0.0605304168
 126.  20.        0.2345426741        0.2262003309
 126.  21.        0.1688031504        0.4118208071
 126.  22.       -0.1078208291        0.0493890887
 126.  23.        0.1349855541       -0.3042604376
 126.  24.       -0.1199466888        0.1677293415
 126.  25.       -0.1209132119        0.4067702462
 126.  26.       -0.0494998823       -0.2300111792
 126.  27.       -0.1761565446        0.0005952404
 126.  28.       -0.0025591792       -0.0748163044
 126.  29.        0.0857044675       -0.0347923290
 126.  30.        0.2414816178        0.0000638133
 126.  31.        0.0554424742       -0.1943859846
 126.  32.       -0.0311207068       -0.1303134522
 126.  33.        0.0017388935       -0.0746792981
 126.  34.        0.3253892512       -0.1429518123
 126.  35.       -0.2469567178       -0.1376937522
 126.  36.       -0.1693938777       -0.1150294803
 126.  37.        0.1614326556       -0.0051510700
 126.  38.       -0.0895493895        0.1657866056
 126.  39.       -0.0572827533       -0.1188851280
 126.  40.        0.1120973590        0.0826456227
 126.  41.        0.1301176517       -0.0787634473
 126.  42.        0.0387079286       -0.1290821100
 126.  43.        0.3655943887        0.1749489588
 126.  44.       -0.0694634877        0.2607636106
 126.  45.        0.1539550347        0.2741821855
 126.  46.        0.0968158490       -0.0381446862
 126.  47.        0.1822369501        0.2485206409
 126.  48.        0.0926083163       -0.1236031257
 126.  49.        0.3623913789       -0.1042269153
 126.  50.       -0.0885571999       -0.1206754033
 126.  51.        0.0795553443        0.1573060734
 126.  52.       -0.3618620396        0.0408902475
 126.  53.        0.1049672305        0.2215397917
 126.  54.       -0.0060315428        0.0973425545
 126.  55.       -0.2039596484       -0.0460096847
 126.  56.        0.0640793364        0.0744655135
 126.  57.        0.0661539314        0.0592046444
 126.  58.        0.2814530933        0.0918856110
 126.  59.       -0.3167541229        0.3010814216
 126.  60.       -0.1794817044       -0.5115375970
 126.  61.       -0.3360392383        0.3705918729
 126.  62.       -0.2217443636        0.3525830295
 126.  63.        0.1323120837        0.0341500124
 126.  64.       -0.1058770331        0.2184060141
 126.  65.       -0.0045205123       -0.0048922962
 126.  66.        0.1042842187       -0.0442107759
 126.  67.       -0.1637467116       -0.3926670285
 126.  68.        0.2939102706        0.0903822059
 126.  69.        0.4186848702        0.1816494509
 126.  70.       -0.2434471705       -0.0016380378
 126.  71.       -0.1100773762       -0.2522798747
 126.  72.        0.0977868233        0.1362447150
 126.  73.        0.5365921515       -0.1875509969
 126.  74.       -0.1348495315        0.1003608024
 126.  75.       -0.2203177078        0.0665821854
 126.  76.        0.2565513671        0.0993485320
 126.  77.       -0.6153827989       -0.6394849946
 126.  78.       -0.0834032639        0.0349044269
 126.  79.        0.0998566963        0.0079908157
 126.  80.        0.3574193981       -0.0612957715
 126.  81.        0.1633903095       -0.0511790186
 126.  82.       -0.4564392261        0.0077602575
 126.  83.        0.3157968215       -0.0710350067
 126.  84.        0.1522595785        0.0182174408
 126.  85.        0.0022874751       -0.1313981383
 126.  86.       -0.1108163501       -0.0831305918
 126.  87.       -0.1767129597       -0.5007025841
 126.  88.       -0.0645155311       -0.2027759211
 126.  89.       -0.0164289081        0.0657504005
 126.  90.        0.4528477245       -0.0836460720
 126.  91.        0.0829291844        0.3202426450
 126.  92.        0.2614103000        0.2501052360
 126.  93.       -0.2941367173        0.0210403235
 126.  94.       -0.0877213474       -0.3029829901
 126.  95.        0.2040127551       -0.2275976509
 126.  96.        0.1644280539        0.0965082896
 126.  97.        0.2130736353       -0.2841197329
 126.  98.       -0.7492684562       -0.0195541415
 126.  99.        0.1976620675       -0.2066544065
 126. 100.       -0.1745218733        0.0633468620
 126. 101.        0.0391200013       -0.2175899974
 126. 102.        0.3257751965        0.0580046943
 126. 103.        0.4345325950        0.5398368078
 126. 104.        0.0473883472        0.3135329462
 126. 105.        0.3071641462       -0.4549642080
 126. 106.       -0.2174005593        0.2009101277
 126. 107.        0.3895020638        0.2479260085
 126. 108.       -0.2534616830       -0.3689175104
 126. 109.       -0.0894455589       -0.4552627259
 126. 110.       -0.2729493925        0.1614306893
 126. 111.        0.0863815537        0.1475500573
 126. 112.       -0.5551653922       -0.1857426308
 126. 113.        0.0931194153       -0.3649895838
 126. 114.       -0.0008570842        0.1580219152
 126. 115.        0.0304798562       -0.2225162492
 126. 116.        0.1171471511       -0.2075653217
 126. 117.        0.0890279982       -0.5389756192
 126. 118.        0.0137978740       -0.1298990086
 126. 119.       -0.2974736898        0.2249163445
 126. 120.       -0.2900290474       -0.2664709363
 126. 121.        0.1144060839        0.1889799552
 126. 122.        0.0511441263       -0.2939723466
 126. 123.       -0.2118308840        0.0271684207
 126. 124.        0.0149753609       -0.2158515775
 126. 125.       -0.4338123852       -0.3190457991
 126. 126.       -0.1834634371        0.4448460608
 127.   0.       -0.3121463166        0.0000000000
 127.   1.       -0.1099502301       -0.1730908350
 127.   2.        0.4920052168        0.0874376462
 127.   3.       -0.1186131331        0.4207852033
 127.   4.       -0.1407753510       -0.2729031465
 127.   5.        0.2204756421        0.1832422125
 127.   6.       -0.0221788953       -0.0927883613
 127.   7.        0.1397791980       -0.3853752058
 127.   8.       -0.3130852852       -0.2468148404
 127.   9.       -0.0613357659       -0.1368603973
 127.  10.       -0.0250179449        0.0857383381
 127.  11.       -0.1889186444        0.2146937748
 127.  12.        0.1780525254        0.0811733470
 127.  13.       -0.0101580018       -0.2000312795
 127.  14.       -0.0527223243        0.0720897031
 127.  15.       -0.2315800281        0.0262891104
 127.  16.       -0.1584792527       -0.2393530633
 127.  17.       -0.0256868270        0.1580845138
 127.  18.        0.0862833121       -0.3169977694
 127.  19.        0.1393891570        0.1943839044
 127.  20.       -0.1602554401       -0.3317533382
 127.  21.       -0.2947808017        0.0043819026
 127.  22.        0.0584761431        0.0281269133
 127.  23.       -0.2200862216        0.1024715225
 127.  24.        0.0296861688        0.0541347793
 127.  25.       -0.0452893693       -0.1782614913
 127.  26.       -0.1070532604        0.3311614507
 127.  27.        0.3195912491       -0.1501003699
 127.  28.        0.3732697566        0.0927442966
 127.  29.       -0.2924949746       -0.2159563005
 127.  30.       -0.1006438624       -0.2268264527
 127.  31.        0.2630967272        0.1725715411
 127.  32.        0.0019874322       -0.3397240280
 127.  33.        0.3292131999       -0.0769377952
 127.  34.        0.3253518439        0.0726178562
 127.  35.        0.2303254619        0.0421864474
 127.  36.       -0.3606234374       -0.0309143535
 127.  37.        0.3097760790        0.0475006775
 127.  38.       -0.0376859880        0.2567930301
 127.  39.       -0.1332183872        0.0173477658
 127.  40.        0.1696654347       -0.1203854220
 127.  41.        0.3579804695        0.2037982402
 127.  42.        0.1693656620        0.2592087520
 127.  43.        0.1087697455       -0.1356671565
 127.  44.       -0.1885147372       -0.3006945053
 127.  45.        0.0366522007        0.2238862648
 127.  46.        0.1140566949       -0.0503444501
 127.  47.        0.2130894010        0.4026710132
 127.  48.        0.0914745919        0.0037481290
 127.  49.        0.0797152314        0.1814248587
 127.  50.       -0.0921951193       -0.1571800723
 127.  51.        0.1188100852       -0.2936735828
 127.  52.        0.0798900730        0.0227666393
 127.  53.       -0.5756413365       -0.3126479717
 127.  54.        0.0420616665        0.0348196832
 127.  55.        0.5126604251        0.0536270902
 127.  56.       -0.2443289631        0.4262328561
 127.  57.       -0.2528753228        0.0375695691
 127.  58.       -0.0133621467        0.3813602326
 127.  59.        0.3216219572        0.3752372607
 127.  60.       -0.1010967318       -0.2252396720
 127.  61.       -0.1155217703       -0.0395516854
 127.  62.        0.2749650361       -0.0159691546
 127.  63.       -0.4330993017       -0.2124508057
 127.  64.        0.1697568239        0.0438516554
 127.  65.       -0.1126635650       -0.0203841342
 127.  66.        0.1888392859       -0.1052972991
 127.  67.       -0.1690543928       -0.0882205942
 127.  68.       -0.0341789659       -0.1690524202
 127.  69.       -0.1862881828        0.3954652754
 127.  70.        0.4048143472        0.5539132526
 127.  71.        0.2175221412       -0.3083534179
 127.  72.       -0.0593532008       -0.2221654752
 127.  73.        0.3924126278       -0.1289402655
 127.  74.        0.2240439716        0.1102223395
 127.  75.       -0.2462995655       -0.3179605815
 127.  76.        0.0583493767        0.4386415208
 127.  77.        0.1237989454       -0.1738825975
 127.  78.       -0.1798972137       -0.2745310322
 127.  79.       -0.2945617284       -0.2198298544
 127.  80.        0.2356347804       -0.3428529864
 127.  81.       -0.0631154791        0.1019738614
 127.  82.        0.0169434185        0.7539286814
 127.  83.       -0.4109847788       -0.0438872880
 127.  84.       -0.1162713646        0.0123577201
 127.  85.       -0.2793409167       -0.2387434692
 127.  86.        0.6656687280       -0.0462491885
 127.  87.       -0.5076114480       -0.1450495617
 127.  88.       -0.1259704949       -0.3661167997
 127.  89.        0.0022434202       -0.1927898020
 127.  90.       -0.0326474827        0.3773162184
 127.  91.        0.1147535979        0.1247670216
 127.  92.        0.3598749243        0.2232807856
 127.  93.       -0.0786539339        0.0246231718
 127.  94.       -0.3216151004       -0.0070425013
 127.  95.       -0.1651853140       -0.0423674915
 127.  96.        0.1061791594       -0.2554322392
 127.  97.       -0.0889839802       -0.3126902449
 127.  98.        0.0801848879       -0.2496540747
 127.  99.        0.1338140314       -0.1705059093
 127. 100.       -0.0622512950       -0.4423080714
 127. 101.        0.2113315589        0.2044243613
 127. 102.       -0.7644522774       -0.3753818886
 127. 103.       -0.0256348487        0.0161928998
 127. 104.       -0.0518094279       -0.0999388858
 127. 105.       -0.1259229517       -0.0351800834
 127. 106.        0.0968451111        0.0564775311
 127. 107.       -0.1769035069       -0.2668948415
 127. 108.       -0.0033287692       -0.0001550201
 127. 109.        0.4173887579       -0.1695576035
 127. 110.       -0.3252921605        0.0415556645
 127. 111.       -0.5556208462       -0.1930665277
 127. 112.       -0.3518171277       -0.0020085599
 127. 113.        0.2671809960        0.2434896666
 127. 114.       -0.2511517907       -0.2234817282
 127. 115.       -0.1464429411        0.1566557508
 127. 116.       -0.2785701032       -0.2055986078
 127. 117.        0.2657937215       -0.3535041725
 127. 118.        0.1087800894        0.1860532284
 127. 119.        0.1367593860        0.1901570333
 127. 120.        0.1451002175        0.4323519629
 127. 121.        0.1046747473       -0.0640652576
 127. 122.       -0.6557402316        0.5410487567
 127. 123.        0.2575924983       -0.0182144980
 127. 124.        0.3929138553       -0.0429726223
 127. 125.        0.0790017707       -0.1351751911
 127. 126.       -0.0095541098       -0.1357893441
 127. 127.       -0.0970986336       -0.0476078142
 128.   0.       -0.0571168466        0.0000000000
 128.   1.       -0.2164059873       -0.2757173843
 128.   2.       -0.0094235019        0.2031958883
 128.   3.        0.0139880397        0.5281736431
 128.   4.        0.0727414869        0.1273291376
 128.   5.       -0.2140869002       -0.4194853125
 128.   6.        0.1372989970        0.0286714224
 128.   7.        0.0292653192        0.0659137837
 128.   8.        0.2179719860        0.0008327712
 128.   9.        0.1319330254       -0.1174503278
 128.  10.       -0.1211816350        0.2841039604
 128.  11.        0.1586160001        0.1250862599
 128.  12.       -0.2858711306        0.0155176700
 128.  13.        0.1863574592       -0.1537455265
 128.  14.        0.4070920510       -0.1536926083
 128.  15.       -0.4356461827       -0.0817697031
 128.  16.       -0.1261612496       -0.2487415396
 128.  17.        0.2391718746       -0.1169456334
 128.  18.       -0.3139198460       -0.1970166220
 128.  19.       -0.0088626509        0.0639815344
 128.  20.       -0.2317825849       -0.1720018002
 128.  21.        0.0466039780       -0.2139642809
 128.  22.        0.3313826974       -0.0334606855
 128.  23.        0.0690919046        0.2163715712
 128.  24.        0.3107106758       -0.3765467611
 128.  25.        0.1255610705       -0.3949690014
 128.  26.       -0.1464196441        0.0809722767
 128.  27.       -0.0669455676        0.1401653731
 128.  28.        0.0211888415        0.0454818992
 128.  29.       -0.2006822074        0.0491661426
 128.  30.       -0.1212974442       -0.2263881659
 128.  31.        0.0021293264        0.0306276712
 128.  32.        0.2401659179        0.2213376544
 128.  33.        0.0014103579        0.1105953955
 128.  34.       -0.1989950497       -0.1138979436
 128.  35.        0.1318007938        0.0510475694
 128.  36.        0.1560877195       -0.0772899518
 128.  37.       -0.0497732107       -0.0794143411
 128.  38.        0.0185560590       -0.0752738953
 128.  39.        0.1761912958        0.3006072226
 128.  40.        0.0986884423        0.1197818906
 128.  41.        0.1853152865       -0.1889336168
 128.  42.        0.0727744850       -0.0141171832
 128.  43.       -0.1503396367        0.1875650242
 128.  44.        0.0906558435       -0.2182771280
 128.  45.       -0.3303437613       -0.2927015657
 128.  46.        0.0555050928       -0.0229666450
 128.  47.        0.1111789322        0.3119628003
 128.  48.       -0.1860405040       -0.1953059258
 128.  49.        0.0764854357        0.0631716500
 128.  50.       -0.2041325494        0.1765783726
 128.  51.        0.2111008997       -0.1569261782
 128.  52.        0.1783015135       -0.1928248528
 128.  53.        0.1225205800       -0.0055826166
 128.  54.       -0.0029299717       -0.1256929437
 128.  55.        0.0217458437        0.0598646294
 128.  56.       -0.2541386995       -0.3409888615
 128.  57.       -0.1031772399        0.3987756543
 128.  58.       -0.3685839582       -0.1633466313
 128.  59.        0.1890757346        0.1401046756
 128.  60.       -0.1059507079        0.1380049195
 128.  61.       -0.0502140330       -0.3043366891
 128.  62.        0.2599871458       -0.2152452285
 128.  63.        0.1580062643        0.0858328385
 128.  64.       -0.3035084016       -0.0439389657
 128.  65.       -0.1444173374        0.1581311199
 128.  66.        0.0608207471        0.1719026345
 128.  67.        0.2694170920       -0.0383063366
 128.  68.       -0.1069291773       -0.3597476567
 128.  69.       -0.3972572855       -0.1384813265
 128.  70.        0.3031074176        0.4636561143
 128.  71.        0.1465472637        0.2155616196
 128.  72.       -0.4325554228       -0.0546950712
 128.  73.       -0.3324227179       -0.1983485940
 128.  74.        0.1482648824        0.2990627623
 128.  75.        0.3363644526        0.3849852325
 128.  76.        0.1825505769        0.3888250110
 128.  77.        0.0338351089       -0.1829943526
 128.  78.        0.4331621463       -0.1482898066
 128.  79.       -0.2308844510       -0.2290181084
 128.  80.        0.3758695859       -0.2217117138
 128.  81.       -0.2532321924       -0.0767770033
 128.  82.        0.3222758061        0.0781918915
 128.  83.        0.0033885138       -0.0457910262
 128.  84.        0.3179320413        0.2422511271
 128.  85.        0.0886686679        0.3823094321
 128.  86.       -0.2445167275       -0.1018005566
 128.  87.        0.0200778174        0.4118569144
 128.  88.        0.1637684112        0.2679570947
 128.  89.       -0.2408982136       -0.3630335573
 128.  90.       -0.1757853558       -0.2274755601
 128.  91.        0.3783830465        0.1648148949
 128.  92.       -0.2501146092       -0.0804948289
 128.  93.        0.1416614597        0.2715434901
 128.  94.       -0.3253591705        0.2190691440
 128.  95.        0.0121441882        0.0113697488
 128.  96.        0.1555394564        0.1899407474
 128.  97.       -0.0948798087        0.1884075479
 128.  98.       -0.3654014349        0.1997960546
 128.  99.        0.0391125432       -0.1789336041
 128. 100.        0.1770825048        0.1586840061
 128. 101.        0.3657236930       -0.3230125808
 128. 102.        0.2917115324        0.0015531413
 128. 103.        0.0269611074       -0.3419680897
 128. 104.       -0.0523702429        0.5289689148
 128. 105.        0.0280785282       -0.0732755005
 128. 106.       -0.1069589798        0.0798075634
 128. 107.       -0.1094056575        0.1234890735
 128. 108.        0.3649892674       -0.2611920546
 128. 109.        0.1088652127        0.3293295488
 128. 110.       -0.3508295559       -0.1017490083
 128. 111.        0.2234497719        0.2813988720
 128. 112.       -0.1641623528       -0.1194504241
 128. 113.        0.2506137019       -0.3570299296
 128. 114.        0.1222956026        0.8331791669
 128. 115.        0.2513592856        0.1081363670
 128. 116.       -0.0867325040        0.0129151108
 128. 117.       -0.2281787772       -0.4039642968
 128. 118.        0.3395758756        0.3010406970
 128. 119.       -0.5017733131       -0.0537430883
 128. 120.       -0.3860452093       -0.0444818110
 128. 121.        0.0235633757        0.1377589096
 128. 122.       -0.6477446023       -0.2323073351
 128. 123.       -0.3098300025        0.0852951344
 128. 124.        0.1180064369        0.0131407566
 128. 125.        0.2247151023        0.0030914542
 128. 126.        0.2245739069       -0.2618514944
 128. 127.        0.1777349700        0.1415727400
 128. 128.       -0.1627946712       -0.0805919099
 129.   0.        0.2441753657        0.0000000000
 129.   1.       -0.1037128961        0.2371059063
 129.   2.       -0.3033473890        0.0007110786
 129.   3.        0.3258843123       -0.1575536018
 129.   4.        0.0156852659        0.1874033146
 129.   5.       -0.0207857386       -0.1927711776
 129.   6.       -0.1059628835       -0.0968948339
 129.   7.       -0.4496928235        0.1167773023
 129.   8.        0.2605383349        0.1628631570
 129.   9.       -0.0873642419        0.3016924820
 129.  10.       -0.0097565141       -0.2794894890
 129.  11.        0.1606556520       -0.1563287929
 129.  12.       -0.0358784520        0.1181325090
 129.  13.        0.1271009524        0.2501185275
 129.  14.        0.0170427878       -0.0113669737
 129.  15.        0.3772299830        0.1360894206
 129.  16.        0.0804995029        0.0907078154
 129.  17.       -0.2641676987       -0.1037747854
 129.  18.        0.0202013394        0.3444715074
 129.  19.        0.1647900017       -0.2573582726
 129.  20.        0.1426465996        0.0523962947
 129.  21.        0.1363653731       -0.1817370272
 129.  22.       -0.1582762910        0.1992421965
 129.  23.        0.1092790722       -0.1259375459
 129.  24.       -0.1488006749       -0.0182886947
 129.  25.        0.2458943366        0.0831994384
 129.  26.        0.4799897537        0.0838737127
 129.  27.       -0.3752079098        0.0652142469
 129.  28.       -0.0912092924       -0.2736979695
 129.  29.        0.3454368269        0.0634995344
 129.  30.       -0.0648336207        0.5848114475
 129.  31.       -0.1900480017       -0.0777690753
 129.  32.        0.2239470594       -0.0943050930
 129.  33.        0.0036846775       -0.1272483160
 129.  34.       -0.1200733860       -0.3022399051
 129.  35.       -0.3159346127        0.0177430509
 129.  36.        0.0277383264       -0.0226681490
 129.  37.       -0.5832491270       -0.0913738077
 129.  38.       -0.0389245399        0.3935086146
 129.  39.       -0.0239145103       -0.0939721572
 129.  40.        0.0029488917       -0.0767546204
 129.  41.       -0.3206526029        0.3042325768
 129.  42.        0.1255048811       -0.1858018158
 129.  43.       -0.0211222363        0.1169956770
 129.  44.       -0.2067337712        0.3585886702
 129.  45.        0.0852767250        0.1608418572
 129.  46.       -0.1134117237       -0.0090721555
 129.  47.       -0.1804296403       -0.0637762716
 129.  48.        0.1047610707        0.0343113070
 129.  49.        0.2001794032       -0.3534763032
 129.  50.       -0.2559765728       -0.2128963591
 129.  51.        0.0222291427       -0.0315304942
 129.  52.       -0.1431244451       -0.1711126135
 129.  53.       -0.3131817908        0.1421664689
 129.  54.        0.1285674484        0.1559178209
 129.  55.       -0.2283918217        0.1430514702
 129.  56.       -0.1514338775       -0.2677466162
 129.  57.       -0.1461054900        0.3295692274
 129.  58.       -0.4451037280        0.1663885746
 129.  59.        0.1020609522       -0.2440095182
 129.  60.        0.0492111529        0.1689761944
 129.  61.       -0.4289491787        0.0879535490
 129.  62.       -0.0461454070        0.2775379319
 129.  63.        0.0632041896       -0.0017827211
 129.  64.        0.2734736740       -0.0971586326
 129.  65.       -0.3755791257       -0.2041161331
 129.  66.       -0.1882680987        0.2177658413
 129.  67.       -0.1983819827        0.0370502573
 129.  68.        0.0280630986       -0.3283274575
 129.  69.       -0.1205526204        0.1588426945
 129.  70.       -0.1005386521       -0.2780332851
 129.  71.        0.0783497969        0.1151826264
 129.  72.       -0.2834407481        0.1754534813
 129.  73.       -0.2644272139       -0.7385669989
 129.  74.        0.3819269977        0.0388663028
 129.  75.       -0.2371824746        0.3997721513
 129.  76.        0.0481168781       -0.1143099989
 129.  77.        0.5287916283        0.2244805633
 129.  78.        0.0215000919       -0.1193612765
 129.  79.        0.2215619930        0.3213435997
 129.  80.        0.0280341523        0.3039620389
 129.  81.       -0.3254612362       -0.0787762225
 129.  82.       -0.1962900967       -0.0236061937
 129.  83.        0.3094955463       -0.1034086976
 129.  84.       -0.0487000634        0.2686860193
 129.  85.       -0.2624387155       -0.2304084226
 129.  86.       -0.3790212175        0.0973203783
 129.  87.        0.0785812117       -0.1961204312
 129.  88.       -0.1456681374       -0.3394206069
 129.  89.       -0.3459874671       -0.1074960966
 129.  90.        0.2605025948       -0.3024436839
 129.  91.        0.2132434152        0.0037700039
 129.  92.       -0.0683675366        0.1223759646
 129.  93.       -0.0485306185        0.2235748130
 129.  94.        0.0396704596        0.2680243611
 129.  95.       -0.1219344602        0.2737225022
 129.  96.       -0.0550869386        0.1739477528
 129.  97.        0.2180989855        0.1543860117
 129.  98.        0.1968450358       -0.2114243535
 129.  99.       -0.2157340772        0.0911937307
 129. 100.        0.0713560519        0.2367449177
 129. 101.        0.0041638224       -0.0840885878
 129. 102.        0.1054053089       -0.2433327903
 129. 103.       -0.2231644774       -0.0663878472
 129. 104.        0.4478985058        0.0399923298
 129. 105.       -0.0032020192        0.2013455286
 129. 106.        0.2785692918        0.1676658155
 129. 107.       -0.4317944423        0.3658117218
 129. 108.        0.3352844077        0.2659326516
 129. 109.        0.1962780206        0.1716736454
 129. 110.       -0.2155215910        0.2486427149
 129. 111.        0.2413614813       -0.2684850522
 129. 112.       -0.0195454387       -0.0932534092
 129. 113.       -0.4098296368       -0.1338741423
 129. 114.        0.0447933502       -0.3064322575
 129. 115.       -0.0989315230        0.3126115340
 129. 116.       -0.1154257993        0.1451227100
 129. 117.       -0.1925077937       -0.0158079782
 129. 118.       -0.2117423185        0.1329007648
 129. 119.       -0.5149891504        0.1771688046
 129. 120.        0.0908944552       -0.4554575404
 129. 121.       -0.4211037651        0.1974325082
 129. 122.        0.1920921110        0.3721421692
 129. 123.       -0.6998105117       -0.0986698974
 129. 124.        0.0095607271       -0.2875777588
 129. 125.        0.4650152385        0.3777486473
 129. 126.       -0.1385837337        0.0952813047
 129. 127.        0.2337050358       -0.2859917782
 129. 128.        0.1666970289       -0.0541610634
 129. 129.       -0.4736947744       -0.1697067998
 130.   0.       -0.0602470172        0.0000000000
 130.   1.        0.3445682042       -0.1126150995
 130.   2.        0.0930069432       -0.1086452275
 130.   3.       -0.0556887749       -0.1853107327
 130.   4.        0.0682168819       -0.1643178036
 130.   5.        0.3146972264        0.2267747130
 130.   6.       -0.1357800304       -0.0802928394
 130.   7.        0.0647538259        0.0248008773
 130.   8.        0.0163899867        0.0076518710
 130.   9.       -0.1042081116        0.0487945868
 130.  10.        0.2401223827       -0.1477777789
 130.  11.       -0.2715328400        0.0531929672
 130.  12.       -0.0724389641        0.2395470655
 130.  13.       -0.2108173955        0.2559360120
 130.  14.        0.0293851663        0.0356060705
 130.  15.        0.4680988920        0.1772620529
 130.  16.        0.2395234827        0.3373299801
 130.  17.        0.0429785984       -0.0918797530
 130.  18.        0.2787911190       -0.1961110742
 130.  19.       -0.0705196187       -0.1393783448
 130.  20.        0.1491953711        0.1558175047
 130.  21.       -0.2007001952       -0.0198997899
 130.  22.       -0.0572565056        0.1631531310
 130.  23.        0.4338045513        0.1294063906
 130.  24.        0.0300234521        0.4192942114
 130.  25.       -0.2010590575        0.1187900132
 130.  26.        0.3251782484        0.0587232844
 130.  27.        0.0707772763        0.1072516724
 130.  28.        0.0227448309       -0.0934494456
 130.  29.        0.2399861940       -0.1926847533
 130.  30.       -0.1429189067        0.1860285799
 130.  31.       -0.1456791739        0.1538336043
 130.  32.       -0.1633380973        0.1065800696
 130.  33.        0.0324775061       -0.0183732213
 130.  34.       -0.0344926949        0.0426460389
 130.  35.       -0.2620858541        0.0079797184
 130.  36.       -0.0595796952        0.0268599216
 130.  37.        0.2968064811       -0.1204180751
 130.  38.       -0.1803649443       -0.2079066754
 130.  39.        0.0508157220        0.0948487148
 130.  40.        0.1741860250       -0.2235243294
 130.  41.       -0.2484384836       -0.1678247050
 130.  42.        0.2515850656        0.2985870724
 130.  43.        0.0024834007        0.2042220491
 130.  44.       -0.0785997475       -0.0129563084
 130.  45.        0.3482066106        0.1659496292
 130.  46.       -0.0873151653       -0.1506064336
 130.  47.        0.1154201118       -0.1746490144
 130.  48.       -0.1264971664       -0.0941959329
 130.  49.       -0.1802707608        0.1696011948
 130.  50.        0.1472835247        0.1155445187
 130.  51.       -0.0700652528        0.1571556629
 130.  52.        0.0014379674       -0.1179176222
 130.  53.        0.4111730113        0.1861090534
 130.  54.        0.2549184751       -0.2650200006
 130.  55.        0.0245320703        0.1372792003
 130.  56.       -0.0415223492        0.3909445257
 130.  57.        0.1005161301       -0.6143559585
 130.  58.        0.1734077346        0.0992922151
 130.  59.        0.0067839984       -0.3451737414
 130.  60.        0.4652579625       -0.2476711972
 130.  61.       -0.4438190654        0.2123314809
 130.  62.       -0.3869860439        0.1620562651
 130.  63.       -0.2428815097       -0.1235482564
 130.  64.        0.1556779323       -0.0177542154
 130.  65.        0.1790062124       -0.0693446990
 130.  66.        0.3829168119       -0.2391179076
 130.  67.       -0.2098408681       -0.0524036129
 130.  68.        0.1061600686       -0.2202335850
 130.  69.        0.4037702496       -0.0874281487
 130.  70.       -0.1404640371        0.0716004373
 130.  71.       -0.0788861311       -0.1444725141
 130.  72.        0.3027386145        0.2492839459
 130.  73.       -0.1604654379        0.0816534476
 130.  74.       -0.2464400049       -0.3177250495
 130.  75.        0.0587102389        0.2316007451
 130.  76.        0.0589701496       -0.0109950776
 130.  77.        0.0682292995        0.0528209994
 130.  78.        0.1789522407       -0.2062933713
 130.  79.        0.1466342387       -0.1189849926
 130.  80.       -0.3432991561        0.0920820347
 130.  81.       -0.1088350212       -0.0471059988
 130.  82.       -0.0800018005       -0.1440784101
 130.  83.        0.2862298282       -0.2188996539
 130.  84.        0.2045406089        0.0037274010
 130.  85.        0.3288495497        0.1440776687
 130.  86.        0.4558372060        0.3473083164
 130.  87.        0.0733281971        0.2108597158
 130.  88.       -0.0014892956       -0.2979917324
 130.  89.       -0.3427581025       -0.0802513597
 130.  90.       -0.3639441038       -0.2856993388
 130.  91.        0.2425221771       -0.2162739245
 130.  92.       -0.2422776090        0.1334723536
 130.  93.        0.3391439292        0.1842343192
 130.  94.       -0.1381633645        0.3340174368
 130.  95.       -0.0973499032        0.1341549971
 130.  96.       -0.0420918161       -0.0671847231
 130.  97.       -0.1462739634        0.1129013865
 130.  98.       -0.0623605030       -0.3091179857
 130.  99.       -0.5383663047       -0.3657002723
 130. 100.       -0.1948437677        0.0213414659
 130. 101.        0.2569199981        0.6977729868
 130. 102.        0.0970310079       -0.1176871044
 130. 103.       -0.1164344902        0.1336100761
 130. 104.        0.1083792176        0.0585640070
 130. 105.        0.7181457691       -0.0646424768
 130. 106.       -0.2127034205        0.2328138530
 130. 107.       -0.0106314795       -0.0495427471
 130. 108.       -0.1113399163        0.2333172938
 130. 109.       -0.4893009437        0.0740279339
 130. 110.       -0.0799944786       -0.2893212598
 130. 111.        0.1470579151       -0.2810849482
 130. 112.       -0.0369147305       -0.1777277751
 130. 113.       -0.7382890434        0.0335014306
 130. 114.       -0.0335159525       -0.4624686924
 130. 115.       -0.2248500464       -0.2782420247
 130. 116.        0.2257539459       -0.0190165156
 130. 117.       -0.0788370706       -0.2054094232
 130. 118.       -0.3271162359        0.1066678774
 130. 119.       -0.2463317441       -0.2910150026
 130. 120.        0.2293923284        0.3894776338
 130. 121.        0.4090277609        0.5057384147
 130. 122.        0.0972229034        0.0364939443
 130. 123.        0.3602777887       -0.2945487046
 130. 124.        0.2991947493        0.1908886494
 130. 125.       -0.0327725506        0.3757579050
 130. 126.        0.0973707492       -0.3136187483
 130. 127.       -0.3813977295       -0.1105231320
 130. 128.        0.0097571360       -0.3644303485
 130. 129.       -0.2658969697        0.1436186122
 130. 130.        0.3635350796       -0.0178858116
 131.   0.        0.2158507436        0.0000000000
 131.   1.        0.1551512914       -0.3835786092
 131.   2.        0.0946388741       -0.0917395721
 131.   3.       -0.1348988783        0.0804246107
 131.   4.        0.3683835753       -0.0558801406
 131.   5.        0.1910142878        0.2200073663
 131.   6.        0.0096981711        0.0855750905
 131.   7.        0.4099910003        0.0515597112
 131.   8.       -0.1953079085       -0.1099648508
 131.   9.        0.0087073397       -0.0718417970
 131.  10.        0.0339270153       -0.0753426598
 131.  11.       -0.1233929103       -0.0439002916
 131.  12.        0.1847855934       -0.0675364866
 131.  13.        0.0532173985       -0.0887732017
 131.  14.       -0.0319259173       -0.0562941699
 131.  15.       -0.1744588128       -0.0904940068
 131.  16.       -0.0210122654       -0.0398360501
 131.  17.        0.2340396585        0.0648862405
 131.  18.       -0.4853056499       -0.0221133246
 131.  19.        0.1492617731       -0.1063841887
 131.  20.       -0.0063740937        0.2545044695
 131.  21.       -0.1164972043        0.0725321975
 131.  22.        0.1936251712       -0.3550789795
 131.  23.       -0.2025882623       -0.0038588688
 131.  24.       -0.1036038627        0.1397987675
 131.  25.       -0.3213005188        0.0557035493
 131.  26.       -0.2830028221       -0.5378862063
 131.  27.        0.0734405593        0.1946184028
 131.  28.       -0.1818240270        0.3083971139
 131.  29.       -0.2870940709       -0.2301749185
 131.  30.        0.2512899784       -0.3061623185
 131.  31.       -0.1724144350        0.1297141205
 131.  32.       -0.2906614201        0.1033010572
 131.  33.       -0.1222803880       -0.0249779543
 131.  34.        0.1182870539        0.2463039940
 131.  35.        0.0050020305        0.0606600472
 131.  36.       -0.1870921847        0.0434047736
 131.  37.        0.0937750795       -0.0962403511
 131.  38.        0.0502611186       -0.2577685725
 131.  39.        0.0546446543        0.3812827868
 131.  40.       -0.0318386005        0.1478758050
 131.  41.        0.0129768429       -0.1593737583
 131.  42.        0.1250324423       -0.2012087950
 131.  43.        0.0959736539       -0.1773245882
 131.  44.        0.2339144235        0.1198523901
 131.  45.        0.0565641452        0.1807176429
 131.  46.        0.1371644711        0.0143928525
 131.  47.        0.1106584021       -0.0656651553
 131.  48.        0.1807491563       -0.0619618498
 131.  49.        0.1930336447       -0.0673097714
 131.  50.       -0.1601473771        0.2513533118
 131.  51.       -0.0115766573        0.0127888658
 131.  52.        0.0317856048       -0.0859030936
 131.  53.        0.1786110823       -0.2538138492
 131.  54.        0.2219730808       -0.0957672991
 131.  55.        0.0107477112       -0.0876789434
 131.  56.        0.1471628559       -0.3365303323
 131.  57.        0.0784126000       -0.0386608662
 131.  58.       -0.0784885814       -0.2440477250
 131.  59.       -0.0206702165       -0.2013731415
 131.  60.        0.0030275337        0.0230012007
 131.  61.        0.1564473337        0.0368564828
 131.  62.        0.1071619145       -0.0888980254
 131.  63.       -0.0921859696       -0.0152332417
 131.  64.       -0.3551028104        0.0958682317
 131.  65.        0.0939772132        0.1978180943
 131.  66.       -0.2889843724        0.1411422975
 131.  67.       -0.1069777574        0.0541335358
 131.  68.       -0.0515501129        0.2563784852
 131.  69.       -0.1358920647       -0.1123115017
 131.  70.       -0.2458336375        0.0832773957
 131.  71.       -0.0250933277        0.1720296805
 131.  72.        0.6875962562        0.0842716496
 131.  73.       -0.3710228169        0.2267411326
 131.  74.       -0.0978366786       -0.2698665119
 131.  75.        0.1653749719        0.0949376313
 131.  76.        0.4459835283       -0.3003201051
 131.  77.       -0.0327607685       -0.1596201862
 131.  78.       -0.4659917885        0.3180562877
 131.  79.       -0.1153239955        0.0398335013
 131.  80.        0.2341986737       -0.1135711820
 131.  81.       -0.0292223814       -0.0525780861
 131.  82.        0.3645259099       -0.1668759618
 131.  83.       -0.0774771327       -0.1956919298
 131.  84.        0.0125568622       -0.3606204555
 131.  85.       -0.1302214096        0.3225699474
 131.  86.        0.3601273659        0.1444202623
 131.  87.       -0.0412233355        0.1541796992
 131.  88.       -0.1174254930       -0.0030692618
 131.  89.        0.3035502000        0.5664459165
 131.  90.        0.1036554131       -0.1152823379
 131.  91.        0.1349570572        0.2026541757
 131.  92.        0.1767888378       -0.1176989633
 131.  93.        0.1067787793        0.0910154271
 131.  94.        0.2762105708       -0.0146814455
 131.  95.        0.1004140197        0.0737709812
 131.  96.       -0.2288079325       -0.0002370093
 131.  97.       -0.4243385349       -0.3156719979
 131.  98.        0.0940807809        0.0249967192
 131.  99.        0.2697802021       -0.2888214464
 131. 100.       -0.1592058057       -0.2129599711
 131. 101.        0.0172139798        0.1145628844
 131. 102.        0.2145523722       -0.1151294049
 131. 103.       -0.0186485087        0.0476265825
 131. 104.        0.1395482133       -0.0800667185
 131. 105.       -0.0245938409       -0.2158589663
 131. 106.        0.2729659523       -0.4938302593
 131. 107.       -0.0858906822        0.0156827161
 131. 108.       -0.1456169446       -0.0908075855
 131. 109.       -0.1126782902       -0.0253977517
 131. 110.       -0.0703299934       -0.0313598436
 131. 111.       -0.2603801738        0.0140388015
 131. 112.       -0.3954805177        0.0820517130
 131. 113.        0.2361403125        0.0068656879
 131. 114.        0.2713473729        0.2132632302
 131. 115.       -0.2436767146       -0.1075798492
 131. 116.       -0.1233428165       -0.1301743434
 131. 117.        0.3292195676        0.5845048219
 131. 118.        0.2238153068       -0.4936159604
 131. 119.        0.3084822683        0.0804084420
 131. 120.       -0.2135973761       -0.2150045468
 131. 121.       -0.6126501516       -0.0476816663
 131. 122.       -0.0394083001       -0.2283290252
 131. 123.       -0.1128581167        0.0882831559
 131. 124.       -0.0855824744        0.0339224915
 131. 125.        0.1478273010        0.2320428264
 131. 126.        0.0315521565       -0.0452162125
 131. 127.        0.6364750651        0.1831833156
 131. 128.       -0.0176385848        0.0100345868
 131. 129.        0.2472768098        0.1535300945
 131. 130.       -0.3033555810        0.2767216376
 131. 131.        0.0008077187        0.0818722281
 132.   0.        0.2251937536        0.0000000000
 132.   1.       -0.3545767595        0.1920091032
 132.   2.       -0.1505739665       -0.0677769239
 132.   3.        0.0706818429       -0.0564449961
 132.   4.       -0.0769754615        0.3593000644
 132.   5.       -0.1913230292        0.0493310132
 132.   6.        0.1925856095        0.0365301211
 132.   7.       -0.0610791862       -0.1340626837
 132.   8.       -0.3015369347        0.0118634825
 132.   9.        0.0136270323        0.0425393447
 132.  10.       -0.1788993400        0.1083356290
 132.  11.        0.2433629193       -0.2797106612
 132.  12.        0.1159413393        0.0768102840
 132.  13.        0.1731115443       -0.1530538888
 132.  14.       -0.0863067849       -0.0858657898
 132.  15.       -0.2990396731       -0.2538430316
 132.  16.       -0.2621783216       -0.1976157943
 132.  17.       -0.1185388570        0.1045449117
 132.  18.       -0.2971470186       -0.0519577536
 132.  19.        0.0552512562        0.0419775978
 132.  20.        0.0603147034       -0.4379802888
 132.  21.        0.0866609071       -0.1186154928
 132.  22.       -0.1686648023       -0.0824015551
 132.  23.       -0.5467881812       -0.3610442502
 132.  24.       -0.0902895371       -0.1562792269
 132.  25.        0.2639855146        0.0963572076
 132.  26.       -0.0349093902        0.0151507647
 132.  27.        0.1001463910       -0.1931039854
 132.  28.       -0.1163159635        0.1226848979
 132.  29.        0.0513778685        0.4163249023
 132.  30.        0.3149513688       -0.0749798721
 132.  31.        0.3782491040       -0.1087683136
 132.  32.        0.3083055391       -0.3213473962
 132.  33.        0.1595416945       -0.1476665639
 132.  34.        0.0267606743        0.1037715808
 132.  35.        0.3728022310        0.1503823047
 132.  36.       -0.1286750615       -0.1836098956
 132.  37.       -0.0916451133        0.0111719341
 132.  38.        0.1422979619        0.4320910183
 132.  39.        0.2393771147       -0.1113012362
 132.  40.       -0.0350942372       -0.0147939483
 132.  41.       -0.1499395388        0.4982390618
 132.  42.       -0.1547776839       -0.1576410737
 132.  43.        0.2648946016        0.3093200909
 132.  44.       -0.1419038890        0.1975266115
 132.  45.       -0.2333208903       -0.1688810854
 132.  46.        0.0352851486        0.1661797186
 132.  47.        0.1722062546        0.2217609549
 132.  48.        0.1546598821        0.0024166145
 132.  49.        0.0666027772       -0.2618481499
 132.  50.       -0.2184186548       -0.0451866484
 132.  51.       -0.0125593238        0.0578625878
 132.  52.       -0.1289203138       -0.0558481812
 132.  53.        0.0966392496        0.0447313310
 132.  54.        0.0387383290        0.0695082089
 132.  55.       -0.1094434070       -0.1787891971
 132.  56.        0.4658550934       -0.0427458195
 132.  57.       -0.0366571049        0.2633191878
 132.  58.       -0.2043476846       -0.1458198286
 132.  59.       -0.2597579416        0.1463603987
 132.  60.       -0.0970718934       -0.0137350961
 132.  61.       -0.0837218782        0.0564445250
 132.  62.        0.0600120248       -0.2058060630
 132.  63.        0.2414024002        0.0838567782
 132.  64.       -0.2586840671       -0.1269238798
 132.  65.        0.0002183760       -0.0131183671
 132.  66.        0.0881054727       -0.0508471090
 132.  67.       -0.2465421120       -0.3399423747
 132.  68.       -0.0077570693       -0.2760920719
 132.  69.       -0.0386051164       -0.0849328184
 132.  70.        0.1779205816        0.2523979578
 132.  71.        0.3394216555       -0.0367716397
 132.  72.       -0.1410425062        0.0095817659
 132.  73.        0.2343830539       -0.1684956446
 132.  74.       -0.4253251871        0.1116849094
 132.  75.        0.2666752098       -0.1469743797
 132.  76.       -0.2237252520       -0.2074221965
 132.  77.        0.0804549867        0.3231766170
 132.  78.       -0.6323358569        0.2610370746
 132.  79.        0.3233239941       -0.2543916521
 132.  80.       -0.3815919259       -0.1033124285
 132.  81.       -0.1443423479        0.1495511773
 132.  82.       -0.0154071374       -0.1855096259
 132.  83.       -0.1529849668       -0.0823776719
 132.  84.        0.3468308819       -0.0951644737
 132.  85.       -0.2140572150       -0.4830130507
 132.  86.       -0.0424352850        0.0358233369
 132.  87.       -0.4163617626        0.4090262301
 132.  88.       -0.3443285692        0.2445569479
 132.  89.        0.2531785801        0.0128172117
 132.  90.        0.0544293245        0.4219844712
 132.  91.       -0.0224100079       -0.2271048680
 132.  92.       -0.1417685145       -0.3543766669
 132.  93.        0.2363069095        0.0155173315
 132.  94.        0.3088393047       -0.2341731451
 132.  95.        0.0387786764       -0.1519067061
 132.  96.        0.4279573951       -0.1038369755
 132.  97.       -0.0681849808        0.2067973874
 132.  98.       -0.2950158567        0.1786055284
 132.  99.        0.0662066472       -0.0110756233
 132. 100.        0.5341909016        0.1564857650
 132. 101.        0.1366087297       -0.3999147549
 132. 102.        0.0156045682        0.1645514288
 132. 103.       -0.0776590618        0.2242811332
 132. 104.       -0.1190025026        0.1828096490
 132. 105.        0.1226326382       -0.2322311362
 132. 106.        0.3716992551        0.2755547838
 132. 107.        0.0973251681        0.0644948586
 132. 108.        0.2107280323        0.0577011030
 132. 109.       -0.2632609978        0.0789046021
 132. 110.       -0.1990402283       -0.0920996135
 132. 111.        0.0438535039        0.0291754202
 132. 112.        0.1869701740        0.1812466433
 132. 113.       -0.1081360104        0.0577597750
 132. 114.       -0.0601954448       -0.3264100533
 132. 115.       -0.2096509633        0.0624921441
 132. 116.       -0.1864530510       -0.0149879821
 132. 117.        0.1570470892       -0.4456090038
 132. 118.       -0.1187112109        0.1020068630
 132. 119.        0.1380129702        0.0522658526
 132. 120.        0.3098092141        0.3002606422
 132. 121.       -0.1557157276       -0.3434923504
 132. 122.       -0.0762619965       -0.1409492090
 132. 123.       -0.2346202370       -0.1816334963
 132. 124.       -0.6195631416       -0.0284000004
 132. 125.        0.0458973311       -0.1699610638
 132. 126.        0.1685977779        0.1329168985
 132. 127.        0.1134165711        0.0084875509
 132. 128.       -0.0607339265       -0.1791107421
 132. 129.        0.0219342007        0.3134540682
 132. 130.        0.0354587116        0.0578456256
 132. 131.       -0.0211507860        0.4795598264
 132. 132.       -0.3782035961       -0.0546055286
 133.   0.       -0.0109529230        0.0000000000
 133.   1.       -0.1128836837        0.0633578825
 133.   2.        0.2409468233       -0.0558798925
 133.   3.       -0.0459136963       -0.1139037534
 133.   4.       -0.6528992415       -0.0700370998
 133.   5.       -0.1902487719       -0.0689566759
 133.   6.       -0.1194708642        0.1844970673
 133.   7.       -0.1452128241        0.2071409923
 133.   8.        0.1512861581       -0.0387196972
 133.   9.        0.1594653828       -0.1164029594
 133.  10.        0.1547364467        0.2434243038
 133.  11.       -0.2156081797       -0.0011697890
 133.  12.       -0.1812226052       -0.1183761697
 133.  13.       -0.1420602016        0.0144677384
 133.  14.       -0.0281599429        0.3059576076
 133.  15.        0.0870776332       -0.1880969111
 133.  16.        0.0490673528       -0.0441020461
 133.  17.        0.0261782053        0.0325361241
 133.  18.        0.2859578539       -0.0979983644
 133.  19.       -0.5065112876        0.1609973353
 133.  20.       -0.1392719463       -0.0290255038
 133.  21.        0.0458119971        0.1595886293
 133.  22.       -0.1865888577        0.2565489330
 133.  23.        0.1790488086        0.0481461830
 133.  24.        0.2134468138       -0.0831012020
 133.  25.        0.2276241761       -0.0445294108
 133.  26.        0.1558736047        0.3025805112
 133.  27.        0.2731668220       -0.3410975903
 133.  28.       -0.1092873674       -0.1143717345
 133.  29.        0.2244667734        0.1094024702
 133.  30.       -0.0481598975        0.1612582362
 133.  31.        0.2112632037       -0.1480016668
 133.  32.        0.2013895217       -0.0780482464
 133.  33.        0.0072083368       -0.1050961746
 133.  34.        0.0478413832        0.0837913258
 133.  35.        0.2362865067        0.1258904457
 133.  36.        0.0597613848        0.1827524655
 133.  37.        0.2823738840        0.1070204275
 133.  38.        0.0840640497       -0.2678484373
 133.  39.       -0.1196363865       -0.2019689330
 133.  40.        0.0082352202        0.1304841040
 133.  41.        0.2721602197        0.0476284811
 133.  42.       -0.0844960546        0.1546520016
 133.  43.        0.0860207790       -0.1429392203
 133.  44.        0.1321037468       -0.0654235628
 133.  45.        0.0366059800        0.0963958074
 133.  46.       -0.6236908977       -0.0117328984
 133.  47.        0.2074120060        0.1861292296
 133.  48.       -0.0432445836        0.0832676038
 133.  49.       -0.0240773614       -0.1691476221
 133.  50.        0.0584107868       -0.2495420112
 133.  51.       -0.2370287045        0.2063905969
 133.  52.       -0.1408446633       -0.2695745149
 133.  53.        0.2560170101        0.3456652021
 133.  54.        0.0696427108       -0.3977224537
 133.  55.       -0.2537526070       -0.1546178936
 133.  56.        0.1491477678        0.1856789335
 133.  57.        0.0777036306        0.2871735205
 133.  58.       -0.0794963467        0.0990937098
 133.  59.        0.2284258054        0.1732145714
 133.  60.       -0.0343706370       -0.4271281341
 133.  61.        0.0238118391        0.2536543815
 133.  62.       -0.1588915028       -0.0419318962
 133.  63.        0.0205219649       -0.1482101349
 133.  64.        0.0917783026        0.0121448497
 133.  65.       -0.2941905104        0.1003411587
 133.  66.        0.0606160797        0.0841834126
 133.  67.       -0.1254906207       -0.1413963886
 133.  68.        0.1509491715       -0.3073293983
 133.  69.       -0.2886136036        0.0356197512
 133.  70.       -0.1186318765        0.1172626358
 133.  71.       -0.4533581374        0.0826045493
 133.  72.       -0.0781529752        0.1489586373
 133.  73.       -0.1927997055        0.1760775152
 133.  74.        0.1158910988        0.4118290480
 133.  75.        0.1816090571       -0.2328492093
 133.  76.        0.2728038472        0.1231708612
 133.  77.       -0.3171595806       -0.3246588691
 133.  78.        0.4537492241       -0.2956138146
 133.  79.       -0.1869422916        0.0872669528
 133.  80.        0.4477571249       -0.3618695217
 133.  81.        0.1142205426       -0.1757862726
 133.  82.       -0.1413480684        0.3118414894
 133.  83.        0.0290313531       -0.1885252203
 133.  84.        0.1106515456        0.1455003574
 133.  85.        0.0606723693       -0.1809869950
 133.  86.       -0.0811097446       -0.5733562323
 133.  87.       -0.0539294876       -0.2569044206
 133.  88.       -0.2705513657       -0.0683889615
 133.  89.        0.1809918202       -0.2296188826
 133.  90.        0.2389277289       -0.0673525502
 133.  91.       -0.3227938842        0.0569259870
 133.  92.        0.1665066156        0.5223434594
 133.  93.        0.1097653966       -0.2930807113
 133.  94.        0.2326424663        0.1132615720
 133.  95.       -0.0921185563       -0.1482184425
 133.  96.        0.4376291754       -0.1244422125
 133.  97.       -0.1633541259        0.1572266154
 133.  98.        0.0362572556        0.0157005988
 133.  99.       -0.1946892907        0.0265029286
 133. 100.       -0.1199779579       -0.0423253257
 133. 101.        0.1209108892        0.4931424196
 133. 102.        0.0573597237       -0.1293686257
 133. 103.       -0.0482466625        0.0959819156
 133. 104.        0.3250038294        0.1290092772
 133. 105.       -0.0740249427        0.3684199930
 133. 106.        0.4979279697        0.2973771061
 133. 107.        0.1913793506        0.4351402478
 133. 108.       -0.2252874014       -0.1585495746
 133. 109.        0.1995955722       -0.5414619680
 133. 110.        0.2229628190       -0.0309055472
 133. 111.       -0.5546331316       -0.0804001614
 133. 112.        0.1227188783       -0.3393511054
 133. 113.        0.0463114219       -0.1869643483
 133. 114.        0.0064312554       -0.1849601789
 133. 115.       -0.1078188602        0.1069763881
 133. 116.       -0.2062345222       -0.0373996548
 133. 117.       -0.2296653831        0.3639309674
 133. 118.        0.1336920176        0.1689281093
 133. 119.        0.0230245181       -0.3037729613
 133. 120.       -0.2288039468       -0.1510090236
 133. 121.        0.0065716587        0.1651239647
 133. 122.       -0.0747957040       -0.1548035505
 133. 123.       -0.2614687425        0.4068809737
 133. 124.        0.3116147402       -0.0163476397
 133. 125.        0.0155797930       -0.0361647387
 133. 126.       -0.0060059077       -0.4179748064
 133. 127.        0.7163418044       -0.0882828859
 133. 128.        0.1873853054        0.2713897107
 133. 129.        0.0902764279        0.1440017342
 133. 130.       -0.0266654512       -0.1315383301
 133. 131.       -0.3270233112        0.1553426689
 133. 132.       -0.0843815083        0.1098940077
 133. 133.        0.0772311285        0.2179727324
 134.   0.       -0.0128603375        0.0000000000
 134.   1.        0.1590360900       -0.0222985145
 134.   2.        0.1993699566       -0.1412156926
 134.   3.       -0.0380345496       -0.0350237939
 134.   4.       -0.0254814498       -0.1489092739
 134.   5.       -0.0938667771        0.1167384035
 134.   6.       -0.1360377378       -0.0142853175
 134.   7.        0.0319259957        0.2170839910
 134.   8.        0.0396315446        0.1956121206
 134.   9.        0.1404028065       -0.1935883470
 134.  10.        0.0891606156       -0.0164905387
 134.  11.       -0.1688092826        0.1775665674
 134.  12.        0.0559584847       -0.3359781022
 134.  13.       -0.0392702468       -0.0174123154
 134.  14.       -0.1206841431        0.1592096301
 134.  15.       -0.1951698727        0.2365182953
 134.  16.        0.1192405582       -0.0644085773
 134.  17.        0.1531988352       -0.0149338991
 134.  18.        0.1496664179        0.2340332371
 134.  19.       -0.1073581151       -0.1340078336
 134.  20.       -0.1172693918        0.2234695968
 134.  21.        0.1260837790        0.1178754690
 134.  22.        0.0187378111       -0.1397253877
 134.  23.        0.0744756801        0.2736273334
 134.  24.        0.0564817812       -0.1159239272
 134.  25.       -0.2637439884        0.0502444978
 134.  26.       -0.1705154473        0.0637854901
 134.  27.       -0.0286942897       -0.0164045632
 134.  28.        0.1271227478        0.0432501330
 134.  29.       -0.2546764910       -0.2206167519
 134.  30.       -0.0435997823        0.0668520154
 134.  31.       -0.1445247539        0.2155446304
 134.  32.       -0.1927129053        0.2189626817
 134.  33.       -0.0501228761       -0.0619981202
 134.  34.       -0.1303669954       -0.2441881239
 134.  35.       -0.2125582235       -0.2610804647
 134.  36.       -0.0992320662        0.3675306635
 134.  37.        0.3130163878        0.0991227199
 134.  38.       -0.1198287219       -0.1714963041
 134.  39.       -0.3965122725       -0.1016094562
 134.  40.        0.1626106261       -0.0506173930
 134.  41.        0.1232973014       -0.1401010609
 134.  42.        0.0674139712       -0.3132095194
 134.  43.       -0.2896805628       -0.2492614576
 134.  44.       -0.0901079469       -0.1635531846
 134.  45.        0.1178838858        0.2286672454
 134.  46.        0.1027367160       -0.1120737515
 134.  47.       -0.0983133738        0.0320483215
 134.  48.       -0.1661679264       -0.3544550391
 134.  49.       -0.1957616301        0.0964279411
 134.  50.        0.0949340166        0.3287498852
 134.  51.        0.1381467756       -0.0580321781
 134.  52.       -0.1084679959       -0.0401121798
 134.  53.        0.1929270678       -0.0918716997
 134.  54.        0.1827897906        0.1394357288
 134.  55.       -0.4027619989        0.0378909710
 134.  56.       -0.2718821865       -0.0204142595
 134.  57.       -0.1201169940        0.2622269239
 134.  58.       -0.3430827134        0.2974296729
 134.  59.        0.2476377661       -0.3172067665
 134.  60.        0.0175119692        0.1165599394
 134.  61.       -0.0398367764        0.0324925965
 134.  62.       -0.1000405542        0.0476439682
 134.  63.       -0.2750498513        0.0570739512
 134.  64.        0.2844690522        0.1603225591
 134.  65.        0.0576552723       -0.0395076110
 134.  66.       -0.1286852162        0.0229949234
 134.  67.        0.0249460758       -0.1856656428
 134.  68.       -0.1833873311        0.0635706208
 134.  69.       -0.0927953564        0.3589681330
 134.  70.        0.2487715304       -0.2653807635
 134.  71.        0.1540072323       -0.1248411242
 134.  72.        0.0329524165       -0.0984314749
 134.  73.        0.0253871561       -0.0132590687
 134.  74.        0.0533240222       -0.1144224301
 134.  75.        0.3580778242        0.2972254526
 134.  76.       -0.0198070586        0.2006950983
 134.  77.        0.0109965972       -0.5446989269
 134.  78.       -0.0576598536       -0.1280393844
 134.  79.       -0.3640551262        0.0234926753
 134.  80.       -0.0065396881       -0.1256375304
 134.  81.        0.0104804875        0.3602617189
 134.  82.        0.3126650701        0.0310880829
 134.  83.        0.1123570640       -0.0516273530
 134.  84.       -0.1321909243       -0.1548656978
 134.  85.        0.2677056739       -0.3269343702
 134.  86.       -0.0907846062        0.5913324939
 134.  87.       -0.1916298479       -0.0706571741
 134.  88.       -0.0610507828       -0.2821130284
 134.  89.       -0.3425514550        0.1694449039
 134.  90.       -0.0448313821       -0.1159849916
 134.  91.       -0.0084329549       -0.0751490368
 134.  92.        0.2643737802        0.0093393749
 134.  93.        0.1160210432       -0.0017946198
 134.  94.        0.0113689995        0.0235049168
 134.  95.        0.1833515697        0.0015861682
 134.  96.        0.2250570999       -0.2498336784
 134.  97.       -0.0304048842        0.5623122884
 134.  98.       -0.3490937026       -0.5770215794
 134.  99.        0.2434122653       -0.2631481651
 134. 100.       -0.3362641230       -0.1638596411
 134. 101.        0.0278750163       -0.4272533091
 134. 102.       -0.0598405968        0.6139427504
 134. 103.       -0.1540430328        0.2136178808
 134. 104.        0.4015687449        0.1635226256
 134. 105.       -0.1057351530       -0.2427325752
 134. 106.       -0.1812231088        0.0671590231
 134. 107.        0.0809500487        0.3496007122
 134. 108.       -0.0858225649       -0.0421246264
 134. 109.        0.2795717761        0.0575130568
 134. 110.       -0.0114125233       -0.3150766265
 134. 111.        0.0283191149        0.4138120921
 134. 112.       -0.1556805133        0.3519289602
 134. 113.        0.0875681558       -0.5573106232
 134. 114.        0.1010587340       -0.2818895000
 134. 115.        0.3755782425        0.2585411207
 134. 116.       -0.2626054611        0.1606469837
 134. 117.       -0.1502698411       -0.0523416517
 134. 118.       -0.0944400310       -0.2689065631
 134. 119.        0.4266540072        0.2927228860
 134. 120.       -0.0180226837       -0.6701320780
 134. 121.       -0.2335556313       -0.3520205812
 134. 122.        0.0935368200        0.2485421453
 134. 123.        0.3313871973       -0.3375575929
 134. 124.        0.1246689045       -0.4490602818
 134. 125.       -0.0264240276       -0.4836900521
 134. 126.        0.0240208852       -0.3955862394
 134. 127.        0.6372184373       -0.4530318137
 134. 128.        0.0425682049       -0.3297241890
 134. 129.       -0.1716283091       -0.0218484032
 134. 130.        0.2975490718        0.3011993682
 134. 131.        0.2072420031       -0.0082142763
 134. 132.       -0.0891722660       -0.2474854274
 134. 133.       -0.1504427870        0.0767383923
 134. 134.        0.0696366524        0.0543354038
 135.   0.       -0.1427822693        0.0000000000
 135.   1.        0.0977634847        0.1904312023
 135.   2.       -0.3078004554        0.0880849652
 135.   3.       -0.0148724058       -0.0437904381
 135.   4.        0.4144297737        0.0744128134
 135.   5.       -0.2124732866        0.0099037650
 135.   6.        0.1345794059       -0.3208095397
 135.   7.       -0.1152375803       -0.1915809033
 135.   8.       -0.0446726020        0.0020653306
 135.   9.       -0.2266869251        0.0436177334
 135.  10.       -0.1585190748       -0.1235839979
 135.  11.        0.3707952466        0.0371952284
 135.  12.       -0.0225099152        0.2089507761
 135.  13.        0.0612223336       -0.0880306336
 135.  14.        0.2430777108       -0.2123900754
 135.  15.       -0.0385502681        0.0925774970
 135.  16.       -0.0532320924        0.2098004334
 135.  17.        0.0151066841       -0.0898085279
 135.  18.        0.3562900466       -0.0592782283
 135.  19.        0.3879951027        0.1139166620
 135.  20.        0.1117322613       -0.0391425373
 135.  21.        0.0234388501       -0.2048218516
 135.  22.       -0.0203879631       -0.1068179079
 135.  23.        0.2506159174       -0.1341548516
 135.  24.       -0.2307576016       -0.2465684916
 135.  25.       -0.2085202177       -0.0668293723
 135.  26.       -0.2676528848       -0.0797947398
 135.  27.       -0.2281618895       -0.0100491895
 135.  28.        0.3544659316        0.0803334414
 135.  29.        0.0169803692        0.0785588668
 135.  30.       -0.0870174406       -0.2864739745
 135.  31.        0.0482968088        0.1148516540
 135.  32.       -0.2078337218        0.0900768828
 135.  33.       -0.0311405944        0.0364253991
 135.  34.        0.2760330472        0.0971178911
 135.  35.       -0.0941568809       -0.1595520790
 135.  36.       -0.0281951639       -0.2581275711
 135.  37.       -0.2603287784       -0.4199551224
 135.  38.        0.0166029789        0.6847122688
 135.  39.        0.0108740190       -0.0397234097
 135.  40.        0.2332886447       -0.0959902782
 135.  41.        0.0300894466        0.1388985890
 135.  42.        0.0144009451       -0.0008407544
 135.  43.        0.1980884868        0.0404113844
 135.  44.       -0.0467811804        0.0161562095
 135.  45.        0.3790413839        0.0623352267
 135.  46.        0.3307543253        0.2247627675
 135.  47.        0.0696445690        0.0553008934
 135.  48.       -0.4317194872       -0.3943347854
 135.  49.       -0.0824167280       -0.2798494249
 135.  50.        0.0155292333        0.2510160099
 135.  51.        0.1462971568        0.0854628867
 135.  52.       -0.1021278455       -0.2215426276
 135.  53.        0.0056018023        0.0896926289
 135.  54.       -0.1417793183        0.3116659408
 135.  55.       -0.0106427525        0.0122739548
 135.  56.       -0.0124332250        0.0930818231
 135.  57.       -0.0620205114        0.0681946024
 135.  58.       -0.1594854155        0.0066893698
 135.  59.       -0.1699738790        0.1368562271
 135.  60.        0.1110422958       -0.0558133612
 135.  61.        0.2443371833        0.1872281528
 135.  62.       -0.0000221504        0.0547119461
 135.  63.       -0.0587073866       -0.0762914571
 135.  64.       -0.2286666612       -0.0882831202
 135.  65.        0.0682073701       -0.0504444932
 135.  66.        0.2124675713        0.1534265784
 135.  67.        0.1944555027        0.2209262052
 135.  68.       -0.0319357349       -0.0816287619
 135.  69.        0.2731292465       -0.1410169863
 135.  70.        0.3027705020       -0.1224341697
 135.  71.       -0.1075294231       -0.2368593250
 135.  72.        0.0852562885       -0.1356163378
 135.  73.        0.1440638004        0.0983253134
 135.  74.        0.1072250591        0.1240994744
 135.  75.       -0.2669644412        0.0490009184
 135.  76.        0.1382078332        0.4044023415
 135.  77.        0.3533284861        0.2913949595
 135.  78.       -0.0468826268       -0.2515373552
 135.  79.        0.1711410449        0.0956605306
 135.  80.       -0.3499093521        0.4605140210
 135.  81.       -0.0095427571        0.2252462128
 135.  82.        0.2885766184        0.2308564209
 135.  83.        0.0086883097       -0.1202143284
 135.  84.       -0.1409197386       -0.1229464007
 135.  85.       -0.5357460033        0.1266748453
 135.  86.        0.3464624176        0.1170903228
 135.  87.        0.0243911382        0.2138130145
 135.  88.        0.4171660736        0.0936096924
 135.  89.        0.2552603115       -0.0444773506
 135.  90.       -0.3033985000       -0.0728379966
 135.  91.       -0.1666374883       -0.1697890702
 135.  92.        0.0837593080       -0.3642775326
 135.  93.        0.0309426762        0.2646274061
 135.  94.       -0.2860583048        0.6393518248
 135.  95.        0.3088385437       -0.3385984649
 135.  96.       -0.2172027505       -0.0395958127
 135.  97.       -0.0074273618        0.0617988758
 135.  98.       -0.0674575553        0.0283043810
 135.  99.       -0.0775254437        0.1610447361
 135. 100.        0.2602804590        0.4514785563
 135. 101.       -0.0146636380       -0.2761668072
 135. 102.        0.1196829202       -0.2304687690
 135. 103.       -0.0233963206       -0.1368581918
 135. 104.       -0.2300697070       -0.3158981226
 135. 105.        0.1410675470       -0.1844954378
 135. 106.       -0.2668857738       -0.3152859031
 135. 107.       -0.0713533050       -0.0490610329
 135. 108.        0.1485195854        0.3074332112
 135. 109.        0.4580673416        0.4208896621
 135. 110.        0.2185787394        0.6003051828
 135. 111.        0.3964336145       -0.4759309482
 135. 112.       -0.2780255104       -0.1109973659
 135. 113.       -0.1093867743       -0.3597892431
 135. 114.       -0.1780171295        0.0292023833
 135. 115.       -0.0418503172       -0.3109647198
 135. 116.        0.3587018782        0.0192762600
 135. 117.        0.4200723374       -0.2418650068
 135. 118.       -0.3777264196        0.5730851053
 135. 119.       -0.2306840756        0.0737846426
 135. 120.        0.5146863819       -0.3908105204
 135. 121.        0.8412945587        0.1068590841
 135. 122.        0.1509319304        0.0271280690
 135. 123.       -0.0840354674        0.0581918230
 135. 124.        0.1139528607       -0.4573372591
 135. 125.        0.1447640631       -0.2530998889
 135. 126.        0.1342948995        0.1838390857
 135. 127.       -0.0882094479       -0.1219371297
 135. 128.       -0.1314334816        0.1342051217
 135. 129.        0.0268847049        0.0652763620
 135. 130.        0.2088230397       -0.0431061318
 135. 131.       -0.0622356441       -0.1728304312
 135. 132.       -0.1223266512        0.2300056420
 135. 133.       -0.5699819674        0.0964378129
 135. 134.        0.1196922375       -0.2524058064
 135. 135.        0.3464697295       -0.1469430100
 136.   0.       -0.0450021010        0.0000000000
 136.   1.        0.0984968496        0.1672515707
 136.   2.       -0.1268070738        0.2377876333
 136.   3.        0.1622459673       -0.0765220984
 136.   4.        0.0045102835       -0.1186037810
 136.   5.        0.0769020730       -0.2807525741
 136.   6.        0.1607164307        0.0741333800
 136.   7.       -0.0578334760       -0.1386816860
 136.   8.        0.1397556088       -0.1354596296
 136.   9.       -0.0807342384        0.1514478733
 136.  10.       -0.0774740979       -0.0946520551
 136.  11.        0.2118801626        0.0190937409
 136.  12.       -0.0904927136        0.2059905845
 136.  13.        0.1048127791       -0.0132420553
 136.  14.        0.0196591750       -0.0180104583
 136.  15.        0.2170716844       -0.0396165976
 136.  16.        0.0379358212        0.2584390735
 136.  17.       -0.3471209277       -0.0843785619
 136.  18.        0.0004077662       -0.1660618391
 136.  19.        0.0608691752        0.3517074228
 136.  20.        0.1220656961        0.0466861434
 136.  21.       -0.0220753602        0.0462296061
 136.  22.        0.1856240777       -0.0541172368
 136.  23.        0.0582197122        0.0985280158
 136.  24.       -0.1869661247        0.2545115583
 136.  25.        0.1259984277       -0.1987393232
 136.  26.        0.2565307368       -0.0596857687
 136.  27.       -0.1906996057        0.2922232430
 136.  28.       -0.0671096755       -0.1375111384
 136.  29.        0.2710526813        0.1657360291
 136.  30.       -0.1620411632       -0.0577932883
 136.  31.        0.0901949759       -0.2748994251
 136.  32.        0.1014397819        0.1626289276
 136.  33.       -0.0106226083        0.0023939988
 136.  34.        0.0040772060       -0.1612867728
 136.  35.        0.2140570830        0.1081083926
 136.  36.       -0.0621251728       -0.0945287736
 136.  37.       -0.2293341394        0.0598750896
 136.  38.       -0.0776027853       -0.1188263694
 136.  39.        0.1489889056        0.3167178026
 136.  40.       -0.1287220179        0.1704870539
 136.  41.        0.2266190511       -0.2963958196
 136.  42.        0.4579942142        0.3287916150
 136.  43.       -0.0167136991        0.1480883459
 136.  44.       -0.1518826240        0.4141053078
 136.  45.        0.0783752681       -0.1786413826
 136.  46.        0.1411778833       -0.0321969668
 136.  47.        0.3496987822        0.0703866203
 136.  48.       -0.1259783868        0.1737980740
 136.  49.        0.3304877795       -0.4582404369
 136.  50.       -0.0142382331       -0.3049504268
 136.  51.        0.0449233629       -0.0848073699
 136.  52.        0.0151019632        0.0005485347
 136.  53.       -0.0829359357       -0.0743689635
 136.  54.       -0.1937867193        0.3130166783
 136.  55.        0.1498895967        0.0682011911
 136.  56.        0.0922781391       -0.0887560647
 136.  57.        0.0482116671       -0.5028445082
 136.  58.        0.0552302310       -0.0626484835
 136.  59.       -0.0111996831        0.1559903671
 136.  60.       -0.1627582272       -0.1204637592
 136.  61.       -0.0027144927        0.0707850726
 136.  62.        0.0702072130        0.1037415548
 136.  63.       -0.0275784922        0.0027443228
 136.  64.        0.1303563699       -0.0423175518
 136.  65.       -0.3847538178        0.0168655448
 136.  66.        0.0771385317        0.0754659222
 136.  67.        0.1892991719        0.1010532420
 136.  68.        0.1091761530       -0.1553141411
 136.  69.       -0.1081137055       -0.3433315120
 136.  70.       -0.2823151238        0.1178674825
 136.  71.       -0.1701961046        0.1378588712
 136.  72.        0.0129037481       -0.2771031690
 136.  73.       -0.2109212649       -0.1242646562
 136.  74.       -0.1183679297        0.0445658214
 136.  75.       -0.1678363419        0.5499494943
 136.  76.        0.1197816610       -0.4818354223
 136.  77.        0.0564290202        0.0851371682
 136.  78.        0.1374414809        0.0207403961
 136.  79.        0.1355729390       -0.0305681687
 136.  80.        0.2566730475       -0.0592077418
 136.  81.        0.0388381335       -0.0650595530
 136.  82.       -0.1830538227        0.0844611377
 136.  83.       -0.1161199884        0.1074480954
 136.  84.        0.3804436792        0.2833035995
 136.  85.       -0.0814473901       -0.1461128590
 136.  86.        0.0811023353        0.0048971568
 136.  87.        0.5473824142       -0.0775924812
 136.  88.       -0.0475944912        0.1989230289
 136.  89.       -0.2934754098       -0.1740738220
 136.  90.        0.2090077374       -0.2000727363
 136.  91.       -0.0937965344        0.0980463582
 136.  92.       -0.2309085390       -0.1501202723
 136.  93.        0.0108535166       -0.1040920149
 136.  94.       -0.0615295690       -0.1216550738
 136.  95.       -0.2610394754        0.2334296210
 136.  96.        0.1374504713       -0.0165569665
 136.  97.        0.0190052942        0.0347938486
 136.  98.        0.1556330585        0.1476909752
 136.  99.       -0.2490949961        0.1148795929
 136. 100.       -0.4479736248       -0.1974368279
 136. 101.       -0.1646003831       -0.1557314665
 136. 102.        0.1323165026       -0.4212977185
 136. 103.        0.2502398412        0.0069594463
 136. 104.       -0.2848152268       -0.0476087417
 136. 105.       -0.2700277313       -0.1172326777
 136. 106.       -0.3174402487        0.3277120737
 136. 107.       -0.0150157622       -0.0227210667
 136. 108.        0.3558227793       -0.2430863791
 136. 109.       -0.0105236677        0.4623331506
 136. 110.       -0.0229295198       -0.0103177254
 136. 111.       -0.1905506780       -0.1429708021
 136. 112.       -0.1592929918        0.2694364547
 136. 113.       -0.1557094793       -0.1852235052
 136. 114.       -0.0910246740       -0.1399188833
 136. 115.        0.1413080202       -0.1937724686
 136. 116.       -0.1319991022       -0.2570482829
 136. 117.       -0.2587955580        0.1223998482
 136. 118.        0.2641409664        0.1294085602
 136. 119.       -0.1666854925        0.0207121182
 136. 120.        0.0746763464       -0.2198744977
 136. 121.       -0.0268345935        0.0044980729
 136. 122.       -0.2061457797       -0.2690474597
 136. 123.       -0.1428981612        0.0083716014
 136. 124.        0.0706611837        0.0560097624
 136. 125.        0.0681323946       -0.3105386990
 136. 126.        0.2520608246        0.2000744696
 136. 127.        0.4767117433        0.0633860444
 136. 128.       -0.0391531335       -0.3900197597
 136. 129.       -0.1042425714        0.1524023559
 136. 130.       -0.0072560318       -0.0904933780
 136. 131.        0.2073201007        0.1935283422
 136. 132.        0.0239497127        0.1313714239
 136. 133.        0.0757993896       -0.1029377728
 136. 134.       -0.0488309974       -0.0513057304
 136. 135.       -0.1921957448       -0.3486646974
 136. 136.        0.1853970496       -0.0057858546
 137.   0.        0.1398292233        0.0000000000
 137.   1.       -0.1627844469       -0.1333635500
 137.   2.       -0.0685974177        0.0711872227
 137.   3.        0.0909057196        0.1555230197
 137.   4.       -0.0138481721       -0.0475597740
 137.   5.        0.2304366980       -0.1295484468
 137.   6.        0.1201582180       -0.0446932333
 137.   7.        0.1758395157       -0.1784021370
 137.   8.        0.0817520479        0.1026981972
 137.   9.       -0.0262678927        0.0155504738
 137.  10.        0.0580829461        0.0226131921
 137.  11.       -0.1608947629       -0.0438353619
 137.  12.        0.2375308516       -0.2026842256
 137.  13.        0.0368606907        0.1016173272
 137.  14.       -0.1494877570       -0.3976978877
 137.  15.       -0.0002482987        0.0317454498
 137.  16.       -0.0484470143       -0.0930888532
 137.  17.       -0.1115335915        0.0091361108
 137.  18.       -0.3012761677        0.1688428647
 137.  19.       -0.0100681604       -0.0040514003
 137.  20.       -0.1042119700       -0.2916153443
 137.  21.       -0.0894095953       -0.0543918874
 137.  22.        0.0460217818        0.0487899039
 137.  23.       -0.4011467410        0.1276116958
 137.  24.        0.3091984497        0.2481469447
 137.  25.        0.1657241874        0.1755367416
 137.  26.        0.0707209959       -0.0364308443
 137.  27.        0.1513266482       -0.0636532525
 137.  28.       -0.1821074520       -0.1598526849
 137.  29.       -0.1382318495        0.0117883734
 137.  30.        0.0946059664        0.1918661417
 137.  31.       -0.0955850980       -0.0575895036
 137.  32.        0.1868019143       -0.2381528366
 137.  33.        0.1270617603        0.0603247526
 137.  34.       -0.1857138868        0.0765581846
 137.  35.       -0.0387510404        0.0066169933
 137.  36.       -0.1048845079        0.1154651307
 137.  37.        0.1970633178        0.1259456603
 137.  38.       -0.0869676276       -0.2661339427
 137.  39.        0.1107442113       -0.2091123838
 137.  40.       -0.1506291211       -0.0341217996
 137.  41.       -0.2618176917       -0.1439459412
 137.  42.        0.1708074892       -0.0995843024
 137.  43.       -0.0216928674       -0.1175933152
 137.  44.       -0.1153996238       -0.0833336000
 137.  45.        0.0196033407       -0.0407989300
 137.  46.       -0.0500612443       -0.2421382296
 137.  47.        0.0817089412       -0.0826396415
 137.  48.        0.2711488488        0.2389104608
 137.  49.        0.0194475104        0.1320196030
 137.  50.       -0.2173857205       -0.3599913938
 137.  51.        0.1706704540        0.0633533250
 137.  52.       -0.2113468658        0.2886372318
 137.  53.       -0.1296712828       -0.1479590441
 137.  54.        0.1182635028       -0.0764964113
 137.  55.        0.0660478486        0.0143131034
 137.  56.        0.0840521172       -0.1535536693
 137.  57.       -0.0991028511        0.0796814059
 137.  58.        0.3689024069        0.2503807547
 137.  59.       -0.2418232475       -0.2859740165
 137.  60.       -0.1354725630        0.0114884329
 137.  61.        0.0222466639       -0.0801137981
 137.  62.        0.3047323484       -0.0372326227
 137.  63.       -0.0537389080       -0.0979888545
 137.  64.        0.0029067958        0.0173505296
 137.  65.        0.2987166691       -0.3938676388
 137.  66.       -0.2198677039       -0.3519318576
 137.  67.       -0.3122920942       -0.0389875804
 137.  68.       -0.1923095898        0.0924676397
 137.  69.       -0.0137847120        0.0579654840
 137.  70.       -0.2022869517       -0.0430742335
 137.  71.        0.1802334873        0.3580520964
 137.  72.        0.0886191569       -0.1212599247
 137.  73.        0.3934892498       -0.1244489587
 137.  74.       -0.0069745121        0.1149284366
 137.  75.       -0.0288980709        0.1559847320
 137.  76.        0.0573907453        0.0358213777
 137.  77.       -0.2441748779       -0.3156112119
 137.  78.       -0.0544149462       -0.0914677110
 137.  79.       -0.3201730209       -0.0097027081
 137.  80.        0.1235661524        0.2249209563
 137.  81.        0.0190973753       -0.0046550315
 137.  82.        0.0180299668       -0.1494714321
 137.  83.        0.2241283101       -0.1619525629
 137.  84.        0.1850010282        0.2643958257
 137.  85.        0.3246061715       -0.2592369170
 137.  86.        0.1984618074       -0.0295445816
 137.  87.       -0.1652100301       -0.4521337420
 137.  88.        0.3466283566        0.5477377815
 137.  89.       -0.2865942715       -0.1243463043
 137.  90.        0.0995494273        0.0879123191
 137.  91.        0.2496318606        0.4030444383
 137.  92.        0.2720687431       -0.0256385212
 137.  93.       -0.0213005327        0.0566498810
 137.  94.       -0.1869536791       -0.0205721427
 137.  95.        0.2042422536       -0.0360045040
 137.  96.       -0.1820480582       -0.2687270147
 137.  97.        0.0134732430       -0.5038417545
 137.  98.        0.1019335112        0.1504729249
 137.  99.       -0.0056944818       -0.1752143115
 137. 100.        0.4184774105        0.0611552081
 137. 101.        0.1116754565       -0.1455396347
 137. 102.        0.2442000732        0.2289454280
 137. 103.       -0.0476333394        0.1567346084
 137. 104.        0.2416279019        0.1622885281
 137. 105.        0.1042606533        0.1813782845
 137. 106.        0.0099173344       -0.5229740509
 137. 107.        0.0240668343        0.1876270162
 137. 108.       -0.1833671904        0.0154138684
 137. 109.       -0.0263639917       -0.1993870494
 137. 110.       -0.7056019516       -0.1386342559
 137. 111.       -0.1909929415       -0.2959949375
 137. 112.        0.0409110696       -0.0442024890
 137. 113.        0.2079073744        0.2700312666
 137. 114.       -0.0638900811        0.0637367560
 137. 115.       -0.0747892114        0.1483769449
 137. 116.        0.1516664051       -0.4377791699
 137. 117.        0.1344460023       -0.2045658744
 137. 118.        0.1019750066        0.2601681479
 137. 119.        0.1556735064       -0.0728022914
 137. 120.       -0.0798592919        0.2438177665
 137. 121.        0.0535481868       -0.2154525740
 137. 122.        0.2554891567       -0.1863966471
 137. 123.        0.2441470912       -0.0429678876
 137. 124.        0.1780783716        0.4602352337
 137. 125.       -0.1967139158        0.1855079812
 137. 126.        0.4634166737        0.0969484364
 137. 127.       -0.1466123805       -0.2832521254
 137. 128.        0.0033354477       -0.1449643471
 137. 129.        0.7930774378       -0.0132591213
 137. 130.       -0.4523266627       -0.0245282804
 137. 131.       -0.2276894637       -0.3892244915
 137. 132.       -0.0499171371       -0.2058278894
 137. 133.       -0.2011353940        0.3063334300
 137. 134.       -0.0354471015        0.1169115420
 137. 135.        0.0051102245       -0.7177487977
 137. 136.        0.2973391874       -0.1233420432
 137. 137.        0.1183977818        0.0164816883
 138.   0.       -0.0999663193        0.0000000000
 138.   1.       -0.1072012365       -0.3372181882
 138.   2.       -0.0048347019        0.0008975499
 138.   3.       -0.1566695670        0.0542957472
 138.   4.        0.1127761368        0.1404376774
 138.   5.       -0.0557123753        0.3054487977
 138.   6.       -0.2165470765       -0.2167763581
 138.   7.       -0.1144984139        0.0035767525
 138.   8.        0.0351823591       -0.1730884289
 138.   9.       -0.0761118865       -0.0558594269
 138.  10.        0.0454367075        0.0315983203
 138.  11.       -0.3317702727        0.0530083881
 138.  12.       -0.0879092276        0.0380907746
 138.  13.       -0.2377394967        0.2015149267
 138.  14.        0.1803082686        0.1989453143
 138.  15.        0.0976690561       -0.0203843982
 138.  16.        0.0663523456       -0.3903422306
 138.  17.        0.4055245857       -0.0621736118
 138.  18.       -0.2227867994       -0.0601751612
 138.  19.       -0.0954413805       -0.2242997702
 138.  20.       -0.1325959184        0.0249823272
 138.  21.        0.0050295919       -0.1225221271
 138.  22.       -0.1821984324        0.3022964747
 138.  23.        0.1126944476       -0.1336966943
 138.  24.        0.1717945786       -0.1455640241
 138.  25.        0.0693120102        0.1261352031
 138.  26.       -0.1479827382        0.0125481570
 138.  27.        0.2005644804       -0.0978491605
 138.  28.       -0.0643762973        0.0996857011
 138.  29.       -0.1998241050       -0.1692771201
 138.  30.        0.0139420555       -0.0724479045
 138.  31.       -0.0570647314        0.0218593841
 138.  32.        0.0740105227       -0.0064050362
 138.  33.        0.2859538662        0.0769349579
 138.  34.       -0.0090390696       -0.0691927088
 138.  35.       -0.0967072560       -0.1577996431
 138.  36.       -0.0464425064        0.0042062244
 138.  37.        0.0233370407        0.0314949391
 138.  38.        0.0685624258        0.3737614325
 138.  39.       -0.0632891024        0.0921026063
 138.  40.       -0.0000186856       -0.0282714080
 138.  41.       -0.4454792216        0.1730528962
 138.  42.       -0.2839198286        0.0390646726
 138.  43.        0.0962668410       -0.1133617666
 138.  44.       -0.0902692342       -0.1740274176
 138.  45.        0.0592448669       -0.0242740713
 138.  46.       -0.2181149400       -0.1068990801
 138.  47.        0.2057876256        0.2021066331
 138.  48.        0.0215487311        0.1627293431
 138.  49.        0.0286916763        0.0784048509
 138.  50.       -0.2006675084        0.0512000733
 138.  51.        0.1990646994       -0.0330295166
 138.  52.       -0.2072065144        0.0535484217
 138.  53.       -0.0311582555        0.0193935209
 138.  54.       -0.0155004305       -0.3204866335
 138.  55.       -0.2217509705       -0.3175356221
 138.  56.       -0.2225182777        0.2121979278
 138.  57.       -0.0723281948        0.4381227687
 138.  58.        0.1262989711        0.1073404022
 138.  59.        0.0352706817        0.3762570612
 138.  60.        0.2462166020        0.2522327741
 138.  61.        0.1396207156       -0.1659135381
 138.  62.       -0.0806956948       -0.3134185496
 138.  63.        0.0557473883        0.0010811616
 138.  64.       -0.1427420360       -0.0466742098
 138.  65.       -0.3324988956       -0.0906432733
 138.  66.       -0.0441598054        0.1513641792
 138.  67.        0.0253849155       -0.2322234978
 138.  68.        0.0987886003        0.0425546010
 138.  69.        0.0322086911        0.2997490813
 138.  70.       -0.2245122408        0.0220385191
 138.  71.        0.0282218206       -0.1262268890
 138.  72.        0.2482375065        0.1264772831
 138.  73.        0.3044475029        0.5036585361
 138.  74.        0.1640090881       -0.1638682992
 138.  75.       -0.1375549051        0.1097429793
 138.  76.       -0.4583872483        0.2609417287
 138.  77.       -0.2272263884        0.0513770313
 138.  78.        0.0133435926        0.3104593211
 138.  79.        0.0038685841        0.2118093084
 138.  80.        0.0956740687       -0.0597192770
 138.  81.        0.0534362349        0.0137398502
 138.  82.       -0.1590752409        0.0398524935
 138.  83.        0.1529793991        0.1381064228
 138.  84.       -0.2302058460       -0.6127370333
 138.  85.        0.5558356271       -0.3220441701
 138.  86.        0.0814576328        0.3940130841
 138.  87.        0.1510061608       -0.1584458775
 138.  88.       -0.1066168868        0.0308802585
 138.  89.        0.3595823834        0.4831778919
 138.  90.        0.0578224509       -0.0892636900
 138.  91.       -0.1785468402        0.1193105368
 138.  92.       -0.1329471643        0.1970191980
 138.  93.       -0.1459734139       -0.1387542983
 138.  94.        0.2371800276       -0.1799728233
 138.  95.        0.0938226101        0.2077278175
 138.  96.       -0.1348897289        0.1440333470
 138.  97.       -0.0986382799        0.2679831171
 138.  98.        0.1805098455       -0.0264598239
 138.  99.       -0.0378382064       -0.2013180007
 138. 100.        0.4628135533        0.1468766384
 138. 101.        0.1696331055        0.2936683079
 138. 102.       -0.0044308072        0.1735822628
 138. 103.        0.2290022861        0.2621436819
 138. 104.        0.1148612936       -0.3371008246
 138. 105.       -0.5230151924       -0.0927951464
 138. 106.        0.3664424270       -0.3443715327
 138. 107.        0.2114805044        0.1032676662
 138. 108.       -0.0150418147        0.3668737531
 138. 109.       -0.4502811319       -0.3113890714
 138. 110.       -0.0307975470        0.2099663224
 138. 111.       -0.2311111256        0.1067687313
 138. 112.        0.1708505948       -0.2185024966
 138. 113.       -0.0526610509       -0.1138763075
 138. 114.       -0.0051640487        0.0376092387
 138. 115.       -0.1251643762        0.2195121655
 138. 116.       -0.1414305943       -0.1172771940
 138. 117.        0.3611458814        0.3837816814
 138. 118.        0.0315126015       -0.2230935712
 138. 119.       -0.0368301950       -0.2626945954
 138. 120.        0.2698444597       -0.0813152721
 138. 121.       -0.0481065185       -0.2720744388
 138. 122.       -0.3053309794       -0.3497832035
 138. 123.       -0.2496421874       -0.2842501678
 138. 124.        0.0921927634        0.2116384823
 138. 125.       -0.0876464366        0.0223436504
 138. 126.       -0.0569776205       -0.2801178035
 138. 127.        0.3224497061        0.3891537485
 138. 128.        0.1398082720        0.0380682307
 138. 129.        0.0667588918       -0.1379454306
 138. 130.       -0.2419741477        0.0612020006
 138. 131.       -0.0956141296       -0.6225633139
 138. 132.       -0.3687836650        0.5133564869
 138. 133.       -0.3138736292        0.1380813005
 138. 134.       -0.0325295508       -0.2609613173
 138. 135.       -0.1301128657       -0.2906938528
 138. 136.       -0.2137636781       -0.1112997425
 138. 137.        0.1083884585       -0.1466875773
 138. 138.        0.0794424036        0.0289228977
 139.   0.       -0.2475559367        0.0000000000
 139.   1.        0.1959039223        0.1288745106
 139.   2.        0.2078930104       -0.0542839023
 139.   3.       -0.0516243919       -0.1352179868
 139.   4.       -0.1639420529       -0.1083800890
 139.   5.        0.1089685838        0.0347826961
 139.   6.       -0.1570386679        0.3028975560
 139.   7.        0.0936002913        0.0538461133
 139.   8.       -0.1486951659       -0.1132556470
 139.   9.        0.2364992010        0.0703044875
 139.  10.        0.0636517917        0.0214862626
 139.  11.        0.1974120484        0.0953839071
 139.  12.       -0.1654402236        0.1258484596
 139.  13.       -0.0006786992       -0.1385723397
 139.  14.        0.0030906330        0.4503056357
 139.  15.       -0.0510182118       -0.0191835298
 139.  16.        0.0670622806       -0.1379884559
 139.  17.       -0.0470218019        0.0659891663
 139.  18.       -0.1331147817       -0.0414529220
 139.  19.       -0.0249434310       -0.1774314682
 139.  20.        0.1926266782        0.2835468518
 139.  21.        0.0761487483        0.1424637068
 139.  22.        0.1322847910        0.0508552778
 139.  23.        0.2598546294       -0.0309129621
 139.  24.       -0.2862252372       -0.0752649198
 139.  25.       -0.1070024625       -0.0252809717
 139.  26.        0.1721714532        0.3103911701
 139.  27.        0.0035697597        0.0380786313
 139.  28.       -0.0165133383        0.0110656087
 139.  29.        0.0659587147       -0.2568071011
 139.  30.       -0.0349655762        0.0652946963
 139.  31.       -0.0710241978        0.1215735448
 139.  32.        0.0576799305        0.1181699338
 139.  33.       -0.0739756272       -0.1156947100
 139.  34.        0.1535380624        0.2249543909
 139.  35.       -0.1248467773       -0.1050206444
 139.  36.       -0.0819273336        0.2310179754
 139.  37.        0.0100230842       -0.0852758332
 139.  38.        0.1474284551       -0.0743313709
 139.  39.       -0.0112478592        0.0026985143
 139.  40.        0.2015550387        0.0734010553
 139.  41.       -0.0038252241        0.0857059546
 139.  42.       -0.2959529334       -0.2645054323
 139.  43.        0.1017714136        0.2091355538
 139.  44.        0.1394980787        0.1269285849
 139.  45.        0.0121660239        0.4254527875
 139.  46.       -0.0982561621        0.2089576131
 139.  47.       -0.0796863877        0.0469037719
 139.  48.       -0.1764193197        0.1415932142
 139.  49.       -0.0951716740       -0.1463604884
 139.  50.        0.1327979436       -0.0954387094
 139.  51.        0.0654130461        0.2804290901
 139.  52.       -0.0865687595        0.1994763912
 139.  53.        0.2305480367        0.1753752684
 139.  54.       -0.1492955259        0.1436115509
 139.  55.       -0.1607973365       -0.1562823660
 139.  56.        0.1754148009       -0.1047888294
 139.  57.        0.1193029617        0.4896617658
 139.  58.       -0.2884969788        0.0619335061
 139.  59.        0.1341531831        0.0927197588
 139.  60.       -0.0714640820        0.1258588385
 139.  61.       -0.3230486392        0.0875335973
 139.  62.       -0.0101924326       -0.1688857582
 139.  63.       -0.1410579478        0.2053184353
 139.  64.        0.2159494126        0.0740171747
 139.  65.       -0.2811269165       -0.0385133502
 139.  66.       -0.0552875333        0.0963118359
 139.  67.        0.1791919017        0.1314382213
 139.  68.       -0.0597065240       -0.0197396442
 139.  69.        0.3885312121        0.0734208176
 139.  70.       -0.0489397910       -0.0549779432
 139.  71.       -0.3327395110       -0.0597424203
 139.  72.       -0.2850483549       -0.1143960342
 139.  73.        0.0295341052       -0.2124149926
 139.  74.        0.1744524629        0.1934272825
 139.  75.        0.1174263532        0.3390031438
 139.  76.        0.0481084905       -0.2679237236
 139.  77.        0.2904711302        0.0284641214
 139.  78.       -0.0373083697       -0.2337424408
 139.  79.        0.1877191706       -0.1336431188
 139.  80.        0.0704550145       -0.1886402220
 139.  81.        0.0928769457       -0.1700547881
 139.  82.        0.1479455769       -0.1397715926
 139.  83.       -0.0827166698        0.1264169336
 139.  84.       -0.1705879232        0.1127092385
 139.  85.        0.2933710902       -0.0737467183
 139.  86.        0.1736997222        0.3994966484
 139.  87.        0.2357945365        0.0009572120
 139.  88.        0.2039845487        0.0151989357
 139.  89.        0.1329714682       -0.1322432200
 139.  90.       -0.0399069983        0.0447138964
 139.  91.       -0.0047491490       -0.0101053251
 139.  92.       -0.0392508261       -0.0213476882
 139.  93.       -0.3816475759        0.3272195772
 139.  94.        0.1365889313        0.0728154404
 139.  95.       -0.0684120536       -0.4642971789
 139.  96.       -0.3974998512        0.1727138967
 139.  97.       -0.1061607988        0.4655384303
 139.  98.       -0.1146491725       -0.0034088444
 139.  99.        0.5608047652        0.0800464052
 139. 100.       -0.0842373262       -0.1561114640
 139. 101.       -0.2819234777        0.2215622707
 139. 102.        0.0197284611        0.0116598396
 139. 103.       -0.3446670125        0.0952823029
 139. 104.       -0.4853693109        0.0972696242
 139. 105.       -0.1323339670       -0.0725068211
 139. 106.       -0.1773932157        0.4465387797
 139. 107.        0.2942587415        0.0195824388
 139. 108.       -0.2467523971       -0.0213499488
 139. 109.       -0.2164863188       -0.1122460406
 139. 110.       -0.3984591175        0.0544653883
 139. 111.       -0.3264442105       -0.1042219662
 139. 112.       -0.2557914570       -0.5224602524
 139. 113.        0.3323332177        0.0153313909
 139. 114.       -0.2064701116        0.1366878303
 139. 115.       -0.2140557596        0.2461377275
 139. 116.        0.0841051766       -0.2268958490
 139. 117.       -0.0218508768       -0.0465967901
 139. 118.        0.0715357533        0.0986347520
 139. 119.       -0.0727608272       -0.2583844132
 139. 120.        0.5603441990       -0.0546877534
 139. 121.        0.2285296434        0.3071580343
 139. 122.       -0.1621383660       -0.0057060525
 139. 123.       -0.0443842488       -0.0440886424
 139. 124.        0.1848013806        0.1069453318
 139. 125.        0.3147733328       -0.1831508674
 139. 126.       -0.3987245227        0.3479968084
 139. 127.        0.4459033720        0.1439380626
 139. 128.       -0.0183550069       -0.3275559364
 139. 129.        0.2360967734        0.1118219539
 139. 130.       -0.0565969709       -0.1670925061
 139. 131.       -0.0469961394       -0.1381156018
 139. 132.        0.0941870541       -0.2673432103
 139. 133.        0.0548057248       -0.1499006602
 139. 134.        0.1261628111        0.1192833459
 139. 135.        0.0482490151        0.1580825393
 139. 136.        0.3628458214       -0.0477357249
 139. 137.        0.2986339307        0.0234060860
 139. 138.       -0.2466261484       -0.1491056850
 139. 139.       -0.3242582269       -0.0828840029
 140.   0.        0.0963048224        0.0000000000
 140.   1.       -0.0020145295        0.2510495207
 140.   2.        0.0004718088        0.0019009897
 140.   3.       -0.0447206073        0.1333163201
 140.   4.        0.0110924641       -0.2008012763
 140.   5.        0.0700936011       -0.0897316900
 140.   6.       -0.0149546494        0.1615034245
 140.   7.        0.2247668909        0.2478904055
 140.   8.        0.0053845784        0.1543299339
 140.   9.       -0.0036756612        0.0495589182
 140.  10.       -0.0541699095       -0.1019481817
 140.  11.        0.3638254701       -0.1557120175
 140.  12.        0.1767999336       -0.1165977771
 140.  13.        0.0368155544       -0.2242045839
 140.  14.       -0.2212660135       -0.3978187407
 140.  15.       -0.0457703889       -0.1580566298
 140.  16.       -0.1074079280        0.3660510430
 140.  17.       -0.0698751929        0.1705971097
 140.  18.        0.2517453823        0.3250470430
 140.  19.        0.0001953947        0.0256537027
 140.  20.        0.0348395173       -0.1468942026
 140.  21.        0.1426630019       -0.1089710076
 140.  22.        0.0154521695       -0.0299788043
 140.  23.       -0.1181516094        0.0243106843
 140.  24.        0.0183246400       -0.1775119450
 140.  25.       -0.0612778272       -0.0741105363
 140.  26.       -0.0527415589       -0.1269439442
 140.  27.       -0.1684500449        0.2636099820
 140.  28.       -0.0936519824       -0.0875646097
 140.  29.        0.0504132612        0.0041474643
 140.  30.        0.2153812383        0.0570001618
 140.  31.       -0.1345628131       -0.0853662361
 140.  32.       -0.3523192453       -0.0699959835
 140.  33.       -0.1865209353        0.1370341004
 140.  34.       -0.0145560905        0.2298103775
 140.  35.        0.0190142792        0.0928261469
 140.  36.        0.0256979365       -0.1292398197
 140.  37.        0.1072938667        0.0202145064
 140.  38.       -0.0406343264       -0.2014727546
 140.  39.       -0.0986775234       -0.0967615589
 140.  40.        0.2795632115       -0.1171233328
 140.  41.        0.0657742565        0.0634915976
 140.  42.        0.1291935903       -0.1500807120
 140.  43.        0.1741338964       -0.0905308887
 140.  44.        0.1043603986       -0.0780773275
 140.  45.        0.2358386362       -0.1227541820
 140.  46.        0.0078481808        0.0810457756
 140.  47.       -0.0568797512        0.0084335690
 140.  48.        0.1398392016       -0.0193355561
 140.  49.       -0.0181580149       -0.0900449353
 140.  50.        0.1870398929        0.2558180725
 140.  51.       -0.2867105971        0.1698214481
 140.  52.       -0.2228054346        0.1665944566
 140.  53.        0.0019165296       -0.2306045394
 140.  54.        0.1286516412        0.2933875269
 140.  55.       -0.2630338966        0.1254280707
 140.  56.        0.0079310845        0.1878149935
 140.  57.        0.5590155041       -0.3366689486
 140.  58.        0.1280985835        0.2440411167
 140.  59.        0.0654611706       -0.0947056480
 140.  60.       -0.3464612886       -0.1738348945
 140.  61.        0.1730425794        0.1965737962
 140.  62.        0.2868318460        0.1560013422
 140.  63.       -0.0964760304       -0.2581224404
 140.  64.       -0.2766481167        0.0134810885
 140.  65.        0.1380793908        0.0418963088
 140.  66.        0.0827087035       -0.2725048145
 140.  67.       -0.1530354007        0.0494896888
 140.  68.       -0.0419453428        0.2393712731
 140.  69.        0.0379795164       -0.2384097242
 140.  70.        0.5356111648        0.0258264981
 140.  71.       -0.3015602944        0.2521517851
 140.  72.       -0.2495701504        0.0659378101
 140.  73.        0.1144756046       -0.2559273783
 140.  74.        0.0301400727       -0.0377356212
 140.  75.       -0.0321684126        0.1929689245
 140.  76.       -0.0319510833        0.0543718968
 140.  77.        0.4297332797        0.1246935642
 140.  78.        0.2807720713       -0.1086468304
 140.  79.       -0.1407207414        0.0713272444
 140.  80.       -0.0575226565        0.1714642008
 140.  81.       -0.2745519157       -0.1441581435
 140.  82.        0.0357350844       -0.3049200041
 140.  83.        0.1653015215       -0.2916938870
 140.  84.        0.0166363157       -0.0724886690
 140.  85.       -0.2057720137        0.3396472752
 140.  86.        0.3764154291        0.1748751383
 140.  87.        0.1571544838        0.3092114335
 140.  88.        0.3005631681        0.1270053324
 140.  89.       -0.2300776829        0.0564604592
 140.  90.       -0.1818985815        0.0181707740
 140.  91.        0.0700168643       -0.2478882082
 140.  92.        0.1361122099        0.0046454589
 140.  93.       -0.1383506988       -0.1390598283
 140.  94.        0.3527993398       -0.0609431877
 140.  95.       -0.1144725338        0.1264524226
 140.  96.        0.3620757906       -0.1302653631
 140.  97.        0.0129752536       -0.2539708377
 140.  98.        0.1590154274       -0.1235429377
 140.  99.       -0.2647743838        0.1632945160
 140. 100.        0.0194576382       -0.0985245705
 140. 101.        0.0266366726       -0.0261658534
 140. 102.       -0.2632926474       -0.2203925702
 140. 103.        0.1836049997        0.2272259331
 140. 104.       -0.0644495226        0.2801609060
 140. 105.        0.2479755488       -0.0890920728
 140. 106.        0.3473438886       -0.2499213556
 140. 107.        0.0857232958        0.1864486825
 140. 108.        0.0472247167       -0.2846532281
 140. 109.       -0.1564642748       -0.2911275719
 140. 110.       -0.3130534655       -0.2572954761
 140. 111.       -0.1364099342        0.0784564929
 140. 112.        0.0138058671       -0.0804208427
 140. 113.        0.0759360086        0.1156282023
 140. 114.        0.0370869933       -0.1358696919
 140. 115.        0.2202824852       -0.0213041672
 140. 116.       -0.1185739420        0.3548484937
 140. 117.       -0.0256447031       -0.0492006855
 140. 118.       -0.3666473933        0.1521261225
 140. 119.        0.4656607296        0.3716017819
 140. 120.       -0.1494201519        0.0243605156
 140. 121.       -0.0425749085        0.0247008793
 140. 122.        0.5524262532        0.3862720955
 140. 123.       -0.1827852893       -0.0287429504
 140. 124.       -0.0092756373       -0.3776550097
 140. 125.       -0.1837544035       -0.2100810504
 140. 126.        0.1654150334        0.0529382582
 140. 127.       -0.0881458460        0.0781286967
 140. 128.       -0.4838820963        0.3107115591
 140. 129.       -0.1571026807       -0.1141431898
 140. 130.        0.1314127881        0.0070666827
 140. 131.        0.2840020799       -0.2136529675
 140. 132.       -0.0028428933       -0.6859745700
 140. 133.        0.0200041192        0.1690205718
 140. 134.       -0.1052754657        0.1070918170
 140. 135.       -0.0154871673       -0.6493853975
 140. 136.        0.0674204603        0.2673401313
 140. 137.       -0.1233630217        0.0925772198
 140. 138.       -0.4540925745       -0.1134287430
 140. 139.        0.2442251740       -0.3838890370
 140. 140.       -0.0111853184       -0.2376157041
 141.   0.       -0.1208037056        0.0000000000
 141.   1.       -0.0642301139       -0.2295704025
 141.   2.       -0.1857066193        0.1824294781
 141.   3.       -0.1723521662        0.0191083536
 141.   4.        0.0648560772        0.2476550913
 141.   5.       -0.0924996545        0.0814530229
 141.   6.        0.0100886156       -0.1042753878
 141.   7.       -0.2932088683        0.2108371710
 141.   8.       -0.0595911960        0.1431135852
 141.   9.        0.0434560712       -0.1871166912
 141.  10.       -0.1849885956        0.0166338257
 141.  11.       -0.2108921868       -0.0950222657
 141.  12.       -0.0378743212        0.0451284445
 141.  13.       -0.1006115417        0.2041117904
 141.  14.       -0.0484643276       -0.0294477366
 141.  15.       -0.0864860280        0.0830097473
 141.  16.        0.0100946048        0.0242562250
 141.  17.       -0.0542557273        0.0728220144
 141.  18.        0.0046319517       -0.0310388989
 141.  19.       -0.0081252779        0.0246073688
 141.  20.       -0.0123918091        0.0855278053
 141.  21.       -0.0250843438        0.1726911107
 141.  22.       -0.1811997374       -0.2713782773
 141.  23.       -0.0959991394       -0.0600624943
 141.  24.        0.1193549402        0.2097121509
 141.  25.        0.1084695098       -0.0382581681
 141.  26.       -0.0593647939       -0.1659730182
 141.  27.       -0.1107129342        0.1147946516
 141.  28.        0.1862376119        0.0256454025
 141.  29.        0.1043180084        0.0812614383
 141.  30.       -0.1539118216       -0.1710663369
 141.  31.       -0.0027139669        0.0985403738
 141.  32.       -0.0141279905       -0.2480799732
 141.  33.        0.2291505222        0.0517099701
 141.  34.        0.0490679856       -0.0030574380
 141.  35.       -0.0553728416        0.0597388259
 141.  36.        0.0840302695       -0.3435924785
 141.  37.       -0.0368480712        0.0958517090
 141.  38.       -0.0924482246        0.1930117468
 141.  39.       -0.2353854652        0.0673696962
 141.  40.        0.0895440331       -0.0613747494
 141.  41.        0.1423696181        0.2905244299
 141.  42.       -0.1110147689        0.2819431376
 141.  43.        0.0317509406       -0.3605567039
 141.  44.       -0.0375339612       -0.2420815152
 141.  45.       -0.1114955589       -0.1776368345
 141.  46.       -0.1804604056        0.1750480844
 141.  47.        0.0538277039        0.0742247250
 141.  48.       -0.3292396228       -0.0645984237
 141.  49.        0.0817284948        0.0736476475
 141.  50.        0.0665735071        0.1498171483
 141.  51.       -0.0862489942       -0.1702841003
 141.  52.       -0.1929726170       -0.0143843290
 141.  53.       -0.2035188018        0.1991544510
 141.  54.        0.0713821266       -0.1271746669
 141.  55.       -0.0699345247        0.0027774618
 141.  56.       -0.1695446053        0.0630553362
 141.  57.        0.1368418120       -0.0283116569
 141.  58.        0.1744142883       -0.0145938941
 141.  59.       -0.0050839394       -0.2576559436
 141.  60.       -0.1335428025       -0.1042769068
 141.  61.        0.1066330647        0.1139667187
 141.  62.       -0.0708799635        0.1905109417
 141.  63.        0.0755829863        0.0084729994
 141.  64.        0.1600521197        0.0077347355
 141.  65.       -0.0597060979        0.0753393991
 141.  66.        0.0748322871        0.2557348369
 141.  67.       -0.0438534706        0.1335752111
 141.  68.        0.0870430561       -0.1675231724
 141.  69.       -0.0147911462       -0.2478795250
 141.  70.       -0.0829342618       -0.0415670394
 141.  71.        0.2232690451        0.0071872412
 141.  72.       -0.0103652482       -0.0300552347
 141.  73.       -0.1823064645       -0.0302335183
 141.  74.       -0.2742479774       -0.3808406330
 141.  75.        0.0260006335        0.2845167317
 141.  76.       -0.2856691216        0.3978312904
 141.  77.       -0.5307040333       -0.0921463853
 141.  78.       -0.1178423353       -0.0189644884
 141.  79.       -0.0625562084       -0.1108497643
 141.  80.       -0.0156876423       -0.0771617921
 141.  81.        0.1388869679        0.3315130306
 141.  82.        0.4216079508       -0.0388942050
 141.  83.        0.1564019905       -0.2380614722
 141.  84.        0.3280133242       -0.2456352660
 141.  85.       -0.2705508629       -0.2079909514
 141.  86.       -0.0716959830       -0.2834944218
 141.  87.        0.1810931052        0.0742464931
 141.  88.       -0.1171440264       -0.0561284887
 141.  89.        0.0609307374       -0.1073204464
 141.  90.       -0.1026976480       -0.3231551060
 141.  91.        0.0651846809        0.1083341974
 141.  92.       -0.1203932865       -0.1265201931
 141.  93.        0.2285749576       -0.0466470364
 141.  94.       -0.1111329000        0.1877807210
 141.  95.       -0.2382890295        0.1675862083
 141.  96.        0.0200144890        0.0280217648
 141.  97.        0.1407731518       -0.2810161475
 141.  98.        0.0996763961       -0.1856676429
 141.  99.       -0.0254431569       -0.2845837919
 141. 100.        0.0215056342       -0.1536653149
 141. 101.        0.3544064899        0.1344117393
 141. 102.       -0.1079665155        0.3844849547
 141. 103.       -0.2601493413        0.1143027004
 141. 104.       -0.3755030652       -0.0748567653
 141. 105.       -0.1146269920        0.1969469700
 141. 106.        0.2788789906        0.0866810307
 141. 107.       -0.1202671010       -0.0869043883
 141. 108.       -0.1319050858        0.0390055553
 141. 109.        0.1360771501        0.0806617386
 141. 110.        0.0105567259        0.4103536582
 141. 111.       -0.0757874796       -0.2498723444
 141. 112.       -0.0617601035        0.1318436314
 141. 113.       -0.0227283832        0.0057787208
 141. 114.        0.3260614408        0.2908079531
 141. 115.        0.0638987849        0.1373054718
 141. 116.        0.3163463728       -0.2800879661
 141. 117.       -0.0461620628       -0.0903027453
 141. 118.       -0.0139315653        0.1607217208
 141. 119.       -0.3917063675        0.2890790243
 141. 120.       -0.2042373571       -0.1035431363
 141. 121.        0.0782575195       -0.2480995084
 141. 122.        0.1989396003       -0.2532879726
 141. 123.       -0.0297424802        0.3286474410
 141. 124.       -0.0864968656        0.2280994022
 141. 125.        0.1108318199       -0.1609340319
 141. 126.        0.2647550144       -0.1903987023
 141. 127.       -0.3880689880       -0.2704994060
 141. 128.       -0.1233792452       -0.1412167320
 141. 129.       -0.0943725625        0.3572798795
 141. 130.        0.1443226377        0.1681552764
 141. 131.       -0.0090208990        0.1331880067
 141. 132.        0.3840784128        0.2933515357
 141. 133.        0.1283392681        0.1916763164
 141. 134.       -0.2763500552        0.3168564008
 141. 135.       -0.2400924574        0.0282008118
 141. 136.       -0.3677144177        0.0348338789
 141. 137.       -0.4820693408       -0.1280120478
 141. 138.       -0.3248789027       -0.3811119546
 141. 139.       -0.5393985803        0.0579601978
 141. 140.       -0.2049694806       -0.2519058097
 141. 141.       -0.0298196465       -0.3726351615
 142.   0.       -0.1472672910        0.0000000000
 142.   1.       -0.0848672985       -0.2327732301
 142.   2.       -0.0357493342       -0.0351003902
 142.   3.       -0.0471787158       -0.0813920762
 142.   4.       -0.0132598372        0.2123337071
 142.   5.        0.1430629938       -0.2006907226
 142.   6.        0.1497552756       -0.0902340566
 142.   7.       -0.1653948058       -0.2805245531
 142.   8.       -0.2627310884        0.0337295793
 142.   9.        0.1297079278       -0.0710324134
 142.  10.        0.0281351922        0.2513165928
 142.  11.       -0.3505038908        0.0152432709
 142.  12.       -0.1075236531        0.1104612952
 142.  13.        0.2375032581        0.0964644461
 142.  14.        0.2440260654        0.1285685885
 142.  15.       -0.0987352669        0.1661497071
 142.  16.        0.0256596165       -0.1358880727
 142.  17.        0.0440659130       -0.2579307145
 142.  18.       -0.0811975466       -0.1304167117
 142.  19.        0.1515086650        0.0010604970
 142.  20.       -0.1139806391        0.2337021651
 142.  21.       -0.2307965145        0.1537682818
 142.  22.        0.1332952922       -0.1735939147
 142.  23.        0.0100625217       -0.0236893065
 142.  24.       -0.0763387587        0.2205135748
 142.  25.       -0.1439484310       -0.0724756403
 142.  26.        0.1111778717       -0.1475506279
 142.  27.        0.1966673057       -0.3278109873
 142.  28.       -0.0350314879        0.0992247046
 142.  29.       -0.0103857304        0.1210496729
 142.  30.        0.0443614784        0.0870144518
 142.  31.        0.1392877657       -0.0049557905
 142.  32.        0.2909138914       -0.0014938869
 142.  33.       -0.0424813851       -0.3526923229
 142.  34.        0.1833228917       -0.2029235730
 142.  35.       -0.0346490649        0.2000058746
 142.  36.       -0.2284170428        0.0547010918
 142.  37.       -0.0587586884       -0.3519682958
 142.  38.        0.0569094594       -0.1018021205
 142.  39.        0.0456987959       -0.2551115871
 142.  40.       -0.0294811772       -0.0927258198
 142.  41.        0.0704194701        0.0366452202
 142.  42.       -0.0161250430       -0.1214924656
 142.  43.       -0.0162030420       -0.0866833061
 142.  44.        0.0354572714       -0.0435646776
 142.  45.        0.0420785609       -0.0452869579
 142.  46.        0.1398181459       -0.1607000817
 142.  47.        0.0788859004       -0.3631541046
 142.  48.       -0.3871692067        0.0548692758
 142.  49.       -0.0957719419       -0.0049850570
 142.  50.        0.1850519452       -0.2714743532
 142.  51.       -0.1346907675        0.0074884866
 142.  52.       -0.1676124834       -0.2190137462
 142.  53.        0.2406535578        0.0591209250
 142.  54.       -0.3861911734       -0.2555868732
 142.  55.        0.1207019447        0.0869262506
 142.  56.        0.1928332096       -0.1989151302
 142.  57.       -0.2821092229       -0.1891746011
 142.  58.       -0.1410920402        0.1096260511
 142.  59.        0.0065919612        0.1912276982
 142.  60.        0.1396956108       -0.2115350293
 142.  61.       -0.4325795923        0.1741637354
 142.  62.       -0.3240205277       -0.2237292334
 142.  63.        0.2131214118        0.1156850781
 142.  64.       -0.1307964231       -0.0396367907
 142.  65.       -0.2016928315        0.2390315576
 142.  66.        0.1252180487       -0.1637209685
 142.  67.       -0.0058924353       -0.1313171763
 142.  68.        0.0020301970        0.1713085844
 142.  69.        0.1838180277        0.0304349463
 142.  70.        0.0672694870       -0.0679277440
 142.  71.        0.1899800449       -0.0373600209
 142.  72.       -0.4333823386        0.1832087230
 142.  73.       -0.1852564605       -0.0434948318
 142.  74.       -0.1924289015       -0.2134597560
 142.  75.        0.3740810128       -0.4067383195
 142.  76.        0.1814256972       -0.1377831068
 142.  77.        0.1028648034        0.1584956958
 142.  78.       -0.0448446148       -0.1289325200
 142.  79.        0.1648831110       -0.1745453222
 142.  80.        0.0804066225        0.0220335726
 142.  81.       -0.2761009260        0.0635051644
 142.  82.        0.2970578779        0.0011378135
 142.  83.       -0.1968273910       -0.2243945996
 142.  84.       -0.0841366933       -0.1243309919
 142.  85.       -0.0268193973       -0.0509722765
 142.  86.        0.0421224929       -0.0294607099
 142.  87.       -0.2518374352       -0.2259248525
 142.  88.       -0.0086528209       -0.0045618859
 142.  89.       -0.0930400374        0.0412761118
 142.  90.        0.0721911264        0.1306974903
 142.  91.        0.2699049358        0.0846960161
 142.  92.       -0.0922331968        0.0055614436
 142.  93.       -0.0631003139       -0.1121802459
 142.  94.       -0.3272883343       -0.0958396990
 142.  95.       -0.3612796946        0.0294462718
 142.  96.       -0.5389038121       -0.0318742560
 142.  97.       -0.1784086973       -0.1069903341
 142.  98.       -0.2180146250        0.1264294363
 142.  99.        0.3639171262        0.0026116462
 142. 100.        0.0390302279       -0.1890013379
 142. 101.        0.3259769227       -0.3365726858
 142. 102.        0.2302069565       -0.0310649583
 142. 103.        0.1724141599        0.2420636461
 142. 104.        0.0121299341        0.1875549326
 142. 105.        0.0957323669       -0.1714666047
 142. 106.        0.2320303573       -0.1228168030
 142. 107.        0.0506698176        0.1264125749
 142. 108.       -0.2064542967        0.0948324937
 142. 109.       -0.6490259104       -0.1123006665
 142. 110.       -0.0417586066       -0.0632784475
 142. 111.        0.1494467958        0.1179678198
 142. 112.        0.2235393537        0.5285422486
 142. 113.       -0.1297819519       -0.3111435482
 142. 114.        0.0600231438       -0.1644780880
 142. 115.       -0.0649053613       -0.0834978359
 142. 116.        0.1038686313       -0.0717845079
 142. 117.        0.1612394814       -0.1119013893
 142. 118.       -0.5559209380        0.7379775367
 142. 119.        0.0774469984       -0.3138673887
 142. 120.        0.0766341999       -0.3680060144
 142. 121.       -0.0415648038        0.4888688215
 142. 122.       -0.4586863044       -0.0452944615
 142. 123.        0.1629804866        0.1562297777
 142. 124.        0.2221907980        0.4572633555
 142. 125.       -0.0633156949       -0.2830488808
 142. 126.        0.3106024044       -0.3720431686
 142. 127.       -0.1099764818       -0.4060940421
 142. 128.       -0.0377722321        0.2195372203
 142. 129.        0.2601345130        0.1169823170
 142. 130.       -0.1109765574       -0.1344497321
 142. 131.        0.0334272542       -0.3726622152
 142. 132.       -0.1812854069       -0.0736778622
 142. 133.        0.1708991203       -0.0883010388
 142. 134.        0.2066099420        0.3086313799
 142. 135.       -0.0912196099        0.0460938768
 142. 136.        0.4786172117       -0.0537708187
 142. 137.        0.2447996722       -0.0217803689
 142. 138.        0.3001024323        0.3221832728
 142. 139.        0.0445025009       -0.1528748561
 142. 140.        0.2260844917        0.0425486201
 142. 141.       -0.0849342937        0.5510823338
 142. 142.        0.1922002468       -0.1372658141
 143.   0.        0.3391429962        0.0000000000
 143.   1.       -0.0691226536        0.2316034463
 143.   2.       -0.0699812081       -0.3725050851
 143.   3.        0.3652975507        0.0605938672
 143.   4.       -0.0299465943       -0.1142413795
 143.   5.       -0.0271153289       -0.0596424561
 143.   6.       -0.0158711253        0.0062285872
 143.   7.        0.2400774408       -0.1009270084
 143.   8.        0.3451039517       -0.1212975162
 143.   9.       -0.2415739910        0.1019353819
 143.  10.        0.1626481935       -0.0853903852
 143.  11.       -0.0179055539        0.3004261544
 143.  12.       -0.0792284708       -0.1955916916
 143.  13.       -0.0109049519       -0.2506571843
 143.  14.        0.0157669983        0.0136288717
 143.  15.        0.2441837638        0.0214354813
 143.  16.        0.0518760032        0.0879845846
 143.  17.        0.2273247423       -0.0562000148
 143.  18.        0.2276637645       -0.1863680591
 143.  19.       -0.0350508457        0.0884715145
 143.  20.       -0.0647301758       -0.2476120935
 143.  21.       -0.0340792659       -0.1331369356
 143.  22.        0.0431249482        0.1903419512
 143.  23.       -0.0283625316       -0.0540882732
 143.  24.       -0.1061092665       -0.1347355251
 143.  25.       -0.1486739923        0.0686728131
 143.  26.       -0.0850242861        0.1431998804
 143.  27.        0.0637461953       -0.0595382122
 143.  28.       -0.2370842698       -0.1079929342
 143.  29.       -0.0651419450        0.0532373007
 143.  30.       -0.1167203214        0.2688130443
 143.  31.       -0.0447014070       -0.1962051233
 143.  32.       -0.0028353179        0.0085608483
 143.  33.       -0.2743297712       -0.1138207888
 143.  34.       -0.0907652669       -0.0355072530
 143.  35.        0.0434549819        0.0251989080
 143.  36.       -0.3617473008        0.0374680774
 143.  37.       -0.1601444930        0.0629869420
 143.  38.        0.2189976036        0.2651261747
 143.  39.        0.2724174612       -0.0542337175
 143.  40.       -0.0127392479        0.1532378338
 143.  41.       -0.1704080107       -0.1718488757
 143.  42.        0.2158011784        0.2263435157
 143.  43.        0.0166525657       -0.0552275738
 143.  44.        0.0017931491        0.0690325619
 143.  45.        0.2358138843        0.2119830945
 143.  46.        0.0634142474       -0.0250942040
 143.  47.        0.0881464407        0.2006678016
 143.  48.        0.0757027013       -0.0251468033
 143.  49.        0.0383557017       -0.1135410422
 143.  50.        0.2278003263        0.0459994327
 143.  51.       -0.1977284489       -0.0892109023
 143.  52.        0.1059310825       -0.0281450853
 143.  53.        0.0047368585       -0.0623000764
 143.  54.       -0.0611799070       -0.0536761774
 143.  55.       -0.2244269416       -0.1545899604
 143.  56.       -0.1802948498       -0.1310870639
 143.  57.        0.1749476899        0.0720269644
 143.  58.       -0.2060686310        0.1104514468
 143.  59.       -0.2230995092       -0.0248207135
 143.  60.        0.0927260169       -0.2517694033
 143.  61.        0.1023298137        0.1187307056
 143.  62.        0.0167563896       -0.1075748093
 143.  63.       -0.0191295199       -0.3126539076
 143.  64.        0.0034669796        0.1232518115
 143.  65.        0.0060522085       -0.0900705139
 143.  66.        0.1529115111        0.1859922462
 143.  67.       -0.1171603782       -0.1182338829
 143.  68.        0.0884409572       -0.1070298375
 143.  69.       -0.2717227951       -0.1219748483
 143.  70.        0.1048905035        0.0369078499
 143.  71.        0.2437195401        0.1966145789
 143.  72.       -0.0852220894        0.1928018220
 143.  73.        0.0352527858        0.3303916147
 143.  74.        0.0328500240        0.2118153037
 143.  75.       -0.0837326969       -0.3466583674
 143.  76.        0.1498932420       -0.0996003511
 143.  77.        0.2373943236        0.2080394814
 143.  78.       -0.1592423606       -0.0454730884
 143.  79.       -0.1260029587        0.1957435081
 143.  80.        0.3505596779       -0.0875018191
 143.  81.       -0.0096654585       -0.2818274724
 143.  82.       -0.3166805673        0.1476468064
 143.  83.        0.0866566691        0.2737629506
 143.  84.        0.3289813192       -0.2357842827
 143.  85.        0.0947402630       -0.3392671309
 143.  86.        0.2752022638        0.1057910953
 143.  87.        0.0122397483       -0.0563160000
 143.  88.        0.0330732574        0.0383668360
 143.  89.        0.1579385612        0.3900671118
 143.  90.        0.2435331828        0.1413249466
 143.  91.       -0.3216244148       -0.0038964388
 143.  92.        0.1304671376       -0.0116537434
 143.  93.        0.1439481252       -0.1607167669
 143.  94.       -0.1680238387        0.0749299792
 143.  95.        0.0256850004        0.1915495083
 143.  96.        0.2436345228       -0.2001639708
 143.  97.       -0.0896042513       -0.0406242485
 143.  98.       -0.1957398461       -0.3563502614
 143.  99.       -0.1570447643        0.0080186889
 143. 100.        0.2660330114       -0.1061422835
 143. 101.        0.0242313129       -0.0310104829
 143. 102.       -0.0902883907       -0.1354041254
 143. 103.        0.1855556554       -0.2119406793
 143. 104.        0.1675209197       -0.0111671418
 143. 105.       -0.0767685193        0.1964861225
 143. 106.       -0.2206477936       -0.0996788239
 143. 107.        0.1778076609        0.1262612090
 143. 108.       -0.0528221105        0.2752009664
 143. 109.        0.1984754292       -0.2576699748
 143. 110.        0.0161014192        0.0816537483
 143. 111.       -0.2900798772        0.3851653447
 143. 112.       -0.3092997474       -0.0375030634
 143. 113.       -0.1802820378        0.2705783642
 143. 114.       -0.2931502567        0.1152240206
 143. 115.       -0.1106227380       -0.1602026083
 143. 116.        0.2550905013        0.3065349862
 143. 117.        0.1639674118        0.1943797413
 143. 118.        0.0320333441        0.1375551678
 143. 119.       -0.1082753938       -0.1124552499
 143. 120.       -0.0817043539       -0.0833179834
 143. 121.        0.4067415086       -0.0214747439
 143. 122.       -0.0973673032        0.1010207961
 143. 123.       -0.5031323098       -0.1733824572
 143. 124.        0.2987732541        0.2394558341
 143. 125.       -0.2295340276        0.0789008871
 143. 126.       -0.2330158023       -0.2081517613
 143. 127.       -0.1527303204        0.2630414719
 143. 128.        0.5879538384       -0.1530528899
 143. 129.       -0.2689859825       -0.1153079442
 143. 130.       -0.2753840639       -0.0981421200
 143. 131.        0.0259482329        0.1041151782
 143. 132.        0.2120689333       -0.0624235210
 143. 133.       -0.0456586396       -0.2646144528
 143. 134.       -0.0161359899       -0.1117361584
 143. 135.        0.2755008066        0.0505363219
 143. 136.       -0.0782316696        0.0955540227
 143. 137.        0.1614576719        0.4155684117
 143. 138.       -0.2503495660       -0.1255426981
 143. 139.        0.0376639735       -0.3003536641
 143. 140.       -0.1107059658       -0.1604215921
 143. 141.       -0.2526617572       -0.2607290744
 143. 142.       -0.2614068378        0.3447142909
 143. 143.        0.4292097744       -0.1605912070
 144.   0.        0.0212577178        0.0000000000
 144.   1.        0.1884536117        0.1875634117
 144.   2.        0.0897127846       -0.2664807509
 144.   3.        0.1147228792        0.0051285316
 144.   4.       -0.1857834660       -0.0661860268
 144.   5.       -0.1486625738        0.1717677344
 144.   6.        0.0589609667        0.1400064643
 144.   7.        0.0831086170        0.0348897527
 144.   8.        0.2739855935        0.0748664287
 144.   9.       -0.0399979911        0.1360856514
 144.  10.        0.0744354839       -0.1739961485
 144.  11.        0.1833908236       -0.0578564504
 144.  12.        0.0451366924       -0.1716753606
 144.  13.       -0.1780225720        0.0309176244
 144.  14.       -0.1107397898       -0.0697987269
 144.  15.        0.1230528115       -0.1220356322
 144.  16.       -0.1414913164        0.0781140185
 144.  17.       -0.1971007466        0.2630007822
 144.  18.        0.1083613129       -0.0944850982
 144.  19.       -0.2897849262        0.0452672981
 144.  20.        0.1950540879       -0.0552527544
 144.  21.       -0.0551090630       -0.2063143140
 144.  22.       -0.0188123545        0.1024496542
 144.  23.       -0.0707207315        0.1940040078
 144.  24.        0.2103104922       -0.1233193819
 144.  25.        0.1197014697        0.1640862807
 144.  26.       -0.1155235839        0.1071000399
 144.  27.       -0.1089825739        0.0093123858
 144.  28.        0.2567015917       -0.0517311623
 144.  29.       -0.1385269277       -0.0546843625
 144.  30.       -0.1901199526       -0.0783250943
 144.  31.       -0.0482835366       -0.0521939624
 144.  32.       -0.1044865104        0.2753836022
 144.  33.       -0.0123230715        0.3007437214
 144.  34.       -0.1710944619        0.1440757851
 144.  35.        0.1390845460       -0.4003374914
 144.  36.        0.2643281855        0.2954508183
 144.  37.       -0.1350059408        0.1869640333
 144.  38.       -0.1065545879       -0.0866292169
 144.  39.        0.0769546695       -0.0473880209
 144.  40.        0.2836722443        0.0486186324
 144.  41.       -0.3702399580       -0.1615289096
 144.  42.       -0.0120592529        0.1950519681
 144.  43.       -0.1117306273       -0.3391504491
 144.  44.       -0.0787117997        0.1627399704
 144.  45.       -0.1654131551        0.0218071181
 144.  46.        0.2530609435       -0.0473297364
 144.  47.        0.0196420684        0.3908891025
 144.  48.        0.1647065368        0.0313452464
 144.  49.        0.0389952745       -0.2757470304
 144.  50.       -0.1573591404        0.0483296598
 144.  51.        0.0380582455       -0.0337305034
 144.  52.        0.0449088955        0.1068109733
 144.  53.       -0.1590027778        0.1470180086
 144.  54.        0.1308248132       -0.1601710597
 144.  55.       -0.0788503885        0.0393164101
 144.  56.        0.0410452237       -0.1639947162
 144.  57.       -0.0566994994        0.4185964622
 144.  58.       -0.0007597772        0.1966847731
 144.  59.       -0.0852910932       -0.1142636244
 144.  60.        0.0007124730       -0.0136028187
 144.  61.        0.1638179035        0.0862888683
 144.  62.        0.2392119377       -0.1681206078
 144.  63.        0.2416657531        0.2692014259
 144.  64.       -0.2294612159       -0.0715663243
 144.  65.        0.2514201044       -0.2124810396
 144.  66.        0.0197175214        0.2723081829
 144.  67.       -0.0047786892        0.0513252138
 144.  68.       -0.2495672986       -0.3808512856
 144.  69.       -0.1165392794       -0.0315955703
 144.  70.       -0.3910851183       -0.0092010700
 144.  71.        0.1087464792       -0.1573716823
 144.  72.        0.1554161726        0.2338941155
 144.  73.       -0.0802223183        0.0472387248
 144.  74.       -0.0005776111        0.1265037559
 144.  75.       -0.2154107853       -0.0262207130
 144.  76.        0.2480341355       -0.0175004371
 144.  77.       -0.1207750695       -0.0116452745
 144.  78.       -0.0606379945        0.1106633255
 144.  79.       -0.2082939993        0.2252617205
 144.  80.        0.0382661309       -0.2457518652
 144.  81.        0.1462102125        0.5116360745
 144.  82.       -0.2348383413       -0.0025799372
 144.  83.        0.2978685012       -0.0586746736
 144.  84.       -0.0773051482        0.0842470021
 144.  85.       -0.1263631457        0.2030631013
 144.  86.        0.0183986243        0.1282198784
 144.  87.        0.2781920644       -0.2645538236
 144.  88.        0.1753622484       -0.0749880239
 144.  89.        0.0540800190        0.1998486571
 144.  90.       -0.0299377893        0.1522404435
 144.  91.       -0.2544551148        0.1054511259
 144.  92.        0.0512002822        0.3841676208
 144.  93.        0.0016476310       -0.0723679511
 144.  94.        0.2438573107        0.1428570805
 144.  95.        0.0525469873        0.0362088285
 144.  96.       -0.1679552240        0.1328227912
 144.  97.       -0.1717158003       -0.1652402004
 144.  98.       -0.2052773361       -0.0323950744
 144.  99.        0.0692450653       -0.0158477613
 144. 100.        0.1878133388       -0.0401745922
 144. 101.       -0.1184616762        0.0106787774
 144. 102.        0.1427121656        0.0161654093
 144. 103.        0.1225029856       -0.1584649013
 144. 104.       -0.0748897673        0.0407056530
 144. 105.       -0.3842615202        0.0980453352
 144. 106.       -0.2125617602       -0.1337639383
 144. 107.        0.2709749516       -0.2644979097
 144. 108.        0.2453865605        0.1311589302
 144. 109.       -0.1500064901       -0.0110234086
 144. 110.       -0.2738038507       -0.0219496629
 144. 111.        0.1266758533       -0.3093645852
 144. 112.       -0.1617608849        0.0463568166
 144. 113.       -0.0189930247       -0.1341330870
 144. 114.       -0.2069747040        0.2946947156
 144. 115.        0.1421215986        0.0738402736
 144. 116.       -0.3255802540       -0.0217301775
 144. 117.        0.1677623732       -0.0494747403
 144. 118.       -0.0281900773        0.0336416338
 144. 119.       -0.1231331283        0.1654889126
 144. 120.       -0.1546712348        0.3624223184
 144. 121.       -0.2572015049       -0.2628148162
 144. 122.        0.2493409740       -0.3072564309
 144. 123.       -0.0090257214        0.0075808876
 144. 124.        0.5933529637        0.1553629596
 144. 125.        0.1137180283       -0.0587619738
 144. 126.        0.0120034715       -0.0492783552
 144. 127.       -0.4569748492       -0.1440818153
 144. 128.       -0.2060204552       -0.0955133977
 144. 129.        0.2180617685        0.5108593516
 144. 130.        0.0543160504        0.2544958867
 144. 131.        0.0067451577        0.0403651857
 144. 132.       -0.3619952053        0.0401133698
 144. 133.       -0.0442734109        0.1941175617
 144. 134.       -0.0933397720        0.3264412742
 144. 135.        0.2900986016        0.0386314638
 144. 136.       -0.1207544832        0.4343152606
 144. 137.        0.1291150079       -0.1778093900
 144. 138.       -0.2313412444        0.1759692481
 144. 139.       -0.1194216062        0.2953282694
 144. 140.       -0.0851753603       -0.2208382883
 144. 141.       -0.3544085107        0.0156225950
 144. 142.       -0.1095329909       -0.1040511287
 144. 143.       -0.2278665371        0.0196763668
 144. 144.       -0.4011904664       -0.0294764826
 145.   0.       -0.1335714222        0.0000000000
 145.   1.        0.1623950040       -0.1061700492
 145.   2.        0.4104347506        0.2856492941
 145.   3.       -0.2711567355       -0.0492259140
 145.   4.        0.1189535948        0.1467415022
 145.   5.       -0.1816817962       -0.0160704209
 145.   6.        0.1516767591        0.0443157219
 145.   7.        0.0948513193       -0.0191019757
 145.   8.       -0.3135623884       -0.0591797806
 145.   9.        0.0621356485        0.0025928894
 145.  10.       -0.1160196452        0.1794717520
 145.  11.        0.0024285849       -0.3453707820
 145.  12.        0.1392268931        0.1063704114
 145.  13.        0.1053062999        0.3786105732
 145.  14.       -0.0370737809       -0.2028093393
 145.  15.       -0.1490813456       -0.0466705832
 145.  16.       -0.0937755452       -0.1407256008
 145.  17.       -0.0470752939       -0.1107465162
 145.  18.       -0.0491768321        0.2167652680
 145.  19.        0.0255425045       -0.0825045385
 145.  20.        0.0459457090        0.0184025413
 145.  21.        0.0312631346       -0.0581457395
 145.  22.       -0.0219385187        0.1219135655
 145.  23.        0.0902414969        0.0581700120
 145.  24.        0.2402990308       -0.0143306530
 145.  25.        0.2508739786       -0.1483281856
 145.  26.       -0.0529413538       -0.0652176607
 145.  27.       -0.0625544134       -0.0410186783
 145.  28.        0.1976633704        0.1911026387
 145.  29.       -0.0604901087       -0.3153969296
 145.  30.        0.2869358910       -0.1650556089
 145.  31.        0.0832646416        0.1388461338
 145.  32.       -0.2345352493        0.2602728203
 145.  33.        0.2982478905        0.0957807717
 145.  34.        0.2161060962       -0.0421908709
 145.  35.        0.0950637588       -0.1520990374
 145.  36.       -0.0103192055       -0.1304344446
 145.  37.        0.3690487290       -0.1956554014
 145.  38.        0.0014659911       -0.3447284914
 145.  39.       -0.2068323194        0.0147489795
 145.  40.       -0.0822591908       -0.0965919351
 145.  41.       -0.1624248947        0.1634282150
 145.  42.       -0.3110101939       -0.1118567292
 145.  43.        0.0668349475       -0.1148711702
 145.  44.        0.1311687064       -0.0033343476
 145.  45.        0.0211357252        0.0855691886
 145.  46.       -0.0334042018       -0.0548282600
 145.  47.        0.0779461541       -0.0523317223
 145.  48.       -0.2599600701       -0.0277114711
 145.  49.        0.0970719516       -0.1019239634
 145.  50.       -0.1027444208       -0.0772713802
 145.  51.        0.1896052348        0.2335217163
 145.  52.       -0.1984772580        0.0083443767
 145.  53.        0.0751550792       -0.1106080576
 145.  54.        0.0378076481        0.1321112512
 145.  55.       -0.1339420643        0.0406092489
 145.  56.        0.0501046952        0.0435312528
 145.  57.       -0.1651398872        0.0026486338
 145.  58.       -0.0450839361        0.1226480075
 145.  59.       -0.0249525633        0.1726064537
 145.  60.       -0.3561503628        0.2655074769
 145.  61.       -0.0867703364        0.1957546710
 145.  62.        0.1202985748        0.0233170576
 145.  63.        0.0090953713        0.4257595175
 145.  64.        0.0020987351        0.1516239917
 145.  65.       -0.0285092350       -0.2720494325
 145.  66.        0.0645628470       -0.2060211494
 145.  67.        0.0490971253        0.0786977264
 145.  68.       -0.4268994439        0.0325428190
 145.  69.        0.0317076775        0.1962644248
 145.  70.        0.2787016079       -0.0894943944
 145.  71.       -0.0326163006        0.0851955475
 145.  72.       -0.0081660985       -0.1574636418
 145.  73.       -0.0402618258       -0.1649673107
 145.  74.        0.0699317089       -0.3439230345
 145.  75.       -0.4307456704       -0.0143727189
 145.  76.       -0.0151266955       -0.2453339590
 145.  77.       -0.0174022848       -0.0171081589
 145.  78.       -0.0602626824        0.1348921188
 145.  79.       -0.3317462510       -0.1411160455
 145.  80.       -0.2826272668        0.0191511163
 145.  81.        0.2031024929        0.1214048953
 145.  82.        0.3354279891       -0.0379844476
 145.  83.       -0.0978059857       -0.0778519350
 145.  84.       -0.3525413037        0.1542681783
 145.  85.       -0.0088148206       -0.0129065512
 145.  86.       -0.1936610132        0.4354114855
 145.  87.        0.2027849603       -0.0379679482
 145.  88.       -0.0156148951        0.2886301701
 145.  89.       -0.0969064352       -0.0526670384
 145.  90.       -0.3307529994       -0.2109096837
 145.  91.        0.1439712882        0.4774078625
 145.  92.       -0.0783394332        0.1041869318
 145.  93.        0.1981763393        0.2598978966
 145.  94.        0.2634475622       -0.0435417308
 145.  95.        0.2222340604       -0.0912765774
 145.  96.       -0.4835927802        0.0340226989
 145.  97.       -0.0033904223       -0.0442779795
 145.  98.        0.4802211131       -0.0913587327
 145.  99.       -0.1005882176       -0.0002795794
 145. 100.       -0.1493201084        0.1735091999
 145. 101.        0.0862184459        0.0777148767
 145. 102.       -0.0414828327       -0.0230901129
 145. 103.        0.1548787471        0.1268628026
 145. 104.       -0.0308052375       -0.1262256410
 145. 105.        0.0457447803        0.2232568230
 145. 106.       -0.0093364938        0.3084390252
 145. 107.       -0.4567938895       -0.3614085990
 145. 108.        0.0493258281        0.0476095268
 145. 109.       -0.2294909445       -0.3301557396
 145. 110.       -0.0033782785        0.0873833681
 145. 111.        0.1379699452        0.0231120023
 145. 112.       -0.1763096571       -0.1499228297
 145. 113.       -0.3683342470       -0.2014122820
 145. 114.        0.0432469503        0.0937474476
 145. 115.       -0.3516466424       -0.1901283888
 145. 116.       -0.1532989374        0.1243251738
 145. 117.        0.0931243591       -0.1135769930
 145. 118.       -0.3804542449       -0.1958042774
 145. 119.       -0.1248676020       -0.2744973425
 145. 120.       -0.2174582185        0.1228531808
 145. 121.       -0.2505840588       -0.3140069539
 145. 122.        0.0860766845       -0.1131186498
 145. 123.        0.6157892178       -0.0006918960
 145. 124.       -0.2029746837        0.0764561452
 145. 125.        0.0283434265       -0.0459533762
 145. 126.        0.0767691449       -0.0018346971
 145. 127.       -0.2014331394        0.2622170254
 145. 128.       -0.0317302429       -0.0843001382
 145. 129.       -0.0288146279       -0.2006005845
 145. 130.       -0.0917333648        0.0937184567
 145. 131.        0.2606439580        0.0046278450
 145. 132.       -0.1972092147        0.2926577359
 145. 133.       -0.1341985472        0.1289441432
 145. 134.        0.1723348659       -0.4269003272
 145. 135.       -0.1452297985        0.0138409913
 145. 136.       -0.1533192351        0.0163775056
 145. 137.        0.2499371626       -0.0333960530
 145. 138.       -0.3534210441       -0.1173784744
 145. 139.       -0.3756732394        0.0458824280
 145. 140.        0.0025267701        0.0999819104
 145. 141.        0.3761947763        0.0327060513
 145. 142.        0.1655720576        0.1677443181
 145. 143.       -0.1479661629       -0.0101133866
 145. 144.       -0.2395907374       -0.1155749005
 145. 145.       -0.1790776696        0.0529746010
 146.   0.        0.1009556401        0.0000000000
 146.   1.       -0.1180803136        0.0046479039
 146.   2.       -0.1987421076        0.2942400449
 146.   3.        0.0336068514        0.0254416839
 146.   4.        0.2009851714       -0.1101446869
 146.   5.       -0.1136093313       -0.1035008226
 146.   6.       -0.1611539382       -0.1190447436
 146.   7.       -0.0031872603        0.0077226740
 146.   8.       -0.0078947932       -0.1552117073
 146.   9.       -0.0955470683       -0.0682552124
 146.  10.       -0.1048407324       -0.0459044314
 146.  11.        0.1134209707        0.2606110858
 146.  12.        0.0724387347        0.3281884257
 146.  13.        0.0916614406       -0.2014291142
 146.  14.       -0.0234546116        0.1886278446
 146.  15.       -0.1932476464        0.2053380048
 146.  16.        0.0483040346       -0.1169725669
 146.  17.        0.0311906198       -0.1107402718
 146.  18.       -0.1220980256        0.0093497257
 146.  19.        0.3212114593       -0.0393815183
 146.  20.       -0.2236275790       -0.0463008499
 146.  21.        0.2580572134        0.1264888850
 146.  22.        0.0521650194       -0.0719111659
 146.  23.       -0.1079237813       -0.1372297788
 146.  24.       -0.1864517499       -0.1022442548
 146.  25.        0.0312790482        0.0589014295
 146.  26.       -0.0790857260       -0.0731077095
 146.  27.       -0.0893435285        0.0035206717
 146.  28.       -0.1492330852        0.1893922435
 146.  29.        0.1107528266        0.2014075509
 146.  30.        0.1581696749       -0.1912505270
 146.  31.        0.0018011893       -0.0590067606
 146.  32.        0.0825696752       -0.1519075696
 146.  33.       -0.1110421869       -0.1647962676
 146.  34.       -0.0887930001       -0.2585139506
 146.  35.        0.0199785532        0.1650342368
 146.  36.       -0.0051164534       -0.1004690577
 146.  37.        0.0719397617        0.1171865012
 146.  38.        0.2245309608        0.2056816207
 146.  39.       -0.0916559876        0.0930910302
 146.  40.        0.0947439945       -0.0568230098
 146.  41.        0.0693981348       -0.0357064636
 146.  42.        0.1292251427       -0.2080275554
 146.  43.        0.0795087618        0.2295467934
 146.  44.       -0.0444989412       -0.1378422876
 146.  45.        0.0342213079       -0.0650839719
 146.  46.       -0.0779368397        0.2586341228
 146.  47.        0.1008873329       -0.2110510527
 146.  48.       -0.0436654733        0.1772849809
 146.  49.       -0.2012133768        0.1111298295
 146.  50.        0.1481466578       -0.0520924039
 146.  51.        0.0649675780        0.0116658323
 146.  52.        0.0264580406        0.0300186064
 146.  53.       -0.0600228494       -0.1037733024
 146.  54.       -0.0909117824        0.2529584177
 146.  55.       -0.1472954573        0.3089773188
 146.  56.        0.0477450426        0.2640946430
 146.  57.       -0.0149405144       -0.2664788254
 146.  58.        0.0775195552        0.1380246305
 146.  59.       -0.0025946530        0.2946753601
 146.  60.       -0.3436533612        0.0891282428
 146.  61.       -0.1507427408        0.1572312161
 146.  62.        0.0170123817       -0.0604055646
 146.  63.       -0.1684424810       -0.1241370075
 146.  64.        0.1860157415       -0.0241798009
 146.  65.       -0.0145860908        0.1421324726
 146.  66.        0.2175779764       -0.1922746964
 146.  67.        0.3306356110        0.1814797448
 146.  68.        0.1921005340        0.0447294359
 146.  69.       -0.2294213040       -0.1785856745
 146.  70.       -0.1485885648       -0.3579725240
 146.  71.        0.2461815204       -0.1413577743
 146.  72.        0.2751198361       -0.1504995409
 146.  73.        0.1869672180       -0.1281709515
 146.  74.       -0.4684175559        0.2843583510
 146.  75.        0.0513047765       -0.1360996457
 146.  76.        0.0365829103       -0.3150145471
 146.  77.        0.0785543598        0.1978990379
 146.  78.        0.1344986558       -0.0793940753
 146.  79.        0.0403679694       -0.3229420444
 146.  80.        0.0498540254        0.0362925590
 146.  81.        0.0156169696        0.0984771767
 146.  82.        0.3382493578       -0.0251523408
 146.  83.        0.1603830986       -0.3932387283
 146.  84.        0.0018918798       -0.0935539747
 146.  85.        0.0235856013        0.1286110054
 146.  86.        0.0153153281       -0.0565865599
 146.  87.        0.4709070430        0.0377461306
 146.  88.        0.3317708241        0.0809546443
 146.  89.        0.1222839715       -0.1596356753
 146.  90.        0.0595677503       -0.3877164761
 146.  91.       -0.0090437206       -0.0000304684
 146.  92.       -0.0613531679       -0.1997078334
 146.  93.        0.1145540580        0.0400387477
 146.  94.       -0.1803099195        0.1447951256
 146.  95.       -0.4618484163        0.0596018130
 146.  96.        0.0770803069        0.0679498591
 146.  97.        0.1464564737       -0.3371644645
 146.  98.       -0.0770998415        0.2222396729
 146.  99.        0.0994355653        0.1309020886
 146. 100.       -0.0901360994        0.0969633669
 146. 101.        0.1097809950       -0.0787214283
 146. 102.       -0.2123540297        0.1674546029
 146. 103.       -0.0204401100        0.1656217731
 146. 104.        0.0290794989        0.2383191717
 146. 105.       -0.2409627363       -0.2229673259
 146. 106.        0.4564239334        0.4218243142
 146. 107.       -0.1218888854        0.1095711823
 146. 108.        0.4224328004       -0.0508764255
 146. 109.        0.1928958607        0.0362184931
 146. 110.        0.1507388661        0.3488933045
 146. 111.       -0.3399712974        0.3971072238
 146. 112.       -0.1647029117       -0.0927726905
 146. 113.        0.2164343537       -0.0349433063
 146. 114.        0.0993121691       -0.1836445315
 146. 115.        0.0483137346       -0.1836583164
 146. 116.       -0.2496186863       -0.3914573840
 146. 117.       -0.2776084519       -0.0973613899
 146. 118.        0.1852027789        0.0610810360
 146. 119.       -0.0940002093        0.1835218213
 146. 120.       -0.5045464016       -0.2184969066
 146. 121.       -0.0366759423        0.2815195222
 146. 122.       -0.3259668162        0.0257149397
 146. 123.        0.3566486080       -0.0570763915
 146. 124.        0.0722252809        0.2938938989
 146. 125.        0.0128924877        0.1874117198
 146. 126.       -0.0087065934        0.1061265333
 146. 127.        0.0625518285       -0.0031328948
 146. 128.       -0.0134836811       -0.3121162613
 146. 129.       -0.2522681112       -0.2207591816
 146. 130.       -0.1989254006       -0.1882018543
 146. 131.       -0.1214980017        0.2004293482
 146. 132.       -0.0075606348       -0.1282866603
 146. 133.        0.0446672687        0.3599490733
 146. 134.       -0.1913834170        0.0805853080
 146. 135.        0.4225043502        0.2254674297
 146. 136.       -0.1629048967       -0.0931011481
 146. 137.       -0.3575404129        0.0640340609
 146. 138.        0.1176265303        0.0260662398
 146. 139.       -0.3417367204        0.4108727334
 146. 140.        0.0339099474       -0.1102038679
 146. 141.       -0.0676836665       -0.3003958600
 146. 142.        0.3773880921       -0.2401160547
 146. 143.       -0.1154078735        0.3569894657
 146. 144.       -0.0233057883       -0.0612300180
 146. 145.        0.1554361508       -0.1609291683
 146. 146.       -0.2016936025        0.0557668845
 147.   0.        0.1049137081        0.0000000000
 147.   1.       -0.1382693378        0.0277553181
 147.   2.       -0.1095539311       -0.1287854388
 147.   3.        0.0005447340        0.0879722441
 147.   4.       -0.0969130969       -0.3090441038
 147.   5.        0.3872881182        0.0359310916
 147.   6.       -0.2368951366       -0.0623785362
 147.   7.       -0.3286936144        0.0107111745
 147.   8.        0.2212848467        0.1880444193
 147.   9.        0.1306660615        0.2125228235
 147.  10.        0.0388508989       -0.2142043558
 147.  11.        0.1442211202        0.0557501324
 147.  12.        0.0193130967        0.0462499959
 147.  13.       -0.0569760449       -0.2893796666
 147.  14.        0.1153620844        0.1868561589
 147.  15.       -0.0066760501       -0.1406865691
 147.  16.        0.0929365714        0.2466581175
 147.  17.       -0.0268538159        0.0457714435
 147.  18.       -0.0735794309       -0.1058925785
 147.  19.        0.1673199156        0.1525570999
 147.  20.        0.0313483347        0.0942996515
 147.  21.        0.0098496151        0.1225384646
 147.  22.        0.0811106962       -0.2312152301
 147.  23.        0.0469573002        0.1320874878
 147.  24.       -0.2016626604        0.0949956309
 147.  25.       -0.0749380347        0.0210729225
 147.  26.        0.0242481289        0.1030722445
 147.  27.        0.0438211575        0.2038455914
 147.  28.       -0.0923475850       -0.1750031448
 147.  29.        0.2006661987        0.2469570792
 147.  30.       -0.1409727872        0.1880209393
 147.  31.        0.0313419612        0.0208875998
 147.  32.        0.2632490801       -0.2961538892
 147.  33.       -0.2592004379       -0.0584076143
 147.  34.       -0.1330761352        0.1691299364
 147.  35.       -0.1066493312        0.0346541847
 147.  36.       -0.0063242521       -0.0832597909
 147.  37.       -0.1525628120       -0.1386630880
 147.  38.       -0.2007476018        0.2091514964
 147.  39.       -0.0019082585        0.1522107471
 147.  40.        0.2296860796       -0.1704853151
 147.  41.        0.1693703896        0.1794529969
 147.  42.       -0.2339292132       -0.0908612400
 147.  43.        0.0350998884        0.2604814350
 147.  44.        0.0262634357        0.0470620027
 147.  45.       -0.0039894482       -0.1078004301
 147.  46.       -0.1876225265        0.0935349872
 147.  47.       -0.1228479228       -0.2166120745
 147.  48.       -0.1784282298        0.0590317370
 147.  49.       -0.0776186732       -0.0153838187
 147.  50.        0.2199473941        0.1945895504
 147.  51.       -0.0079643463        0.0948012429
 147.  52.        0.2029306859        0.0709813268
 147.  53.       -0.1255610312        0.3088620786
 147.  54.       -0.3945309394       -0.1449071154
 147.  55.        0.2108354643       -0.2019505673
 147.  56.       -0.1677619410       -0.0564729704
 147.  57.        0.0174022192       -0.0586953148
 147.  58.        0.1792516688        0.0736016167
 147.  59.        0.0942051921       -0.1321712807
 147.  60.       -0.0023385536       -0.0122687847
 147.  61.       -0.0943846411        0.0458881271
 147.  62.        0.0126004241       -0.0262697124
 147.  63.        0.0918582120       -0.0741394616
 147.  64.       -0.0687215806        0.0023657267
 147.  65.       -0.0488561964       -0.1429138897
 147.  66.        0.0900687809        0.0504449884
 147.  67.        0.0063453116        0.1791260291
 147.  68.        0.5134357941        0.2737988427
 147.  69.        0.3385117415        0.1948615589
 147.  70.       -0.4752359792       -0.0364629024
 147.  71.       -0.0234161923        0.1429653171
 147.  72.       -0.0467433511       -0.1091867778
 147.  73.       -0.0701544535        0.3781489151
 147.  74.        0.0906773708        0.0871571271
 147.  75.       -0.0118823787       -0.0049740704
 147.  76.        0.1727682936       -0.1373860259
 147.  77.       -0.1193595110        0.2336437405
 147.  78.        0.1421132998       -0.3646436604
 147.  79.        0.0182000998        0.2382530844
 147.  80.       -0.3434511283        0.1276044218
 147.  81.       -0.0698145068       -0.1345042365
 147.  82.       -0.0740761399        0.0053001029
 147.  83.        0.1470620345       -0.1134803627
 147.  84.        0.2468700830        0.1934982878
 147.  85.       -0.3828949851        0.3228183345
 147.  86.        0.1805156391       -0.0273450853
 147.  87.        0.3358918662       -0.0238327723
 147.  88.        0.0629090815        0.0365856337
 147.  89.        0.1001294554       -0.1330745962
 147.  90.        0.0054576783        0.1148151567
 147.  91.       -0.0536244353       -0.0266518049
 147.  92.       -0.2458395234        0.1118461599
 147.  93.       -0.1640518449        0.0192331383
 147.  94.        0.1448709296       -0.1262401787
 147.  95.       -0.3506482294        0.2704573784
 147.  96.       -0.0527766186       -0.0858050678
 147.  97.        0.0110964869        0.2093147856
 147.  98.        0.0153050903       -0.4290933325
 147.  99.       -0.1487134255        0.2800989723
 147. 100.        0.1147384629        0.0875661167
 147. 101.        0.0155953039       -0.0458867112
 147. 102.        0.0508594133       -0.0384613631
 147. 103.        0.1778420762       -0.2380346519
 147. 104.       -0.2049999363       -0.1837871156
 147. 105.       -0.0544253007       -0.1186319049
 147. 106.       -0.0294018886       -0.0062181081
 147. 107.       -0.1063177523        0.0350483218
 147. 108.        0.0240866626       -0.1403176101
 147. 109.        0.1411088251        0.0742336944
 147. 110.       -0.0517924350       -0.1557709433
 147. 111.        0.0175627150        0.2507533308
 147. 112.       -0.1001616903       -0.1075131518
 147. 113.        0.0555906157       -0.0651044942
 147. 114.        0.0923365406       -0.0472898782
 147. 115.       -0.2994647255       -0.2142221575
 147. 116.        0.0114799497        0.1624324086
 147. 117.       -0.1055917211       -0.4813703979
 147. 118.        0.0599345304       -0.0958947087
 147. 119.       -0.0478764372       -0.0376152554
 147. 120.        0.2482784009        0.3336680394
 147. 121.       -0.3692651744       -0.3849217791
 147. 122.       -0.2376336408       -0.1400327661
 147. 123.       -0.0333118901       -0.1936981828
 147. 124.        0.0142435205        0.2124954804
 147. 125.       -0.3113329395        0.1248431676
 147. 126.        0.2098799679        0.0912875292
 147. 127.       -0.1502662169        0.3495530065
 147. 128.        0.2362068675        0.0752138032
 147. 129.        0.4027872490       -0.2728808762
 147. 130.       -0.2117595429        0.3524449107
 147. 131.       -0.2495575523       -0.3086490102
 147. 132.       -0.1849303747        0.3230203351
 147. 133.        0.3563901264        0.1049175424
 147. 134.       -0.0523451680        0.4509699852
 147. 135.        0.0354987553       -0.0910321328
 147. 136.        0.0114216440        0.2939711425
 147. 137.       -0.1496884511       -0.1761024914
 147. 138.        0.3036579552        0.0710697848
 147. 139.       -0.1323589881       -0.0989934731
 147. 140.        0.1746655000        0.2010426255
 147. 141.        0.0692565316       -0.2486126749
 147. 142.        0.1783650687        0.1181162860
 147. 143.       -0.0017433237       -0.0292529340
 147. 144.        0.1603882721        0.1676887679
 147. 145.       -0.0983923115        0.2040588700
 147. 146.       -0.1188967651       -0.2164887798
 147. 147.        0.3901475931       -0.0251804721
 148.   0.       -0.0294992132        0.0000000000
 148.   1.       -0.0619151787       -0.1439146650
 148.   2.        0.2633287842        0.1259340676
 148.   3.       -0.0593667202       -0.1077215297
 148.   4.       -0.0820293588        0.1571488557
 148.   5.        0.0953881737        0.1140236292
 148.   6.        0.0118520505       -0.0296049388
 148.   7.        0.0774369109       -0.0684399280
 148.   8.       -0.1320498639       -0.1278572895
 148.   9.        0.0813026553       -0.0699602400
 148.  10.        0.0628850044        0.1109840092
 148.  11.       -0.1275348790       -0.0866927631
 148.  12.       -0.1314308231       -0.4541478082
 148.  13.       -0.1759060408        0.2317072439
 148.  14.       -0.1035884363       -0.0239107897
 148.  15.        0.2096449331       -0.0564553356
 148.  16.        0.2009337211        0.1289524720
 148.  17.        0.0208363491       -0.0176765111
 148.  18.        0.0830885813        0.1030344521
 148.  19.       -0.2102989164       -0.0993178971
 148.  20.        0.1489461154       -0.0166675402
 148.  21.       -0.1197644004        0.0722628235
 148.  22.       -0.1506978907        0.0502559961
 148.  23.        0.1510325518       -0.0016784790
 148.  24.       -0.0952620437        0.2022389471
 148.  25.        0.0172883808       -0.2359573271
 148.  26.        0.1952749651        0.2258030438
 148.  27.        0.0931465903        0.1669587366
 148.  28.       -0.0079206755       -0.0602492766
 148.  29.       -0.1109091352       -0.1842969338
 148.  30.        0.0360005337        0.0648637036
 148.  31.        0.0350917279        0.2554063119
 148.  32.       -0.2434425881       -0.0296815915
 148.  33.        0.2462846939        0.0971823841
 148.  34.        0.0071062281        0.0555838718
 148.  35.       -0.0505289672       -0.0249513954
 148.  36.       -0.0264896103        0.0258177536
 148.  37.       -0.0744143880       -0.0277670015
 148.  38.       -0.0343493324        0.0147088788
 148.  39.       -0.2639396779       -0.0287794438
 148.  40.       -0.1410454616       -0.1330581423
 148.  41.        0.1299270340        0.1590353182
 148.  42.       -0.1608247460        0.1421937713
 148.  43.        0.0830520464       -0.2804847080
 148.  44.       -0.0995068376       -0.0286118271
 148.  45.       -0.1141812039        0.2153067148
 148.  46.        0.1012109689        0.0495514240
 148.  47.        0.0522510888        0.2363352416
 148.  48.        0.0561530164       -0.0032416252
 148.  49.       -0.0200693208       -0.2749803416
 148.  50.       -0.0938961939       -0.0524203410
 148.  51.       -0.1495651850        0.2528331050
 148.  52.        0.0452086116        0.0365696915
 148.  53.        0.0155453487       -0.0328435882
 148.  54.        0.0923269613       -0.1570011648
 148.  55.        0.1159252270       -0.3367132882
 148.  56.       -0.0987147048       -0.1884633108
 148.  57.        0.0431262406        0.0261987108
 148.  58.       -0.1150233086        0.1789843390
 148.  59.        0.2292608658        0.0414477268
 148.  60.        0.0692330674        0.0381850141
 148.  61.        0.0027925782       -0.1044694097
 148.  62.       -0.0571850853        0.0697226383
 148.  63.        0.0847708522        0.0961043566
 148.  64.       -0.1260173884        0.1632443633
 148.  65.       -0.1670362459        0.0180953028
 148.  66.       -0.2061135539       -0.1356115124
 148.  67.       -0.3543989460        0.0467922685
 148.  68.        0.0121931452       -0.2001744927
 148.  69.        0.1269031528        0.1820313998
 148.  70.        0.0990464518        0.2172414251
 148.  71.       -0.0984273394       -0.0755465376
 148.  72.       -0.2363342146        0.0304851458
 148.  73.        0.0556004837       -0.1382133225
 148.  74.        0.3489475315       -0.0179623096
 148.  75.        0.1613100508       -0.2734755904
 148.  76.       -0.1045340180        0.1990099451
 148.  77.       -0.0964288365       -0.0206083803
 148.  78.        0.0245140543       -0.1698420040
 148.  79.        0.1525806312       -0.1747235972
 148.  80.        0.0718481935        0.2738274300
 148.  81.       -0.0131754178       -0.3410971033
 148.  82.       -0.1574904834        0.1270023361
 148.  83.        0.1149792220        0.1096752569
 148.  84.       -0.1513125632        0.0349758095
 148.  85.       -0.1551902774       -0.2669913162
 148.  86.       -0.3756524922       -0.1639659096
 148.  87.       -0.2476369088        0.0756653845
 148.  88.        0.1319741657       -0.2502131575
 148.  89.        0.1160109826        0.0124995640
 148.  90.        0.0840229671       -0.1143346254
 148.  91.       -0.1234118108       -0.1012531460
 148.  92.        0.0980061375        0.1091007967
 148.  93.       -0.0649695488       -0.0391350537
 148.  94.       -0.2144642292       -0.0138439710
 148.  95.        0.0626056172        0.0537010563
 148.  96.       -0.2452543524        0.0919675480
 148.  97.        0.1042916183       -0.0525297106
 148.  98.        0.1611701259        0.4080953128
 148.  99.        0.1656627455       -0.2307753405
 148. 100.       -0.3635456324       -0.0308369274
 148. 101.       -0.1645030605       -0.1317831667
 148. 102.        0.1926263864        0.0564821043
 148. 103.       -0.0436301628       -0.2731952054
 148. 104.        0.2438935109       -0.0085712512
 148. 105.        0.3037319514        0.0806740981
 148. 106.       -0.0350096398       -0.1239105725
 148. 107.       -0.0636732849       -0.0870107329
 148. 108.       -0.0785895957       -0.2427912828
 148. 109.        0.0100064756        0.2146768923
 148. 110.       -0.3623340840        0.0352171303
 148. 111.       -0.0803131750        0.0308368941
 148. 112.        0.3541157642        0.1855257659
 148. 113.       -0.1209121971       -0.1029426413
 148. 114.       -0.1422850557       -0.2647024951
 148. 115.        0.0335756401        0.3470625692
 148. 116.        0.1286285888       -0.3082832792
 148. 117.        0.3788758213        0.5298133921
 148. 118.       -0.1538420300       -0.0011783954
 148. 119.        0.2420088124       -0.0788653373
 148. 120.        0.1008128143        0.0562775404
 148. 121.       -0.3014610638       -0.2703369560
 148. 122.       -0.2437337474       -0.4401048413
 148. 123.       -0.2234811354        0.4458337391
 148. 124.       -0.2081728961        0.1307682813
 148. 125.        0.0540769270        0.2398876084
 148. 126.        0.1066479945        0.1514125401
 148. 127.       -0.2003364276        0.0835827295
 148. 128.        0.2759200589       -0.0590411384
 148. 129.       -0.0869429806       -0.2161001808
 148. 130.        0.0770767527       -0.0022183551
 148. 131.        0.0216880693        0.0788960333
 148. 132.        0.7182920675       -0.0372100702
 148. 133.        0.5395455708        0.1777079967
 148. 134.        0.1209009789       -0.0997060771
 148. 135.       -0.2062638103       -0.2456267647
 148. 136.        0.3826268110       -0.2947928841
 148. 137.       -0.1717114558       -0.0676532264
 148. 138.        0.1342762211        0.0069139685
 148. 139.       -0.1615085383       -0.0753795157
 148. 140.       -0.1378827378       -0.3734969781
 148. 141.        0.1222636167        0.2396001298
 148. 142.        0.0785764126       -0.4283206338
 148. 143.       -0.0479336193       -0.1316491173
 148. 144.       -0.0297373139        0.0899750220
 148. 145.       -0.2854508828        0.0183295874
 148. 146.       -0.0725314169       -0.4061051882
 148. 147.       -0.0037876277       -0.1228793466
 148. 148.       -0.0941256266        0.0744409445
 149.   0.        0.0008842022        0.0000000000
 149.   1.       -0.1203809667       -0.0362286687
 149.   2.       -0.1386518008       -0.1080498031
 149.   3.        0.1932489603       -0.1396396371
 149.   4.        0.1602834905        0.1531405945
 149.   5.       -0.2956272102       -0.0279796390
 149.   6.        0.2327289973       -0.0251714396
 149.   7.        0.0929985223        0.0806144263
 149.   8.       -0.2235432752       -0.0515247042
 149.   9.       -0.1912078653       -0.2528020630
 149.  10.        0.0249562081        0.1718406457
 149.  11.       -0.2221623930        0.0108210332
 149.  12.       -0.0231891914        0.1005530542
 149.  13.       -0.0348539545        0.1142022527
 149.  14.       -0.0159762502       -0.1267378268
 149.  15.       -0.0929331820        0.1909498055
 149.  16.       -0.1561742748       -0.1052249625
 149.  17.        0.0006799858        0.1427615143
 149.  18.        0.0258402614        0.0904930217
 149.  19.       -0.1553661088       -0.1681701408
 149.  20.       -0.1598672836        0.0583336527
 149.  21.        0.1309729139        0.0264750021
 149.  22.        0.0582752000        0.2371585352
 149.  23.       -0.0364663500       -0.2080194370
 149.  24.        0.0781518650       -0.1135712057
 149.  25.        0.0699032642        0.0703343951
 149.  26.        0.1191286326       -0.1691814920
 149.  27.        0.0416735207       -0.2325880817
 149.  28.       -0.0088324829       -0.0359956467
 149.  29.       -0.1627408260       -0.0540581907
 149.  30.       -0.0389165356        0.0774914416
 149.  31.        0.0040181435        0.0033396404
 149.  32.        0.0056896399       -0.0595803213
 149.  33.        0.0792580295       -0.0207328510
 149.  34.        0.0702054382        0.0733797158
 149.  35.        0.0245830086        0.0258465191
 149.  36.       -0.1309728067        0.0488442741
 149.  37.       -0.0264722435       -0.0381167709
 149.  38.        0.2332181899       -0.0131985746
 149.  39.        0.1584351734       -0.2406940690
 149.  40.        0.0981623237       -0.0151175506
 149.  41.       -0.1822414206       -0.0290697742
 149.  42.        0.2107351212        0.0985409964
 149.  43.        0.0111578997       -0.1704978166
 149.  44.       -0.0262506712       -0.3266831982
 149.  45.        0.0048624511        0.1315640967
 149.  46.        0.1057831023       -0.0031636545
 149.  47.        0.1412980946        0.2240336341
 149.  48.       -0.1643134335       -0.0687167963
 149.  49.        0.2145624745       -0.0616587599
 149.  50.       -0.1029095876       -0.2417006442
 149.  51.       -0.0044882135       -0.0883886953
 149.  52.       -0.0962641068       -0.1112181357
 149.  53.       -0.1652978935        0.0767838117
 149.  54.        0.0948573589        0.0440868472
 149.  55.       -0.1479580252       -0.0885799795
 149.  56.        0.1639752855       -0.1087706204
 149.  57.        0.2886746109        0.1620513458
 149.  58.       -0.0761939846        0.1385016503
 149.  59.       -0.0883939019        0.0243555619
 149.  60.       -0.1051291395        0.2387943814
 149.  61.        0.0984298114       -0.0402551667
 149.  62.       -0.1630149142       -0.2699078142
 149.  63.        0.0851743544       -0.0879267324
 149.  64.       -0.0153058382       -0.0043310281
 149.  65.       -0.2639375349        0.1877449627
 149.  66.       -0.0913132481       -0.1131582072
 149.  67.       -0.0157564451       -0.0732865109
 149.  68.       -0.0915440016        0.1619083132
 149.  69.        0.2662641681       -0.3974320155
 149.  70.        0.0064264121        0.0898258343
 149.  71.        0.2528673283       -0.0785422197
 149.  72.       -0.0520996012        0.3262978050
 149.  73.        0.1174678882       -0.1745477202
 149.  74.        0.1972688345       -0.0415395800
 149.  75.       -0.1118271255        0.2656683697
 149.  76.       -0.1646382809       -0.2019347994
 149.  77.       -0.2083342281       -0.0090826105
 149.  78.        0.0657633414        0.0393145754
 149.  79.       -0.1356175017       -0.1570674866
 149.  80.        0.2661888194        0.0470717702
 149.  81.       -0.5034746432        0.0175413854
 149.  82.        0.0573739508       -0.0701056375
 149.  83.       -0.0459017434        0.0390328588
 149.  84.        0.2307971442        0.0837547712
 149.  85.        0.2387285241        0.1540324745
 149.  86.       -0.1159321240        0.1976903841
 149.  87.       -0.3620264232       -0.0850920728
 149.  88.       -0.1255577810       -0.0639888656
 149.  89.        0.3508162412        0.2257488089
 149.  90.        0.0516294629        0.1849168887
 149.  91.        0.0451558947        0.0854119197
 149.  92.        0.0000511851        0.1419786595
 149.  93.        0.2529783535        0.1929807778
 149.  94.       -0.0340751582       -0.2811716565
 149.  95.       -0.1176934002       -0.4530435220
 149.  96.        0.4462103119        0.0201100955
 149.  97.       -0.3613148988       -0.3367872910
 149.  98.       -0.0959068974        0.0014836444
 149.  99.        0.3740823859       -0.0097008557
 149. 100.        0.2571613867        0.0965461051
 149. 101.       -0.3991765844       -0.0132405745
 149. 102.        0.2400493496        0.1978346864
 149. 103.       -0.0060097567       -0.1786834104
 149. 104.        0.4392801903        0.4004844703
 149. 105.        0.0390953469       -0.0145062798
 149. 106.       -0.0997714808       -0.1021529328
 149. 107.       -0.0648842673       -0.3970814077
 149. 108.       -0.2271478321       -0.0574735632
 149. 109.       -0.0025337982        0.3669251482
 149. 110.       -0.1110155071       -0.0327895771
 149. 111.        0.5380886519       -0.0304947020
 149. 112.       -0.0715334843       -0.1332690681
 149. 113.        0.0496890211        0.1312815369
 149. 114.        0.1183951208       -0.1035023514
 149. 115.       -0.0817797455        0.3219002897
 149. 116.        0.0292387653       -0.0037755771
 149. 117.        0.1560431684        0.3523611826
 149. 118.       -0.4767765098        0.3744279948
 149. 119.        0.0943062157        0.4186118471
 149. 120.        0.1720270478       -0.4001018760
 149. 121.        0.0764827841       -0.0744115313
 149. 122.        0.1843870112       -0.3076072847
 149. 123.       -0.1734045182        0.0151719996
 149. 124.       -0.0778072853       -0.0316842758
 149. 125.        0.2225708322        0.0840477595
 149. 126.        0.0469568570        0.0566582256
 149. 127.        0.0317861057        0.0495441298
 149. 128.       -0.2428250999       -0.3626831690
 149. 129.       -0.0724368215       -0.3360958977
 149. 130.       -0.2400293310        0.2002319287
 149. 131.        0.1190836361       -0.0121229621
 149. 132.        0.4141750678        0.1087311473
 149. 133.       -0.0126049322        0.1054598621
 149. 134.        0.2679454305        0.1931975684
 149. 135.       -0.3807312197       -0.1242324907
 149. 136.        0.1345107527        0.0242659780
 149. 137.        0.1273841582       -0.0222297323
 149. 138.       -0.0764047983        0.2177086633
 149. 139.        0.0817729092       -0.1344429829
 149. 140.       -0.1969121824        0.0141812126
 149. 141.        0.1068623741        0.2589305971
 149. 142.       -0.4810659398       -0.1882856032
 149. 143.       -0.1738883052        0.1676680855
 149. 144.        0.1732798646        0.0772454806
 149. 145.       -0.3581622156       -0.3006081225
 149. 146.       -0.0639057152        0.2634567551
 149. 147.       -0.3343675104       -0.4604509682
 149. 148.       -0.0704270057        0.0878728169
 149. 149.       -0.1136395040       -0.0795371084
 150.   0.        0.1007102971        0.0000000000
 150.   1.        0.1169267728        0.1075178606
 150.   2.       -0.0443492801       -0.1267963979
 150.   3.        0.0605663804        0.1265525068
 150.   4.       -0.0052434935       -0.1234640633
 150.   5.        0.0800811273       -0.0247540914
 150.   6.        0.0733394930        0.1953215343
 150.   7.       -0.1204748760        0.1372208831
 150.   8.        0.0230217843        0.2347574232
 150.   9.       -0.0397343482        0.1064932619
 150.  10.       -0.0549315005        0.0162991624
 150.  11.        0.0303796433       -0.0612061366
 150.  12.        0.0408337810        0.2810889958
 150.  13.        0.1636783013       -0.1014490522
 150.  14.        0.0674146929       -0.0342001582
 150.  15.       -0.0645353292       -0.1985030103
 150.  16.       -0.1478862278       -0.1815824274
 150.  17.       -0.0859245242       -0.0170605830
 150.  18.       -0.0435467564       -0.0679874975
 150.  19.       -0.2265006549        0.1361261365
 150.  20.        0.0100526376       -0.0050922731
 150.  21.       -0.0876326206       -0.1413220353
 150.  22.        0.0062934010        0.0260882674
 150.  23.       -0.0281271744       -0.0539982592
 150.  24.        0.1982664269       -0.1104485058
 150.  25.       -0.1584551736        0.1734769709
 150.  26.       -0.0335399989       -0.0776944478
 150.  27.       -0.1080273082       -0.0899828654
 150.  28.        0.1645140746       -0.0011754142
 150.  29.        0.2405274806        0.0780582585
 150.  30.       -0.1234781664        0.0554758334
 150.  31.       -0.0278292677       -0.2866962947
 150.  32.        0.0933685583        0.2052606645
 150.  33.       -0.1941654088       -0.0831379726
 150.  34.       -0.0727868809       -0.2338309443
 150.  35.       -0.0641493432        0.1532912162
 150.  36.       -0.1160736342        0.0253981717
 150.  37.       -0.0081281307       -0.0661696434
 150.  38.       -0.0183392963        0.0235875112
 150.  39.        0.0632434918        0.3000495622
 150.  40.        0.2169197616        0.1216930512
 150.  41.       -0.2852289056       -0.0078754487
 150.  42.       -0.0725144757        0.0341145539
 150.  43.        0.1431259176        0.0621631079
 150.  44.        0.0285611722       -0.0107947918
 150.  45.        0.1013756551       -0.1174860034
 150.  46.        0.0026749993       -0.2137821808
 150.  47.        0.2052335454       -0.0753921401
 150.  48.        0.0637245491        0.0916434189
 150.  49.        0.1611896248        0.1376827321
 150.  50.        0.2778505790        0.3131373377
 150.  51.        0.0093999589        0.0873285841
 150.  52.       -0.2545732447       -0.1406972612
 150.  53.        0.2179831900       -0.2884685110
 150.  54.       -0.0819377405       -0.1862770864
 150.  55.       -0.3278170210        0.0438695608
 150.  56.       -0.1700275254       -0.0355298523
 150.  57.        0.0763529543       -0.0826135094
 150.  58.       -0.0032483655        0.0544021671
 150.  59.       -0.0134640100        0.0596928624
 150.  60.       -0.1648611809        0.1272036976
 150.  61.        0.1546509724        0.3408768199
 150.  62.       -0.1273187386       -0.1509419990
 150.  63.        0.3819444555        0.0563872833
 150.  64.        0.0474838660       -0.0775920570
 150.  65.        0.0477632767       -0.0063228975
 150.  66.        0.3809427515        0.1438819121
 150.  67.        0.0581577169       -0.1165790290
 150.  68.        0.2011134543       -0.0248115446
 150.  69.        0.1763056661        0.0389637942
 150.  70.        0.1448516017       -0.2960439820
 150.  71.       -0.0210425880       -0.0325926250
 150.  72.        0.0536563470       -0.0356683475
 150.  73.       -0.0217380956       -0.2627471218
 150.  74.       -0.0077672836       -0.1095519634
 150.  75.       -0.1489226781        0.1607769083
 150.  76.        0.0274625079       -0.1325779211
 150.  77.       -0.0802112212        0.2186981180
 150.  78.       -0.1687054299        0.1798817389
 150.  79.        0.0804495639        0.0748582178
 150.  80.       -0.1263343812       -0.0380464364
 150.  81.       -0.0862044641        0.1395515339
 150.  82.       -0.2054026371        0.0056661422
 150.  83.       -0.1542986453        0.1574974966
 150.  84.       -0.2348727089       -0.2254861993
 150.  85.       -0.0105586265        0.0061191669
 150.  86.       -0.1958507513        0.1378318609
 150.  87.        0.1298748299       -0.1767906943
 150.  88.       -0.0611293547       -0.2332451769
 150.  89.       -0.4069375045       -0.0844594382
 150.  90.        0.1484146501       -0.1545184500
 150.  91.       -0.2448814318       -0.0748961983
 150.  92.       -0.1296413546       -0.0885542811
 150.  93.       -0.1841640319        0.2452707369
 150.  94.        0.3745382982        0.3853945499
 150.  95.        0.1934336393        0.0228042321
 150.  96.        0.1407443968       -0.1210555278
 150.  97.       -0.0043859894        0.2998537046
 150.  98.        0.0055121020       -0.1785797026
 150.  99.       -0.0321641418       -0.0340616872
 150. 100.       -0.1782473364        0.2125359342
 150. 101.        0.1535243817        0.1660897222
 150. 102.       -0.4763509250       -0.0481177289
 150. 103.       -0.2203174328       -0.0077558800
 150. 104.        0.2269935931       -0.1862265943
 150. 105.       -0.2238339918        0.3118760075
 150. 106.       -0.0370014972       -0.0345476647
 150. 107.        0.0701703315        0.0138392388
 150. 108.       -0.2294175168       -0.5242670131
 150. 109.       -0.0699332678       -0.3333539700
 150. 110.       -0.2244061926       -0.0288575274
 150. 111.       -0.1326200388       -0.1579394288
 150. 112.       -0.1890372574       -0.1601969281
 150. 113.       -0.1854606722        0.1600322530
 150. 114.       -0.2563534607        0.0402156847
 150. 115.        0.1697654735       -0.1241188867
 150. 116.        0.0405598500        0.0551521890
 150. 117.        0.0569155817        0.0019077633
 150. 118.       -0.1151850254        0.1262944058
 150. 119.       -0.0089656755        0.0300036004
 150. 120.        0.0488729087       -0.5260357516
 150. 121.        0.1382817354       -0.3653630175
 150. 122.       -0.4577196398        0.0598439346
 150. 123.       -0.1265987403       -0.1120235010
 150. 124.        0.2448181601       -0.0276621405
 150. 125.       -0.1355266243        0.0403252220
 150. 126.        0.1150657730        0.1270436672
 150. 127.       -0.0270303168       -0.0737017721
 150. 128.        0.3132897982       -0.3996601791
 150. 129.       -0.0518097362       -0.1506152196
 150. 130.       -0.2208436643        0.3196728675
 150. 131.       -0.0737091302       -0.0567753131
 150. 132.       -0.2338355053        0.0688924093
 150. 133.       -0.2621080881       -0.1325032062
 150. 134.        0.3562511403       -0.3504920100
 150. 135.       -0.6603761611        0.3508313467
 150. 136.       -0.1773596317       -0.3086798811
 150. 137.       -0.1439682454       -0.2376528268
 150. 138.        0.0737361050       -0.0625028048
 150. 139.        0.4035538595       -0.1120339568
 150. 140.        0.3611736394       -0.4349382251
 150. 141.        0.0327774083       -0.2516754502
 150. 142.        0.0415277031        0.6461650201
 150. 143.       -0.1767045208       -0.3417050776
 150. 144.        0.2441297612        0.0663880993
 150. 145.        0.2212395482        0.2930972478
 150. 146.        0.1902671150        0.5336873584
 150. 147.        0.1392669263       -0.2064715606
 150. 148.        0.0865311220       -0.5541234219
 150. 149.        0.1328080543       -0.3055994615
 150. 150.       -0.0767779097        0.1266797367
 151.   0.       -0.0957046534        0.0000000000
 151.   1.        0.3236095583        0.0576084417
 151.   2.       -0.1078000465        0.1615007777
 151.   3.       -0.1403358833        0.0845601270
 151.   4.       -0.2799671854        0.1385079320
 151.   5.        0.0598799737        0.1002673186
 151.   6.       -0.1582478998       -0.0412128868
 151.   7.        0.0497697144       -0.0579201446
 151.   8.       -0.0541311930       -0.0199893326
 151.   9.        0.2117698028       -0.0030699153
 151.  10.        0.0267905335       -0.0983492064
 151.  11.        0.1494352612        0.0040206907
 151.  12.        0.0024021246       -0.1340164636
 151.  13.        0.1577319964       -0.0851774367
 151.  14.       -0.1041471956        0.0305828926
 151.  15.        0.2338713078        0.0448839508
 151.  16.        0.1413478380       -0.0703841342
 151.  17.       -0.0725126692       -0.1004087405
 151.  18.       -0.0500634967       -0.2089510931
 151.  19.        0.1059753267       -0.0029164746
 151.  20.        0.0476190559       -0.0783724336
 151.  21.       -0.2313604704       -0.1269654642
 151.  22.       -0.1113591195       -0.1216797491
 151.  23.       -0.1277439392        0.2164558762
 151.  24.       -0.1019417642        0.0967122903
 151.  25.       -0.1390688955       -0.1013782897
 151.  26.       -0.0815735707       -0.0201241709
 151.  27.       -0.1223039267        0.1547311532
 151.  28.        0.0546476868        0.0918590510
 151.  29.        0.1688947467        0.0601154761
 151.  30.       -0.1600171573       -0.1830810326
 151.  31.       -0.2057032004       -0.0800714032
 151.  32.       -0.1405756921        0.1474773015
 151.  33.        0.1662672686        0.0451166499
 151.  34.        0.0307459329       -0.1049577270
 151.  35.       -0.0577351229       -0.0821038349
 151.  36.        0.0878216101        0.1797466412
 151.  37.        0.1836802781        0.3112830136
 151.  38.       -0.1722828951       -0.2871834103
 151.  39.        0.0647159421       -0.2493378503
 151.  40.        0.1176551910        0.1847117671
 151.  41.       -0.0066102979        0.0796304713
 151.  42.       -0.0367032360        0.2041931985
 151.  43.        0.0325156249        0.0411444266
 151.  44.       -0.1172823795        0.1881141133
 151.  45.       -0.0470603723       -0.1163474567
 151.  46.        0.0959967550        0.0186886579
 151.  47.       -0.0732825268        0.0304812839
 151.  48.       -0.1496079078        0.1239692836
 151.  49.       -0.2352986319        0.0515960656
 151.  50.       -0.0106094722       -0.1053359037
 151.  51.       -0.0478038246        0.2872919036
 151.  52.       -0.0947337217       -0.1044449262
 151.  53.        0.2147189644        0.1123330630
 151.  54.       -0.0173195555       -0.0006447253
 151.  55.       -0.0170667012        0.2051126520
 151.  56.       -0.1690580713       -0.1222629647
 151.  57.        0.2250362120       -0.1118007277
 151.  58.        0.0544109450       -0.1103336198
 151.  59.        0.0053385808       -0.2451256576
 151.  60.       -0.1328711746        0.0227029467
 151.  61.       -0.0178597939        0.3635064623
 151.  62.       -0.0962185345        0.2049925008
 151.  63.        0.1059768707        0.1942741381
 151.  64.        0.1455259081        0.0219099659
 151.  65.        0.1836954745       -0.2287723345
 151.  66.       -0.1310580160        0.3054004775
 151.  67.        0.0304021815       -0.0035209624
 151.  68.       -0.1720298367       -0.0429682028
 151.  69.       -0.2241678586       -0.2889943076
 151.  70.        0.0593776933        0.0186524698
 151.  71.        0.0103207028        0.2514126437
 151.  72.       -0.1276093306       -0.2012439576
 151.  73.       -0.2219863755        0.1750909499
 151.  74.       -0.3101115554       -0.2501551175
 151.  75.       -0.0220976962       -0.1175268976
 151.  76.        0.0907125750        0.0691230744
 151.  77.       -0.0034242711       -0.0746301572
 151.  78.       -0.1210185015       -0.0667046597
 151.  79.        0.0598033529        0.2668703227
 151.  80.        0.1415658450        0.0611460231
 151.  81.       -0.0961577404        0.2116582622
 151.  82.       -0.0495907975       -0.0121626875
 151.  83.       -0.0409433296        0.0420415808
 151.  84.       -0.1803342350        0.0765632823
 151.  85.       -0.1917339857        0.0837412214
 151.  86.        0.0624241547        0.0188390267
 151.  87.       -0.1624370667        0.1713114909
 151.  88.        0.1199893773       -0.1608117834
 151.  89.       -0.1362720948       -0.1543778029
 151.  90.        0.1666891299       -0.1575726198
 151.  91.       -0.0785441365       -0.0249705715
 151.  92.       -0.0218992934       -0.1803362018
 151.  93.        0.1512723442        0.1735956655
 151.  94.        0.0366985738        0.2014329556
 151.  95.        0.0499889860       -0.1564431293
 151.  96.       -0.3008336381       -0.2432264025
 151.  97.       -0.2082372386       -0.1090234707
 151.  98.        0.0180304230        0.2060385862
 151.  99.       -0.1403309448        0.2958308683
 151. 100.       -0.3075473882        0.3831366175
 151. 101.       -0.0348130609        0.0195804661
 151. 102.        0.0830641281        0.0706295831
 151. 103.       -0.2632681390       -0.3205714271
 151. 104.        0.3309475831        0.4410338781
 151. 105.       -0.0023437766        0.0636315791
 151. 106.        0.0540461024        0.4853113163
 151. 107.       -0.5207787928        0.4270354302
 151. 108.        0.1765480683       -0.2342888036
 151. 109.       -0.0780293537       -0.5111717314
 151. 110.        0.1034823475       -0.0085098153
 151. 111.       -0.1935966902       -0.1054732431
 151. 112.       -0.3204570721       -0.2581896394
 151. 113.       -0.1881796561       -0.1594406065
 151. 114.        0.1211560704        0.0892294351
 151. 115.        0.3458747371        0.2011757071
 151. 116.        0.0157106481       -0.1235879700
 151. 117.        0.5459327422        0.1901476699
 151. 118.       -0.0301638431       -0.1540009085
 151. 119.        0.0405387997       -0.0353477142
 151. 120.       -0.2564480771        0.0826868316
 151. 121.       -0.0599980689        0.2054967892
 151. 122.       -0.0238886440        0.2841533967
 151. 123.       -0.2761971633       -0.3288369223
 151. 124.        0.4506673190        0.0741005176
 151. 125.        0.0953533438       -0.2487703834
 151. 126.        0.1825682862        0.3124458114
 151. 127.        0.0207639087       -0.1899249055
 151. 128.       -0.1752912700       -0.0713454078
 151. 129.       -0.0474832316        0.0205446396
 151. 130.       -0.0982847783        0.0091200796
 151. 131.       -0.0067384915       -0.0617996702
 151. 132.       -0.2068879192       -0.2265407725
 151. 133.        0.0181504225       -0.3637250699
 151. 134.        0.2798363680       -0.1834823347
 151. 135.       -0.1115421479       -0.2714011044
 151. 136.        0.0809331134        0.1720659377
 151. 137.        0.2484957462       -0.3209005768
 151. 138.       -0.2475981731       -0.4132899141
 151. 139.       -0.3083278098        0.2807558779
 151. 140.       -0.1096127700        0.3546595936
 151. 141.       -0.4413588861       -0.0607634439
 151. 142.       -0.0160631901       -0.1433604403
 151. 143.        0.1533597388        0.3382564165
 151. 144.        0.1409236543       -0.3178521991
 151. 145.        0.0264428773       -0.4792942650
 151. 146.        0.2072578277        0.1094251585
 151. 147.       -0.2387781521       -0.1529683208
 151. 148.        0.2755529180        0.3066496392
 151. 149.       -0.1382191232       -0.0088460698
 151. 150.        0.1837841241       -0.1292644759
 151. 151.       -0.1580462081       -0.2218590241
 152.   0.        0.1014849783        0.0000000000
 152.   1.        0.0622837884       -0.0668297855
 152.   2.       -0.0939295983       -0.1904409846
 152.   3.       -0.1179413619       -0.1091670003
 152.   4.       -0.0376712528        0.0657079372
 152.   5.       -0.0319436251        0.0112124615
 152.   6.       -0.0536478998       -0.2201231823
 152.   7.        0.1110031162        0.0229019488
 152.   8.        0.1379940927       -0.0545498179
 152.   9.        0.0193833987       -0.1373206607
 152.  10.        0.0877182708       -0.0431759004
 152.  11.       -0.1521958994       -0.1432640420
 152.  12.       -0.0547822446        0.0082576642
 152.  13.        0.0085661402        0.0227010932
 152.  14.        0.1258285778       -0.0077579468
 152.  15.        0.0902929884        0.1682950569
 152.  16.       -0.0475251288        0.0781006138
 152.  17.        0.1328515383        0.1332922904
 152.  18.       -0.0312887406       -0.0146018541
 152.  19.        0.2708245425       -0.0861651744
 152.  20.       -0.0756756832        0.0100280335
 152.  21.        0.1172483600        0.1023556420
 152.  22.        0.1245415313       -0.1218097028
 152.  23.        0.0482558137        0.1868596631
 152.  24.       -0.0694349322       -0.0258723985
 152.  25.        0.0425687539        0.1230208158
 152.  26.       -0.0139452820       -0.0855851059
 152.  27.        0.1219460324       -0.1980781575
 152.  28.       -0.1806996181        0.0224860966
 152.  29.       -0.3994453646       -0.0843492412
 152.  30.        0.0155162701        0.0022025815
 152.  31.        0.0655778858        0.0117885009
 152.  32.       -0.0540768449       -0.0737088777
 152.  33.       -0.0759387708        0.1193583496
 152.  34.        0.1604318411        0.3611706509
 152.  35.        0.0989384833       -0.0203816293
 152.  36.        0.0088747980       -0.1103816010
 152.  37.       -0.0403020063        0.0610995831
 152.  38.       -0.0736902665        0.3000821509
 152.  39.        0.1465553277       -0.3344191945
 152.  40.       -0.0688114631       -0.1715839102
 152.  41.       -0.1858809192        0.1737883893
 152.  42.        0.0054136351        0.1249796326
 152.  43.       -0.0294197611       -0.1080668509
 152.  44.        0.0089462522       -0.1529737727
 152.  45.       -0.1685636070        0.3250084629
 152.  46.       -0.0792438583        0.2134355951
 152.  47.        0.1627643746        0.2819252179
 152.  48.        0.1079542035       -0.1254921696
 152.  49.       -0.1231968502       -0.1283372856
 152.  50.       -0.1354095524       -0.0926228547
 152.  51.        0.0025005786       -0.0076165510
 152.  52.        0.1658488730        0.0846571947
 152.  53.       -0.0827376170        0.1208391092
 152.  54.       -0.0110531606        0.1086298894
 152.  55.        0.0784584992       -0.0896111577
 152.  56.        0.0888088834       -0.0070440552
 152.  57.       -0.1854873230        0.0632224406
 152.  58.       -0.1008578199        0.3036911018
 152.  59.        0.0809972592        0.1027198897
 152.  60.       -0.1584837678        0.1424024070
 152.  61.       -0.0180945260       -0.1011315225
 152.  62.       -0.1042126896       -0.0059003431
 152.  63.       -0.1557217662        0.2116941504
 152.  64.       -0.3079103639       -0.0540006986
 152.  65.        0.1853660236       -0.0278820047
 152.  66.       -0.2418167354       -0.0697714771
 152.  67.        0.0314374878        0.3500012350
 152.  68.        0.0325405920        0.0862095506
 152.  69.       -0.1107697651       -0.1207515932
 152.  70.        0.1324194808        0.1629975025
 152.  71.       -0.1771592622        0.1380622667
 152.  72.        0.3079537788       -0.0034797208
 152.  73.       -0.0298911525        0.0384674596
 152.  74.       -0.1097734626        0.1363046890
 152.  75.       -0.2045149501       -0.2659448347
 152.  76.        0.1143344367       -0.2982627470
 152.  77.        0.0701740180       -0.2645703006
 152.  78.       -0.1333203584       -0.1262509394
 152.  79.       -0.1416203976        0.0477338379
 152.  80.       -0.2502147084       -0.1029302897
 152.  81.       -0.0127866296        0.1303988774
 152.  82.       -0.1127994019       -0.3588903233
 152.  83.        0.1569188096       -0.2964206856
 152.  84.        0.0873285069        0.2316334096
 152.  85.        0.2222924560        0.1775321848
 152.  86.       -0.2155966611       -0.1071732520
 152.  87.       -0.1381974101       -0.0346466837
 152.  88.       -0.1591518039       -0.0333634383
 152.  89.        0.0115420732       -0.0804630152
 152.  90.       -0.2010408223       -0.1365632701
 152.  91.        0.0360227715       -0.1369701666
 152.  92.       -0.2068542223        0.0626357163
 152.  93.        0.0226765888       -0.1920492003
 152.  94.        0.1731269673        0.0036016616
 152.  95.       -0.3121040211        0.0202591837
 152.  96.        0.0050393163       -0.1378661912
 152.  97.       -0.0736995275       -0.0142975452
 152.  98.       -0.0511989937       -0.2647835802
 152.  99.       -0.0215767417        0.0130276630
 152. 100.        0.0159767592        0.2314116140
 152. 101.        0.2328024512       -0.0341224779
 152. 102.        0.4232986678       -0.0450570818
 152. 103.        0.0146797767        0.0974623504
 152. 104.       -0.3858294867       -0.1714514219
 152. 105.       -0.1520579946        0.0335359284
 152. 106.        0.2414700903       -0.1238459891
 152. 107.       -0.1954864357       -0.0268708236
 152. 108.       -0.4234044414        0.1002447755
 152. 109.       -0.0633950662        0.1855940495
 152. 110.       -0.3591075644       -0.2308538087
 152. 111.        0.1102454310       -0.0205373364
 152. 112.        0.0790776526        0.1384057955
 152. 113.        0.1881481833        0.0250418330
 152. 114.        0.3673419303        0.0503022574
 152. 115.        0.2228280640       -0.2726442401
 152. 116.       -0.3085437441        0.2609913258
 152. 117.        0.0348305798       -0.1849908640
 152. 118.       -0.0503767026        0.1676968842
 152. 119.       -0.2374672025        0.1919800810
 152. 120.        0.1440138459       -0.1001431628
 152. 121.       -0.0061839161       -0.0428120967
 152. 122.        0.2158387900       -0.0755698992
 152. 123.        0.2005038232       -0.0681571369
 152. 124.        0.2832627331        0.0996550368
 152. 125.        0.1303202065       -0.0504690629
 152. 126.        0.1109624717       -0.2952199855
 152. 127.        0.0071138577        0.0837012393
 152. 128.       -0.1865993545        0.3401941001
 152. 129.       -0.2733676455       -0.1811278445
 152. 130.        0.2330465635       -0.1154573002
 152. 131.        0.0215679961        0.0655655879
 152. 132.       -0.1805762098       -0.2109146693
 152. 133.        0.0895658683        0.1613933709
 152. 134.       -0.0479505150       -0.0140667663
 152. 135.        0.1690526136        0.0019407635
 152. 136.        0.2704796475       -0.2206352287
 152. 137.       -0.2344763618        0.2181586168
 152. 138.        0.0330690570       -0.7292311849
 152. 139.        0.3477126628       -0.2217873602
 152. 140.       -0.4162569689       -0.1681920533
 152. 141.       -0.1974573173       -0.3032250166
 152. 142.        0.1696443300        0.1635283466
 152. 143.       -0.2586712573        0.0844662154
 152. 144.        0.1740729842        0.0198855768
 152. 145.        0.0543496352        0.0782294734
 152. 146.       -0.0757395994        0.4269670789
 152. 147.        0.0098302978       -0.0178899686
 152. 148.       -0.2192007973       -0.1314674388
 152. 149.        0.1248285907        0.3196507428
 152. 150.       -0.1026110235       -0.4286219229
 152. 151.        0.1592063434        0.0111123687
 152. 152.        0.0702362309        0.1509360611
 153.   0.       -0.1013562097        0.0000000000
 153.   1.       -0.2498410205       -0.0132457547
 153.   2.        0.1726582606        0.0658588079
 153.   3.       -0.0246503166       -0.0089719435
 153.   4.        0.1947625282       -0.1940741526
 153.   5.        0.0848904113       -0.0336604376
 153.   6.        0.1231791979        0.0191980901
 153.   7.        0.0337602904       -0.1436268560
 153.   8.        0.2530885475       -0.0705452948
 153.   9.       -0.2459520824        0.0924106227
 153.  10.       -0.0629599047        0.0209295798
 153.  11.        0.0426318873        0.1692177164
 153.  12.       -0.0009915937       -0.1175854493
 153.  13.       -0.1775650715       -0.1677690099
 153.  14.        0.1067372397        0.1064217011
 153.  15.       -0.0199896186       -0.2885874381
 153.  16.       -0.0389971086       -0.0366835953
 153.  17.       -0.0589216708       -0.0896146458
 153.  18.        0.0280255039        0.3444413161
 153.  19.       -0.0329707523        0.2929043010
 153.  20.        0.1163751473       -0.0346946034
 153.  21.        0.0090046004       -0.0583034619
 153.  22.       -0.0681630849       -0.0789208031
 153.  23.        0.1251850686       -0.2881246277
 153.  24.        0.1119087314       -0.0126953821
 153.  25.        0.1240905942       -0.0805360773
 153.  26.       -0.0388018821        0.0361347665
 153.  27.        0.0807333719       -0.0555891854
 153.  28.       -0.0772455203       -0.0598340810
 153.  29.       -0.1042371796        0.0372638810
 153.  30.       -0.0110429963       -0.1595509480
 153.  31.        0.2955954257        0.1269705675
 153.  32.        0.1998228509       -0.0308505296
 153.  33.       -0.1915503691       -0.0083859129
 153.  34.       -0.0657956965       -0.1057264064
 153.  35.        0.1486345477        0.2368566726
 153.  36.       -0.0038419114       -0.0811907727
 153.  37.       -0.0815774842       -0.2792374126
 153.  38.       -0.0120565640        0.3169136339
 153.  39.       -0.0567074733        0.2942804208
 153.  40.        0.0983875251       -0.1316423979
 153.  41.       -0.0431832208        0.0192712135
 153.  42.       -0.2043626509       -0.0236238233
 153.  43.        0.0003199732       -0.0271466834
 153.  44.        0.1378444043       -0.2931456461
 153.  45.        0.1344041774       -0.0626584711
 153.  46.       -0.1478012496       -0.0144814792
 153.  47.       -0.0250519862       -0.0424139731
 153.  48.        0.1134494234        0.0671918635
 153.  49.        0.0596017046       -0.1361599381
 153.  50.        0.1194443896        0.0415586440
 153.  51.       -0.1171140641        0.1457268584
 153.  52.        0.1809909245        0.0303478956
 153.  53.        0.2226171689       -0.1029249758
 153.  54.       -0.1804710092       -0.1815157639
 153.  55.       -0.0187657904       -0.3041711519
 153.  56.        0.2536995612       -0.0418338150
 153.  57.       -0.2366238835       -0.0623422218
 153.  58.       -0.2210161331       -0.0908840499
 153.  59.       -0.0010808896        0.1705719042
 153.  60.       -0.1229014199        0.1387686961
 153.  61.        0.0389687349        0.1924704229
 153.  62.        0.1176902431       -0.1752248746
 153.  63.       -0.1808988568        0.0566947010
 153.  64.       -0.3217671936        0.2021282305
 153.  65.       -0.1714802414       -0.1583758409
 153.  66.        0.0416252163        0.2848112807
 153.  67.       -0.3814076483        0.0857275505
 153.  68.       -0.1351343353        0.1489718281
 153.  69.       -0.0567509515        0.1427799676
 153.  70.       -0.3183015963       -0.1181824147
 153.  71.       -0.0393423344       -0.0990452336
 153.  72.       -0.1101444620        0.0123778095
 153.  73.        0.2252432018       -0.1109134949
 153.  74.        0.0638757659        0.1568585863
 153.  75.       -0.0914156861       -0.0841905790
 153.  76.        0.2043186219       -0.2484393481
 153.  77.        0.1085391535       -0.1759770248
 153.  78.        0.1063236845        0.3450364826
 153.  79.       -0.0134327042        0.1040230039
 153.  80.       -0.0930611790       -0.2401542003
 153.  81.       -0.0974605892       -0.1816467159
 153.  82.        0.2179011167       -0.0005743696
 153.  83.        0.1637633522       -0.1681054899
 153.  84.       -0.0404095392       -0.1666673742
 153.  85.        0.0305831402        0.1583829468
 153.  86.       -0.1196116778        0.2985466816
 153.  87.       -0.1716256729        0.0686276918
 153.  88.       -0.0059799784        0.1649705601
 153.  89.        0.0196865433       -0.1098519545
 153.  90.        0.0407222065       -0.1210553067
 153.  91.       -0.0309515612       -0.1400582967
 153.  92.        0.0468034091        0.0765774204
 153.  93.       -0.1291525909       -0.1965117162
 153.  94.        0.4061242756       -0.1988025725
 153.  95.       -0.0585266184        0.1419022283
 153.  96.       -0.2912836719        0.0441337961
 153.  97.        0.0455415248       -0.0866052520
 153.  98.        0.2273349016       -0.0502280420
 153.  99.        0.0967607814       -0.3819415962
 153. 100.       -0.1680648376       -0.1096530270
 153. 101.       -0.0783731802       -0.2898175073
 153. 102.       -0.1643335639       -0.1449680517
 153. 103.       -0.0967797922        0.0632967520
 153. 104.        0.0616593375       -0.2795095331
 153. 105.        0.1445923450       -0.0549169538
 153. 106.       -0.0580843884        0.0713266813
 153. 107.       -0.1756446976        0.1825843180
 153. 108.        0.1459495540       -0.0331951677
 153. 109.       -0.0891580377        0.0814770167
 153. 110.       -0.1302569967       -0.2369102347
 153. 111.       -0.1430943487        0.1927131044
 153. 112.        0.2989972074       -0.0431724282
 153. 113.       -0.1116548306       -0.1413862645
 153. 114.       -0.0956762801        0.0353384284
 153. 115.        0.2106671696       -0.2087487007
 153. 116.       -0.0301079966       -0.0152737343
 153. 117.       -0.0037793153        0.3030645614
 153. 118.        0.1988386116        0.1120938371
 153. 119.       -0.0498498910        0.1213605767
 153. 120.        0.1624606601       -0.3425437518
 153. 121.       -0.0923287463       -0.1453558394
 153. 122.       -0.1810808144        0.2338978776
 153. 123.       -0.2696588743        0.1157909450
 153. 124.        0.5238586832       -0.0636930107
 153. 125.       -0.1266703353        0.2188616428
 153. 126.       -0.0996118675       -0.0384687110
 153. 127.        0.1040126805       -0.0601233419
 153. 128.       -0.0311400948       -0.0516019300
 153. 129.       -0.2890475405       -0.1535371038
 153. 130.       -0.2573908802       -0.1873068057
 153. 131.        0.0501628158       -0.0881984615
 153. 132.       -0.2879316610        0.1501181887
 153. 133.       -0.0220249268       -0.1461773306
 153. 134.       -0.4057544563        0.3264968671
 153. 135.        0.0844389110        0.2978046782
 153. 136.       -0.1532828646        0.1546156096
 153. 137.        0.1904820454       -0.1702296872
 153. 138.        0.2782528674        0.0670254168
 153. 139.        0.5011754593       -0.0726652643
 153. 140.        0.3606008432        0.3364878500
 153. 141.       -0.0065717604       -0.1898503938
 153. 142.       -0.0185554366       -0.2775909542
 153. 143.        0.2140525013        0.3314505781
 153. 144.        0.0683842815        0.0557134533
 153. 145.        0.2563555290       -0.0023479854
 153. 146.        0.3194303305        0.0483792165
 153. 147.       -0.0882901039        0.0364319126
 153. 148.        0.0781978726        0.3587317538
 153. 149.       -0.0320179231       -0.1416028535
 153. 150.        0.0481050661       -0.0049100933
 153. 151.       -0.2962901204       -0.1175901013
 153. 152.       -0.0484081164        0.3741108034
 153. 153.       -0.0986520903       -0.3564739807
 154.   0.       -0.3337658909        0.0000000000
 154.   1.       -0.1619577162        0.0678566744
 154.   2.        0.0186112331        0.1246330248
 154.   3.        0.2215685827        0.0995618976
 154.   4.        0.0085799714        0.0599619720
 154.   5.       -0.0232625023       -0.0659666220
 154.   6.        0.0786959435        0.1933488091
 154.   7.       -0.2288819503       -0.0683826173
 154.   8.       -0.2541353202       -0.0693186151
 154.   9.        0.1007382317        0.0786477903
 154.  10.       -0.0485058937       -0.0155617196
 154.  11.        0.2599618081        0.1085177945
 154.  12.        0.1189768568       -0.1390679186
 154.  13.       -0.0491004941        0.0169840235
 154.  14.       -0.0761282149       -0.0308351025
 154.  15.       -0.1304651553        0.0108492596
 154.  16.        0.0501028768        0.1040346590
 154.  17.        0.0131285385       -0.1168028043
 154.  18.        0.2022257297        0.0722364926
 154.  19.        0.0030838780        0.0813952749
 154.  20.        0.1333600120       -0.0425946183
 154.  21.       -0.0233681727        0.0136490300
 154.  22.       -0.0083957812        0.0413317358
 154.  23.       -0.1556629738       -0.1126305427
 154.  24.       -0.0687114312        0.0875403353
 154.  25.       -0.0020625904       -0.0671089296
 154.  26.        0.1420482591        0.1306476326
 154.  27.       -0.0692676844        0.1658809761
 154.  28.        0.1466686947        0.0417276605
 154.  29.        0.2043106012        0.0910280239
 154.  30.        0.0611938987        0.1260591276
 154.  31.       -0.2730647496        0.0791069481
 154.  32.       -0.0192889332        0.0585099869
 154.  33.       -0.0360909737        0.1958051271
 154.  34.       -0.2058363545       -0.1966909598
 154.  35.        0.0587429706       -0.1326192351
 154.  36.       -0.0062785587        0.1491715779
 154.  37.        0.0713486728       -0.0012640821
 154.  38.        0.2269822020       -0.3023304097
 154.  39.       -0.4346593115        0.1093394542
 154.  40.        0.1727464323        0.2056201959
 154.  41.        0.0677577074       -0.0915578494
 154.  42.       -0.0166878927       -0.0983294200
 154.  43.        0.2712864862       -0.0853596546
 154.  44.       -0.0537945652        0.0335326218
 154.  45.        0.1267143453       -0.0283812365
 154.  46.        0.1698251346        0.0415553570
 154.  47.       -0.1212373888        0.0014255929
 154.  48.       -0.0187331201        0.0304775480
 154.  49.        0.0527299607        0.1633255867
 154.  50.        0.0991992037       -0.2071660206
 154.  51.        0.0228287046       -0.0196898948
 154.  52.       -0.1475182632        0.0221427485
 154.  53.       -0.1328642549       -0.1094506988
 154.  54.       -0.0180319477       -0.0668179276
 154.  55.       -0.0682638635        0.2596243405
 154.  56.       -0.2721182721       -0.3433482279
 154.  57.        0.1050111143       -0.0399355402
 154.  58.       -0.0199885675        0.2617512279
 154.  59.        0.0702896651       -0.2640025141
 154.  60.       -0.0737360649        0.1430672339
 154.  61.        0.0170456156        0.2080443722
 154.  62.       -0.1232565416       -0.1262646768
 154.  63.        0.1712717529       -0.1926034037
 154.  64.        0.0837790632        0.0422028636
 154.  65.       -0.1944931435       -0.0804269653
 154.  66.        0.0607499101        0.1764310453
 154.  67.        0.0225504250       -0.0861627460
 154.  68.       -0.1404703090        0.0739682935
 154.  69.        0.0682893399        0.0069010661
 154.  70.       -0.1670084679       -0.0490740243
 154.  71.        0.2524272307       -0.2302546509
 154.  72.       -0.1924202271        0.0252005590
 154.  73.        0.2115409419       -0.1675977240
 154.  74.        0.3513977882        0.3663780484
 154.  75.       -0.2318814485        0.1698207899
 154.  76.       -0.1065918411        0.1275741331
 154.  77.        0.1554719687        0.0567068594
 154.  78.        0.2382575641       -0.0823993918
 154.  79.       -0.2099319002        0.0693585195
 154.  80.        0.2019251005       -0.0753363431
 154.  81.       -0.0229425393        0.0500953647
 154.  82.        0.0687991870        0.0594666370
 154.  83.        0.1340954139       -0.0352178187
 154.  84.       -0.1086933327       -0.1690726539
 154.  85.       -0.0234312184       -0.3358364361
 154.  86.       -0.0274574574        0.1202756956
 154.  87.        0.0385296238        0.4136127727
 154.  88.       -0.2103477729        0.0430672454
 154.  89.        0.0583382167       -0.1822923106
 154.  90.        0.2857466946       -0.0242817162
 154.  91.        0.0386399297        0.0653112487
 154.  92.       -0.0764349576        0.0708668365
 154.  93.       -0.0429738261        0.0907199442
 154.  94.       -0.1637194531       -0.1205303875
 154.  95.       -0.0539187489        0.1244590929
 154.  96.        0.2277156415       -0.0354266348
 154.  97.       -0.1554847470       -0.2020945621
 154.  98.        0.0517930344       -0.1272279801
 154.  99.        0.0728739639       -0.1238578614
 154. 100.        0.1546749508       -0.1686043804
 154. 101.       -0.0775567878       -0.2442633709
 154. 102.        0.1444599041       -0.0896372081
 154. 103.       -0.2720938753        0.0480312812
 154. 104.        0.1652372016       -0.3995763601
 154. 105.        0.1651333848        0.2507583229
 154. 106.       -0.3223492015       -0.0730211957
 154. 107.        0.2853737067       -0.1549847579
 154. 108.        0.0662102953       -0.1038086158
 154. 109.       -0.2043782591       -0.1121446718
 154. 110.       -0.0509424161        0.0120380914
 154. 111.       -0.1905375877       -0.4987964624
 154. 112.        0.0001762530       -0.4657803306
 154. 113.        0.0326821824        0.1038913978
 154. 114.       -0.3362423092       -0.4830933323
 154. 115.        0.2876878111       -0.0226107749
 154. 116.       -0.1628421714       -0.0463066643
 154. 117.       -0.0023458396       -0.2405541422
 154. 118.       -0.0991437292        0.0505855970
 154. 119.        0.2313523027        0.0706582769
 154. 120.       -0.1340704942       -0.3182873402
 154. 121.        0.1426591736       -0.1029678939
 154. 122.       -0.0606660328        0.0254602671
 154. 123.        0.2958208413       -0.0577643690
 154. 124.        0.2038911217       -0.1205074755
 154. 125.       -0.1351567987        0.1848898086
 154. 126.       -0.2187723231        0.0550639633
 154. 127.       -0.1628641760        0.0332524315
 154. 128.        0.1024096428       -0.1116003397
 154. 129.        0.1964044991        0.1735650563
 154. 130.       -0.0975981152       -0.1706118915
 154. 131.       -0.0811555478       -0.2966221276
 154. 132.       -0.3601427763        0.2296533037
 154. 133.        0.0690603783        0.0872421069
 154. 134.        0.0236036530       -0.1268281070
 154. 135.       -0.0758949908       -0.0803943464
 154. 136.       -0.0283524656       -0.0410193251
 154. 137.       -0.1091482993       -0.3735119554
 154. 138.       -0.0174636236        0.3837515963
 154. 139.       -0.0501889159        0.3668564817
 154. 140.       -0.0468344711       -0.0951126898
 154. 141.        0.1052372162        0.3340576657
 154. 142.       -0.0540059827       -0.1452818439
 154. 143.       -0.0872643125       -0.0207484476
 154. 144.        0.0163940554        0.2125837489
 154. 145.        0.0329485967       -0.3570905319
 154. 146.        0.2635291680       -0.0509205566
 154. 147.       -0.2286456321       -0.1797632052
 154. 148.       -0.3806994856        0.0309638049
 154. 149.        0.1288397457       -0.1594718583
 154. 150.        0.2100311283       -0.0816893904
 154. 151.       -0.1821893954       -0.2112235483
 154. 152.        0.4047402557       -0.2444155319
 154. 153.        0.1744070641       -0.0113021043
 154. 154.       -0.0707030944       -0.1982037654
 155.   0.        0.2525109915        0.0000000000
 155.   1.        0.0391341047       -0.0737279666
 155.   2.       -0.1009546777       -0.1941906913
 155.   3.        0.0738491188       -0.0678952515
 155.   4.       -0.0476566628        0.1133091630
 155.   5.       -0.0638697866        0.0272038529
 155.   6.       -0.1278368256        0.0767304930
 155.   7.       -0.0614448229        0.1411939806
 155.   8.       -0.0221376451        0.0277574152
 155.   9.        0.0890970461       -0.1603395290
 155.  10.        0.0239058006       -0.0259565343
 155.  11.       -0.0676101209       -0.0221076971
 155.  12.       -0.0960520101        0.1615878756
 155.  13.        0.0637217854        0.2571581894
 155.  14.       -0.1235593926        0.0156839211
 155.  15.       -0.0928591638        0.1728698604
 155.  16.       -0.0147254486        0.0987089646
 155.  17.        0.2728409089        0.0411602791
 155.  18.       -0.0414211089       -0.1630742717
 155.  19.        0.0107173366       -0.3385876908
 155.  20.       -0.0830103376        0.0832427704
 155.  21.        0.0682751060        0.3072373608
 155.  22.        0.0757481339        0.1035943435
 155.  23.       -0.0418764921        0.1014305759
 155.  24.       -0.1155309375       -0.0541231809
 155.  25.       -0.2117847581        0.2900679163
 155.  26.        0.0288288534        0.0186686199
 155.  27.        0.0718926908       -0.0438620787
 155.  28.        0.0618257805       -0.2135269259
 155.  29.        0.2773317410       -0.1996819948
 155.  30.        0.1354854188        0.2101348975
 155.  31.       -0.2663580237       -0.0885427358
 155.  32.       -0.1294597433       -0.2236802531
 155.  33.       -0.0381640977        0.0445148940
 155.  34.        0.0880031265        0.1236405192
 155.  35.       -0.1557641154       -0.2017036431
 155.  36.        0.1261916005       -0.1809204851
 155.  37.        0.0938287712        0.1192737502
 155.  38.       -0.0496944373       -0.0699501066
 155.  39.       -0.0867960489       -0.2121086469
 155.  40.        0.1217456308       -0.0322535478
 155.  41.       -0.2488205463       -0.1366851724
 155.  42.        0.0346513466       -0.0255101297
 155.  43.        0.1402800219       -0.0371750340
 155.  44.       -0.0552651736       -0.2165041304
 155.  45.        0.0955341538       -0.0161500526
 155.  46.        0.0910607344       -0.0567325191
 155.  47.       -0.0083255079       -0.0227245287
 155.  48.       -0.2157079350       -0.0410911632
 155.  49.        0.1070014665        0.2521118972
 155.  50.       -0.1804652272        0.0436928440
 155.  51.        0.1042480830       -0.2174123471
 155.  52.        0.0071861058       -0.0931992618
 155.  53.       -0.3784141237        0.0767490557
 155.  54.       -0.1248005615        0.0091530865
 155.  55.        0.3140982947        0.2390568315
 155.  56.       -0.0671470825       -0.1791621375
 155.  57.        0.0980086783        0.0800187220
 155.  58.        0.0886605625        0.1527037559
 155.  59.       -0.1240987679       -0.0970634186
 155.  60.        0.0770053958        0.2017781717
 155.  61.        0.1812399627        0.1848108031
 155.  62.       -0.3351708768        0.1732326323
 155.  63.        0.1896219533       -0.0035424629
 155.  64.        0.1673021258       -0.2809131046
 155.  65.        0.0032080379        0.1391404600
 155.  66.        0.0994122860       -0.0981385854
 155.  67.        0.1946573916        0.1162742124
 155.  68.       -0.1062359469        0.2004487306
 155.  69.       -0.1371077634        0.1365442979
 155.  70.        0.0574800888        0.0263745881
 155.  71.        0.0665628074        0.0486667623
 155.  72.       -0.0692176865        0.0818508794
 155.  73.        0.1220338227        0.0438008576
 155.  74.        0.1790283634       -0.0925005810
 155.  75.       -0.1149723100        0.0044084304
 155.  76.       -0.3096453906       -0.3464443067
 155.  77.        0.0258721929       -0.2262695891
 155.  78.        0.1838892974       -0.3150346585
 155.  79.       -0.1382718603        0.1876649230
 155.  80.       -0.0374339241       -0.0624168372
 155.  81.       -0.1240382137       -0.2424618240
 155.  82.       -0.0448812580        0.0589331867
 155.  83.       -0.0737567707       -0.0400674568
 155.  84.        0.2120286052        0.1244103002
 155.  85.       -0.0666082791       -0.1542328437
 155.  86.        0.1371795708       -0.1641507803
 155.  87.        0.1525901512        0.0032993405
 155.  88.       -0.0349575102        0.0538021708
 155.  89.       -0.1043848785       -0.3449981675
 155.  90.        0.2024533894       -0.2321932169
 155.  91.       -0.0457505389       -0.0665055200
 155.  92.       -0.3095818085       -0.0463674775
 155.  93.       -0.1450265831       -0.0959665007
 155.  94.       -0.0693979493       -0.0871523203
 155.  95.       -0.0089898291        0.1217179467
 155.  96.        0.0894982597       -0.0500071835
 155.  97.       -0.3401729011        0.1353282445
 155.  98.        0.1166152520       -0.0909677580
 155.  99.        0.1292711632        0.0950052948
 155. 100.       -0.2075386174       -0.0020044969
 155. 101.        0.1538497626        0.0782655795
 155. 102.        0.1100241310        0.1820014913
 155. 103.       -0.0114757753       -0.2680902051
 155. 104.       -0.3019305479       -0.0082791749
 155. 105.        0.0367289096        0.1934780091
 155. 106.       -0.1933102660        0.3922052326
 155. 107.        0.1160794351        0.1120142492
 155. 108.       -0.0723988033       -0.0932766173
 155. 109.        0.3489715986        0.3938726706
 155. 110.       -0.2952426197        0.0830785743
 155. 111.        0.0303919732       -0.2527065270
 155. 112.       -0.1688301505        0.1269539097
 155. 113.       -0.0880375175        0.0291647251
 155. 114.        0.2816621962       -0.0225215363
 155. 115.       -0.1057741385        0.0682938288
 155. 116.       -0.0281348642        0.0597640435
 155. 117.        0.2126337558       -0.2432241453
 155. 118.       -0.1707531232        0.0929722466
 155. 119.       -0.1274239455       -0.4034095293
 155. 120.        0.0246889132        0.4124112272
 155. 121.       -0.2137354312        0.2142035907
 155. 122.       -0.0606792082        0.1166023400
 155. 123.        0.0088214308        0.1567587064
 155. 124.        0.2284250747       -0.1572517591
 155. 125.        0.1447626803       -0.1183823899
 155. 126.        0.2519492072       -0.0931230707
 155. 127.       -0.2235224958       -0.0850304951
 155. 128.       -0.0296369216       -0.1513064580
 155. 129.        0.1253394043       -0.1684243861
 155. 130.       -0.3245370511       -0.3046217018
 155. 131.       -0.2793060518       -0.1238040900
 155. 132.        0.4577032297        0.2126236742
 155. 133.       -0.2887357372        0.1684571180
 155. 134.       -0.2766768105        0.3048464377
 155. 135.        0.0223697381        0.2880415956
 155. 136.        0.0578778765        0.2630405224
 155. 137.        0.1644304446       -0.2285216856
 155. 138.        0.1783817518        0.4906050378
 155. 139.        0.1493247881        0.0078941740
 155. 140.        0.0246458427        0.1670765910
 155. 141.        0.2495404575       -0.1582915626
 155. 142.        0.0795484969        0.1745870891
 155. 143.        0.4623104666        0.3892666782
 155. 144.       -0.0058226973        0.2059814178
 155. 145.       -0.0502981175       -0.1380826947
 155. 146.       -0.1775773089       -0.1338557952
 155. 147.       -0.3440130149        0.0440645243
 155. 148.        0.2028062522       -0.1406090551
 155. 149.        0.0196127594        0.0501691319
 155. 150.       -0.0692014252        0.3091480256
 155. 151.        0.2354502121       -0.1499892966
 155. 152.        0.1878179980        0.0038869682
 155. 153.       -0.3054041870       -0.0453410610
 155. 154.       -0.1497629181        0.1188250414
 155. 155.       -0.2898655658       -0.4674047055
 156.   0.        0.0177813046        0.0000000000
 156.   1.        0.0000711514        0.0302819012
 156.   2.       -0.0766340067       -0.0763372211
 156.   3.       -0.3014421699       -0.0132236152
 156.   4.        0.1095390533       -0.0817329476
 156.   5.        0.0178550853        0.0002142434
 156.   6.       -0.1345925989       -0.2438522644
 156.   7.        0.2013414598        0.0866937630
 156.   8.        0.1478087512        0.1100584756
 156.   9.       -0.1948219487       -0.0132814881
 156.  10.       -0.0547261942       -0.0111073912
 156.  11.       -0.1157871650        0.0948029422
 156.  12.       -0.0394503551        0.2072636804
 156.  13.       -0.0940186546       -0.0360816137
 156.  14.        0.0329131055       -0.0418304263
 156.  15.       -0.0865630309       -0.0878629772
 156.  16.        0.0653040585       -0.0717732895
 156.  17.        0.1351699524       -0.1003515072
 156.  18.       -0.2993790459       -0.0737488671
 156.  19.        0.0309169428       -0.1344080503
 156.  20.       -0.0671861769        0.0912687627
 156.  21.        0.0678931129       -0.2029701984
 156.  22.       -0.0726029217        0.0824299078
 156.  23.        0.1480319984        0.0187370830
 156.  24.        0.0127463016        0.0021399472
 156.  25.        0.0533309322       -0.0970786065
 156.  26.       -0.3478933121       -0.1262745888
 156.  27.        0.1300261511       -0.0287252157
 156.  28.       -0.1392865877        0.0042949021
 156.  29.       -0.0234591385        0.1215837915
 156.  30.       -0.0419030068       -0.2058838543
 156.  31.        0.1290508665       -0.0340201497
 156.  32.        0.0680271247        0.0984579653
 156.  33.        0.1031407227       -0.2844355596
 156.  34.        0.2184749974       -0.1711827962
 156.  35.       -0.1979675764        0.1154816240
 156.  36.       -0.1418036971       -0.0567370154
 156.  37.       -0.2494584889       -0.2343427067
 156.  38.        0.0062348197        0.0220263309
 156.  39.        0.1607473619        0.2113756714
 156.  40.        0.0476979243       -0.1989607248
 156.  41.       -0.1476434098        0.1163910605
 156.  42.       -0.0453883669        0.1268487350
 156.  43.        0.0549571343       -0.0408765860
 156.  44.       -0.2170737849       -0.0100691534
 156.  45.        0.0471948748        0.0191620465
 156.  46.       -0.0609853258        0.1843013379
 156.  47.        0.2358174960        0.1735831296
 156.  48.        0.0218902402        0.0048191785
 156.  49.        0.0239959145       -0.0922150244
 156.  50.       -0.0889004504        0.1535948165
 156.  51.       -0.2584241194        0.0589207348
 156.  52.        0.0934375563       -0.1143079870
 156.  53.        0.1850059524       -0.0732851961
 156.  54.        0.0523203083        0.0216418679
 156.  55.       -0.0156463328       -0.1302470270
 156.  56.        0.2821783187        0.1045660268
 156.  57.        0.0682174251       -0.3065630094
 156.  58.       -0.1062167130       -0.1105931068
 156.  59.        0.0674901106        0.2805360374
 156.  60.       -0.0118400019       -0.0617482998
 156.  61.        0.1821791747        0.1861465908
 156.  62.       -0.1979888853       -0.1415473602
 156.  63.       -0.0005186023       -0.0217130893
 156.  64.        0.0825747953       -0.2093741220
 156.  65.        0.1298341209       -0.0746083486
 156.  66.        0.0335653327        0.0894461689
 156.  67.        0.0363005474       -0.0138435673
 156.  68.        0.1894935569       -0.0245600915
 156.  69.       -0.4269990967       -0.1332147031
 156.  70.        0.0282273149       -0.1546574232
 156.  71.       -0.2385151324        0.2237592059
 156.  72.       -0.1258870619        0.1544923768
 156.  73.        0.1638776526        0.0490890018
 156.  74.       -0.0419474023       -0.1840639363
 156.  75.        0.1801000646        0.0724597164
 156.  76.       -0.0326299832        0.0155568000
 156.  77.       -0.0972527935       -0.2473754128
 156.  78.        0.0221637706       -0.0214420731
 156.  79.        0.2011675137       -0.0121505338
 156.  80.       -0.0841922530        0.1799930154
 156.  81.       -0.1988919462       -0.1408602691
 156.  82.        0.0524787497        0.1777083884
 156.  83.       -0.1033521185       -0.0483327692
 156.  84.       -0.0031561999       -0.0818829380
 156.  85.        0.0252622739       -0.2017796157
 156.  86.        0.2004286206        0.2396425412
 156.  87.        0.3998170621       -0.0348139759
 156.  88.        0.3872506098        0.0861416515
 156.  89.       -0.1688171181        0.2381116921
 156.  90.       -0.1486954663        0.0061919739
 156.  91.       -0.1138464815       -0.2198107782
 156.  92.        0.3918903472       -0.0582895661
 156.  93.        0.0416256063        0.2219349493
 156.  94.       -0.1536863359       -0.2231235131
 156.  95.        0.2288539099        0.0333770656
 156.  96.       -0.2806670078        0.2383391691
 156.  97.       -0.2189607576        0.2296282735
 156.  98.        0.0931778841       -0.0465672309
 156.  99.        0.0894229562        0.0293923432
 156. 100.        0.0141964361        0.2772944012
 156. 101.        0.0372669351        0.3993384434
 156. 102.        0.1493599140        0.0819883797
 156. 103.        0.0967325351        0.0613763897
 156. 104.        0.0685685930        0.2593107209
 156. 105.        0.0755598075       -0.0029932673
 156. 106.       -0.2238108010       -0.0025292821
 156. 107.       -0.3099454376        0.0393150375
 156. 108.        0.0926901462        0.0374441931
 156. 109.       -0.0179807250        0.0361221516
 156. 110.        0.1849073229       -0.0358840254
 156. 111.        0.2367716592        0.1408387666
 156. 112.       -0.0350611122       -0.1837748207
 156. 113.        0.0113805966       -0.3627959711
 156. 114.       -0.1499945176       -0.0082756067
 156. 115.        0.4431686109       -0.1586136692
 156. 116.       -0.0998048870        0.0975669305
 156. 117.        0.0483835076        0.2139997929
 156. 118.       -0.0385818125       -0.2215946194
 156. 119.       -0.1636538551        0.0091595543
 156. 120.       -0.1394212706        0.0138403358
 156. 121.       -0.1312775698       -0.2604075859
 156. 122.        0.4174727289        0.1733999637
 156. 123.       -0.0680349245        0.0972132031
 156. 124.        0.0822879588        0.2928558643
 156. 125.        0.0893418691        0.0892745862
 156. 126.       -0.0096750567        0.1476911031
 156. 127.        0.2993567951        0.1199000914
 156. 128.       -0.0255825168        0.0813597502
 156. 129.       -0.0171000851       -0.2763754652
 156. 130.       -0.2538602944        0.2271220676
 156. 131.       -0.0762819662        0.4031671787
 156. 132.       -0.0581572417        0.0382832988
 156. 133.       -0.0095478816        0.0238668241
 156. 134.        0.0020372366        0.2627324796
 156. 135.       -0.3649479550        0.1976897470
 156. 136.       -0.1234783135        0.1120854947
 156. 137.       -0.3029897684        0.0028118510
 156. 138.       -0.2779788386       -0.0407236782
 156. 139.        0.0509539601       -0.0561942493
 156. 140.        0.2009036381        0.0126248420
 156. 141.        0.1835710606       -0.0847449123
 156. 142.       -0.0062768123       -0.1431843165
 156. 143.        0.0065629009        0.0327151725
 156. 144.       -0.0770004991       -0.0137053925
 156. 145.       -0.2158464092        0.1377410230
 156. 146.       -0.2096819351       -0.3100057596
 156. 147.       -0.1025023311        0.0690154643
 156. 148.        0.1013818859       -0.1978923384
 156. 149.       -0.0209948214       -0.0527774739
 156. 150.        0.4109281322        0.1222321989
 156. 151.        0.1927698501       -0.4425768119
 156. 152.        0.5436292109        0.2334433127
 156. 153.       -0.3141997858       -0.0946306260
 156. 154.       -0.1872701145       -0.0586780723
 156. 155.        0.0513834436        0.1370216119
 156. 156.       -0.2899619074        0.3882115966
 157.   0.       -0.1828537907        0.0000000000
 157.   1.        0.1692315399        0.0948348556
 157.   2.        0.1243130263        0.2382008485
 157.   3.       -0.0781886085        0.1280006362
 157.   4.       -0.0382668556       -0.0962819358
 157.   5.        0.0442527553       -0.2959202895
 157.   6.        0.0070645388        0.0014039397
 157.   7.        0.0117696868       -0.0054674350
 157.   8.       -0.1280918125       -0.0462469537
 157.   9.        0.1466204543        0.2303629955
 157.  10.        0.0350377630       -0.0068494678
 157.  11.       -0.0177406945       -0.2883339449
 157.  12.        0.0949907758       -0.0754080862
 157.  13.        0.1111785843        0.0392218775
 157.  14.        0.0812254959       -0.1480806885
 157.  15.       -0.1021346757       -0.0107580171
 157.  16.       -0.0160056662        0.0112513254
 157.  17.       -0.2637520244        0.1782077423
 157.  18.        0.1271415734       -0.1478723542
 157.  19.       -0.0625276231        0.1205435483
 157.  20.       -0.0008092592       -0.0526529724
 157.  21.        0.0062335511       -0.0806567624
 157.  22.        0.0211707805        0.0739633278
 157.  23.        0.0692424716       -0.0415727883
 157.  24.        0.0728006045        0.1014821532
 157.  25.        0.0362470475       -0.2182002926
 157.  26.        0.1598589211        0.0076953675
 157.  27.       -0.2304473929       -0.0205097100
 157.  28.       -0.0674203913        0.1500551256
 157.  29.       -0.2079054623        0.1128050617
 157.  30.        0.1673804693       -0.1461702204
 157.  31.        0.1294690150        0.1970216347
 157.  32.       -0.0347812114        0.0758538103
 157.  33.        0.2480683781       -0.0347890996
 157.  34.       -0.1019295981        0.0442479735
 157.  35.        0.1747931390        0.0156324623
 157.  36.       -0.1622747970        0.1489399225
 157.  37.       -0.0840452278       -0.0579364300
 157.  38.        0.2108351164        0.1455630770
 157.  39.        0.0415384724        0.1100483439
 157.  40.        0.0868820979       -0.1346693144
 157.  41.        0.0331445070        0.2627165723
 157.  42.        0.0119443878        0.2469058641
 157.  43.        0.0156075428        0.0175463146
 157.  44.       -0.1749557111        0.1924555184
 157.  45.        0.0142048737        0.1039860991
 157.  46.        0.0604650102        0.0979820705
 157.  47.       -0.0760951948        0.0013276225
 157.  48.        0.0202391335       -0.0211570418
 157.  49.       -0.0270859001       -0.1976878606
 157.  50.        0.0134363906       -0.0822420310
 157.  51.       -0.1971177626        0.2636533836
 157.  52.        0.0987292171       -0.0865501826
 157.  53.        0.1124304050        0.1300797274
 157.  54.       -0.3129924919        0.0206164716
 157.  55.       -0.0304996643       -0.2016474481
 157.  56.        0.1006537834       -0.1721383929
 157.  57.       -0.2057247006       -0.1419720615
 157.  58.        0.1976852827       -0.1915477260
 157.  59.        0.2287476581       -0.0935301035
 157.  60.       -0.0867694729        0.0663279559
 157.  61.        0.0644387841        0.1230898979
 157.  62.       -0.1605698700        0.0387331317
 157.  63.       -0.1270788774        0.0005980521
 157.  64.       -0.0017657013       -0.1050616339
 157.  65.        0.2568535608       -0.2541246175
 157.  66.       -0.0458327163        0.2519543646
 157.  67.       -0.0787262702       -0.0460812213
 157.  68.        0.4288279388       -0.1845773971
 157.  69.        0.1471039485        0.0298794206
 157.  70.        0.0907549914       -0.1850318768
 157.  71.       -0.0916711341       -0.2883665423
 157.  72.        0.0421323591        0.1952789710
 157.  73.       -0.0559348225        0.0471047302
 157.  74.        0.0686319486       -0.1270179494
 157.  75.        0.0076953588        0.0405874048
 157.  76.       -0.0286779268        0.3743761169
 157.  77.       -0.0543060826       -0.2429782724
 157.  78.       -0.2210748856       -0.0550753007
 157.  79.        0.1024551033       -0.3084722837
 157.  80.        0.2373791549        0.0708014853
 157.  81.        0.0313430297       -0.0042995974
 157.  82.       -0.2164809879       -0.0787820200
 157.  83.        0.1023091507        0.0904538203
 157.  84.       -0.0793217938       -0.1726307609
 157.  85.        0.1487901527        0.0530618158
 157.  86.       -0.0807076025        0.0201489615
 157.  87.       -0.0900194187        0.2952319307
 157.  88.        0.0017252415        0.0969963907
 157.  89.       -0.1081291455        0.1151663634
 157.  90.        0.1520987638       -0.1786531745
 157.  91.       -0.0290018873        0.1614717477
 157.  92.        0.3561342556        0.1093399273
 157.  93.        0.1963056343        0.2414749587
 157.  94.       -0.1984714025       -0.1338971974
 157.  95.        0.1999910597       -0.2544749334
 157.  96.       -0.0387220849        0.0169776842
 157.  97.        0.0872886842        0.0652496878
 157.  98.       -0.0815337887       -0.1455683262
 157.  99.        0.1705621952        0.1033993595
 157. 100.        0.0672868479       -0.3092941963
 157. 101.       -0.3365264098        0.1159493747
 157. 102.       -0.0637460868        0.1253112656
 157. 103.       -0.1031860100       -0.1328595242
 157. 104.        0.1042990285        0.0312979001
 157. 105.       -0.1215431501       -0.0462982929
 157. 106.        0.2329266985        0.0788833256
 157. 107.        0.0108941939        0.0967005263
 157. 108.       -0.3174312289        0.0888522715
 157. 109.       -0.3088553443       -0.0550142335
 157. 110.        0.2187579378       -0.2457109943
 157. 111.       -0.1310325954        0.0974147873
 157. 112.       -0.1057025572       -0.0007632139
 157. 113.       -0.1496034370        0.1303605108
 157. 114.        0.0800842728       -0.1166812735
 157. 115.        0.3183587131        0.1836536075
 157. 116.       -0.2692602800       -0.0537297697
 157. 117.        0.0665195930        0.0606809413
 157. 118.       -0.2015474656        0.0532629245
 157. 119.        0.2217020835       -0.0923651940
 157. 120.       -0.0234727515       -0.1163310576
 157. 121.       -0.0063273989        0.1174894965
 157. 122.        0.2010892197       -0.1750303511
 157. 123.       -0.4306259888        0.2552251938
 157. 124.        0.1992477744       -0.1902425174
 157. 125.       -0.0226190356       -0.0835650990
 157. 126.       -0.0602720294       -0.0402190631
 157. 127.       -0.1165379281        0.1569095236
 157. 128.       -0.4441103469        0.2885557227
 157. 129.       -0.0009154347        0.0101589667
 157. 130.        0.0192739763        0.4012713056
 157. 131.       -0.0882981806       -0.2163263547
 157. 132.       -0.2129975159        0.0927565287
 157. 133.        0.0040936963       -0.0140816746
 157. 134.       -0.0497808832        0.0147335623
 157. 135.       -0.3976765670       -0.0960888795
 157. 136.        0.1873729728       -0.1498524606
 157. 137.       -0.1855105328        0.1545463580
 157. 138.       -0.1439896661        0.0638025067
 157. 139.        0.1296579046       -0.1963162721
 157. 140.        0.0872301018       -0.1731609776
 157. 141.        0.4213351012       -0.1192226600
 157. 142.       -0.2077155697       -0.0921170003
 157. 143.        0.1160715761       -0.2400998279
 157. 144.       -0.0015247226        0.2504090359
 157. 145.        0.0901221098        0.1111232997
 157. 146.       -0.0965657672       -0.1655236915
 157. 147.       -0.0513368988        0.1551438527
 157. 148.        0.4514527908       -0.1334096511
 157. 149.        0.0504352941       -0.5790698071
 157. 150.       -0.2395594733        0.0384346522
 157. 151.       -0.1514464665       -0.0603624698
 157. 152.       -0.2680600005       -0.0901620085
 157. 153.        0.0670178938        0.0165847327
 157. 154.       -0.0742294836        0.0913924752
 157. 155.        0.2246751363        0.2418648662
 157. 156.        0.2881902464       -0.3500669035
 157. 157.        0.0398256489       -0.2288992184
 158.   0.        0.1131074335        0.0000000000
 158.   1.        0.0931550943       -0.0326479141
 158.   2.        0.1476087314        0.1886887007
 158.   3.        0.1930666911       -0.0928545901
 158.   4.        0.0231874302       -0.0758868704
 158.   5.       -0.0657172520        0.1680873594
 158.   6.        0.1192489748        0.1680609479
 158.   7.        0.0059100588       -0.1092340139
 158.   8.        0.0863791537        0.0629868448
 158.   9.        0.1108303444        0.0309475757
 158.  10.        0.0967515617        0.0898128171
 158.  11.       -0.0600722380       -0.0525561956
 158.  12.       -0.1272163422       -0.2333867022
 158.  13.        0.1310576985        0.0506027448
 158.  14.       -0.1647005746        0.0555597218
 158.  15.        0.0410716379        0.0611489088
 158.  16.       -0.0271747194       -0.0100138744
 158.  17.       -0.2856982007        0.1488492701
 158.  18.        0.0150442914        0.1530519233
 158.  19.       -0.1297560935        0.1676087143
 158.  20.       -0.2047788275       -0.0163809839
 158.  21.       -0.0981823546        0.1127271747
 158.  22.       -0.0333516767       -0.0335557677
 158.  23.       -0.1182014338       -0.0259184494
 158.  24.        0.0969625157       -0.1079508278
 158.  25.        0.0677209765       -0.1205851914
 158.  26.        0.3290838365        0.0670536858
 158.  27.       -0.0234729745        0.0722183276
 158.  28.        0.0752768983        0.0158332793
 158.  29.       -0.2162169406       -0.1223906277
 158.  30.        0.0442949041        0.1961575084
 158.  31.        0.0511181300       -0.0365850043
 158.  32.        0.0474600886       -0.0701868517
 158.  33.       -0.0389344774        0.1096124424
 158.  34.       -0.1179065694        0.2268270229
 158.  35.        0.1498076682        0.0870301762
 158.  36.        0.1040205145       -0.0236762910
 158.  37.       -0.0146824322        0.3345459584
 158.  38.       -0.0290567467       -0.0226077601
 158.  39.       -0.0604599426       -0.0775086955
 158.  40.        0.0322889135        0.0412958031
 158.  41.       -0.1330249124       -0.0411164701
 158.  42.       -0.0275154964        0.2558806863
 158.  43.        0.0578272090        0.0346059769
 158.  44.        0.0170959024       -0.2136978403
 158.  45.       -0.0901714687        0.2983597384
 158.  46.       -0.1567136819       -0.0085585319
 158.  47.       -0.1786473720        0.0705584524
 158.  48.        0.1574477821       -0.0325798604
 158.  49.       -0.0105717326       -0.0734813118
 158.  50.       -0.0537505323       -0.2953314025
 158.  51.       -0.0061774044        0.0542182227
 158.  52.       -0.1314997509       -0.0161472518
 158.  53.       -0.1085236394       -0.0827913510
 158.  54.       -0.0424336399       -0.0237689582
 158.  55.        0.1276311375       -0.0317843349
 158.  56.        0.0923425210       -0.1771573902
 158.  57.       -0.0093148409       -0.1173291178
 158.  58.        0.0371620776        0.0348651314
 158.  59.        0.0431193637       -0.2032291389
 158.  60.       -0.1020449918       -0.1202809270
 158.  61.       -0.2338161887        0.2569367782
 158.  62.        0.0023779356       -0.0379378043
 158.  63.        0.2407601456       -0.0961177035
 158.  64.       -0.0576366530       -0.0132443458
 158.  65.       -0.0746286946       -0.0650137328
 158.  66.       -0.0573123353       -0.0608721379
 158.  67.       -0.3050714044        0.1255605865
 158.  68.        0.0500016099        0.0358151683
 158.  69.        0.1203901287       -0.2225744848
 158.  70.       -0.0356061644       -0.1373336139
 158.  71.        0.0797977327       -0.0013949550
 158.  72.        0.0532035676        0.0612125996
 158.  73.        0.0580720849        0.0920780607
 158.  74.       -0.1871935587        0.1782293673
 158.  75.        0.0855983461       -0.1704435099
 158.  76.        0.0357603818        0.1017772850
 158.  77.       -0.2359713505        0.2083306617
 158.  78.        0.0400960150        0.0951979416
 158.  79.        0.0661811840       -0.0240042066
 158.  80.        0.1465905040        0.0103730213
 158.  81.       -0.1137301190        0.1444932702
 158.  82.        0.0263083875        0.1067975893
 158.  83.       -0.0949128769        0.0070123676
 158.  84.        0.1612893793       -0.0144632955
 158.  85.        0.1153106494        0.1351548204
 158.  86.        0.1541210379        0.0259908829
 158.  87.        0.0500431206       -0.2452262252
 158.  88.       -0.0354907374        0.4282536174
 158.  89.       -0.1161209863       -0.2166852016
 158.  90.        0.0521495912       -0.0827471414
 158.  91.       -0.1548495433        0.0140236764
 158.  92.        0.3520339934       -0.3248485120
 158.  93.        0.1142067760        0.1919789832
 158.  94.        0.2933015171       -0.1321220482
 158.  95.        0.0332039746       -0.1177074617
 158.  96.       -0.0380667061       -0.3265218873
 158.  97.        0.0955381463       -0.1096685394
 158.  98.       -0.2366162432        0.0471984446
 158.  99.       -0.0727022698       -0.2165426704
 158. 100.       -0.0483407422        0.0722359127
 158. 101.        0.0532899678       -0.1030782381
 158. 102.       -0.1738430862        0.2385762219
 158. 103.        0.0480171950        0.2679778996
 158. 104.       -0.0773068851        0.2193847076
 158. 105.       -0.0588620488       -0.0499518253
 158. 106.       -0.1243360461       -0.0887468428
 158. 107.        0.2760843889       -0.0714162096
 158. 108.        0.0876381259       -0.0449103344
 158. 109.       -0.0242211682        0.2404590311
 158. 110.       -0.2438025978       -0.4264464087
 158. 111.       -0.1017582683       -0.0718683778
 158. 112.       -0.0989915369        0.2417348511
 158. 113.       -0.1583917555        0.1450158536
 158. 114.        0.0615712716        0.1936194043
 158. 115.        0.1508576322        0.1165002368
 158. 116.       -0.0154785724        0.0976618606
 158. 117.        0.1428400008        0.0974987532
 158. 118.       -0.2236228245       -0.3030501654
 158. 119.        0.3362814714        0.0896893802
 158. 120.        0.0945404628       -0.3857598751
 158. 121.       -0.2025988598       -0.2327359756
 158. 122.        0.0494185459        0.1996063244
 158. 123.        0.1163476563        0.0990556432
 158. 124.       -0.5163792462        0.0214502169
 158. 125.        0.0924097265        0.2244172620
 158. 126.        0.0842140674       -0.1906814333
 158. 127.       -0.2083080180       -0.3814074110
 158. 128.       -0.0616381305        0.2793116925
 158. 129.       -0.2138492764        0.0885165445
 158. 130.        0.0101176993        0.2612985952
 158. 131.       -0.1914724781       -0.1207104359
 158. 132.       -0.1343861636        0.0317788856
 158. 133.       -0.2451848498        0.1921630723
 158. 134.       -0.2626590478       -0.2277694856
 158. 135.       -0.1038326744        0.0186693198
 158. 136.        0.0943715539       -0.2019957991
 158. 137.       -0.0021519352        0.0525313619
 158. 138.       -0.1936715113        0.3724205454
 158. 139.        0.1485283346       -0.1145831103
 158. 140.        0.0678881038       -0.5099224464
 158. 141.       -0.1774368001        0.0082170887
 158. 142.        0.1058078751        0.1202712081
 158. 143.       -0.1187261993        0.0624663930
 158. 144.        0.0375046519       -0.5814351171
 158. 145.       -0.1569150602       -0.0998697565
 158. 146.        0.3755832168        0.0925451544
 158. 147.       -0.2116050328       -0.0178178723
 158. 148.       -0.0324203441       -0.3180065450
 158. 149.        0.1729702317        0.3425665574
 158. 150.       -0.0942249496        0.1195393181
 158. 151.        0.1927524828       -0.0430027137
 158. 152.        0.1160464263       -0.0033285244
 158. 153.       -0.1880381693        0.2344314554
 158. 154.       -0.1121975401        0.5399882624
 158. 155.        0.0873561980       -0.0442733723
 158. 156.       -0.3072669202        0.0336253692
 158. 157.       -0.3126720053        0.0710446268
 158. 158.       -0.1268443720       -0.1859303733
 159.   0.       -0.1073541694        0.0000000000
 159.   1.       -0.2455770789       -0.0668614388
 159.   2.       -0.0731373876       -0.1291681084
 159.   3.        0.1243963746       -0.0754127632
 159.   4.        0.0020513914        0.0601772723
 159.   5.       -0.1225520815        0.2847041728
 159.   6.        0.0885565161        0.0281267478
 159.   7.        0.1145031153        0.0196670293
 159.   8.        0.1457817748        0.1233903612
 159.   9.       -0.0809632284       -0.1499630101
 159.  10.       -0.0625575951        0.1259698484
 159.  11.        0.0436051458        0.0749105199
 159.  12.        0.0073780410       -0.0299936145
 159.  13.       -0.2265275531       -0.0518137288
 159.  14.        0.0250033973        0.0210853328
 159.  15.        0.1545327182        0.0625462997
 159.  16.        0.0348725688       -0.0571121191
 159.  17.        0.0620532974       -0.0597633670
 159.  18.       -0.0214869739        0.0497747259
 159.  19.        0.0130000990        0.0694740251
 159.  20.        0.0418976736        0.0161608862
 159.  21.       -0.0582863988       -0.1891568438
 159.  22.        0.0656959249       -0.2330016485
 159.  23.       -0.1062839350        0.1552031747
 159.  24.       -0.1296908084        0.0111916944
 159.  25.        0.1468555419        0.0951400628
 159.  26.       -0.1468424688        0.0642346296
 159.  27.        0.1117711443        0.0036039971
 159.  28.        0.0057421123       -0.0837140481
 159.  29.       -0.0077890532       -0.0958608550
 159.  30.       -0.1104385288        0.2415690421
 159.  31.       -0.0323017947       -0.1084645944
 159.  32.       -0.0259067501        0.1035718234
 159.  33.       -0.1960914413       -0.0560036407
 159.  34.        0.0711488220       -0.0544295592
 159.  35.       -0.1617150201       -0.0905901009
 159.  36.       -0.0491982152        0.0581253902
 159.  37.        0.1430868876       -0.1382504245
 159.  38.       -0.1370549544       -0.2548006642
 159.  39.        0.1163079188       -0.2460712689
 159.  40.        0.2002790963        0.1164868897
 159.  41.       -0.0369170525       -0.0584990362
 159.  42.       -0.2112144015       -0.0301931092
 159.  43.        0.0501147937       -0.0206463112
 159.  44.        0.0050624176       -0.2063746504
 159.  45.        0.2358758841       -0.0315395923
 159.  46.        0.0687625827        0.1324240754
 159.  47.       -0.0860435901        0.1794302734
 159.  48.       -0.1166315847        0.0425439126
 159.  49.       -0.0426315252        0.1103904295
 159.  50.       -0.0728068957       -0.0825934736
 159.  51.       -0.2191391134       -0.0096512375
 159.  52.        0.0387434500        0.1847946717
 159.  53.        0.1589362501       -0.1163708320
 159.  54.        0.0708850523        0.0204955977
 159.  55.        0.1198374815        0.0093423016
 159.  56.       -0.1020378169       -0.2862122651
 159.  57.        0.3347689081        0.0386709986
 159.  58.       -0.3477158669       -0.0189882905
 159.  59.       -0.0115838758       -0.0219869359
 159.  60.        0.1101480209        0.1222654860
 159.  61.        0.0444932124        0.1394575390
 159.  62.        0.1211553888       -0.0120149839
 159.  63.        0.2431192921       -0.1559546112
 159.  64.       -0.1057240514        0.0773977558
 159.  65.       -0.0839271952        0.0574403930
 159.  66.        0.1491840297        0.0465433265
 159.  67.        0.0649676343       -0.0322377299
 159.  68.       -0.1079001333        0.0636634357
 159.  69.       -0.1848364637       -0.0498601034
 159.  70.        0.1967880443        0.0704513150
 159.  71.       -0.0927824811        0.2746836940
 159.  72.        0.0383520790       -0.0216404165
 159.  73.        0.1753009563        0.1020276041
 159.  74.        0.2214668210        0.1469062255
 159.  75.        0.1710201556        0.1680816623
 159.  76.        0.0695349714       -0.0902612127
 159.  77.       -0.1560032666       -0.1185601166
 159.  78.        0.0713181346        0.1091611464
 159.  79.       -0.0591347843        0.2597469651
 159.  80.        0.0678091300       -0.2949103906
 159.  81.       -0.0888546213        0.1057747675
 159.  82.       -0.0882948041        0.3749470155
 159.  83.        0.0570323816        0.0187543418
 159.  84.       -0.1800638233        0.4353935674
 159.  85.        0.0021445817       -0.0577954404
 159.  86.        0.1704902942        0.0601506863
 159.  87.        0.1518865356       -0.0314186727
 159.  88.        0.1384138771       -0.1393606334
 159.  89.        0.2108397891        0.2030123812
 159.  90.       -0.1456318596        0.0231985323
 159.  91.        0.2096397369        0.1533718244
 159.  92.       -0.0551230680        0.0063082393
 159.  93.        0.2284197913       -0.0792858359
 159.  94.       -0.0890206652        0.1185427337
 159.  95.       -0.3332996182       -0.1753365670
 159.  96.        0.0725867728        0.1216053674
 159.  97.       -0.0875578617       -0.2738901358
 159.  98.       -0.2918202200       -0.1123026365
 159.  99.       -0.1156199909        0.1146675291
 159. 100.        0.2692647409        0.1299988274
 159. 101.        0.1739811709       -0.0248073014
 159. 102.        0.0636543884       -0.4307417242
 159. 103.        0.0684407532        0.1359882605
 159. 104.        0.0102242674       -0.2533044145
 159. 105.        0.0176039462        0.0108822395
 159. 106.       -0.1979356422        0.3398592706
 159. 107.       -0.0259422157       -0.2553946022
 159. 108.       -0.0096047694       -0.0670568876
 159. 109.       -0.1686759169        0.0539359982
 159. 110.        0.2458359868        0.0917464781
 159. 111.       -0.2393483755        0.0214611520
 159. 112.        0.1560240788       -0.2370764080
 159. 113.        0.0850810886       -0.0345609176
 159. 114.       -0.1263136542        0.0908462909
 159. 115.       -0.1109459151       -0.0129863677
 159. 116.       -0.0387046788       -0.0409093715
 159. 117.       -0.0431785171       -0.1924019590
 159. 118.       -0.1733173844       -0.0038064672
 159. 119.       -0.4639340922       -0.0897955934
 159. 120.       -0.1223671404        0.1531788747
 159. 121.        0.0872895295        0.0618987629
 159. 122.       -0.0074098910       -0.0486076500
 159. 123.       -0.1636909273       -0.3355382391
 159. 124.        0.0348922566       -0.0498101139
 159. 125.        0.0402407290       -0.1961423947
 159. 126.       -0.2893249722        0.0084343072
 159. 127.       -0.1627762729       -0.2742095246
 159. 128.       -0.3412220487        0.1003864504
 159. 129.       -0.1917869477        0.2311455995
 159. 130.       -0.4178287664        0.1050684888
 159. 131.       -0.0052848949        0.2288021653
 159. 132.        0.0963659552       -0.1236673294
 159. 133.       -0.1467673136       -0.2695154573
 159. 134.       -0.0720980284       -0.3013377950
 159. 135.       -0.3627587467        0.0898019083
 159. 136.        0.4080567262       -0.3809589072
 159. 137.       -0.1866142579        0.1191349131
 159. 138.       -0.2355555906       -0.1406574537
 159. 139.       -0.3212624215       -0.2034228171
 159. 140.       -0.1884914336       -0.1444596396
 159. 141.        0.0269800114       -0.1116899403
 159. 142.        0.0459859333        0.0010318167
 159. 143.       -0.1048588546       -0.1760958894
 159. 144.       -0.2969838563       -0.4709839594
 159. 145.       -0.1342502322       -0.2688780645
 159. 146.        0.0654304956        0.1802325783
 159. 147.       -0.2643723225        0.0409779670
 159. 148.       -0.1481096564        0.2612608352
 159. 149.        0.0166343376       -0.1886502250
 159. 150.        0.5083895380        0.0122102539
 159. 151.        0.1404012085       -0.4709993491
 159. 152.       -0.0174788799       -0.3701760216
 159. 153.       -0.2472355543       -0.1772189961
 159. 154.       -0.1833287481        0.5180135826
 159. 155.        0.4834734733        0.0610159508
 159. 156.        0.3758439338        0.1716725598
 159. 157.       -0.0370481794        0.2170291797
 159. 158.       -0.3952129515       -0.1526745408
 159. 159.        0.1783081469        0.1586976780
 160.   0.        0.0223379908        0.0000000000
 160.   1.        0.0250277905       -0.0297656981
 160.   2.       -0.0712772328       -0.0813816900
 160.   3.       -0.0173639360        0.0012444468
 160.   4.       -0.1276117552        0.1569228027
 160.   5.       -0.0528172205       -0.2007872884
 160.   6.        0.0145821853        0.0555339198
 160.   7.       -0.0328241384       -0.1243655768
 160.   8.       -0.0385621282       -0.2896628966
 160.   9.        0.0185105550        0.0260072128
 160.  10.       -0.0571666478       -0.1949446660
 160.  11.        0.0582131354       -0.0348519855
 160.  12.        0.1620942169        0.2414686774
 160.  13.       -0.0372480733       -0.0553347537
 160.  14.        0.2857096759       -0.0039897452
 160.  15.        0.0399594150       -0.1520335385
 160.  16.       -0.0884579733       -0.0617184775
 160.  17.        0.2027137957       -0.0530448501
 160.  18.        0.1377398362       -0.1566152378
 160.  19.       -0.0035449423       -0.0872535786
 160.  20.        0.1800037808       -0.0056379162
 160.  21.        0.1136672899        0.0926242350
 160.  22.        0.0810950623        0.0396026613
 160.  23.        0.1738203704        0.0670182736
 160.  24.        0.0771472517       -0.0326776203
 160.  25.       -0.2367124080        0.0753988005
 160.  26.       -0.1080590804       -0.0326967652
 160.  27.        0.0347983071       -0.0537533178
 160.  28.        0.0318099518       -0.0633975994
 160.  29.        0.1961032750       -0.0435703104
 160.  30.       -0.0128116631       -0.0866787698
 160.  31.       -0.1213274572       -0.0303877325
 160.  32.       -0.0826462761        0.0271520572
 160.  33.        0.0256787882        0.1666109899
 160.  34.       -0.0502304713       -0.1545229091
 160.  35.       -0.0803558928        0.0271663230
 160.  36.        0.1339387327       -0.0592693426
 160.  37.        0.1285881784       -0.0956687958
 160.  38.        0.0128085695       -0.1427632100
 160.  39.       -0.0582372876       -0.0757806342
 160.  40.       -0.1001786355        0.0424164263
 160.  41.       -0.0299738703       -0.0106373962
 160.  42.        0.0712760451       -0.1572415804
 160.  43.        0.0619055167       -0.1375289509
 160.  44.       -0.0972880827       -0.0887274666
 160.  45.       -0.2234723127       -0.0857835253
 160.  46.       -0.1108123952       -0.0056529582
 160.  47.        0.2271948352       -0.0523626923
 160.  48.       -0.0233210715        0.0163228144
 160.  49.       -0.1157817584        0.1079292651
 160.  50.        0.0433813659        0.1896413614
 160.  51.        0.0299135167        0.0119624522
 160.  52.       -0.2803093619        0.0796927385
 160.  53.        0.0581138471       -0.0033461548
 160.  54.        0.2752785086       -0.1609554919
 160.  55.       -0.0495196015        0.2153626087
 160.  56.       -0.3652717636       -0.0630316885
 160.  57.       -0.0971955589        0.0658271472
 160.  58.       -0.1338882684        0.1078466726
 160.  59.       -0.0609296324        0.0431741754
 160.  60.        0.1113337716        0.2711424060
 160.  61.        0.0151926303        0.0791139472
 160.  62.       -0.0417861766       -0.0127852730
 160.  63.       -0.1476068393        0.0370896416
 160.  64.       -0.0990933663       -0.0274132453
 160.  65.       -0.1422052215       -0.1516830692
 160.  66.       -0.0724963881        0.1589538212
 160.  67.        0.0311670664        0.2702212029
 160.  68.       -0.1483393127        0.0394362208
 160.  69.        0.0496190365        0.0908534256
 160.  70.       -0.1925978382        0.0587291361
 160.  71.        0.2136471199       -0.2219914222
 160.  72.        0.1689746694        0.0770391643
 160.  73.       -0.0073160960       -0.3189453591
 160.  74.        0.2733219048       -0.2524571963
 160.  75.       -0.0466583025        0.1223322405
 160.  76.       -0.1066165475        0.1608827856
 160.  77.        0.1858376634       -0.2172961574
 160.  78.       -0.0117969600       -0.1242798167
 160.  79.       -0.2596060999        0.0305947675
 160.  80.        0.2728612638       -0.0394242533
 160.  81.       -0.0310572403       -0.2259334127
 160.  82.       -0.0902666506       -0.0546416175
 160.  83.       -0.0525323894       -0.0288568381
 160.  84.       -0.2016517083       -0.1338675131
 160.  85.        0.0741435532        0.0127746799
 160.  86.        0.0490121591       -0.1913943576
 160.  87.        0.0747368004        0.1912747061
 160.  88.        0.3021478458        0.0718686011
 160.  89.       -0.0417671874       -0.0633861181
 160.  90.       -0.2206738174        0.2096241474
 160.  91.       -0.4382213578       -0.0554385860
 160.  92.       -0.2231485161       -0.3822749855
 160.  93.        0.0549823994       -0.2590850317
 160.  94.        0.0181727878       -0.0303047061
 160.  95.       -0.4544890606        0.2022334378
 160.  96.        0.0736061674        0.2305813156
 160.  97.       -0.1432831925        0.2644645659
 160.  98.       -0.1893925143        0.0789477143
 160.  99.        0.0440946255       -0.0720576886
 160. 100.        0.0622864550        0.0806659041
 160. 101.        0.0355880276        0.1155379529
 160. 102.        0.0582761357        0.1211795604
 160. 103.       -0.0606162323       -0.4751513461
 160. 104.       -0.0129915997       -0.2463872248
 160. 105.       -0.0805363174        0.1580100671
 160. 106.       -0.0540192709        0.1353393561
 160. 107.        0.0611005838        0.4504998139
 160. 108.       -0.0801972867        0.1012656809
 160. 109.        0.1338269551       -0.3059029634
 160. 110.        0.2013025290       -0.0064675430
 160. 111.        0.2341906486        0.1048549478
 160. 112.       -0.1969982850       -0.0451643695
 160. 113.       -0.1131985348        0.1289245425
 160. 114.        0.2348056506        0.0559151571
 160. 115.       -0.0475093524        0.0940509859
 160. 116.       -0.0168952420       -0.2061967740
 160. 117.       -0.1834675126        0.0859549638
 160. 118.        0.1415996461        0.3221190705
 160. 119.       -0.0322358708       -0.0336591963
 160. 120.       -0.1903790970       -0.1613838957
 160. 121.       -0.0821039297        0.1517779022
 160. 122.       -0.1103761737        0.0794584486
 160. 123.       -0.0611825820        0.2383011199
 160. 124.       -0.1844378994        0.1258051281
 160. 125.        0.1376990481        0.1254631917
 160. 126.        0.3348489087        0.1687268155
 160. 127.       -0.1724268132       -0.2495312781
 160. 128.        0.2184908687       -0.2321474773
 160. 129.        0.5766210993        0.0163879623
 160. 130.       -0.0143218864        0.0092016713
 160. 131.       -0.2680366239       -0.0228863986
 160. 132.       -0.2503116015        0.2849643972
 160. 133.        0.2201845388        0.1822115710
 160. 134.       -0.1938563130       -0.2405569026
 160. 135.       -0.1905184858       -0.1427566553
 160. 136.        0.0735943051        0.0386656105
 160. 137.        0.3372463304        0.0440746030
 160. 138.        0.1275929304       -0.1268870786
 160. 139.        0.0896305544       -0.1088958044
 160. 140.       -0.1347595684       -0.4444299643
 160. 141.       -0.0747337466        0.0803088698
 160. 142.        0.0208783335        0.1847614952
 160. 143.        0.2821969898       -0.4172064890
 160. 144.        0.1846553581       -0.0212377378
 160. 145.       -0.0825711628        0.0619326191
 160. 146.        0.1038786362       -0.1506697962
 160. 147.        0.0093433686        0.3853725391
 160. 148.        0.2871967484        0.0117686231
 160. 149.        0.2034663653       -0.1585382700
 160. 150.       -0.0651514432        0.3186346884
 160. 151.        0.5126152417        0.1235346117
 160. 152.        0.1623386764       -0.4086668913
 160. 153.       -0.0194929655       -0.2503305115
 160. 154.       -0.2808772433        0.3241859831
 160. 155.       -0.3561837722        0.0624527177
 160. 156.        0.2136242448       -0.0451449250
 160. 157.        0.3212725117       -0.3048123387
 160. 158.       -0.0447890416       -0.1212283795
 160. 159.        0.0466085645       -0.0844801035
 160. 160.        0.0585814867        0.3715327102
 161.   0.        0.2769058789        0.0000000000
 161.   1.        0.1029560640        0.0007441269
 161.   2.       -0.0497455320       -0.1302700755
 161.   3.       -0.1405573617        0.0675041710
 161.   4.        0.0710557455        0.0178155707
 161.   5.       -0.0038784651       -0.0536197436
 161.   6.       -0.0175440860       -0.1400000418
 161.   7.       -0.1512155917       -0.0129506557
 161.   8.       -0.2277966754       -0.0113141110
 161.   9.       -0.0098765943        0.1043768866
 161.  10.       -0.0071945606       -0.1888385139
 161.  11.       -0.0461675170        0.2721474174
 161.  12.        0.0390270404        0.1406085249
 161.  13.        0.1322687764        0.0301046124
 161.  14.       -0.1112937992        0.0019579433
 161.  15.       -0.0262626757       -0.0818251463
 161.  16.        0.0289631706        0.0589480259
 161.  17.        0.0191573714       -0.2159032217
 161.  18.       -0.0901510190        0.1060751267
 161.  19.        0.1533519156       -0.0846880534
 161.  20.        0.0388309342       -0.1118009962
 161.  21.        0.0008429602        0.0473632139
 161.  22.       -0.2131233971        0.1105184249
 161.  23.        0.0337829333       -0.0376135701
 161.  24.        0.0261928985       -0.0809696193
 161.  25.       -0.0141014914       -0.0053464012
 161.  26.       -0.1540238053       -0.1719135611
 161.  27.        0.1170159280        0.0277392922
 161.  28.        0.1448657625        0.1395613329
 161.  29.        0.2094163741        0.0961152923
 161.  30.       -0.0122614730       -0.1938179381
 161.  31.        0.0701364004       -0.0626447081
 161.  32.       -0.0901186133       -0.0232339319
 161.  33.       -0.0298881830       -0.0338311001
 161.  34.        0.1101840379       -0.0114899989
 161.  35.       -0.0468771945        0.0051777541
 161.  36.        0.1333927219        0.0512053766
 161.  37.       -0.0078784288        0.2519627571
 161.  38.        0.0668431961        0.2899935534
 161.  39.        0.0690303435        0.0767273162
 161.  40.       -0.0201707160       -0.0165791129
 161.  41.        0.0038769528       -0.0876968597
 161.  42.        0.1756967202        0.0304858409
 161.  43.        0.1157790232       -0.0333689817
 161.  44.        0.1182033481       -0.0647536075
 161.  45.       -0.0977334198        0.1580479744
 161.  46.        0.0631273372       -0.1132026685
 161.  47.        0.0546015474       -0.0210177895
 161.  48.       -0.0450243393        0.0265390291
 161.  49.        0.0595371909       -0.0724602801
 161.  50.       -0.2397708321       -0.0889495380
 161.  51.        0.1939596933       -0.1101840894
 161.  52.        0.2464228659        0.0625330412
 161.  53.       -0.3102124485        0.1847818995
 161.  54.       -0.0678824841       -0.2306154463
 161.  55.        0.2436336779        0.0523844901
 161.  56.        0.2001065711        0.1935618070
 161.  57.       -0.1401163963       -0.1380539540
 161.  58.        0.1483691287       -0.1202931925
 161.  59.       -0.0050100419        0.0079217687
 161.  60.       -0.0023014175       -0.0387965200
 161.  61.        0.0421245632        0.1000045789
 161.  62.       -0.0768510426        0.1026144701
 161.  63.       -0.0538861953        0.0413593608
 161.  64.        0.0563031945       -0.1013345668
 161.  65.        0.0085610337        0.0272968362
 161.  66.        0.1316493913        0.2656121345
 161.  67.       -0.1110894721        0.1577505133
 161.  68.        0.1378192454        0.0925251539
 161.  69.       -0.1648542134        0.0957381286
 161.  70.       -0.2125262030       -0.0251609568
 161.  71.       -0.1107761142        0.0756099120
 161.  72.        0.1125260120        0.0838428301
 161.  73.        0.0748954818        0.0614637671
 161.  74.       -0.0246435185       -0.2080174161
 161.  75.        0.0069122453       -0.1111781457
 161.  76.       -0.1615293813       -0.0743612259
 161.  77.       -0.1390476115       -0.0640399651
 161.  78.       -0.0118106456       -0.0121342650
 161.  79.       -0.0567110500       -0.2323389689
 161.  80.        0.2075120482       -0.0812127759
 161.  81.       -0.0447936521        0.0686266617
 161.  82.        0.3937291117        0.0740150394
 161.  83.       -0.0436142070        0.0943199168
 161.  84.       -0.2162944720       -0.1950765429
 161.  85.       -0.2170972224       -0.0678063120
 161.  86.        0.2169156014       -0.0557104602
 161.  87.       -0.0096836851       -0.0029620398
 161.  88.        0.2182382582        0.2972832625
 161.  89.        0.0758742102        0.2995170769
 161.  90.       -0.0460617551       -0.0018987422
 161.  91.       -0.2117028325        0.0157412010
 161.  92.       -0.3383861489       -0.3839014448
 161.  93.       -0.1619717283        0.0817664404
 161.  94.        0.3047322990       -0.1575825863
 161.  95.        0.1532051768        0.0861552545
 161.  96.        0.1053557339        0.1553989663
 161.  97.        0.1263305092        0.2839589591
 161.  98.        0.2283668057        0.0573918036
 161.  99.       -0.1688609485       -0.2251948008
 161. 100.       -0.0722883915       -0.0060082529
 161. 101.        0.1333333783        0.3903774122
 161. 102.        0.1281201313        0.1133901648
 161. 103.       -0.1602621863       -0.1160526063
 161. 104.        0.0328873218        0.1902987148
 161. 105.        0.1031043293       -0.0597824226
 161. 106.        0.1474033120       -0.1738449772
 161. 107.       -0.0114036962       -0.0679707560
 161. 108.       -0.0111024345        0.1162894849
 161. 109.        0.1312353691       -0.0907960729
 161. 110.       -0.4111316317       -0.0806808402
 161. 111.        0.1294537820       -0.0667594850
 161. 112.        0.3256157203       -0.0193488997
 161. 113.       -0.1473378063       -0.0230374033
 161. 114.       -0.2619303515       -0.1133294396
 161. 115.        0.0101406519        0.1267824226
 161. 116.        0.2106591875       -0.1443267013
 161. 117.       -0.1407071731       -0.0841267358
 161. 118.        0.1374524063       -0.1365275444
 161. 119.        0.3476746854        0.1087959154
 161. 120.       -0.0840707463        0.0369661391
 161. 121.       -0.1436433516        0.0662413333
 161. 122.        0.3680594743       -0.1401414711
 161. 123.       -0.0521915419        0.3684516428
 161. 124.        0.0085979584        0.1082932119
 161. 125.       -0.0066153136       -0.1506666753
 161. 126.       -0.2618444655       -0.2535943965
 161. 127.        0.0305954648       -0.0160053824
 161. 128.        0.1425408750       -0.1093290362
 161. 129.        0.3792866618        0.0980118443
 161. 130.        0.3046905562       -0.2396448176
 161. 131.       -0.1676961234        0.0010150780
 161. 132.       -0.2759532542       -0.0729131472
 161. 133.       -0.2322143140       -0.0651405426
 161. 134.       -0.1260369276       -0.0217517458
 161. 135.        0.2936728941       -0.3784126764
 161. 136.       -0.0521168255       -0.3143510929
 161. 137.        0.1123660785       -0.3548788043
 161. 138.        0.0457300333       -0.0291425459
 161. 139.        0.1113762304       -0.0502906374
 161. 140.       -0.2265469762       -0.0680124194
 161. 141.       -0.3125497885       -0.0920839217
 161. 142.       -0.1393524553        0.2222736352
 161. 143.        0.4637621949        0.0270080820
 161. 144.       -0.1445686279        0.1313402210
 161. 145.        0.1821284353        0.1066980346
 161. 146.        0.0272266716       -0.0196484139
 161. 147.        0.1810077311        0.0780564376
 161. 148.        0.1299848338       -0.6435155856
 161. 149.        0.2617553494       -0.0778470941
 161. 150.        0.1540972840        0.1987256893
 161. 151.        0.1487451221        0.1615990486
 161. 152.        0.2069921002        0.1488656438
 161. 153.       -0.2012137175        0.1212826827
 161. 154.        0.1748536749       -0.0403938907
 161. 155.        0.2657953576        0.3533638751
 161. 156.       -0.2299216551        0.1582581139
 161. 157.       -0.0755070050        0.4941017583
 161. 158.        0.0170123889       -0.0268657162
 161. 159.       -0.3738152222        0.1157858556
 161. 160.       -0.1374904201        0.0718917260
 161. 161.       -0.0933984981        0.0426737735
 162.   0.        0.0922083597        0.0000000000
 162.   1.       -0.0279371335       -0.0917830967
 162.   2.       -0.0186317917       -0.0478611110
 162.   3.       -0.1005573773        0.0446252914
 162.   4.       -0.0257451873       -0.1060273092
 162.   5.        0.1890087331       -0.0216906235
 162.   6.       -0.1617069139       -0.1760319335
 162.   7.        0.0615054674        0.2363410553
 162.   8.       -0.0896766518        0.2167983538
 162.   9.       -0.1202296917       -0.0493560924
 162.  10.        0.0359198400        0.1570040803
 162.  11.       -0.0223190675        0.0086095565
 162.  12.       -0.0186582966       -0.2101131167
 162.  13.        0.0639468577       -0.0366817553
 162.  14.       -0.1928094330        0.0395902044
 162.  15.        0.2284716312        0.2956178335
 162.  16.        0.1067200186        0.0321092875
 162.  17.       -0.0750863522        0.0955325948
 162.  18.       -0.0023274199        0.0495547213
 162.  19.        0.0249243063       -0.0340327997
 162.  20.        0.0533601164        0.0133419608
 162.  21.       -0.0688260212        0.0003245266
 162.  22.        0.0509006490       -0.1159804850
 162.  23.       -0.0359143122       -0.0396097641
 162.  24.       -0.1948202290        0.1471920804
 162.  25.        0.1513278963        0.1159312179
 162.  26.        0.0343672495       -0.0379467834
 162.  27.       -0.1279710919        0.1134745222
 162.  28.       -0.0577746295        0.1852378483
 162.  29.       -0.1294417294       -0.0505251143
 162.  30.        0.1052428968        0.0418149115
 162.  31.        0.0856743638       -0.0930532196
 162.  32.       -0.0366805332        0.0407986573
 162.  33.       -0.1172180868       -0.0676546989
 162.  34.       -0.0334453945        0.0589372349
 162.  35.        0.0116248664       -0.1297286335
 162.  36.        0.0130813957       -0.0053333470
 162.  37.        0.0124824118       -0.1029333606
 162.  38.        0.0119978743        0.0852758034
 162.  39.        0.0628111618       -0.0197597646
 162.  40.        0.1662905635       -0.1432485067
 162.  41.       -0.2293484650        0.0041268463
 162.  42.       -0.2553605733        0.0370201471
 162.  43.        0.1259785720       -0.0953670239
 162.  44.        0.0095698149       -0.0757088217
 162.  45.        0.2788576278        0.1192616737
 162.  46.        0.0859623304        0.0322590077
 162.  47.       -0.0380761626        0.1672016560
 162.  48.        0.0170074661        0.1618562222
 162.  49.        0.1794103959       -0.1776397609
 162.  50.        0.0820372115        0.1679358005
 162.  51.       -0.1170941323        0.0541579225
 162.  52.        0.2090979110        0.0128013304
 162.  53.       -0.0140756950        0.0363855209
 162.  54.       -0.3362048160        0.0117560816
 162.  55.        0.0181057252       -0.0053389887
 162.  56.        0.2281651986       -0.0018384433
 162.  57.        0.0870706373       -0.2004040885
 162.  58.       -0.2118408445       -0.3269470964
 162.  59.        0.1087461064        0.1946823213
 162.  60.       -0.2396593827       -0.0935796458
 162.  61.        0.1264235998        0.0161823357
 162.  62.       -0.0927431196       -0.0607008170
 162.  63.        0.0435152613        0.2728808229
 162.  64.        0.0592391525        0.0348406225
 162.  65.        0.4817269429       -0.0045423924
 162.  66.        0.1476772921       -0.1243285865
 162.  67.        0.2253461013        0.0055734957
 162.  68.        0.1397635894        0.0453463583
 162.  69.       -0.0482120614       -0.3073421310
 162.  70.        0.0321140108       -0.0774344790
 162.  71.       -0.1383544910        0.0548454259
 162.  72.       -0.0823165566        0.2820307763
 162.  73.       -0.0864033896        0.2056668606
 162.  74.        0.0509424891        0.1156464279
 162.  75.       -0.0564849078       -0.1840162995
 162.  76.        0.0824414005        0.1039275678
 162.  77.        0.3364549568       -0.1266865124
 162.  78.        0.0444755381        0.0153514053
 162.  79.        0.1177573169       -0.0052236822
 162.  80.        0.1152587876        0.1005507683
 162.  81.       -0.1936564040       -0.0147472940
 162.  82.       -0.2486877531        0.0461128944
 162.  83.        0.2668585514       -0.0965747981
 162.  84.        0.2478585458        0.1497472825
 162.  85.        0.0084877081        0.1232633517
 162.  86.        0.2024747093        0.1150965855
 162.  87.       -0.0368391127        0.0599901124
 162.  88.       -0.0348585111       -0.2060285560
 162.  89.        0.0076099225       -0.1146071350
 162.  90.        0.1412278140        0.2622614381
 162.  91.        0.1359194885       -0.2187934616
 162.  92.        0.1882834791        0.0519258752
 162.  93.       -0.0040742203        0.1958688526
 162.  94.       -0.0665267566       -0.2651080309
 162.  95.        0.3091107004        0.2717804649
 162.  96.       -0.2856695825       -0.0749107268
 162.  97.        0.1065606231       -0.4389223044
 162.  98.       -0.0544400015        0.3144174742
 162.  99.       -0.1917781254        0.4305401394
 162. 100.        0.1973982301       -0.2652404067
 162. 101.       -0.1138801094        0.4393844295
 162. 102.        0.0031310980        0.0273861318
 162. 103.       -0.1538995281       -0.2199207317
 162. 104.       -0.0610080123        0.0391969934
 162. 105.        0.1516292523       -0.1733348781
 162. 106.        0.0738213558       -0.1432493982
 162. 107.       -0.1438841726        0.0052436187
 162. 108.        0.1077676245        0.0492830457
 162. 109.       -0.2653159635        0.1205762983
 162. 110.        0.0556140242       -0.2410158084
 162. 111.       -0.1308080034       -0.0309609902
 162. 112.        0.0344684691        0.1271042259
 162. 113.        0.2194320186       -0.0877795962
 162. 114.        0.0527895344       -0.1446650314
 162. 115.       -0.0092278143        0.0243754940
 162. 116.       -0.0733835746       -0.2325605183
 162. 117.       -0.0296501260       -0.0390452477
 162. 118.       -0.0657916669        0.1346297196
 162. 119.       -0.2074835510        0.0393581426
 162. 120.        0.1602330027       -0.0195926315
 162. 121.       -0.2132690279       -0.0092020499
 162. 122.        0.0274426787       -0.0377602841
 162. 123.        0.0970357418        0.1770626907
 162. 124.       -0.1441012025        0.2167498325
 162. 125.        0.0158153988        0.1160377124
 162. 126.        0.0185775394        0.0984417404
 162. 127.       -0.2397487508        0.0789371372
 162. 128.       -0.2880361755        0.0715556196
 162. 129.        0.0955709616       -0.4274388191
 162. 130.        0.1194251483       -0.1140724698
 162. 131.        0.2229064051        0.2264674761
 162. 132.       -0.1851137810       -0.2278618628
 162. 133.        0.2009583562        0.1774312198
 162. 134.        0.0526667404        0.2849387117
 162. 135.        0.0741468388        0.0874361225
 162. 136.        0.0235900193        0.2806514138
 162. 137.        0.0498399596        0.0133949456
 162. 138.       -0.0495867293       -0.0326676683
 162. 139.        0.1331549458       -0.2676809551
 162. 140.        0.0766997884       -0.0275474330
 162. 141.       -0.1850447447       -0.2718067708
 162. 142.        0.0749340059       -0.1973879611
 162. 143.        0.2400122618       -0.0476534141
 162. 144.       -0.3795440126        0.0705816611
 162. 145.        0.1163475515       -0.0634581577
 162. 146.        0.5110052445        0.1918922281
 162. 147.       -0.3784512080       -0.0662437961
 162. 148.        0.0390983915       -0.1795695274
 162. 149.       -0.0877625084        0.1221599081
 162. 150.        0.6182436037       -0.4322027921
 162. 151.        0.0985761670        0.2679897533
 162. 152.        0.1471195071       -0.1469679659
 162. 153.        0.1093445551        0.3195576369
 162. 154.       -0.3099009697       -0.2069110774
 162. 155.        0.1972326059       -0.0982788758
 162. 156.        0.1911574009        0.0171188518
 162. 157.       -0.2052849732       -0.0493074863
 162. 158.        0.1268427151       -0.0663791946
 162. 159.        0.0972308740        0.2374899470
 162. 160.        0.3744940861        0.0206995473
 162. 161.        0.1126083233       -0.0096175283
 162. 162.        0.1192298240       -0.2650072948
 163.   0.       -0.1227347884        0.0000000000
 163.   1.        0.0487017068        0.0190032058
 163.   2.        0.0500891693        0.1737439588
 163.   3.        0.0739187726       -0.0069026174
 163.   4.        0.0671459186       -0.0055587364
 163.   5.        0.2076578992        0.0531668860
 163.   6.        0.0485618062        0.1133796315
 163.   7.        0.0515775526       -0.0425968192
 163.   8.        0.1745345137       -0.0437877078
 163.   9.       -0.1253198538       -0.0331186092
 163.  10.        0.0671017731        0.1452241122
 163.  11.        0.0183624671       -0.1718470668
 163.  12.       -0.0859400362       -0.0423193594
 163.  13.       -0.1143077892       -0.1870009765
 163.  14.        0.1903069013        0.1016658467
 163.  15.       -0.0534677676        0.0534535699
 163.  16.       -0.0127135703       -0.1040482274
 163.  17.       -0.0022374266        0.1949219586
 163.  18.        0.0676097482       -0.0957977129
 163.  19.       -0.0628956669       -0.0234843427
 163.  20.       -0.0986869366        0.2200534923
 163.  21.        0.0663856198        0.0588234158
 163.  22.        0.0638618622        0.0731469100
 163.  23.        0.1587266006       -0.1002677241
 163.  24.        0.2839768762        0.0012518643
 163.  25.        0.0051925782       -0.1042334265
 163.  26.        0.0648319667        0.1545001684
 163.  27.       -0.1208067549        0.0612705864
 163.  28.       -0.0480024095       -0.1784960020
 163.  29.       -0.2127871788        0.0296229130
 163.  30.        0.0202984905       -0.1714106624
 163.  31.       -0.0493033048        0.1882852995
 163.  32.        0.2453473176       -0.1923475398
 163.  33.        0.1540194156       -0.0105338853
 163.  34.       -0.1140953596        0.2331293255
 163.  35.        0.1294646484        0.1482754726
 163.  36.        0.0919242542       -0.1671377423
 163.  37.       -0.0366453906       -0.2738816324
 163.  38.       -0.1104785297        0.0471172495
 163.  39.       -0.1222282796        0.1495320046
 163.  40.        0.0123798089       -0.0504965420
 163.  41.       -0.0717000125        0.1478742772
 163.  42.       -0.1091959477        0.0566466409
 163.  43.        0.0831361464       -0.2006818366
 163.  44.       -0.1255086669        0.0021966559
 163.  45.        0.0736107623       -0.0044251710
 163.  46.       -0.0504105192       -0.1054698928
 163.  47.       -0.0191126047        0.1132843490
 163.  48.        0.0342063327        0.1917729328
 163.  49.       -0.0562687994        0.0970836795
 163.  50.        0.0707792387        0.1604445646
 163.  51.       -0.1800761315        0.0432820606
 163.  52.       -0.0553593399       -0.1780278618
 163.  53.        0.0618091614        0.2001216981
 163.  54.       -0.1611412813        0.1344518580
 163.  55.       -0.0754283230       -0.0474079349
 163.  56.       -0.0102083666       -0.2129900513
 163.  57.        0.0210761904        0.1641950807
 163.  58.       -0.0582742653        0.0024430695
 163.  59.        0.0088957278       -0.2232854542
 163.  60.       -0.0399367835       -0.0113232767
 163.  61.       -0.0999043157        0.2051930335
 163.  62.        0.1713414568       -0.2008475644
 163.  63.       -0.0057786752       -0.1083510149
 163.  64.       -0.2491291826       -0.0695394781
 163.  65.       -0.2514030801       -0.1002326350
 163.  66.       -0.0530741782       -0.0496643458
 163.  67.        0.0803718858        0.0634029887
 163.  68.       -0.1802578427       -0.0848469381
 163.  69.       -0.1271573821        0.1046451139
 163.  70.        0.0629002732        0.2157403387
 163.  71.        0.0262074568       -0.1216074554
 163.  72.        0.1243598114        0.0340095939
 163.  73.       -0.1929930810        0.0162743697
 163.  74.        0.1727455360       -0.0379040520
 163.  75.       -0.0754263645       -0.0993208209
 163.  76.        0.0647631241       -0.1046955738
 163.  77.       -0.0907126784        0.2183701744
 163.  78.       -0.0007170135       -0.0087878338
 163.  79.       -0.1249194271        0.2441764182
 163.  80.       -0.1790881544       -0.0922082603
 163.  81.        0.0890266415        0.1307952917
 163.  82.        0.0161138597        0.0712964169
 163.  83.       -0.0871609061       -0.0001631433
 163.  84.        0.1744364684        0.0603740800
 163.  85.        0.0142633179        0.0648372685
 163.  86.        0.1646998475       -0.1026325143
 163.  87.        0.1594556942       -0.2106281612
 163.  88.       -0.1004081199       -0.0739265695
 163.  89.       -0.1419547434       -0.0924690500
 163.  90.        0.1222908292       -0.0340416232
 163.  91.       -0.1997718581        0.0141097914
 163.  92.        0.2128914910        0.1970432801
 163.  93.       -0.1469899574        0.1084660828
 163.  94.       -0.2454141596        0.0107771987
 163.  95.        0.0176678814       -0.1120690079
 163.  96.       -0.2265407052        0.0318233868
 163.  97.        0.1256742191       -0.1216608405
 163.  98.       -0.3014562964       -0.0505867387
 163.  99.       -0.1316066490        0.2211331677
 163. 100.       -0.1489595275        0.0332532586
 163. 101.        0.2773118653       -0.0051822492
 163. 102.       -0.1338427490       -0.0933480988
 163. 103.       -0.0433478202       -0.0955370725
 163. 104.        0.1771301174        0.0499633447
 163. 105.        0.1500885838       -0.2235971484
 163. 106.        0.1140052329       -0.1211934178
 163. 107.        0.2658146929        0.1116722197
 163. 108.        0.0664544911        0.2085561473
 163. 109.       -0.0122778503        0.1973065808
 163. 110.        0.0283580898        0.3029214494
 163. 111.        0.1102160703       -0.2798589467
 163. 112.        0.0169764654       -0.0744156472
 163. 113.        0.1449348152        0.0715849634
 163. 114.        0.2795909045        0.3608419992
 163. 115.       -0.1379635898       -0.1028681676
 163. 116.       -0.1244906430        0.1412609036
 163. 117.       -0.1009133362       -0.0211624068
 163. 118.       -0.0535983302       -0.3285426070
 163. 119.       -0.1333955856        0.0456076108
 163. 120.        0.1642224386       -0.1319140927
 163. 121.        0.2229897256       -0.1657879001
 163. 122.        0.2701357451        0.0823971287
 163. 123.       -0.0846233005        0.1082504547
 163. 124.       -0.2837121860       -0.0518316434
 163. 125.       -0.2636635427       -0.1484929761
 163. 126.        0.1473608641        0.1787017542
 163. 127.        0.0767680839       -0.0639949435
 163. 128.       -0.0249656285       -0.1586951497
 163. 129.       -0.0736632994        0.0676210522
 163. 130.        0.2830037452       -0.0916387121
 163. 131.       -0.0081206662        0.4494586279
 163. 132.        0.1584857060       -0.3440484854
 163. 133.        0.0016441946       -0.1648088215
 163. 134.       -0.1084091979       -0.3133468420
 163. 135.        0.1044776785        0.5121133786
 163. 136.       -0.0308961635        0.1407951546
 163. 137.        0.0588850287        0.0526827247
 163. 138.        0.3023271724        0.2090581823
 163. 139.       -0.3532259889        0.0479709951
 163. 140.       -0.0828845967       -0.3643743051
 163. 141.       -0.2438149124        0.1644225342
 163. 142.       -0.0385449694        0.0277849189
 163. 143.        0.0213898350        0.3363450498
 163. 144.       -0.0191086854        0.1376579306
 163. 145.        0.2931997182        0.1917671901
 163. 146.        0.0178038392        0.0481732368
 163. 147.       -0.0338450575        0.3745860275
 163. 148.       -0.1486679146       -0.2682989497
 163. 149.       -0.0476725935        0.1429393627
 163. 150.        0.2259089195       -0.1133657304
 163. 151.       -0.1166944119       -0.2523629513
 163. 152.        0.1555615848       -0.2857894160
 163. 153.        0.2252891612        0.0357091550
 163. 154.       -0.0620880717        0.0511456386
 163. 155.       -0.2467059232        0.0676234374
 163. 156.        0.2012170869        0.1185383404
 163. 157.       -0.0786909458        0.1396142480
 163. 158.       -0.3588908117       -0.0648799198
 163. 159.       -0.1193840357       -0.1263665798
 163. 160.        0.2111202275       -0.1290058743
 163. 161.        0.0319676826        0.0406318077
 163. 162.        0.1074993329       -0.1745280381
 163. 163.       -0.1556280148       -0.3588444066
 164.   0.       -0.0732164790        0.0000000000
 164.   1.       -0.0804886894        0.1797689798
 164.   2.        0.1229228890        0.1464748097
 164.   3.        0.1147695086        0.0344888222
 164.   4.        0.0619046742        0.0593727409
 164.   5.        0.0194001212        0.1118953194
 164.   6.        0.1502968643        0.1524129846
 164.   7.       -0.2078153673       -0.0998120209
 164.   8.        0.0630707542       -0.1007176596
 164.   9.        0.1502437894        0.0010143446
 164.  10.       -0.0148884205       -0.0092956251
 164.  11.       -0.0130969460        0.0650682323
 164.  12.       -0.0358867578        0.1184064160
 164.  13.        0.0008076417        0.0421725796
 164.  14.       -0.0605345480        0.0133046133
 164.  15.       -0.3164329692       -0.2141151413
 164.  16.       -0.0696540630        0.2211187284
 164.  17.       -0.1374779718       -0.0867873177
 164.  18.        0.0279616344       -0.0362520887
 164.  19.       -0.0721783122        0.0430656623
 164.  20.       -0.0223641575       -0.0827732490
 164.  21.       -0.0755751984       -0.1802639483
 164.  22.       -0.0124873966        0.2006974695
 164.  23.       -0.1719262963        0.0269395966
 164.  24.        0.0540859513       -0.1463488426
 164.  25.        0.0801079899       -0.0972302407
 164.  26.        0.0307656971        0.0704709819
 164.  27.        0.0293981102       -0.1643695379
 164.  28.       -0.0190008395        0.0187600927
 164.  29.       -0.0135933606        0.2642688722
 164.  30.       -0.1538993764        0.0684332383
 164.  31.        0.1252091006        0.0270383245
 164.  32.        0.0620875851       -0.0662212568
 164.  33.        0.0059042911       -0.0326007329
 164.  34.       -0.0343083450       -0.1820083629
 164.  35.       -0.0392371261        0.1319831905
 164.  36.       -0.0792055948        0.1607478834
 164.  37.       -0.0473098086        0.0860766222
 164.  38.        0.0802450544       -0.0033134544
 164.  39.       -0.1018668747        0.1392444751
 164.  40.        0.0236540400        0.2677488408
 164.  41.       -0.1205524176        0.2082157577
 164.  42.        0.1995219607        0.1573038044
 164.  43.        0.0356743181        0.0619857768
 164.  44.        0.0367805939       -0.1590048367
 164.  45.        0.0426200502        0.1232149274
 164.  46.       -0.1742661318        0.1845646649
 164.  47.       -0.0408102931       -0.1241761867
 164.  48.        0.0792317005        0.0103341894
 164.  49.        0.1506402827        0.1465222544
 164.  50.       -0.0257608468       -0.0881654630
 164.  51.       -0.0139021878        0.0552576507
 164.  52.       -0.1385801332       -0.2176773441
 164.  53.       -0.0492781637       -0.0271690640
 164.  54.        0.0774512795       -0.0927203796
 164.  55.       -0.0627101041        0.0221737754
 164.  56.       -0.2680775144       -0.1342851043
 164.  57.        0.0336852680       -0.1077038087
 164.  58.        0.0878116125        0.3717618278
 164.  59.       -0.0772975127       -0.1742500388
 164.  60.        0.1175931828       -0.2828815884
 164.  61.       -0.0048887335        0.1563540564
 164.  62.       -0.0889425045        0.0138838617
 164.  63.        0.2361835076       -0.0407005854
 164.  64.        0.0196743807       -0.1822095630
 164.  65.       -0.1467277876       -0.0832941650
 164.  66.        0.0206708604        0.0381215074
 164.  67.       -0.1381215016        0.3005333074
 164.  68.        0.0615724535        0.1095158636
 164.  69.        0.0228928219       -0.2165388944
 164.  70.        0.0886095473        0.0532267843
 164.  71.        0.0056628856        0.1151426751
 164.  72.       -0.0396112114       -0.3479487913
 164.  73.        0.0485382009        0.2332768018
 164.  74.       -0.0119505907       -0.0778387862
 164.  75.       -0.0181355071        0.1073262812
 164.  76.        0.0309068981        0.2164683313
 164.  77.       -0.1713546782       -0.0894151054
 164.  78.       -0.0431888849       -0.0947003719
 164.  79.       -0.0182941744        0.1649400301
 164.  80.       -0.0037123146       -0.0142935882
 164.  81.       -0.2666299517       -0.1930788080
 164.  82.       -0.0403528266        0.0984659012
 164.  83.       -0.0640302609       -0.0466946102
 164.  84.       -0.0791705660        0.1095913813
 164.  85.        0.1732289225       -0.0597963954
 164.  86.        0.0832199996        0.0231253133
 164.  87.        0.1230782198        0.0059270802
 164.  88.        0.0434288193        0.1072401866
 164.  89.        0.1094594200       -0.0817105132
 164.  90.        0.1492057839       -0.0675979871
 164.  91.       -0.1442655602       -0.0480258517
 164.  92.       -0.1396076003       -0.0595020500
 164.  93.       -0.5096540936        0.1906172615
 164.  94.       -0.3163811207        0.1407505018
 164.  95.        0.0815125280       -0.0681556532
 164.  96.       -0.0044384016        0.0733753879
 164.  97.        0.0832688795        0.2785645475
 164.  98.       -0.1310951854        0.0377137282
 164.  99.       -0.0131196975       -0.2352273144
 164. 100.       -0.3081324018       -0.0079759863
 164. 101.       -0.0617891475       -0.1093518242
 164. 102.        0.0117478787       -0.1298159008
 164. 103.       -0.1676454891       -0.0141942303
 164. 104.       -0.1371111729        0.0979818612
 164. 105.        0.2452891953       -0.0033956566
 164. 106.       -0.2831897464        0.1374699662
 164. 107.       -0.1708177760       -0.0583108766
 164. 108.        0.0400129387       -0.2577871216
 164. 109.       -0.0343332776       -0.0115990158
 164. 110.       -0.1559731016       -0.1637281349
 164. 111.       -0.0281495862        0.0329726587
 164. 112.        0.0263633167        0.0812989474
 164. 113.       -0.1942502216       -0.3201621464
 164. 114.        0.4211725926       -0.1795529497
 164. 115.        0.0497453235        0.0480605004
 164. 116.       -0.2518312146        0.0719148460
 164. 117.       -0.0508169449        0.1793944824
 164. 118.       -0.1312652919       -0.1607625600
 164. 119.       -0.1350243239        0.2312037585
 164. 120.       -0.1405441979       -0.2446061058
 164. 121.        0.1253989920        0.0166712615
 164. 122.       -0.0825988167        0.0424019523
 164. 123.        0.0181913302       -0.1272027845
 164. 124.       -0.1894111839       -0.2134852268
 164. 125.        0.0148770698        0.2491756326
 164. 126.       -0.0158227842       -0.0778104248
 164. 127.       -0.0701150747       -0.0005690571
 164. 128.       -0.2369706876        0.0222247731
 164. 129.        0.1436930502       -0.0188861132
 164. 130.        0.0605150490        0.0880312836
 164. 131.        0.1153646637       -0.1038479192
 164. 132.       -0.3544803628        0.1654843808
 164. 133.       -0.0656861023       -0.0744243280
 164. 134.        0.0639339054       -0.0138145345
 164. 135.       -0.2176917961       -0.1304558125
 164. 136.        0.2625003702       -0.0939166008
 164. 137.        0.1497075494       -0.1871666404
 164. 138.       -0.0324644916        0.1509272381
 164. 139.       -0.1071721968        0.3489956960
 164. 140.       -0.1671363288        0.1653546464
 164. 141.       -0.1871267522        0.0197577151
 164. 142.       -0.0493956764        0.1033725956
 164. 143.        0.0518803143       -0.0266987180
 164. 144.        0.1296241236        0.1304730150
 164. 145.        0.1845519175        0.0592817488
 164. 146.        0.1768645618       -0.0091592785
 164. 147.       -0.3126008425       -0.2034795475
 164. 148.       -0.4271024110       -0.2202757968
 164. 149.        0.0934658084       -0.4403918020
 164. 150.       -0.0906465761        0.1113052379
 164. 151.        0.1029753049       -0.0519654882
 164. 152.        0.1961605186       -0.1836760575
 164. 153.        0.2536694759        0.2626544957
 164. 154.        0.5456925781       -0.0559306768
 164. 155.        0.3848833899        0.3333050894
 164. 156.        0.2338488425        0.0304049794
 164. 157.       -0.2657941890       -0.0644493274
 164. 158.        0.3878948327       -0.4047204364
 164. 159.       -0.1654308534        0.1051347746
 164. 160.        0.3237434457       -0.0458839089
 164. 161.        0.0529564985        0.0989865897
 164. 162.       -0.3098425352        0.0555549484
 164. 163.        0.1337246853        0.1049458043
 164. 164.        0.1810569842       -0.1612379143
 165.   0.        0.1529790039        0.0000000000
 165.   1.       -0.1266693090       -0.0220666038
 165.   2.        0.0321766144       -0.0900117140
 165.   3.        0.0679635125       -0.0803246163
 165.   4.       -0.1971475660       -0.1062268366
 165.   5.       -0.1249182297       -0.0129249491
 165.   6.       -0.1126391664       -0.0382674355
 165.   7.        0.0222453236       -0.0103209867
 165.   8.       -0.0416600885        0.0030743419
 165.   9.        0.1553656579       -0.0699162816
 165.  10.       -0.0424740951        0.0172389825
 165.  11.       -0.0604289315       -0.0373458318
 165.  12.       -0.0317868320       -0.0503661922
 165.  13.        0.1979560263        0.0753360671
 165.  14.       -0.0979085279       -0.0814401521
 165.  15.       -0.0571135134        0.0728248460
 165.  16.       -0.0972034193        0.1297396396
 165.  17.        0.1005503085        0.0918992687
 165.  18.       -0.1072410169        0.0301702732
 165.  19.       -0.0765618669        0.0981065265
 165.  20.        0.0419324036       -0.0571289550
 165.  21.        0.0703857602        0.0954547896
 165.  22.        0.1523982902       -0.0642275693
 165.  23.       -0.2802540259       -0.0718752642
 165.  24.       -0.2285642542       -0.0054671517
 165.  25.        0.0058013333        0.1444473032
 165.  26.        0.0876953028       -0.0316389597
 165.  27.        0.0319734463       -0.0422143553
 165.  28.       -0.2213892799        0.0086661392
 165.  29.        0.1956328609       -0.1680000199
 165.  30.       -0.1267545787        0.2916290023
 165.  31.       -0.0605362632       -0.0091962693
 165.  32.        0.0365140500        0.1335670248
 165.  33.        0.0578513852        0.1841719668
 165.  34.       -0.0050207638       -0.1783208861
 165.  35.       -0.0435271300       -0.2023878479
 165.  36.       -0.2805342339        0.1195866122
 165.  37.        0.1436367357        0.2132277323
 165.  38.        0.0627985507       -0.1550323870
 165.  39.       -0.0196042098       -0.2698205609
 165.  40.        0.1625171310       -0.1685922180
 165.  41.       -0.1996918144       -0.0851519179
 165.  42.       -0.0784761489        0.0374818474
 165.  43.        0.1070482838        0.1617460575
 165.  44.       -0.1146830888        0.0505688416
 165.  45.        0.0846574712        0.0889909352
 165.  46.        0.1642509755        0.2747927979
 165.  47.        0.0119064458        0.0275455319
 165.  48.       -0.0564980310        0.0097291350
 165.  49.       -0.0951160126       -0.0411773849
 165.  50.       -0.0697625404       -0.1592884052
 165.  51.       -0.2473052431       -0.0654176102
 165.  52.       -0.0313914149        0.0396084863
 165.  53.        0.0360291974        0.1276513469
 165.  54.       -0.0222816507       -0.1964571599
 165.  55.        0.0927131984        0.0095733033
 165.  56.        0.0459897216        0.0856315782
 165.  57.        0.0011234310       -0.1276155594
 165.  58.        0.1163104240       -0.0846927162
 165.  59.       -0.0159094907        0.1484074832
 165.  60.       -0.0598111616        0.1698095599
 165.  61.        0.3365006795        0.0239008458
 165.  62.       -0.2608184987       -0.1902193451
 165.  63.       -0.0647711282        0.1601384780
 165.  64.        0.3208623113        0.3082354535
 165.  65.       -0.0728760766       -0.1277646011
 165.  66.       -0.1263323449        0.1412011630
 165.  67.        0.0030806505       -0.0714263522
 165.  68.        0.1210551728        0.0086530673
 165.  69.        0.0278997784       -0.0895224114
 165.  70.        0.0006120763       -0.0898710648
 165.  71.       -0.1002502575       -0.1563269446
 165.  72.       -0.0046318840        0.1409728760
 165.  73.       -0.0015862227        0.1041002935
 165.  74.        0.1478646385       -0.0587454446
 165.  75.       -0.0104742743        0.2098917827
 165.  76.        0.0174911136        0.3093663501
 165.  77.       -0.1657215283       -0.0647619987
 165.  78.        0.3461350760       -0.0249293432
 165.  79.        0.0106080413       -0.2699060272
 165.  80.       -0.0294252346       -0.1073781922
 165.  81.       -0.0022838572        0.0448095403
 165.  82.       -0.1878083946        0.0412228449
 165.  83.       -0.0199965300       -0.0633111627
 165.  84.       -0.2711461298       -0.0000251416
 165.  85.        0.1158032284       -0.0713699815
 165.  86.        0.0233106896        0.0254975817
 165.  87.        0.0285598632        0.0030971469
 165.  88.       -0.2378390699        0.1986329796
 165.  89.       -0.0643644746        0.1051346979
 165.  90.        0.1959226818        0.0470334209
 165.  91.        0.0787062606        0.0503432298
 165.  92.       -0.0919619799        0.0095164141
 165.  93.       -0.1041989918       -0.0464646701
 165.  94.       -0.0493384883       -0.0998031403
 165.  95.       -0.2221542389        0.0286030735
 165.  96.       -0.0402288363        0.0258282401
 165.  97.        0.1314675382        0.0137957623
 165.  98.       -0.0046406237       -0.0722150494
 165.  99.       -0.0346989185        0.4117594793
 165. 100.       -0.0797888254        0.1034507449
 165. 101.       -0.1014345783        0.0013592469
 165. 102.        0.4134833377       -0.1263140405
 165. 103.        0.1801916286        0.1979262184
 165. 104.       -0.1088854895        0.0871217444
 165. 105.        0.0297923067        0.3194507214
 165. 106.       -0.1147062810       -0.0033212720
 165. 107.       -0.0918404810       -0.0361893157
 165. 108.       -0.0612457832       -0.0950807840
 165. 109.       -0.1268143332       -0.0196268624
 165. 110.       -0.4031438525       -0.4181133299
 165. 111.       -0.1721907313        0.1756100004
 165. 112.        0.0589492169       -0.2714154367
 165. 113.       -0.2742403362       -0.0509256556
 165. 114.       -0.0189993719        0.1770974457
 165. 115.       -0.0606824225        0.1719642710
 165. 116.        0.2293408236        0.0349746509
 165. 117.       -0.0173694896        0.2044787830
 165. 118.        0.0070116363        0.0247310627
 165. 119.        0.0017280572        0.1742233053
 165. 120.        0.0249693337        0.1797594385
 165. 121.        0.0286241472        0.1313861857
 165. 122.       -0.4479034584        0.1137230374
 165. 123.        0.1805727627        0.4128695754
 165. 124.        0.0344937102       -0.1163511089
 165. 125.        0.0042009821       -0.0091890679
 165. 126.        0.0766990777        0.4889751017
 165. 127.        0.0478996827       -0.2482440572
 165. 128.       -0.1125905996        0.1299565988
 165. 129.       -0.0704594088       -0.1103290265
 165. 130.        0.0352384744       -0.2299922075
 165. 131.        0.0936488273       -0.0667432078
 165. 132.        0.2104915707        0.0277805712
 165. 133.       -0.0931296794        0.3410782646
 165. 134.        0.2568200113        0.2055183814
 165. 135.       -0.1598482239        0.0884007973
 165. 136.       -0.0910082138       -0.0082240640
 165. 137.       -0.1830209826       -0.0214216162
 165. 138.        0.3821767316       -0.1358891700
 165. 139.       -0.0809711232       -0.0180868735
 165. 140.        0.0285618218        0.1262705796
 165. 141.       -0.5356715140        0.0555187974
 165. 142.       -0.1050827152        0.1312361519
 165. 143.        0.1034390399       -0.4519798944
 165. 144.        0.0461468102       -0.1232907149
 165. 145.        0.1816418731        0.2373152835
 165. 146.        0.1128764809       -0.3167882447
 165. 147.       -0.0968579611       -0.2566125246
 165. 148.       -0.0310378083       -0.7266664540
 165. 149.       -0.1055417240       -0.0952842725
 165. 150.        0.0610962298       -0.0378591507
 165. 151.        0.2438280615       -0.1005966377
 165. 152.       -0.2541298501        0.0155965424
 165. 153.       -0.2909047789       -0.0496049328
 165. 154.        0.4482795401       -0.5289423222
 165. 155.       -0.3141671327        0.2561321407
 165. 156.       -0.4017089812       -0.2608309698
 165. 157.        0.1499339476       -0.0598027124
 165. 158.        0.0157428578       -0.1385016583
 165. 159.       -0.1020047043       -0.1114643214
 165. 160.        0.6074897476       -0.3028849451
 165. 161.        0.0169639853       -0.4444705650
 165. 162.        0.2649835903        0.1201827788
 165. 163.        0.1508330145        0.0058456538
 165. 164.        0.1250426437       -0.0724655503
 165. 165.        0.0667741911       -0.1121970331
 166.   0.       -0.0257745243        0.0000000000
 166.   1.        0.1563201581       -0.0821175333
 166.   2.       -0.1894058738       -0.0931086005
 166.   3.       -0.0296615001        0.0416242163
 166.   4.        0.0463705547        0.0111479484
 166.   5.       -0.1674546457        0.0030163863
 166.   6.       -0.0422086729       -0.1129979879
 166.   7.        0.2395333474        0.0651793841
 166.   8.       -0.0530526800        0.2303783606
 166.   9.        0.0408917220       -0.0229572001
 166.  10.       -0.0028853714       -0.0062377699
 166.  11.        0.0799522055       -0.0380671940
 166.  12.       -0.0594863035       -0.0382842570
 166.  13.       -0.1944799464       -0.0755959902
 166.  14.        0.0788649976       -0.0568559144
 166.  15.        0.1517599323        0.1033303776
 166.  16.        0.0004248362       -0.1990199755
 166.  17.        0.1032367728       -0.0173155167
 166.  18.       -0.0162462062        0.0603134673
 166.  19.        0.1593619098        0.0181033418
 166.  20.       -0.1406591803        0.0512252838
 166.  21.        0.1214913703       -0.0217229116
 166.  22.       -0.1639954083       -0.1383836747
 166.  23.       -0.0017055937        0.0829408083
 166.  24.        0.1284604289        0.0634246056
 166.  25.        0.0074775091        0.1265865636
 166.  26.       -0.2087556088        0.0165853910
 166.  27.       -0.0253506610       -0.0479268010
 166.  28.        0.0704093507       -0.1449097151
 166.  29.        0.0267986620       -0.0598856973
 166.  30.        0.0976413093       -0.1919336035
 166.  31.       -0.1392764047        0.0668923363
 166.  32.       -0.0600771184        0.0656906068
 166.  33.        0.1049412720       -0.0203108713
 166.  34.        0.0754362973        0.1268247125
 166.  35.       -0.0960358123       -0.0719851937
 166.  36.        0.0976379426       -0.1518641139
 166.  37.        0.0169099251        0.0578045395
 166.  38.       -0.0522146741       -0.0421897153
 166.  39.        0.0844099209       -0.0782468989
 166.  40.        0.0475428319       -0.3108456087
 166.  41.        0.1471508625        0.0202303144
 166.  42.       -0.1487489747        0.0494127467
 166.  43.        0.0293120306       -0.1440769238
 166.  44.        0.0316113559        0.0923385363
 166.  45.       -0.0781038999        0.0434556419
 166.  46.        0.0358065544       -0.0656896557
 166.  47.        0.1055643786        0.1024754255
 166.  48.       -0.1016317332        0.0170104170
 166.  49.       -0.0553174864        0.1513700612
 166.  50.       -0.1669176992        0.0538823504
 166.  51.       -0.0153742179        0.1994117276
 166.  52.       -0.0115338726       -0.0276909040
 166.  53.        0.0725789777       -0.1946093725
 166.  54.        0.0939914589        0.1943676930
 166.  55.        0.1758389394        0.0979441432
 166.  56.        0.0543697760       -0.1280881548
 166.  57.       -0.0693632096       -0.0605827059
 166.  58.       -0.0396443940       -0.1378923947
 166.  59.       -0.2300607856        0.0003958373
 166.  60.       -0.0764231141        0.1090816097
 166.  61.        0.1133206620        0.0549028597
 166.  62.       -0.0027633012        0.0314850574
 166.  63.       -0.0868397873       -0.1480500024
 166.  64.       -0.0259823910       -0.0412277091
 166.  65.        0.1227211508        0.0312453002
 166.  66.        0.1364428513       -0.0983033149
 166.  67.        0.0515837737       -0.0099940225
 166.  68.        0.0095583479       -0.1249033915
 166.  69.       -0.2325045284        0.1318014889
 166.  70.       -0.2644182990       -0.1009150844
 166.  71.       -0.0769175103        0.0242039035
 166.  72.        0.0329348984        0.1929210912
 166.  73.       -0.1581306338        0.0522078088
 166.  74.       -0.0123399491       -0.2086352712
 166.  75.        0.1374693454        0.1515182183
 166.  76.        0.0904835320        0.1463003297
 166.  77.       -0.1555731140        0.0714175345
 166.  78.        0.0259711225        0.0367638375
 166.  79.        0.0050396127        0.0942956117
 166.  80.        0.1216865297        0.0153461557
 166.  81.       -0.1021984764       -0.1207403391
 166.  82.        0.0432684905        0.0198478583
 166.  83.       -0.1277585394        0.0467435015
 166.  84.       -0.1490268980        0.0251041376
 166.  85.        0.0621682191        0.0611329309
 166.  86.        0.1049667261        0.1502182415
 166.  87.        0.0971865501       -0.1899161218
 166.  88.        0.1669374304        0.1390421967
 166.  89.       -0.0474104940        0.0000313148
 166.  90.       -0.0960051462        0.0150387362
 166.  91.        0.0691609800        0.2396203969
 166.  92.       -0.0165622768        0.1034533112
 166.  93.        0.0723349131       -0.1653485892
 166.  94.       -0.1536681554        0.0907302375
 166.  95.        0.0671207695       -0.0721369597
 166.  96.       -0.0978981658        0.0141768895
 166.  97.        0.1661720720        0.1348541454
 166.  98.        0.0440801737       -0.1372812208
 166.  99.       -0.0454464398       -0.1660082030
 166. 100.       -0.1454422656        0.2429560561
 166. 101.       -0.1171950396        0.0057968210
 166. 102.        0.0485826870        0.2372939553
 166. 103.       -0.0059309104        0.2701699307
 166. 104.        0.0729740206        0.1743856211
 166. 105.        0.1021820844       -0.1616031914
 166. 106.       -0.0303848622       -0.0691032993
 166. 107.        0.1686026507       -0.1856574784
 166. 108.       -0.1180994531       -0.0094376482
 166. 109.       -0.0055804095       -0.1838373117
 166. 110.       -0.2137853750       -0.3576811578
 166. 111.       -0.0106352868       -0.0767162805
 166. 112.       -0.1531442380       -0.0127751714
 166. 113.        0.0877920381        0.0886808016
 166. 114.        0.1731213657       -0.2300359974
 166. 115.       -0.1647513989       -0.0936585703
 166. 116.        0.0114862893        0.1336859200
 166. 117.       -0.0518503887        0.0709959453
 166. 118.        0.1706523907       -0.3888730800
 166. 119.       -0.3663775641       -0.0279059124
 166. 120.        0.0237195701        0.0268803797
 166. 121.       -0.0138555876        0.2299679912
 166. 122.       -0.1058001154        0.0962199451
 166. 123.       -0.1086937430       -0.1448800412
 166. 124.       -0.4603267442        0.3203094793
 166. 125.        0.2097688028        0.0196674475
 166. 126.       -0.1390825634       -0.1539030625
 166. 127.       -0.1733829784        0.0112211573
 166. 128.        0.0658696981       -0.1722215886
 166. 129.       -0.0272233584       -0.0323339305
 166. 130.       -0.2236810580        0.0677246318
 166. 131.       -0.2249967769        0.0175583155
 166. 132.       -0.0531677960        0.0960124736
 166. 133.        0.1128538098        0.0147387836
 166. 134.       -0.5241054387       -0.1454696957
 166. 135.       -0.1406924440       -0.0794160188
 166. 136.        0.2403248258       -0.1201014757
 166. 137.        0.2077683288       -0.1814401714
 166. 138.       -0.0568456246        0.3222377726
 166. 139.        0.0586761672       -0.1909026939
 166. 140.       -0.3005083558        0.3502996472
 166. 141.        0.0479171347       -0.0097131382
 166. 142.       -0.0525931843        0.2079855838
 166. 143.       -0.0104068517       -0.1679122050
 166. 144.       -0.2068313791        0.0273326983
 166. 145.       -0.0101477959       -0.0108355358
 166. 146.        0.2506704450        0.1250538161
 166. 147.        0.1688186631       -0.1602938421
 166. 148.       -0.2765288591        0.3315275672
 166. 149.        0.2802018648       -0.1597170056
 166. 150.        0.0734649231        0.0180703753
 166. 151.       -0.0025023216       -0.1484008211
 166. 152.       -0.0366393213        0.0744929231
 166. 153.        0.1603486517        0.2093514441
 166. 154.       -0.1473315155       -0.2708534826
 166. 155.       -0.0458898498        0.0658679452
 166. 156.        0.0961117512        0.0476941458
 166. 157.       -0.4091077706        0.1351854063
 166. 158.        0.3016151940       -0.3809715612
 166. 159.       -0.3653074010       -0.3659520894
 166. 160.       -0.1056864902        0.2222324435
 166. 161.       -0.0738362862        0.0557416488
 166. 162.        0.0264820997        0.0933374007
 166. 163.        0.0154358281       -0.1783117360
 166. 164.       -0.3648626809       -0.0824175808
 166. 165.        0.6809023632       -0.0658530644
 166. 166.        0.5530328386       -0.3310345473
 167.   0.       -0.2005879628        0.0000000000
 167.   1.        0.1487792509        0.1337249303
 167.   2.        0.0635657813        0.0630607067
 167.   3.       -0.0985510276        0.0353517935
 167.   4.        0.0733070900        0.1540541630
 167.   5.        0.0403064455       -0.0373854849
 167.   6.       -0.0752507446       -0.0424897339
 167.   7.       -0.1165485431        0.1023511861
 167.   8.       -0.0209020097       -0.0346310475
 167.   9.       -0.0579607836        0.0586432037
 167.  10.        0.0199086497       -0.1340859600
 167.  11.        0.2150820307        0.0720389417
 167.  12.        0.1014642280        0.0519162007
 167.  13.       -0.1744792823        0.0428904105
 167.  14.       -0.0008948334       -0.0801368081
 167.  15.        0.1414946797       -0.2237842479
 167.  16.        0.0290174857       -0.2091706501
 167.  17.       -0.0414072561       -0.2554731319
 167.  18.        0.0606435472        0.0849648421
 167.  19.       -0.0127779972       -0.0917133941
 167.  20.        0.0011909395       -0.2706682493
 167.  21.       -0.2386529698       -0.0435938998
 167.  22.       -0.1806413899       -0.0578666114
 167.  23.        0.2738716307        0.1066403881
 167.  24.       -0.0549325229        0.1098735286
 167.  25.       -0.1126108754       -0.0944989836
 167.  26.        0.0946511630       -0.0051798444
 167.  27.       -0.0273848421       -0.0696086052
 167.  28.        0.1777722603        0.0355636714
 167.  29.       -0.0503806698        0.1024923339
 167.  30.       -0.1396523141       -0.2246226254
 167.  31.        0.1804437976       -0.0329597134
 167.  32.       -0.0758926470       -0.0211231531
 167.  33.       -0.0133772935       -0.1080041483
 167.  34.        0.0526059707        0.1166275016
 167.  35.        0.1529215458        0.0708015684
 167.  36.        0.1826430131       -0.1739356967
 167.  37.       -0.0910963765       -0.1869941096
 167.  38.       -0.0912151207        0.2338541453
 167.  39.        0.0031819214        0.0453019061
 167.  40.       -0.1642723272        0.0576638711
 167.  41.        0.2183270111       -0.0111259872
 167.  42.        0.1628341668        0.1001916763
 167.  43.        0.0792836925       -0.1970400239
 167.  44.        0.1800102037       -0.0822928337
 167.  45.        0.1052677169        0.0882066459
 167.  46.       -0.0823112838       -0.0122858990
 167.  47.       -0.0628241308        0.1779056362
 167.  48.        0.2801633330        0.1670073855
 167.  49.        0.0669927086       -0.0674123519
 167.  50.       -0.2718029892        0.1049109489
 167.  51.       -0.0322849832        0.0791990867
 167.  52.       -0.0093680335        0.0822066174
 167.  53.        0.2791346162        0.0024421358
 167.  54.       -0.0794247116       -0.0035170873
 167.  55.        0.0367923397       -0.1091057472
 167.  56.        0.0410029249       -0.1487003793
 167.  57.       -0.0807030942        0.0157200131
 167.  58.       -0.1223445986        0.0116453911
 167.  59.       -0.0104145916       -0.0543274853
 167.  60.        0.0432275589        0.0695294062
 167.  61.        0.0019649993        0.0978020342
 167.  62.        0.0595684748        0.1223529673
 167.  63.        0.0775030416       -0.0373222834
 167.  64.       -0.0477662904       -0.2679358329
 167.  65.        0.0158559290       -0.0914191370
 167.  66.        0.1161400415       -0.0157652654
 167.  67.       -0.0430626821        0.0387396495
 167.  68.       -0.0888846992        0.1928566002
 167.  69.        0.0925512115        0.0606008528
 167.  70.        0.0774796197        0.0992140049
 167.  71.       -0.0871577983       -0.1261147641
 167.  72.        0.0136298700        0.0283444508
 167.  73.       -0.0019493557       -0.0314454027
 167.  74.       -0.2110413716       -0.0914605038
 167.  75.       -0.1407347314       -0.2782500376
 167.  76.       -0.1968900092        0.0705491978
 167.  77.        0.0446626455       -0.3156810338
 167.  78.       -0.0641054770        0.0212487678
 167.  79.        0.1695624566        0.0174287772
 167.  80.        0.0206168613        0.0655222468
 167.  81.        0.0011656493       -0.0060717758
 167.  82.        0.1975306571       -0.1311370468
 167.  83.       -0.1212951677       -0.0539366036
 167.  84.        0.0111658377        0.0561164554
 167.  85.       -0.1872345045       -0.0999820092
 167.  86.       -0.0177106311       -0.2196670045
 167.  87.        0.1019641340       -0.0974211827
 167.  88.        0.1662936750       -0.0659466979
 167.  89.       -0.0728433476        0.0110615974
 167.  90.       -0.2419934962       -0.0631512831
 167.  91.        0.2129119516       -0.4269039153
 167.  92.       -0.3719155338        0.1580227783
 167.  93.        0.0151540207       -0.0052748721
 167.  94.       -0.0584669601        0.1076480134
 167.  95.        0.1293962775        0.2431690445
 167.  96.       -0.0176461554        0.1614965407
 167.  97.       -0.0444777102       -0.1346630536
 167.  98.       -0.1953031232       -0.0769544738
 167.  99.       -0.0311689253       -0.0433091990
 167. 100.        0.2605352352       -0.0666761137
 167. 101.       -0.1243787034       -0.1093023569
 167. 102.       -0.0290423806       -0.2673490857
 167. 103.       -0.1402952178       -0.1462020729
 167. 104.        0.2620908571        0.0086451318
 167. 105.        0.0599137085        0.2005061138
 167. 106.        0.3578538388        0.0656348712
 167. 107.       -0.0334017140       -0.0315084389
 167. 108.       -0.1032492695        0.1646648224
 167. 109.       -0.0995805562       -0.0075571599
 167. 110.        0.0421068217        0.2800713554
 167. 111.        0.4188842535        0.0327510233
 167. 112.       -0.0017592329       -0.0049771776
 167. 113.       -0.1737479797       -0.0922733893
 167. 114.        0.3191698800       -0.2143622828
 167. 115.        0.3747684462        0.0166514622
 167. 116.       -0.0304260264        0.0527619407
 167. 117.        0.0358796265        0.1728379680
 167. 118.        0.1257469557        0.0428565539
 167. 119.        0.0605091792        0.1304643739
 167. 120.        0.4478532295        0.2414509456
 167. 121.        0.0640014443       -0.2160515819
 167. 122.        0.2228211598        0.1698695277
 167. 123.        0.2304713636        0.0531088245
 167. 124.       -0.0285886739       -0.0692928886
 167. 125.       -0.3270830874        0.3267479623
 167. 126.        0.0122419554        0.0205089838
 167. 127.       -0.0811810041       -0.1763950896
 167. 128.       -0.1515837316        0.0436773594
 167. 129.        0.1881544933       -0.0037184260
 167. 130.       -0.0552372876        0.2785052598
 167. 131.       -0.2036206088       -0.1287380887
 167. 132.        0.1065857209       -0.0187189909
 167. 133.        0.1273259361        0.1481425702
 167. 134.        0.0419119207        0.0222508779
 167. 135.        0.2804094977       -0.2023757360
 167. 136.       -0.1007648443       -0.2492666382
 167. 137.       -0.1668215884       -0.1858872230
 167. 138.        0.2619320014        0.1405773653
 167. 139.       -0.1485167916       -0.0386230742
 167. 140.        0.0153147097        0.0757131526
 167. 141.        0.0357178249       -0.2964554601
 167. 142.        0.1860622208        0.0285119683
 167. 143.       -0.0569557102        0.1354990597
 167. 144.        0.0665675020       -0.1530987587
 167. 145.        0.3869559903       -0.0454910620
 167. 146.       -0.1959813625       -0.0488229542
 167. 147.        0.1221835449        0.1688116746
 167. 148.        0.2278773002       -0.2363122978
 167. 149.       -0.0172540774        0.2400215656
 167. 150.        0.0220773689        0.3166298282
 167. 151.       -0.1608506180       -0.3402021203
 167. 152.        0.0040579062        0.1138667633
 167. 153.        0.0686174980        0.1037674393
 167. 154.        0.1151790696        0.2618127096
 167. 155.       -0.0818783531       -0.1484358505
 167. 156.        0.0505541123        0.1394933324
 167. 157.        0.2931933280       -0.1390980318
 167. 158.       -0.0345265758       -0.2955881181
 167. 159.        0.2881951706       -0.0596577474
 167. 160.        0.2124936937       -0.7010759171
 167. 161.        0.1630717279       -0.0759028770
 167. 162.       -0.0894410624        0.0204128516
 167. 163.       -0.0438852753       -0.1491758039
 167. 164.        0.1175357275        0.2517766817
 167. 165.        0.0523706450        0.2552751838
 167. 166.       -0.0141870460       -0.0140901436
 167. 167.       -0.2339662184       -0.1792214855
 168.   0.        0.0252092623        0.0000000000
 168.   1.       -0.1177522817       -0.0685962474
 168.   2.        0.1340674559       -0.2046250563
 168.   3.        0.0183611882       -0.0224786558
 168.   4.       -0.0777264232       -0.0511460639
 168.   5.        0.0202804855       -0.0065756277
 168.   6.        0.0357180903        0.1177765106
 168.   7.       -0.1592844247       -0.0949684532
 168.   8.        0.0544211493       -0.2804122464
 168.   9.       -0.2370331499        0.0594335349
 168.  10.        0.0801852214        0.0823772415
 168.  11.       -0.2324647015        0.0319730488
 168.  12.        0.1155890646       -0.1117733827
 168.  13.        0.1401233520        0.2898492374
 168.  14.        0.0666711168       -0.0171173636
 168.  15.        0.0339589512       -0.0993335039
 168.  16.       -0.0303761244       -0.0585698724
 168.  17.       -0.0263290358       -0.0543071536
 168.  18.       -0.0180452851        0.0476106332
 168.  19.       -0.2063949476        0.0030705585
 168.  20.        0.1690163276        0.0182405942
 168.  21.        0.0159160536        0.1816441858
 168.  22.        0.0861266795       -0.1196006296
 168.  23.        0.1294013809       -0.1541349200
 168.  24.       -0.1171838322       -0.0248363267
 168.  25.       -0.2365236326       -0.0918545957
 168.  26.        0.1445639559       -0.0836311880
 168.  27.        0.0663615069        0.3110279701
 168.  28.       -0.0717889556        0.2277561242
 168.  29.        0.0221771734       -0.1856080041
 168.  30.        0.0303970355        0.1803714612
 168.  31.       -0.1190668931        0.0073550513
 168.  32.        0.1079727078       -0.1073516387
 168.  33.       -0.2005906872        0.0514422604
 168.  34.       -0.1127589187        0.0563688079
 168.  35.        0.1831293151        0.0649800600
 168.  36.       -0.0873363398        0.0368974319
 168.  37.       -0.1248200767       -0.0736920357
 168.  38.        0.0468766740       -0.0663651271
 168.  39.       -0.0930673733        0.0226665903
 168.  40.       -0.0273782524        0.0387922393
 168.  41.       -0.0416940814       -0.0994039549
 168.  42.        0.1004275455        0.2008627438
 168.  43.       -0.0028866599        0.0086377747
 168.  44.       -0.0980119651       -0.2291227770
 168.  45.        0.0135622706        0.1510821360
 168.  46.       -0.1198694371        0.1079508347
 168.  47.       -0.0353843497        0.1733008851
 168.  48.       -0.0579518216        0.0468245406
 168.  49.        0.0470283820       -0.1225986859
 168.  50.        0.0346939323        0.0414579794
 168.  51.       -0.1843126652       -0.4305692171
 168.  52.       -0.0666403350        0.1061126965
 168.  53.       -0.1492056463       -0.0032187407
 168.  54.        0.0619655302       -0.1382221546
 168.  55.       -0.1419870752        0.0547262313
 168.  56.       -0.1930550661       -0.1762074924
 168.  57.       -0.0942569223        0.0269194588
 168.  58.       -0.1061448830       -0.0657774269
 168.  59.       -0.0022216856        0.0851317402
 168.  60.       -0.2086089201       -0.0588166067
 168.  61.        0.0177617699        0.0460535307
 168.  62.        0.1467751372       -0.2097012208
 168.  63.       -0.0544394152        0.0067905870
 168.  64.       -0.1544953476       -0.0939553132
 168.  65.        0.0326115758       -0.1820133766
 168.  66.       -0.2581397559        0.0475830408
 168.  67.        0.0092815322        0.1318742573
 168.  68.       -0.0285155413        0.1892588466
 168.  69.        0.0822899746       -0.2762857630
 168.  70.       -0.0503546275        0.2931667103
 168.  71.       -0.1938959646        0.1560898580
 168.  72.        0.1423508133        0.0441348904
 168.  73.        0.1457883675        0.0277177529
 168.  74.       -0.0952225269       -0.0187547795
 168.  75.       -0.1206718330       -0.0393411761
 168.  76.        0.1900349295       -0.2016679017
 168.  77.        0.0905257305       -0.0981665956
 168.  78.        0.0482618838       -0.0633283213
 168.  79.        0.1046522878       -0.1027929104
 168.  80.        0.0739770692       -0.0736834097
 168.  81.        0.0028920944        0.0206945673
 168.  82.       -0.0917643210        0.2305526893
 168.  83.        0.2024326051       -0.1815967267
 168.  84.        0.1274786529       -0.0629004737
 168.  85.        0.1051326705       -0.0348446729
 168.  86.        0.0039552786       -0.1148260640
 168.  87.       -0.1003430430        0.0863371831
 168.  88.       -0.0715320440        0.0314806253
 168.  89.       -0.0745028558       -0.0488048411
 168.  90.        0.1227330932       -0.1781630900
 168.  91.       -0.1028746182       -0.0292188434
 168.  92.        0.3063579899       -0.1006665707
 168.  93.       -0.0953124800        0.0498899481
 168.  94.       -0.0249831863        0.1759653257
 168.  95.        0.1604293336       -0.0447541234
 168.  96.        0.1313717726        0.1675307317
 168.  97.        0.0032033728       -0.2589083715
 168.  98.       -0.0559536022        0.0706383575
 168.  99.       -0.1967495024        0.4562286840
 168. 100.        0.0358351356        0.1209362585
 168. 101.       -0.3038799048       -0.1075047226
 168. 102.       -0.0320720875        0.0203536766
 168. 103.        0.0324247544       -0.1264612337
 168. 104.        0.0304093807        0.1595559372
 168. 105.       -0.0864130066       -0.0144340034
 168. 106.        0.0622344369        0.1539769950
 168. 107.        0.0751216438        0.1004639712
 168. 108.       -0.2673283533       -0.1919240453
 168. 109.       -0.1760458824        0.2465578816
 168. 110.       -0.1670217218        0.0671832462
 168. 111.        0.0150169128       -0.2601316464
 168. 112.        0.1281137596        0.2068565714
 168. 113.        0.1518163901        0.0167413042
 168. 114.       -0.2597088758       -0.3146765214
 168. 115.       -0.0171095794        0.1582437976
 168. 116.       -0.1204578605        0.1792863121
 168. 117.        0.1855837470       -0.0258775114
 168. 118.       -0.1864046137        0.1943607840
 168. 119.       -0.1203628810       -0.1968073625
 168. 120.        0.2237100791        0.0915952710
 168. 121.       -0.0209826681        0.0218264926
 168. 122.        0.0397408039        0.2808412280
 168. 123.       -0.2043823506        0.2871394808
 168. 124.       -0.1437579563       -0.0199331905
 168. 125.        0.1565169706       -0.0017975812
 168. 126.       -0.0445692790        0.2597130270
 168. 127.        0.2044784238        0.1313939920
 168. 128.       -0.1827192786       -0.0830558391
 168. 129.       -0.0653466121        0.0961518745
 168. 130.        0.1965373727        0.1538902994
 168. 131.       -0.0760811448        0.3480345779
 168. 132.       -0.0747168355       -0.2070203248
 168. 133.       -0.0210724644        0.2464444765
 168. 134.       -0.2638292228       -0.1688382215
 168. 135.       -0.0096566370        0.1943265005
 168. 136.        0.0720943727        0.1602966410
 168. 137.       -0.1148287009        0.1053572844
 168. 138.        0.0998197329        0.1740101503
 168. 139.       -0.0978000099        0.1022002396
 168. 140.       -0.1054258704       -0.0175790340
 168. 141.        0.3761147904        0.0038946492
 168. 142.       -0.2787644423       -0.0358647790
 168. 143.       -0.1573761802        0.1554647850
 168. 144.        0.1209318293       -0.0178253908
 168. 145.        0.1516353386        0.0451207512
 168. 146.       -0.1522231976       -0.0669389029
 168. 147.       -0.2143292053       -0.2153456650
 168. 148.       -0.1998069576       -0.1985121823
 168. 149.        0.1109061276        0.0339425572
 168. 150.       -0.1531710957        0.1290041952
 168. 151.        0.1164299896       -0.3102004912
 168. 152.       -0.0886386391        0.2701100566
 168. 153.       -0.1612273016        0.0152574165
 168. 154.        0.0235720843       -0.1983885994
 168. 155.        0.0617862916       -0.1064447702
 168. 156.       -0.0663258545       -0.4867654541
 168. 157.        0.1682873891        0.1951767918
 168. 158.       -0.3317843857       -0.0009636205
 168. 159.       -0.0505421026       -0.0668249247
 168. 160.        0.4907407048       -0.3034956576
 168. 161.       -0.3538890625       -0.1150493328
 168. 162.       -0.1500908056       -0.0508039531
 168. 163.        0.1917035609       -0.4195753644
 168. 164.        0.0113838929       -0.0668835574
 168. 165.        0.4413370796        0.0292503712
 168. 166.        0.1343712937       -0.1005649216
 168. 167.        0.0754047771        0.1327044969
 168. 168.        0.4391769989        0.1422990175
 169.   0.        0.0395887515        0.0000000000
 169.   1.       -0.1071468411       -0.0661175037
 169.   2.       -0.1163803667       -0.0010519839
 169.   3.       -0.0522513571       -0.0081456158
 169.   4.        0.0231901604       -0.0327145122
 169.   5.       -0.1093885028       -0.0835003488
 169.   6.        0.1753090301        0.0388546487
 169.   7.        0.1513246251       -0.1451543534
 169.   8.       -0.0091985045        0.0468072128
 169.   9.       -0.0193030937       -0.0540616941
 169.  10.       -0.0130177601        0.0956735825
 169.  11.       -0.1578729327       -0.1855659247
 169.  12.       -0.0940885376       -0.0885091562
 169.  13.        0.1539349791        0.1219180813
 169.  14.       -0.0683349928        0.2598296382
 169.  15.        0.0002223552        0.0841134635
 169.  16.        0.0817374504        0.1830140845
 169.  17.       -0.0841090549        0.1648819351
 169.  18.        0.0363604863       -0.1305260766
 169.  19.        0.2262422420       -0.0211604025
 169.  20.       -0.0531524893        0.3362829930
 169.  21.        0.1797398350       -0.0976293554
 169.  22.        0.1157103990        0.1635319643
 169.  23.       -0.1002108768        0.0061944796
 169.  24.        0.0708733391       -0.0267246658
 169.  25.        0.1725528983       -0.0817662714
 169.  26.       -0.0552505751        0.0820616069
 169.  27.        0.0769238465        0.0859415928
 169.  28.        0.1015210888       -0.0768494656
 169.  29.       -0.0195086504       -0.0412178647
 169.  30.        0.3682549303        0.0252401068
 169.  31.       -0.0604029937       -0.0504750665
 169.  32.       -0.3335271774        0.0542868024
 169.  33.       -0.0677616985       -0.0873666566
 169.  34.        0.0289768739       -0.0658502994
 169.  35.       -0.1596366769       -0.0152619331
 169.  36.        0.1124369809        0.2179183589
 169.  37.        0.1162603656        0.1327240778
 169.  38.        0.0406923493       -0.1086047236
 169.  39.        0.1202199517       -0.1426034866
 169.  40.        0.0141508083        0.1360329894
 169.  41.       -0.1850680166        0.0519474042
 169.  42.       -0.1001278413        0.0376549295
 169.  43.        0.0895039758        0.1142797299
 169.  44.       -0.0473282932        0.1975089720
 169.  45.        0.0343936247       -0.0352148176
 169.  46.        0.1391868209       -0.1058432734
 169.  47.       -0.0712820423       -0.0533209446
 169.  48.       -0.0913003044        0.0310311303
 169.  49.       -0.0030232371        0.0152683993
 169.  50.        0.0874524077       -0.1375888379
 169.  51.        0.1444530098        0.0146978916
 169.  52.        0.1403726136        0.0675613416
 169.  53.       -0.1661743941        0.1347347625
 169.  54.       -0.2106647780       -0.0603022138
 169.  55.        0.0130681810       -0.0349481353
 169.  56.        0.1547368871       -0.1462096197
 169.  57.        0.2517123049        0.0224737466
 169.  58.        0.0450799190       -0.0050949171
 169.  59.        0.0250256732       -0.1343833736
 169.  60.        0.2247809009       -0.0900255374
 169.  61.        0.0173225707        0.1002308389
 169.  62.       -0.0178613940        0.1263023231
 169.  63.        0.0923488621        0.1417789841
 169.  64.       -0.0158135359        0.1033004484
 169.  65.        0.1205805326        0.0469600597
 169.  66.        0.0795435298       -0.0432331298
 169.  67.       -0.0541644205        0.1102008057
 169.  68.       -0.1110073996       -0.0480711307
 169.  69.        0.0042777579        0.0685107481
 169.  70.        0.2594711785       -0.0309648668
 169.  71.       -0.1980539888        0.1636404048
 169.  72.        0.0935212494       -0.0396241237
 169.  73.        0.0820860035        0.1328842872
 169.  74.        0.1796503640       -0.0204516509
 169.  75.        0.0185550344        0.0273137789
 169.  76.        0.1180130461        0.0545322310
 169.  77.        0.1977155213        0.2652347220
 169.  78.        0.1466845424        0.0311264569
 169.  79.       -0.2034968324       -0.0662748879
 169.  80.        0.1353829893       -0.0625524586
 169.  81.        0.1263983647       -0.1400146257
 169.  82.       -0.2102920864       -0.1012610339
 169.  83.       -0.1393635438        0.0508509508
 169.  84.        0.3342520297       -0.0009902743
 169.  85.       -0.0165527661       -0.1006715444
 169.  86.       -0.0098828557       -0.0838483506
 169.  87.       -0.0402675164       -0.0482307871
 169.  88.       -0.1104345069       -0.1583591063
 169.  89.       -0.3178223761        0.0940232316
 169.  90.       -0.0197692008       -0.2021360270
 169.  91.        0.0165561317       -0.0899152196
 169.  92.       -0.1418412374       -0.3191962536
 169.  93.        0.1501472689       -0.1313330276
 169.  94.        0.0156645846        0.2580835058
 169.  95.       -0.0557689126        0.0841811387
 169.  96.        0.1424848857       -0.0223763825
 169.  97.       -0.0398261765       -0.0859462631
 169.  98.       -0.0062061098       -0.0924735811
 169.  99.       -0.0907778468        0.0836625479
 169. 100.       -0.1213280662        0.2070681398
 169. 101.       -0.0207626479        0.3581960384
 169. 102.        0.0978005170       -0.0080385088
 169. 103.       -0.2418313622       -0.0109672652
 169. 104.       -0.0004818340        0.1750227835
 169. 105.       -0.2426639446       -0.1212406775
 169. 106.       -0.0525892126       -0.0683510060
 169. 107.        0.3107704090        0.2155945652
 169. 108.        0.1934422203        0.1686687810
 169. 109.       -0.1041965698        0.1339864841
 169. 110.       -0.2641904833       -0.0527596351
 169. 111.        0.0861318116        0.1042702600
 169. 112.        0.1114912548        0.1028716130
 169. 113.       -0.0042326736       -0.0966095263
 169. 114.       -0.0094096018       -0.0282597353
 169. 115.       -0.2962695902       -0.0766952458
 169. 116.       -0.1771828241        0.2601148527
 169. 117.       -0.2252472849       -0.0620632800
 169. 118.        0.1281341871        0.0565429797
 169. 119.        0.0194207966       -0.0063578669
 169. 120.        0.3018684993        0.2665595877
 169. 121.        0.0859866237        0.1277332751
 169. 122.        0.0165868750        0.0862486836
 169. 123.        0.2199633360        0.1173809782
 169. 124.        0.1050730711        0.0773864267
 169. 125.        0.1584218692        0.2469000989
 169. 126.       -0.1642475244       -0.0650321049
 169. 127.       -0.0510246695       -0.1212289676
 169. 128.        0.2251511406        0.0568934463
 169. 129.       -0.0492730439       -0.2588327298
 169. 130.       -0.1097652952        0.0035647111
 169. 131.        0.0837181999       -0.1044300074
 169. 132.        0.2176083712        0.1043288822
 169. 133.        0.0186076774       -0.2963019582
 169. 134.       -0.0783509007       -0.0067138333
 169. 135.       -0.0495469679       -0.2173511655
 169. 136.        0.0474227688       -0.1477917438
 169. 137.        0.0195464610        0.3244527466
 169. 138.        0.0338576027        0.2292660978
 169. 139.        0.0192659951        0.0473987840
 169. 140.       -0.1622397368        0.0227019500
 169. 141.        0.0647001893       -0.0023994039
 169. 142.        0.1246194514        0.1464387024
 169. 143.       -0.1642739895        0.1000979248
 169. 144.       -0.2145415345        0.3296822068
 169. 145.       -0.0451856037        0.0386404024
 169. 146.       -0.1744781215       -0.2183129567
 169. 147.       -0.0681192613       -0.4891832293
 169. 148.        0.1290159556        0.2277700163
 169. 149.       -0.1345267346       -0.0811916907
 169. 150.       -0.1902123165        0.3486809036
 169. 151.       -0.2087196787       -0.0184661201
 169. 152.        0.2727320158       -0.0802572920
 169. 153.       -0.0339535076        0.2049363281
 169. 154.       -0.3239198244        0.0086236402
 169. 155.        0.1347791427        0.1652796820
 169. 156.        0.3202031482        0.2076395888
 169. 157.        0.1976723771       -0.2242689744
 169. 158.        0.0212476999       -0.2022435136
 169. 159.       -0.2037620649        0.0414847525
 169. 160.        0.0960879575        0.0467026821
 169. 161.       -0.1744445099        0.0409790363
 169. 162.        0.1048193301       -0.0932769624
 169. 163.       -0.0186658612       -0.0561925979
 169. 164.        0.0421310648       -0.3779653071
 169. 165.       -0.0019171590       -0.0543189925
 169. 166.        0.1839220654       -0.1078592965
 169. 167.       -0.2946089858       -0.0862344665
 169. 168.       -0.2258136249       -0.0993608091
 169. 169.        0.3577776949        0.3375964557
 170.   0.       -0.0789278143        0.0000000000
 170.   1.       -0.0164054980        0.1012153530
 170.   2.       -0.0699261302        0.1681291954
 170.   3.       -0.0111535578       -0.2277585013
 170.   4.        0.0933214969        0.0513086662
 170.   5.        0.0522517692        0.0511644911
 170.   6.        0.0370343075       -0.1083707585
 170.   7.        0.0415467568        0.1242212433
 170.   8.       -0.0450734231        0.1283490039
 170.   9.        0.1550961063        0.0551809429
 170.  10.       -0.2348533878       -0.2675745728
 170.  11.        0.3714826886       -0.0549344217
 170.  12.       -0.0601368501        0.1694703806
 170.  13.        0.0150792692       -0.2268506980
 170.  14.       -0.0694531912       -0.0116059520
 170.  15.       -0.1312388090        0.0580682849
 170.  16.        0.2156436115        0.0069013919
 170.  17.        0.1438732392        0.0743582645
 170.  18.       -0.0628908716       -0.0958682037
 170.  19.        0.1401895003       -0.0671783674
 170.  20.       -0.0439525559        0.0349517647
 170.  21.       -0.1490905327       -0.1285802763
 170.  22.       -0.0016313757        0.0914851059
 170.  23.       -0.0240804124        0.0533620219
 170.  24.        0.0351840101        0.1052920522
 170.  25.        0.1159797343        0.0746502093
 170.  26.       -0.0034911094       -0.0683982713
 170.  27.        0.0607924006       -0.2316298148
 170.  28.        0.0480169718       -0.0921821388
 170.  29.       -0.0538844952        0.2965528638
 170.  30.       -0.2081466883       -0.0269535093
 170.  31.        0.1445945298       -0.0755160302
 170.  32.        0.0520431169        0.0112564428
 170.  33.        0.1507963874       -0.0441339667
 170.  34.        0.1640075299       -0.0673452831
 170.  35.       -0.0661832735       -0.0464440372
 170.  36.       -0.0193111147       -0.0615207727
 170.  37.       -0.0751936021       -0.0506433955
 170.  38.       -0.1001449453        0.0662090339
 170.  39.       -0.0040384786        0.1921142386
 170.  40.        0.1399650206        0.2141582946
 170.  41.       -0.1447693243        0.1628004664
 170.  42.       -0.0119123402       -0.0646791625
 170.  43.        0.2097586772        0.0131028223
 170.  44.        0.0439642514       -0.1609736018
 170.  45.        0.0277278976       -0.0567828664
 170.  46.        0.0341733015        0.1216187574
 170.  47.        0.1226866094        0.0037439269
 170.  48.       -0.0153475273        0.0425751902
 170.  49.       -0.1098932677       -0.0176658618
 170.  50.       -0.0079245651       -0.2027494799
 170.  51.        0.0655826644        0.2526799120
 170.  52.        0.0340396678        0.0219400196
 170.  53.       -0.0107407270        0.0710771139
 170.  54.       -0.1005580359        0.0066721692
 170.  55.       -0.0410741055       -0.0182823036
 170.  56.       -0.1539885324       -0.0893708479
 170.  57.        0.3083700879       -0.2153821039
 170.  58.        0.0590481305        0.2160051166
 170.  59.       -0.1310263138       -0.0492911211
 170.  60.       -0.0732774418        0.0024862588
 170.  61.        0.1070912417       -0.0807227689
 170.  62.       -0.0034304469        0.1719656842
 170.  63.       -0.1073662758        0.0630539144
 170.  64.        0.2380576951        0.0054148834
 170.  65.       -0.0061160837        0.1341074665
 170.  66.        0.1269118580       -0.0221483235
 170.  67.       -0.0116086539        0.0483935312
 170.  68.        0.1358602502        0.0175555627
 170.  69.       -0.2598819393        0.0973563578
 170.  70.       -0.3208160078        0.0080195682
 170.  71.        0.0980013574       -0.0264532803
 170.  72.       -0.0835567409       -0.0453376683
 170.  73.        0.1102473796        0.1860278589
 170.  74.        0.1156217900       -0.0795185885
 170.  75.       -0.0952453440        0.1145104316
 170.  76.       -0.4173119009        0.0430815338
 170.  77.       -0.1195200786       -0.0806109307
 170.  78.        0.0641124203       -0.1048578715
 170.  79.       -0.0714452346        0.3045977151
 170.  80.        0.0696299583        0.0955448199
 170.  81.        0.0558707958        0.0010915606
 170.  82.        0.0196760365       -0.1846316401
 170.  83.        0.1146152594       -0.1188801727
 170.  84.       -0.2440743270       -0.1202471918
 170.  85.        0.0600195145        0.0324896934
 170.  86.       -0.0172772546       -0.1767392511
 170.  87.       -0.2052219583        0.1006174435
 170.  88.        0.1046844617        0.1713783406
 170.  89.        0.1758710188        0.0174055726
 170.  90.       -0.2296513602        0.0844943965
 170.  91.       -0.1915801298        0.1145180249
 170.  92.       -0.0660667437       -0.0839625621
 170.  93.        0.0679869003        0.1281505613
 170.  94.       -0.1156076323        0.0215556385
 170.  95.       -0.2099407511        0.1791370033
 170.  96.       -0.1456361741       -0.0412438526
 170.  97.        0.0347806975        0.0661118425
 170.  98.       -0.0331326513       -0.1141566825
 170.  99.        0.0644528443        0.0549767633
 170. 100.       -0.1596789473       -0.0379234752
 170. 101.       -0.0586114968        0.3679721103
 170. 102.       -0.0116174377        0.3427343221
 170. 103.       -0.2235274945        0.0070072264
 170. 104.        0.0155883818       -0.2254706678
 170. 105.       -0.0144103251        0.0247327900
 170. 106.       -0.0563897940        0.2093656694
 170. 107.        0.0277280965       -0.0853635111
 170. 108.       -0.1381046410        0.0240058699
 170. 109.       -0.1523998800       -0.1540408588
 170. 110.        0.0832746832       -0.0764197546
 170. 111.       -0.1330638244       -0.0499295377
 170. 112.       -0.3711572247       -0.1955039988
 170. 113.        0.1379085050       -0.1839370190
 170. 114.        0.1895686215        0.1497186518
 170. 115.        0.0891624044       -0.2053811727
 170. 116.        0.0650134518       -0.1738862402
 170. 117.       -0.2405807298       -0.1143125903
 170. 118.       -0.0119185568        0.0219396144
 170. 119.       -0.1142767694       -0.0584170968
 170. 120.       -0.1506171533       -0.2060211809
 170. 121.        0.1453927398        0.2746815733
 170. 122.        0.1423320351        0.1089377317
 170. 123.        0.2870718339        0.0312043698
 170. 124.        0.1331358829       -0.0399444934
 170. 125.        0.0045845737        0.0048842194
 170. 126.       -0.1324463307        0.2477009333
 170. 127.        0.1429497233       -0.1638637427
 170. 128.        0.3464749582       -0.0842959815
 170. 129.       -0.0593236805        0.0994473846
 170. 130.        0.0439250499       -0.1518452589
 170. 131.        0.1117709979       -0.0022363062
 170. 132.        0.3203556712        0.4636005728
 170. 133.       -0.2451611417       -0.3020962550
 170. 134.        0.1341826545       -0.3285595639
 170. 135.        0.1832465815        0.0689514415
 170. 136.        0.1680754526        0.1199820222
 170. 137.        0.2190645393       -0.1810638496
 170. 138.        0.2923038166       -0.0392111673
 170. 139.        0.0497855118       -0.0366986400
 170. 140.        0.3398912407        0.3161671019
 170. 141.       -0.2648727794       -0.1380594290
 170. 142.        0.2415445425        0.0186535991
 170. 143.       -0.2373897027        0.0444597721
 170. 144.       -0.0705423929        0.1436692771
 170. 145.        0.0320923870        0.0726056245
 170. 146.        0.2626579976        0.2519913400
 170. 147.       -0.1115943502       -0.2180825238
 170. 148.       -0.0096255157        0.3667146208
 170. 149.        0.0794694656       -0.2980549739
 170. 150.       -0.0330733876        0.3593487479
 170. 151.       -0.0838009275        0.2433559075
 170. 152.        0.0571314990       -0.4261014815
 170. 153.       -0.0498723528       -0.1846901720
 170. 154.       -0.2350003412        0.1017667148
 170. 155.       -0.3064661462        0.2308669055
 170. 156.       -0.1247784577        0.4927161165
 170. 157.       -0.0756225600       -0.0989778521
 170. 158.       -0.0915903969       -0.0268060762
 170. 159.       -0.2201958661       -0.1949024018
 170. 160.       -0.1943820978       -0.0285546665
 170. 161.        0.2735076086       -0.0893753199
 170. 162.       -0.1793374027       -0.3295263597
 170. 163.       -0.2088899786        0.2494748768
 170. 164.        0.3139032498        0.3547239806
 170. 165.        0.2238657670        0.1491885241
 170. 166.       -0.1046346884        0.2476512386
 170. 167.       -0.1388202657        0.2360844199
 170. 168.       -0.0174301381        0.1235108198
 170. 169.       -0.2866923554       -0.0609696899
 170. 170.       -0.0888484456       -0.2272978066
 171.   0.       -0.0557636166        0.0000000000
 171.   1.        0.0861986430       -0.0731938946
 171.   2.       -0.0525539673        0.0503409718
 171.   3.        0.0359012854       -0.0357698063
 171.   4.       -0.0056957261       -0.0494999539
 171.   5.        0.0972236855        0.0916766430
 171.   6.       -0.1013896684        0.0704316222
 171.   7.       -0.0216659500        0.1382272458
 171.   8.        0.0363252444       -0.0480627356
 171.   9.        0.1154953278       -0.0119712140
 171.  10.       -0.0552618921       -0.0741359329
 171.  11.       -0.0763983060        0.2164945139
 171.  12.       -0.0116882033        0.0327959124
 171.  13.       -0.0673606043       -0.1567780496
 171.  14.        0.0024784232       -0.1655060859
 171.  15.       -0.0800046894        0.0920961303
 171.  16.       -0.0201004851        0.0456677147
 171.  17.        0.0072127862       -0.0762202414
 171.  18.        0.0759258497        0.0508661467
 171.  19.       -0.2397333690        0.1246763635
 171.  20.        0.0716628834       -0.1333219709
 171.  21.       -0.0476940753        0.1354374922
 171.  22.        0.0230655049       -0.0683746901
 171.  23.       -0.0644914887        0.0327714575
 171.  24.        0.0386062815       -0.1417620234
 171.  25.       -0.0548967088        0.1232009659
 171.  26.       -0.1339274219       -0.0967880459
 171.  27.       -0.1924555904       -0.0370557516
 171.  28.       -0.2058680975       -0.0235739379
 171.  29.        0.1432874377        0.0395059449
 171.  30.       -0.1854542482        0.0835552205
 171.  31.       -0.0372857093        0.1714318131
 171.  32.        0.2370530126       -0.0329248315
 171.  33.        0.0159518290        0.0707744161
 171.  34.       -0.0204841334       -0.0193369030
 171.  35.        0.0260903399       -0.0019514273
 171.  36.        0.0158451938       -0.0834891297
 171.  37.        0.0169709148        0.0367056144
 171.  38.       -0.1267040611        0.0474132025
 171.  39.       -0.0995225441       -0.0315896306
 171.  40.        0.2078110763       -0.0928325108
 171.  41.        0.0706829780        0.1651910528
 171.  42.       -0.1262270683       -0.0727090383
 171.  43.        0.0733758121       -0.2703378371
 171.  44.       -0.2014679398       -0.0963374515
 171.  45.       -0.1158970841        0.1735213574
 171.  46.       -0.2535431105        0.1054493735
 171.  47.        0.0159897664        0.1425369877
 171.  48.        0.1016720899        0.1091247357
 171.  49.        0.0139004812        0.1888800106
 171.  50.       -0.0933236849        0.0886522222
 171.  51.       -0.1535492733       -0.0548280436
 171.  52.        0.0131912169        0.1169504065
 171.  53.       -0.1543376423        0.1759244560
 171.  54.       -0.0326514005        0.0040828482
 171.  55.        0.2088258730        0.1459839015
 171.  56.        0.0194130095        0.1169445963
 171.  57.       -0.0255476555        0.2811403708
 171.  58.        0.2159008008       -0.1504510187
 171.  59.        0.0036372958        0.1655324270
 171.  60.       -0.1413893647        0.1696461205
 171.  61.        0.0837112078        0.0390638429
 171.  62.        0.0882334702       -0.0479093492
 171.  63.       -0.1210347946       -0.0470947681
 171.  64.       -0.1401581804       -0.0117525574
 171.  65.       -0.0533908965       -0.0179093178
 171.  66.       -0.0661910939        0.1472093288
 171.  67.        0.0439694026       -0.2089686945
 171.  68.        0.0895030169        0.1778996924
 171.  69.       -0.1391854019       -0.0902897531
 171.  70.       -0.2732628073        0.0469282136
 171.  71.       -0.0460625123       -0.2129066696
 171.  72.        0.2319511362        0.2110505284
 171.  73.       -0.1463127173       -0.0121334441
 171.  74.        0.0975396586       -0.1577808633
 171.  75.        0.1269009248        0.0518396987
 171.  76.        0.1275861183        0.0680790746
 171.  77.       -0.0871726340       -0.0455311681
 171.  78.        0.0342142187       -0.0270156099
 171.  79.        0.0159423666        0.0188640687
 171.  80.        0.0662831508       -0.1149322799
 171.  81.        0.0188689363        0.2320643656
 171.  82.        0.0400289118        0.0580510890
 171.  83.        0.1078381681        0.0205397930
 171.  84.       -0.1347438204       -0.1581967828
 171.  85.       -0.0249800270        0.0334275383
 171.  86.        0.0718942449        0.0493765893
 171.  87.        0.0690449778        0.1193652992
 171.  88.        0.2369828672       -0.0118969551
 171.  89.        0.0207306062        0.1090065358
 171.  90.        0.1061130793        0.1225586178
 171.  91.        0.0708543458        0.1518827470
 171.  92.       -0.2152927533       -0.0405556223
 171.  93.       -0.2491197533       -0.1437984331
 171.  94.        0.0188177031       -0.0891331856
 171.  95.        0.2460007306       -0.0957018873
 171.  96.       -0.0532599466        0.1068880840
 171.  97.        0.0712491619       -0.2406608424
 171.  98.       -0.0366558972        0.1541808623
 171.  99.        0.1742841505       -0.0191057298
 171. 100.        0.0548813834       -0.0291082277
 171. 101.       -0.0149468690       -0.0820941032
 171. 102.       -0.0153337338       -0.1193690154
 171. 103.       -0.1279482542       -0.0644836408
 171. 104.       -0.0953950604        0.0198112721
 171. 105.       -0.0496649899        0.2124841722
 171. 106.       -0.0580834994       -0.0309263292
 171. 107.        0.0930196936        0.1014029641
 171. 108.       -0.0754626966        0.1829189987
 171. 109.        0.0270969633        0.0880433442
 171. 110.       -0.0483198294        0.0369922577
 171. 111.       -0.0089203931       -0.1199596475
 171. 112.       -0.0516864521       -0.2289940143
 171. 113.        0.1489084655       -0.1887355539
 171. 114.        0.3150457572       -0.1030662216
 171. 115.        0.0083586440        0.0509992438
 171. 116.        0.1191433013       -0.1133686743
 171. 117.        0.1915749504       -0.1031022981
 171. 118.       -0.1586743774       -0.3206561036
 171. 119.       -0.0225303453        0.0166346745
 171. 120.        0.2820006876       -0.0615661206
 171. 121.       -0.0575248891       -0.2188443635
 171. 122.       -0.1062545729        0.0020632877
 171. 123.       -0.1166100778        0.2027437834
 171. 124.       -0.0724649668        0.1199324895
 171. 125.       -0.0039779353       -0.2809237787
 171. 126.        0.1583389174        0.1486133953
 171. 127.       -0.1055809263       -0.2329522251
 171. 128.        0.0865142292        0.0563872498
 171. 129.       -0.1500745741       -0.0567704503
 171. 130.       -0.2892460457       -0.0199386947
 171. 131.        0.2988706231       -0.2003844432
 171. 132.       -0.1111681644       -0.0037996311
 171. 133.       -0.3130039672        0.0351695099
 171. 134.       -0.0079086612       -0.0004574329
 171. 135.       -0.1224347930       -0.2455081680
 171. 136.       -0.2801704900       -0.0090683563
 171. 137.       -0.1529826881        0.0260851940
 171. 138.        0.3242288794        0.2053138121
 171. 139.       -0.1655438045       -0.0371491531
 171. 140.        0.0704975804        0.0279418730
 171. 141.       -0.1754024477        0.0526786115
 171. 142.       -0.0567749067       -0.2654518550
 171. 143.       -0.2109535847        0.1003081266
 171. 144.       -0.1492708214        0.1997090799
 171. 145.        0.2359640255       -0.0295956515
 171. 146.        0.0023588837       -0.3416655533
 171. 147.       -0.1434698757       -0.0760107727
 171. 148.        0.1470439559       -0.0791220435
 171. 149.        0.1333494091       -0.1588486838
 171. 150.        0.1337158240        0.0193003753
 171. 151.       -0.2180842948       -0.0320288221
 171. 152.       -0.3109466956        0.1335322183
 171. 153.       -0.0019927517        0.1433832704
 171. 154.        0.0102498722        0.1281145313
 171. 155.       -0.1174838458       -0.3144309464
 171. 156.       -0.0267244484       -0.0792414158
 171. 157.       -0.0180589217        0.1127133660
 171. 158.       -0.1261201625        0.2008733409
 171. 159.       -0.3105694964       -0.0519460613
 171. 160.        0.0150282025        0.1485465725
 171. 161.       -0.2354492986        0.3189733614
 171. 162.        0.2484321486        0.1048460482
 171. 163.       -0.1574257224        0.0997510560
 171. 164.       -0.1659213704        0.1783915604
 171. 165.       -0.5965457173       -0.2286083220
 171. 166.       -0.1025975108        0.0172872978
 171. 167.       -0.0241817754        0.2111497461
 171. 168.        0.1671305436        0.0743440729
 171. 169.        0.0390871769       -0.0272228793
 171. 170.        0.0738158900        0.1413234763
 171. 171.        0.0013426566        0.1258598254
 172.   0.       -0.0405450065        0.0000000000
 172.   1.       -0.0343158539        0.0685093875
 172.   2.        0.0154429064       -0.0182744857
 172.   3.       -0.0419695798        0.3400498141
 172.   4.       -0.1248981049       -0.0590680423
 172.   5.       -0.0320238820       -0.1014915442
 172.   6.       -0.2133354644        0.1070994679
 172.   7.       -0.0182818253       -0.1320287535
 172.   8.       -0.0093928363       -0.0898533722
 172.   9.        0.0360346616       -0.1975073253
 172.  10.        0.1747937045        0.2241455968
 172.  11.       -0.2783404004        0.0406492824
 172.  12.       -0.0296922242       -0.0726661495
 172.  13.       -0.0278348755       -0.0817899863
 172.  14.       -0.0332627340        0.0447886610
 172.  15.        0.0386864452       -0.0409208099
 172.  16.       -0.2038720104        0.0444613877
 172.  17.        0.0540520271        0.0332096477
 172.  18.        0.0207990700        0.0504878700
 172.  19.       -0.0120306644       -0.0023805247
 172.  20.       -0.1279326539       -0.1738887448
 172.  21.        0.1300910646        0.1389793648
 172.  22.        0.1174376089        0.1775168364
 172.  23.        0.0766011801       -0.0351026624
 172.  24.       -0.0618345915       -0.1518021091
 172.  25.       -0.1357131000       -0.0795904157
 172.  26.        0.0753464712        0.1614765743
 172.  27.       -0.1039295852       -0.0221851749
 172.  28.       -0.0270304538       -0.0131037402
 172.  29.       -0.0744942859       -0.2734303536
 172.  30.        0.1813402744       -0.0361250747
 172.  31.       -0.0161715691       -0.1603660893
 172.  32.       -0.0403483777        0.0675181194
 172.  33.       -0.0217579443        0.0487808080
 172.  34.       -0.1667150542       -0.0249758837
 172.  35.        0.0132767082        0.0185808772
 172.  36.        0.0751575332        0.1220590531
 172.  37.        0.0243363278        0.0442998239
 172.  38.        0.2048393308       -0.1310023374
 172.  39.        0.0283463308        0.0213486797
 172.  40.       -0.1040054901       -0.2220948264
 172.  41.       -0.1327511492       -0.2505871065
 172.  42.       -0.0993017044        0.0121359634
 172.  43.        0.0862572663       -0.0455268904
 172.  44.        0.0432177007        0.0449497289
 172.  45.       -0.0728619854        0.1375610355
 172.  46.       -0.0042594723       -0.0966082673
 172.  47.       -0.0432924419        0.1303212508
 172.  48.       -0.1208181823        0.0638401112
 172.  49.        0.0522753297       -0.0214843943
 172.  50.        0.0710621717        0.1867722167
 172.  51.       -0.1403543447       -0.1192543091
 172.  52.       -0.1434598724       -0.1446318859
 172.  53.        0.0503922118        0.0810304985
 172.  54.       -0.1853919397       -0.0572473119
 172.  55.        0.1004372041        0.1018210309
 172.  56.        0.0511002066       -0.0266675321
 172.  57.       -0.0021531496       -0.0491206207
 172.  58.        0.0008900003       -0.1118801394
 172.  59.        0.2167997131        0.0823450188
 172.  60.       -0.1059790327        0.1840460189
 172.  61.       -0.0454171171        0.0714127790
 172.  62.       -0.0472463086       -0.1472976020
 172.  63.        0.2659559199        0.0435747114
 172.  64.       -0.1855405803       -0.1073548915
 172.  65.       -0.1121329757       -0.1078521349
 172.  66.        0.0735598812        0.1396027325
 172.  67.       -0.0071604501       -0.0582838118
 172.  68.       -0.0082266931       -0.0118237541
 172.  69.        0.0240836786        0.0457950891
 172.  70.        0.0316161035        0.1199841653
 172.  71.       -0.0579079803       -0.0809844465
 172.  72.        0.0804730023        0.0722464908
 172.  73.        0.0764606677        0.0014032393
 172.  74.       -0.1620492538       -0.2077861655
 172.  75.       -0.0507682631       -0.0903315402
 172.  76.        0.0517022052       -0.0676771618
 172.  77.       -0.1121816663       -0.1555662320
 172.  78.       -0.1528829948       -0.0080979521
 172.  79.       -0.0492108754        0.0162704677
 172.  80.       -0.0207225218       -0.0682782898
 172.  81.       -0.0656507729        0.0344595087
 172.  82.       -0.0403443463        0.2497134633
 172.  83.       -0.0603961161        0.0084637975
 172.  84.        0.0460157946       -0.0889080052
 172.  85.        0.0059269905       -0.1958908782
 172.  86.       -0.2120466141       -0.2073063722
 172.  87.       -0.0166083215       -0.1357464073
 172.  88.        0.0812409060       -0.0006814489
 172.  89.       -0.0743862729       -0.0523532440
 172.  90.        0.0797794549       -0.0629084049
 172.  91.        0.1224409195        0.1208626025
 172.  92.       -0.2047372688        0.0516335735
 172.  93.        0.1495120870       -0.0075618229
 172.  94.        0.0469256169       -0.2815870017
 172.  95.        0.3209192198       -0.0145780325
 172.  96.        0.0499916960        0.0531876601
 172.  97.        0.0788205033       -0.0240714302
 172.  98.       -0.0169449207        0.0053752841
 172.  99.       -0.1807229262       -0.0555363820
 172. 100.       -0.0154359152       -0.0242703169
 172. 101.        0.0012947313        0.0072307983
 172. 102.        0.1766461045       -0.0836095345
 172. 103.        0.0140374060        0.1909427444
 172. 104.        0.0675329315       -0.1126388366
 172. 105.        0.1009320698       -0.1353964263
 172. 106.        0.0397060109        0.1141634459
 172. 107.        0.3217052013       -0.3336427891
 172. 108.       -0.1594304085       -0.0758476292
 172. 109.        0.2520973355       -0.0885272830
 172. 110.       -0.1501398561        0.1125151966
 172. 111.       -0.2473796609        0.0642380056
 172. 112.       -0.1659434514       -0.1691180939
 172. 113.        0.0028653955        0.1395453812
 172. 114.       -0.1809227334       -0.0635160571
 172. 115.        0.1719854070        0.1122763549
 172. 116.        0.1130277036        0.0845198198
 172. 117.       -0.0326760911        0.2163446050
 172. 118.       -0.0733124769        0.0656016683
 172. 119.       -0.0289407697       -0.2026299941
 172. 120.        0.1060936532        0.0334424353
 172. 121.        0.1101865354       -0.1096833695
 172. 122.        0.0986016516       -0.0275010061
 172. 123.       -0.1436825886       -0.2104360767
 172. 124.        0.1383345818        0.0343040343
 172. 125.       -0.1463389667       -0.2132256185
 172. 126.        0.1398375956        0.0527366656
 172. 127.       -0.0362715825       -0.0456807065
 172. 128.        0.0882739056        0.0095620406
 172. 129.        0.0041165223       -0.0462493317
 172. 130.        0.2013505845        0.0185701353
 172. 131.       -0.1730029226        0.0919898699
 172. 132.        0.3116430531       -0.0744236334
 172. 133.        0.2587176866        0.1097633042
 172. 134.        0.1268335778        0.2246594906
 172. 135.       -0.3526372605       -0.0030412241
 172. 136.       -0.2984505059        0.1594787988
 172. 137.        0.0570842254        0.0118497611
 172. 138.        0.2809183419       -0.2013343814
 172. 139.        0.1924863414        0.2933991914
 172. 140.       -0.2673900139        0.0155316823
 172. 141.       -0.0176367591        0.1249671884
 172. 142.       -0.1967058335       -0.3513980439
 172. 143.        0.4108083194       -0.0285097048
 172. 144.        0.0392153371       -0.4690339963
 172. 145.       -0.3310801799       -0.0254427077
 172. 146.        0.2883131420        0.3726435615
 172. 147.        0.0140425946        0.1852119007
 172. 148.       -0.3772070143        0.0099937754
 172. 149.        0.1596730280        0.1017799961
 172. 150.        0.1234571956        0.0162298483
 172. 151.        0.1001345545        0.2597198463
 172. 152.       -0.1768362967        0.1775795127
 172. 153.       -0.0102785492       -0.1739802375
 172. 154.        0.0430834518        0.2929959794
 172. 155.       -0.0213590991       -0.0892184911
 172. 156.        0.0977904624        0.3028484343
 172. 157.       -0.0534952702        0.0854879637
 172. 158.        0.1635395825        0.0055478883
 172. 159.        0.1787497701       -0.0416457957
 172. 160.        0.1806417005       -0.0086324630
 172. 161.       -0.3878265700       -0.1497800348
 172. 162.       -0.2518800545       -0.1579084365
 172. 163.        0.0249829087        0.0701354945
 172. 164.        0.0424471799       -0.1171170902
 172. 165.        0.0995552689       -0.1676279618
 172. 166.       -0.1412196780       -0.1770152844
 172. 167.       -0.1490946647       -0.0317005736
 172. 168.       -0.1556338818        0.1311212775
 172. 169.        0.1923895598        0.0567854650
 172. 170.       -0.5171184955        0.0925112284
 172. 171.        0.2928995822       -0.6531853255
 172. 172.       -0.2387590834       -0.2785664204
 173.   0.        0.0051408955        0.0000000000
 173.   1.       -0.0604135183       -0.0798033736
 173.   2.        0.0219947870       -0.1462355984
 173.   3.        0.1503630939        0.0223392013
 173.   4.        0.0453590003       -0.0778159154
 173.   5.        0.0036038608       -0.0583665709
 173.   6.        0.1326871956       -0.0845857689
 173.   7.        0.0021354811       -0.0260911229
 173.   8.        0.0003529820        0.0825035721
 173.   9.       -0.1329438567        0.1586798251
 173.  10.        0.1104933353        0.0975529658
 173.  11.        0.0799805510       -0.0432111236
 173.  12.        0.1038652421       -0.0177228300
 173.  13.       -0.1011633759       -0.0590158549
 173.  14.        0.1066796055       -0.0579024924
 173.  15.        0.0434970656       -0.0250137761
 173.  16.        0.0199831007       -0.0679663577
 173.  17.       -0.0681209579        0.0207396700
 173.  18.       -0.1148223559       -0.0364576505
 173.  19.        0.1335656439        0.0447692689
 173.  20.        0.0834546829       -0.0190425113
 173.  21.        0.0347697917       -0.1387454040
 173.  22.       -0.1484796361       -0.0871151705
 173.  23.        0.0040532022       -0.0193054181
 173.  24.       -0.0438543898        0.1972248802
 173.  25.       -0.1760502446       -0.0176753332
 173.  26.        0.0031543354       -0.0447218240
 173.  27.        0.1031059031        0.0233982229
 173.  28.        0.1065496565       -0.0301254576
 173.  29.       -0.0462395012       -0.0608077293
 173.  30.        0.1060962017       -0.0127534959
 173.  31.        0.1125415121       -0.1142170291
 173.  32.        0.0548945480       -0.0727398744
 173.  33.       -0.0887297742       -0.0413253795
 173.  34.        0.0070516990        0.1909850193
 173.  35.        0.1151642159        0.1291039499
 173.  36.       -0.1897545337       -0.0130077552
 173.  37.        0.0127152463        0.0358803722
 173.  38.        0.0241972369        0.1997950029
 173.  39.       -0.0166939312        0.0893846236
 173.  40.       -0.2766162655       -0.0507868609
 173.  41.        0.1431581310       -0.0938032874
 173.  42.        0.1382785575        0.2083964989
 173.  43.       -0.0259993239        0.1936703656
 173.  44.        0.0963013357       -0.0871810770
 173.  45.        0.2485788452        0.1623989657
 173.  46.        0.1599506388       -0.0144351862
 173.  47.        0.1002879938       -0.0065655719
 173.  48.       -0.0740009601        0.0303753067
 173.  49.       -0.1063506435       -0.1574603069
 173.  50.        0.0117250594        0.0913096401
 173.  51.        0.0791841662        0.0691003911
 173.  52.        0.0394744103       -0.1324654293
 173.  53.        0.2740732346       -0.0454773845
 173.  54.        0.0568397026       -0.0018118983
 173.  55.        0.0304847253       -0.2013634174
 173.  56.        0.1030734869        0.0536260052
 173.  57.       -0.1743185319       -0.0227134229
 173.  58.       -0.2000045351       -0.1983897938
 173.  59.       -0.0376167001       -0.0843986763
 173.  60.        0.1281322715        0.2388186148
 173.  61.       -0.1351370466       -0.2328588423
 173.  62.       -0.0397943203       -0.1296909005
 173.  63.        0.0408918019       -0.0107798448
 173.  64.       -0.0824201969       -0.0325382852
 173.  65.       -0.1008869403       -0.0522181814
 173.  66.       -0.1165758792       -0.0557711576
 173.  67.       -0.0220145083        0.0724618218
 173.  68.        0.0582441856       -0.1015661185
 173.  69.        0.0437256406        0.1999742741
 173.  70.        0.1335074782        0.2252755293
 173.  71.        0.0359563224       -0.0108445752
 173.  72.       -0.0132032780       -0.0600369645
 173.  73.        0.1099031952        0.0368454096
 173.  74.        0.1235483995       -0.0802309250
 173.  75.        0.2257616003       -0.0536043435
 173.  76.       -0.0463538823       -0.0717351690
 173.  77.       -0.0221407729       -0.0266024728
 173.  78.       -0.1508674577        0.0928114742
 173.  79.        0.0784161704       -0.0940174739
 173.  80.       -0.2349151823        0.0364336118
 173.  81.       -0.0318194297        0.2086724506
 173.  82.        0.0715118665        0.0408732943
 173.  83.       -0.1523774806       -0.0566145032
 173.  84.       -0.2867064615        0.2058876286
 173.  85.        0.0910404656       -0.0637703994
 173.  86.        0.0120431575        0.1102221924
 173.  87.       -0.1467878795       -0.1473661756
 173.  88.       -0.0478950489       -0.0293672314
 173.  89.        0.2551040146       -0.1091160940
 173.  90.       -0.0547153330        0.0359700500
 173.  91.       -0.1649309961       -0.0650825003
 173.  92.        0.0458375436        0.0593559103
 173.  93.       -0.0489384731       -0.1378023729
 173.  94.        0.0545042673        0.0435246975
 173.  95.       -0.1255976972        0.1960910793
 173.  96.       -0.1298335796        0.1756271258
 173.  97.        0.0760196726        0.0426513818
 173.  98.        0.0291822319       -0.3029931432
 173.  99.       -0.2072822905        0.0267017090
 173. 100.        0.0446384210       -0.0581055502
 173. 101.        0.1019172992        0.0156914695
 173. 102.        0.0758367949       -0.1693181446
 173. 103.        0.1764185534       -0.0711178147
 173. 104.       -0.0301862555       -0.0370878482
 173. 105.        0.1991581270        0.0425263984
 173. 106.       -0.2014909466       -0.0594062340
 173. 107.       -0.0843184680        0.0367127941
 173. 108.        0.0812865366        0.1529280776
 173. 109.        0.1331813112       -0.0283910777
 173. 110.        0.1756340112        0.2295310600
 173. 111.       -0.0496525406       -0.1820938609
 173. 112.       -0.0252063003       -0.1431213962
 173. 113.        0.2069923784       -0.0560683087
 173. 114.        0.0467272348        0.0775836398
 173. 115.       -0.1295271900       -0.0303721131
 173. 116.        0.0378637183        0.1341182843
 173. 117.       -0.2943235664        0.0454848991
 173. 118.       -0.1134517857       -0.0578783303
 173. 119.        0.1010671755        0.0659467411
 173. 120.       -0.0026715793       -0.1115551453
 173. 121.        0.0922781242        0.1950113992
 173. 122.       -0.0296136991        0.3536287721
 173. 123.        0.0113648099       -0.1135446424
 173. 124.        0.0565364434       -0.0481830753
 173. 125.        0.1631784721        0.1139476595
 173. 126.       -0.0693598291        0.0786758076
 173. 127.       -0.0881307107        0.0398688965
 173. 128.       -0.0151279034        0.1576908733
 173. 129.        0.1750483932       -0.1811315157
 173. 130.       -0.0340096099       -0.2555247420
 173. 131.        0.2603252593        0.2544317552
 173. 132.       -0.2974862099        0.1316825231
 173. 133.        0.1320944628       -0.0197623455
 173. 134.       -0.0291005471        0.1448962369
 173. 135.       -0.1658649925       -0.0352076470
 173. 136.       -0.0090132220       -0.5600745096
 173. 137.        0.0720879005        0.2361766433
 173. 138.        0.1964776740       -0.1215024934
 173. 139.        0.1336113656        0.1086217746
 173. 140.        0.1887683711       -0.1757864603
 173. 141.       -0.1008348660        0.2121679024
 173. 142.       -0.1069247895       -0.0980596942
 173. 143.        0.2605269039        0.1108445048
 173. 144.       -0.1523671179       -0.3713329147
 173. 145.        0.2965664640       -0.0029230786
 173. 146.       -0.0087363656       -0.1775645500
 173. 147.       -0.1335508303        0.2612520218
 173. 148.       -0.0840135785        0.1808758110
 173. 149.       -0.2193078472       -0.0863846919
 173. 150.       -0.4159339481        0.0569897035
 173. 151.        0.1222972410        0.0175688415
 173. 152.        0.3499242235       -0.1632377399
 173. 153.        0.2053478878       -0.0695173662
 173. 154.       -0.0591140016       -0.2264121722
 173. 155.        0.0909155646       -0.0191736076
 173. 156.        0.1214353285        0.1092511643
 173. 157.        0.0201695862        0.1111447700
 173. 158.        0.1495224017       -0.1217324665
 173. 159.       -0.0832205635        0.0679782394
 173. 160.        0.3266643932       -0.2320489012
 173. 161.        0.1297935634        0.0650850175
 173. 162.       -0.1461502150        0.0813527707
 173. 163.       -0.2859762718        0.1806254673
 173. 164.        0.1227074253       -0.1581412727
 173. 165.        0.1159868204        0.2482877047
 173. 166.       -0.1157395195        0.1671565565
 173. 167.        0.3462916699       -0.4650781287
 173. 168.        0.1182874478       -0.2105199771
 173. 169.        0.0006960816        0.4774107488
 173. 170.        0.5608773398        0.3937352023
 173. 171.       -0.1488145836       -0.0043397930
 173. 172.        0.0200474044        0.1425787036
 173. 173.       -0.1274163447       -0.1704561665
 174.   0.        0.0736130107        0.0000000000
 174.   1.        0.1337208823       -0.0384406399
 174.   2.        0.0795962764        0.1724431351
 174.   3.        0.0534689254       -0.2238082893
 174.   4.        0.1385866078        0.0419613175
 174.   5.       -0.0661554586        0.0993769543
 174.   6.        0.1710756418       -0.0675302902
 174.   7.        0.0352529468        0.0176291451
 174.   8.        0.0858518037        0.0194979699
 174.   9.       -0.0992193045        0.0805533985
 174.  10.       -0.0156706051       -0.0240541552
 174.  11.        0.1304241452       -0.1382333974
 174.  12.        0.0325390932        0.1324276771
 174.  13.        0.0367737060        0.0848455437
 174.  14.        0.0254129663        0.0040517405
 174.  15.        0.0567270735        0.0090455038
 174.  16.       -0.0027684763        0.1235647134
 174.  17.       -0.1861306869       -0.0247705191
 174.  18.        0.0020056459       -0.0439036757
 174.  19.       -0.0710490761        0.0666239802
 174.  20.        0.1243394869        0.2210461811
 174.  21.        0.0190700890       -0.1464644792
 174.  22.        0.0052402938       -0.2184341512
 174.  23.       -0.2083441626        0.1204711493
 174.  24.        0.1216173636        0.0829014760
 174.  25.        0.2986991701        0.0550477777
 174.  26.       -0.0303979517       -0.1191379288
 174.  27.        0.1150198551        0.0332691369
 174.  28.        0.0323768169        0.0852967823
 174.  29.       -0.0252235693        0.0793558150
 174.  30.        0.0287791288       -0.0074573879
 174.  31.       -0.0203749113        0.1891761419
 174.  32.       -0.0222440629       -0.0398254095
 174.  33.        0.0334454423       -0.0223896519
 174.  34.       -0.1059797629       -0.1338119250
 174.  35.       -0.0481372717        0.0543232834
 174.  36.        0.0377826663        0.0862839672
 174.  37.       -0.0593549477        0.1291458185
 174.  38.       -0.0752345355       -0.0614701423
 174.  39.        0.1050773735       -0.0475324087
 174.  40.        0.0588481702        0.1419872236
 174.  41.       -0.0411131621        0.0858293667
 174.  42.       -0.0295133372       -0.0585981224
 174.  43.       -0.0119803421       -0.0081409009
 174.  44.       -0.1509794090       -0.0980168553
 174.  45.        0.2188589001       -0.1028395936
 174.  46.        0.1146301012        0.0838296254
 174.  47.       -0.0548576134        0.0881498814
 174.  48.        0.2143778433        0.1772675818
 174.  49.        0.1339151411        0.0458888969
 174.  50.       -0.0737001030       -0.0855634897
 174.  51.        0.0033234722        0.0703462353
 174.  52.       -0.0840676139        0.0994011678
 174.  53.       -0.1408037642       -0.0886066458
 174.  54.        0.1144205532        0.1560945704
 174.  55.       -0.1609633230        0.0679743115
 174.  56.       -0.1422660970        0.0074282424
 174.  57.       -0.0485936049        0.1386967115
 174.  58.        0.1328524912       -0.0136401002
 174.  59.       -0.2275846926       -0.1634653622
 174.  60.        0.0830933516       -0.0418949237
 174.  61.       -0.0502528624       -0.0062946678
 174.  62.        0.0227176611       -0.0707336220
 174.  63.        0.0054560945       -0.0591194223
 174.  64.        0.0292751800        0.0955293282
 174.  65.       -0.0274094253       -0.0935797739
 174.  66.       -0.1651017113        0.0192353437
 174.  67.       -0.0752095738        0.0109784599
 174.  68.       -0.1105801760        0.0162466101
 174.  69.        0.1064036209        0.0060962459
 174.  70.        0.0122684725        0.0662774592
 174.  71.       -0.0168623565        0.3466907174
 174.  72.       -0.0037544357       -0.3533418227
 174.  73.        0.0138048621        0.0416732124
 174.  74.        0.0956661733        0.0710175352
 174.  75.        0.2694887201       -0.0359721564
 174.  76.       -0.0110050186       -0.0117071723
 174.  77.        0.0701318200        0.0635134858
 174.  78.       -0.0524155266        0.0906058163
 174.  79.        0.0045394830        0.0123418384
 174.  80.       -0.0863078064        0.1670788683
 174.  81.       -0.1168956812       -0.0113494382
 174.  82.       -0.1372280385        0.0732826267
 174.  83.        0.0808928537       -0.0277544717
 174.  84.       -0.0081781461        0.1572577932
 174.  85.       -0.0337750266       -0.2387451623
 174.  86.        0.0226173027       -0.0959358564
 174.  87.        0.0234886595        0.1381401897
 174.  88.        0.0375484092        0.1793078906
 174.  89.        0.0577743690        0.0621051492
 174.  90.        0.0735493494       -0.0108868059
 174.  91.        0.2317812223        0.0565436694
 174.  92.       -0.0542739011        0.2025246480
 174.  93.       -0.2754743019        0.0659698619
 174.  94.       -0.1029915366       -0.0807662189
 174.  95.       -0.0300870151       -0.1073681715
 174.  96.       -0.0160628004       -0.0204903150
 174.  97.       -0.1800323322       -0.2325236812
 174.  98.       -0.0974397375       -0.1854347017
 174.  99.        0.1684474753        0.1366185020
 174. 100.        0.0775833392       -0.0409399932
 174. 101.        0.0358402970       -0.0059606773
 174. 102.       -0.3338765410       -0.1492893390
 174. 103.        0.1056505427       -0.1659948812
 174. 104.       -0.0791797519       -0.1297655826
 174. 105.       -0.0675927980        0.0967894484
 174. 106.        0.0701679038        0.0587443355
 174. 107.       -0.0159345415        0.2834474286
 174. 108.        0.4173709229        0.0373496030
 174. 109.        0.2700225671        0.2581559398
 174. 110.       -0.1191054690       -0.0144191608
 174. 111.        0.1371242220        0.0268440381
 174. 112.        0.0089416308       -0.0732605165
 174. 113.        0.0148750958       -0.0557543281
 174. 114.        0.0858571154       -0.0372558122
 174. 115.        0.2484675691       -0.1046875038
 174. 116.       -0.1565270130       -0.0614868745
 174. 117.        0.0114186942       -0.1608719909
 174. 118.        0.0510266094       -0.0291865912
 174. 119.       -0.0815448918       -0.0704179027
 174. 120.        0.1896526938        0.1480576471
 174. 121.        0.0243061711       -0.0853935228
 174. 122.       -0.1955176480        0.0497960827
 174. 123.       -0.0284935194       -0.1459089601
 174. 124.       -0.1474477522       -0.1352304128
 174. 125.       -0.0575800144        0.0908179012
 174. 126.       -0.0104495836        0.1033237328
 174. 127.       -0.0747328509       -0.0775495366
 174. 128.       -0.0193227079       -0.0691636070
 174. 129.        0.1226067961        0.0760835223
 174. 130.       -0.0370685300       -0.2944316388
 174. 131.        0.2091479054        0.0035163536
 174. 132.        0.1540182973       -0.2815194415
 174. 133.       -0.2984411972        0.2377032424
 174. 134.        0.1834297498       -0.1734296725
 174. 135.       -0.1032154074       -0.2855155339
 174. 136.       -0.0468439664       -0.0046579398
 174. 137.       -0.1247913735       -0.1981965426
 174. 138.       -0.2270254032       -0.0469400365
 174. 139.        0.1155469227        0.1047685215
 174. 140.        0.3436389070        0.0685103313
 174. 141.       -0.0111703360       -0.1586548760
 174. 142.       -0.1275544162        0.1331141668
 174. 143.        0.4456809540        0.0444036157
 174. 144.       -0.0173081155        0.1493802744
 174. 145.        0.1187662915       -0.1847359197
 174. 146.        0.3721009504       -0.0782998833
 174. 147.        0.2220484409       -0.1151992698
 174. 148.       -0.1378562499       -0.0845663855
 174. 149.        0.0673450743       -0.0531199350
 174. 150.        0.0707410848       -0.1379230658
 174. 151.       -0.1284351114       -0.2726732399
 174. 152.       -0.0421308009        0.0697200394
 174. 153.       -0.1093788577        0.3050824053
 174. 154.        0.1276014441       -0.0224998951
 174. 155.       -0.1408950531       -0.4285582470
 174. 156.        0.0393858439        0.0371601958
 174. 157.       -0.0632565929       -0.3209853534
 174. 158.        0.0116915256        0.2884533141
 174. 159.        0.0081832010        0.0511743456
 174. 160.        0.2442565987       -0.2354070862
 174. 161.        0.0147919886        0.1746844258
 174. 162.        0.1192590042        0.0270696966
 174. 163.        0.1786643016        0.0949440830
 174. 164.       -0.1920712331       -0.2800717025
 174. 165.       -0.3111792569       -0.4438168520
 174. 166.       -0.1424007498       -0.2457539535
 174. 167.       -0.2304471175        0.1984425792
 174. 168.        0.1023684776       -0.0653413395
 174. 169.        0.1023931794       -0.1875577608
 174. 170.       -0.1138383597        0.0822519080
 174. 171.        0.0328640157       -0.1585404866
 174. 172.        0.1364445866       -0.3156648165
 174. 173.       -0.0646862249       -0.2521067666
 174. 174.       -0.0496131565       -0.0842698512
 175.   0.        0.0761625796        0.0000000000
 175.   1.        0.0304035198        0.1133457562
 175.   2.        0.1069472176        0.1556507686
 175.   3.       -0.1972598745        0.1216008114
 175.   4.       -0.0660985587        0.0649276421
 175.   5.       -0.0264316903        0.0681424764
 175.   6.       -0.0976283152        0.0131694403
 175.   7.       -0.0420701737       -0.0408258022
 175.   8.        0.0998793223       -0.1299702871
 175.   9.        0.0853937213       -0.1457927885
 175.  10.       -0.1141856986       -0.0226465431
 175.  11.       -0.0073031953       -0.0403907226
 175.  12.        0.0459053978        0.0889784745
 175.  13.        0.1270623267        0.1570439716
 175.  14.        0.0078263651        0.0263401964
 175.  15.       -0.0276640218       -0.0884238622
 175.  16.       -0.0971957949       -0.1023244698
 175.  17.        0.1317660821        0.1186394808
 175.  18.       -0.0368280317        0.0116291801
 175.  19.        0.0176654732       -0.1689616537
 175.  20.       -0.1398069306        0.0976787009
 175.  21.       -0.0691073589        0.1183092620
 175.  22.        0.0975051842       -0.0494455955
 175.  23.        0.1246744905       -0.1067175613
 175.  24.       -0.1635980881       -0.0878197907
 175.  25.        0.1295981492        0.0154785761
 175.  26.        0.1409021513        0.0740583279
 175.  27.        0.0594217457       -0.0244413101
 175.  28.       -0.0696080154       -0.0445506237
 175.  29.       -0.0561892311        0.1108216961
 175.  30.       -0.1268383980       -0.0128477800
 175.  31.        0.0565885874        0.0858271957
 175.  32.        0.0329862644       -0.0084685494
 175.  33.        0.1804969902       -0.0308934166
 175.  34.        0.0274661807        0.0140903881
 175.  35.       -0.1081888051       -0.2345527724
 175.  36.        0.0797516013        0.0122463021
 175.  37.        0.0039895613       -0.1308843224
 175.  38.       -0.0612099698       -0.1413747929
 175.  39.        0.0766577582       -0.1009306855
 175.  40.        0.0819066478        0.1101048829
 175.  41.       -0.1015871484        0.0469794301
 175.  42.       -0.0811557356       -0.1949576851
 175.  43.        0.1158713775       -0.0665861751
 175.  44.        0.0619110832        0.0830176145
 175.  45.       -0.1220112211        0.2214583205
 175.  46.       -0.1599949760        0.0600760178
 175.  47.       -0.0393186561       -0.0098575052
 175.  48.       -0.1105322774        0.0385020029
 175.  49.       -0.0197619726        0.0014965342
 175.  50.       -0.0546484906       -0.0142488656
 175.  51.        0.0291390203        0.0705081727
 175.  52.       -0.1800243725       -0.0545138201
 175.  53.       -0.1353739040        0.1758939499
 175.  54.       -0.1169514330       -0.1320727770
 175.  55.       -0.0413919703        0.0283606929
 175.  56.       -0.0552914549       -0.1152340490
 175.  57.        0.0146668861       -0.0374243863
 175.  58.        0.0550459657        0.0469157027
 175.  59.        0.1109942290       -0.0064885605
 175.  60.        0.1051318359       -0.1431039058
 175.  61.       -0.0210425898        0.1776678011
 175.  62.       -0.2036899607        0.2298682697
 175.  63.        0.0763878986        0.1626246405
 175.  64.        0.1542762415       -0.1187542748
 175.  65.        0.1740769808       -0.0578433762
 175.  66.       -0.0445491528        0.2270854214
 175.  67.        0.0560885377       -0.0416678446
 175.  68.        0.1053151018       -0.1027561351
 175.  69.        0.0363589586       -0.0842910852
 175.  70.        0.0188921718        0.0066132047
 175.  71.       -0.1884358342       -0.0545552806
 175.  72.       -0.0425922108        0.1351433911
 175.  73.       -0.0089664251       -0.0955923348
 175.  74.       -0.1446925399       -0.0272785891
 175.  75.       -0.0246113309        0.1020998573
 175.  76.        0.2579496079        0.0940207796
 175.  77.       -0.0040497959        0.0311934116
 175.  78.       -0.0184993707       -0.1541137844
 175.  79.       -0.0216766107        0.1166525647
 175.  80.        0.0796656883        0.0768826567
 175.  81.        0.2024198284       -0.0749016238
 175.  82.       -0.1694509793       -0.2989726127
 175.  83.        0.0051300356        0.0088794704
 175.  84.        0.1824281543        0.0564930010
 175.  85.        0.1293813718        0.1927412064
 175.  86.       -0.1483532142       -0.1232779084
 175.  87.       -0.0367128629        0.1207143552
 175.  88.        0.2274730417        0.2513128379
 175.  89.       -0.1360950428       -0.0967979817
 175.  90.        0.2144975326        0.0009017873
 175.  91.        0.2445846845        0.0716725787
 175.  92.       -0.1816256384       -0.1681073200
 175.  93.       -0.0362023073        0.0428630101
 175.  94.       -0.1255802401       -0.0768700538
 175.  95.        0.0727501300       -0.0372441372
 175.  96.        0.0742021503        0.0391738397
 175.  97.       -0.0202525317        0.0068443878
 175.  98.        0.0285616984       -0.0600960876
 175.  99.       -0.1047902959        0.0947498382
 175. 100.        0.0488480993       -0.0408094868
 175. 101.        0.1327377792        0.0011311792
 175. 102.        0.0360728739       -0.0132511870
 175. 103.       -0.1045637172        0.1250153003
 175. 104.        0.1600397795        0.3904432140
 175. 105.       -0.2814602969        0.0535618742
 175. 106.        0.0934056219        0.0914937337
 175. 107.       -0.0605541182        0.3408803013
 175. 108.        0.1831567769       -0.0126654636
 175. 109.        0.2351676583        0.0678342659
 175. 110.       -0.0572650715       -0.1474082009
 175. 111.        0.1120127547        0.0462320860
 175. 112.        0.1534249596        0.2560611797
 175. 113.       -0.2389448846        0.0305636188
 175. 114.       -0.3394169061       -0.0643184149
 175. 115.        0.0791590428        0.1833721433
 175. 116.       -0.0216382435        0.1009753715
 175. 117.       -0.1091378714       -0.1748817176
 175. 118.        0.0885715236        0.0019732982
 175. 119.       -0.1140853515        0.0206816930
 175. 120.       -0.1697014563        0.1945830681
 175. 121.       -0.2077248715        0.1480189672
 175. 122.        0.2074664693        0.1436866564
 175. 123.        0.1421895714       -0.0948175620
 175. 124.       -0.1614782303       -0.0440046335
 175. 125.       -0.0578697554       -0.1907950308
 175. 126.        0.0102059253       -0.0202385558
 175. 127.        0.3420562855        0.1370574853
 175. 128.       -0.0009421797       -0.0546538835
 175. 129.       -0.0394193409       -0.0989531601
 175. 130.        0.4584381742        0.1211318843
 175. 131.        0.2208617676        0.0243630540
 175. 132.        0.3644653501        0.0265903809
 175. 133.        0.1463903813       -0.1323233000
 175. 134.        0.0624550591        0.0305669086
 175. 135.        0.0230326233        0.1867239758
 175. 136.       -0.2222846874       -0.1284873337
 175. 137.        0.0409870930       -0.0651265914
 175. 138.        0.0388419173        0.0824767916
 175. 139.       -0.1895809540       -0.0829363553
 175. 140.        0.1048030476       -0.0620329660
 175. 141.        0.0450020410        0.0737785057
 175. 142.        0.1209480976       -0.2545646942
 175. 143.        0.0918317276       -0.3298462846
 175. 144.        0.3047078291       -0.1283227678
 175. 145.        0.1648203524       -0.0537780802
 175. 146.        0.1342780978       -0.0895185800
 175. 147.       -0.1756145940        0.1228387097
 175. 148.       -0.1722236985       -0.3449980842
 175. 149.        0.0822501388        0.0966952312
 175. 150.       -0.0529754309        0.1657753176
 175. 151.        0.1034119490       -0.2689417287
 175. 152.       -0.0246099805       -0.0274938498
 175. 153.        0.1358018660       -0.3383703859
 175. 154.        0.1779754922        0.1476557567
 175. 155.       -0.2093362057        0.3424162332
 175. 156.        0.1215412873       -0.1983319011
 175. 157.       -0.2150668664        0.2000545306
 175. 158.        0.0540067427       -0.2675861682
 175. 159.        0.1310066046       -0.0730626062
 175. 160.       -0.0506834555       -0.1079515776
 175. 161.       -0.0863493303       -0.1963390327
 175. 162.        0.4394120982        0.0537635581
 175. 163.        0.0607025302        0.1626922254
 175. 164.        0.2510533508        0.1169887383
 175. 165.        0.0985428940       -0.0776641088
 175. 166.        0.1980878390       -0.3200630322
 175. 167.        0.5498896884        0.1621868423
 175. 168.       -0.1134855923       -0.1630352053
 175. 169.       -0.0726164126        0.0273653245
 175. 170.        0.2559936006        0.5415625853
 175. 171.       -0.0950811907        0.1775211438
 175. 172.       -0.0291913086        0.1672117705
 175. 173.       -0.0918843163        0.1094606267
 175. 174.        0.5416761658       -0.2175184216
 175. 175.        0.2932519573       -0.0231473143
 176.   0.        0.0770506013        0.0000000000
 176.   1.       -0.0187603972       -0.2583544275
 176.   2.       -0.0873055860       -0.1475153247
 176.   3.       -0.1196596355        0.1787111584
 176.   4.       -0.0914837084       -0.0775351326
 176.   5.        0.1306264130       -0.2320128928
 176.   6.       -0.0208328032       -0.0376452179
 176.   7.       -0.0380040358        0.0467857262
 176.   8.       -0.0520720984        0.1009784347
 176.   9.        0.0077756178        0.0838557750
 176.  10.        0.0347783850       -0.0605294073
 176.  11.       -0.0735381661        0.1228199416
 176.  12.        0.0076809435       -0.2223728951
 176.  13.       -0.0089378115        0.0972178571
 176.  14.        0.0631993326        0.0460514610
 176.  15.       -0.0073446122        0.0962906414
 176.  16.        0.0727733384       -0.0963473636
 176.  17.       -0.0425267278       -0.0136097537
 176.  18.        0.0989364546        0.0783443839
 176.  19.        0.0293070333        0.0104020028
 176.  20.       -0.0672964868       -0.1199563199
 176.  21.       -0.1277148460        0.0806612361
 176.  22.       -0.1595539780        0.1608111255
 176.  23.        0.1348006930       -0.0221732708
 176.  24.       -0.0612851388       -0.0337585069
 176.  25.       -0.1945150507       -0.0820647313
 176.  26.       -0.0444585007        0.1503196446
 176.  27.       -0.0750885280        0.0947187561
 176.  28.        0.0373500220       -0.0375357098
 176.  29.        0.0386751660        0.0641362825
 176.  30.       -0.0729548200        0.1843592699
 176.  31.       -0.0883686627       -0.0798864430
 176.  32.        0.0555646559        0.0948651368
 176.  33.       -0.2307536750       -0.0635680514
 176.  34.        0.0673170507        0.1029341100
 176.  35.        0.0655629019       -0.0622205645
 176.  36.       -0.1237028151       -0.1058058984
 176.  37.        0.0806281415       -0.0874947856
 176.  38.       -0.0114108903       -0.0719396028
 176.  39.       -0.0562622116        0.1457719881
 176.  40.       -0.0645634777       -0.0679007495
 176.  41.        0.0837890840       -0.0368371277
 176.  42.        0.1023366336        0.1915094917
 176.  43.       -0.0615340795        0.1085104631
 176.  44.        0.1015064295       -0.2202012754
 176.  45.       -0.0220774692        0.1104549727
 176.  46.       -0.1388676320        0.0917140641
 176.  47.        0.1883028467        0.0446960264
 176.  48.       -0.0549012462        0.0601616320
 176.  49.        0.0264938479       -0.0341377925
 176.  50.        0.0896745813        0.0368424751
 176.  51.       -0.1882378361        0.0483649026
 176.  52.        0.0023166697        0.0501365010
 176.  53.       -0.0645479739       -0.0346973887
 176.  54.        0.1108744715       -0.0384386833
 176.  55.       -0.2135382399        0.1100084910
 176.  56.       -0.1127175694       -0.1434387556
 176.  57.        0.1975441951       -0.0969056068
 176.  58.       -0.0560635876       -0.0127032387
 176.  59.       -0.1277561728        0.1745194980
 176.  60.       -0.0869692434       -0.0191897154
 176.  61.        0.1623758166       -0.0692894558
 176.  62.        0.0799335969        0.1326435526
 176.  63.       -0.1180690825        0.1733152347
 176.  64.        0.0532721124       -0.0819794279
 176.  65.       -0.0265386683       -0.0365717678
 176.  66.        0.2856098790       -0.0555754700
 176.  67.       -0.1429185686        0.0774553640
 176.  68.        0.0183515842       -0.1563619791
 176.  69.        0.0834092553       -0.0576745752
 176.  70.       -0.2276839884        0.1323138107
 176.  71.       -0.0816395280       -0.0842903963
 176.  72.        0.1746167235        0.0773338951
 176.  73.       -0.1730869420        0.0776769262
 176.  74.        0.1572307937       -0.2123248017
 176.  75.       -0.3209010917        0.0200200725
 176.  76.       -0.1102648335        0.0312891730
 176.  77.       -0.3180326640        0.1139030632
 176.  78.        0.1177717976       -0.2200629453
 176.  79.       -0.0730191192        0.0399963580
 176.  80.       -0.0913014301        0.0515161526
 176.  81.       -0.0238388965        0.0664185465
 176.  82.        0.0736609549       -0.1180233956
 176.  83.        0.1413494180       -0.0835104305
 176.  84.       -0.1187032963        0.1166565244
 176.  85.       -0.0375785521        0.1283660492
 176.  86.        0.1629777578        0.0337667152
 176.  87.       -0.0821671973       -0.0935210439
 176.  88.       -0.0777824947       -0.1579374108
 176.  89.        0.0972786081       -0.2085132507
 176.  90.        0.2535907045        0.0005724600
 176.  91.       -0.1662007695       -0.1954964689
 176.  92.       -0.1116137373        0.1257677271
 176.  93.       -0.0376754537        0.0568989015
 176.  94.       -0.1415027453       -0.0519970830
 176.  95.       -0.0084712410       -0.2160757100
 176.  96.        0.0618366251        0.0304318987
 176.  97.        0.0754151469        0.3554424740
 176.  98.       -0.1087057370       -0.1999740196
 176.  99.        0.0602110506       -0.1425688046
 176. 100.       -0.1425986072       -0.0074511202
 176. 101.       -0.1274481057       -0.0510746054
 176. 102.        0.1453304758       -0.0564398183
 176. 103.        0.2703477376        0.2033016705
 176. 104.       -0.0874182994        0.0675589664
 176. 105.        0.0486307744        0.0459596415
 176. 106.       -0.1577190118        0.1328518107
 176. 107.       -0.1901055941        0.0235877770
 176. 108.        0.0476358378        0.2166734829
 176. 109.       -0.2542421933       -0.2048145094
 176. 110.       -0.1116200042        0.0280169288
 176. 111.       -0.0973747052       -0.1603327687
 176. 112.       -0.0299508079       -0.0181575229
 176. 113.       -0.2043477607        0.0823383404
 176. 114.        0.0003484052       -0.1659795449
 176. 115.       -0.0814757382       -0.0293225087
 176. 116.        0.0962577278        0.0254075778
 176. 117.        0.0162658613        0.1123009731
 176. 118.        0.2015048467       -0.0977428000
 176. 119.       -0.2097772330        0.0515469247
 176. 120.       -0.1379683337       -0.0094652957
 176. 121.        0.0404920766        0.0105322245
 176. 122.       -0.1606016210       -0.0041987211
 176. 123.        0.0015724087       -0.0045913960
 176. 124.       -0.1466172950       -0.3152844502
 176. 125.        0.1459184599        0.1499906405
 176. 126.       -0.1947559976       -0.1426327335
 176. 127.       -0.0188753377       -0.0339157714
 176. 128.       -0.0900326938       -0.0013563468
 176. 129.       -0.0233235173       -0.1388438992
 176. 130.        0.1248468797        0.0216002642
 176. 131.        0.0323708573        0.0578745837
 176. 132.       -0.1897273475        0.0017568992
 176. 133.        0.1193504568        0.0531578754
 176. 134.        0.4352595729        0.1867262001
 176. 135.        0.0496496924       -0.0796365970
 176. 136.        0.2561653747       -0.0791202219
 176. 137.        0.0295830887        0.0801877992
 176. 138.        0.0064182199       -0.0855494412
 176. 139.       -0.2309505945        0.0773750728
 176. 140.        0.2037732336       -0.1769345792
 176. 141.        0.1833616945       -0.1084347206
 176. 142.       -0.1703469911        0.1752504295
 176. 143.        0.1606325962       -0.1391581406
 176. 144.        0.0179032667        0.1209158606
 176. 145.        0.1022888161        0.1826591090
 176. 146.        0.0472550695        0.0214703247
 176. 147.       -0.0561904987       -0.1666502692
 176. 148.       -0.3303492536        0.1545640877
 176. 149.        0.2942971418       -0.1036506076
 176. 150.        0.0094200039       -0.0412763341
 176. 151.       -0.1263282992       -0.2223807084
 176. 152.        0.0348684334        0.1007054217
 176. 153.        0.0098187769       -0.1010161330
 176. 154.        0.1579706188        0.2795444673
 176. 155.       -0.0841271672        0.3685353145
 176. 156.        0.0446202380       -0.3148018904
 176. 157.       -0.0847090025       -0.2740124844
 176. 158.       -0.4042663628       -0.2976083689
 176. 159.       -0.1563141388        0.0229177227
 176. 160.       -0.0661010047        0.0422005639
 176. 161.       -0.1391451792        0.0454818222
 176. 162.        0.0642276636       -0.0974211594
 176. 163.        0.0423076809        0.3279480812
 176. 164.       -0.3556028720       -0.2910781308
 176. 165.        0.2119925621       -0.0843233071
 176. 166.       -0.2654659720        0.2024254481
 176. 167.        0.0526081881       -0.3039672375
 176. 168.       -0.0193569483        0.4276053282
 176. 169.       -0.0530955982        0.3101624859
 176. 170.       -0.3471935353        0.0081689768
 176. 171.        0.1891471920        0.0982730572
 176. 172.        0.1861768576       -0.0613096121
 176. 173.       -0.1574438696       -0.0604022463
 176. 174.       -0.3297093385        0.0060967215
 176. 175.        0.2407695312       -0.0683814913
 176. 176.       -0.0411578747        0.2032668330
 177.   0.       -0.0946446132        0.0000000000
 177.   1.       -0.0466107862        0.0217075630
 177.   2.       -0.0629691958       -0.1334267219
 177.   3.        0.1349516488       -0.1568870526
 177.   4.        0.0528650377        0.1005397619
 177.   5.       -0.0337665732        0.0619136206
 177.   6.        0.0527191243       -0.0426211746
 177.   7.        0.0232421689       -0.0515701439
 177.   8.       -0.2403199887        0.1459517822
 177.   9.       -0.0172577937        0.0505655949
 177.  10.        0.0586709622       -0.0575909341
 177.  11.        0.1951436032       -0.0056770773
 177.  12.       -0.2092974989        0.0056657652
 177.  13.       -0.0702882357       -0.0667314424
 177.  14.       -0.0615563325        0.0423072573
 177.  15.       -0.0257297957        0.0972935831
 177.  16.        0.0391502908        0.0816141870
 177.  17.        0.0396309680       -0.2195035288
 177.  18.        0.0416514739        0.0951419959
 177.  19.       -0.1417858748        0.0089538616
 177.  20.        0.0745604469       -0.0944184331
 177.  21.        0.0122277107       -0.0291077396
 177.  22.        0.0130064873        0.2067485270
 177.  23.       -0.1046943556        0.0941420062
 177.  24.        0.2480682690       -0.0529049084
 177.  25.        0.0741794860        0.0041363593
 177.  26.       -0.0997608521        0.0721252219
 177.  27.       -0.1434667516       -0.0659846456
 177.  28.        0.1711782055        0.0650498086
 177.  29.        0.0723958888       -0.1241567400
 177.  30.       -0.0525563608       -0.1780587460
 177.  31.       -0.1307847936       -0.0534553604
 177.  32.       -0.1260546927        0.1086373848
 177.  33.        0.0594429884        0.0593460462
 177.  34.        0.0322423965       -0.1895213683
 177.  35.        0.0605193583        0.1127498788
 177.  36.        0.0751404318       -0.0853435930
 177.  37.        0.0544938615        0.0682773376
 177.  38.       -0.0775929797        0.0840161004
 177.  39.       -0.0410167646        0.0291792679
 177.  40.        0.0150372085        0.0282192897
 177.  41.       -0.0435183235        0.0542285999
 177.  42.       -0.0858696388        0.0974165994
 177.  43.        0.0389557721        0.0146852503
 177.  44.       -0.1697487109       -0.0189408489
 177.  45.        0.0972215831       -0.0110829922
 177.  46.        0.0824268774       -0.0336312462
 177.  47.       -0.0502344807        0.1069787911
 177.  48.        0.2108710131        0.0585699609
 177.  49.        0.1854214097       -0.0188750557
 177.  50.       -0.0155420040       -0.0511000205
 177.  51.        0.0372806937       -0.0161212151
 177.  52.        0.0632057565       -0.0601930086
 177.  53.        0.0799284331        0.0641074354
 177.  54.       -0.0158699932       -0.0481932828
 177.  55.       -0.1639017334        0.1254037461
 177.  56.        0.1111117668       -0.0480637982
 177.  57.        0.0541889419        0.0442319553
 177.  58.        0.1607453756        0.0942791792
 177.  59.       -0.0786796361       -0.0297022154
 177.  60.       -0.0699172930        0.1230403512
 177.  61.        0.0176030470        0.0628316439
 177.  62.        0.1711225633        0.1108676795
 177.  63.        0.1169528818       -0.2278091393
 177.  64.       -0.0856492555       -0.0051825175
 177.  65.       -0.0460747775       -0.0208985913
 177.  66.        0.2697352013       -0.0957153005
 177.  67.       -0.1086832490        0.1457355802
 177.  68.       -0.2744898477        0.1013079854
 177.  69.       -0.0982202574        0.0957463020
 177.  70.        0.0226810737        0.1501058026
 177.  71.        0.0296179204        0.1222539093
 177.  72.        0.0659315215        0.0299037956
 177.  73.       -0.2304261731        0.0792325390
 177.  74.        0.2146061172       -0.2198696274
 177.  75.        0.0133739459       -0.1414884894
 177.  76.       -0.0183341422       -0.0601278700
 177.  77.        0.0425472367        0.0773199460
 177.  78.       -0.1796333283        0.3150489777
 177.  79.        0.0380117870       -0.0445251503
 177.  80.       -0.1496340103       -0.1001610066
 177.  81.       -0.0678698806       -0.0487345168
 177.  82.        0.0262093847       -0.1632055764
 177.  83.        0.2173581579        0.0722673988
 177.  84.       -0.0126824112        0.0562260910
 177.  85.       -0.1164669586       -0.0955988549
 177.  86.        0.0576263354        0.0020621292
 177.  87.       -0.1725435482        0.0728105290
 177.  88.       -0.1224810574       -0.2061582526
 177.  89.        0.0473050269        0.1067042230
 177.  90.       -0.0607918113        0.0231965443
 177.  91.       -0.1199989987        0.0911010472
 177.  92.       -0.1595759424        0.1733796268
 177.  93.        0.0068808909        0.2844153279
 177.  94.        0.0372150149        0.0878228562
 177.  95.       -0.0993900736        0.1213639513
 177.  96.        0.0680837917       -0.0634917428
 177.  97.        0.0987765314       -0.0780602598
 177.  98.       -0.1145329588        0.1519790061
 177.  99.        0.0764299641       -0.0500380477
 177. 100.        0.0601637009        0.0654258949
 177. 101.        0.1024263683       -0.3234466585
 177. 102.       -0.1130828383       -0.3799875217
 177. 103.        0.0950449808        0.0945219922
 177. 104.       -0.2099246090        0.1180243097
 177. 105.       -0.0393168091       -0.3093678015
 177. 106.       -0.0726974704       -0.0601022774
 177. 107.       -0.1283779798        0.2046548499
 177. 108.       -0.2074273851       -0.0144135405
 177. 109.        0.0361335367        0.0155298330
 177. 110.       -0.1045656515       -0.1297112459
 177. 111.        0.0819648234        0.1263266005
 177. 112.        0.1731404175       -0.0020169363
 177. 113.        0.0569339517       -0.0950121877
 177. 114.       -0.2549621392       -0.0812525867
 177. 115.       -0.1299249905       -0.0355187711
 177. 116.       -0.0506432875       -0.0690886515
 177. 117.       -0.0085344957        0.1537981456
 177. 118.       -0.1689037220        0.3363541067
 177. 119.        0.0054910891        0.1138453812
 177. 120.        0.1040842584       -0.0563218801
 177. 121.       -0.2066126699        0.1967043936
 177. 122.       -0.0345920655       -0.0883529938
 177. 123.        0.0363321162       -0.1575946086
 177. 124.        0.1544791121        0.0991437185
 177. 125.       -0.0728677132       -0.1136949220
 177. 126.       -0.0140866728        0.1643497212
 177. 127.        0.0973564819       -0.1889340052
 177. 128.       -0.0543877363       -0.0922063580
 177. 129.       -0.2008517596       -0.1096713777
 177. 130.        0.0302638138        0.0087329680
 177. 131.        0.2707818388        0.0591754052
 177. 132.        0.0642807616        0.0709237687
 177. 133.        0.0865996320        0.1125198053
 177. 134.        0.1101353633       -0.2004148703
 177. 135.       -0.1661605050        0.2873891593
 177. 136.       -0.0657704274       -0.1984748761
 177. 137.        0.2842169212       -0.1632218178
 177. 138.        0.1372533742        0.0505155981
 177. 139.        0.0328570510       -0.1009843260
 177. 140.       -0.3721906166       -0.1750594436
 177. 141.        0.1637189588       -0.0468451761
 177. 142.       -0.2437636904       -0.1518234416
 177. 143.       -0.0199105570       -0.0733368905
 177. 144.        0.0228029076       -0.2084183046
 177. 145.        0.1109596820        0.1568488397
 177. 146.        0.0103081525        0.5211315744
 177. 147.        0.0150973186       -0.0406315324
 177. 148.        0.1757788208       -0.0885412632
 177. 149.       -0.0236365136       -0.1129501752
 177. 150.       -0.1444949014       -0.1723269127
 177. 151.       -0.1747656544       -0.1073868128
 177. 152.        0.1685721019        0.1573683799
 177. 153.       -0.1682643054       -0.1911676616
 177. 154.       -0.2925288580        0.0421903713
 177. 155.       -0.1838003501        0.0281415726
 177. 156.       -0.2718414763        0.2089704023
 177. 157.        0.0067799466        0.0183777477
 177. 158.        0.1474340580       -0.2034903204
 177. 159.       -0.4361977862       -0.0305057802
 177. 160.        0.0484348954       -0.2200503692
 177. 161.       -0.1971025250        0.1971701729
 177. 162.       -0.1777478226        0.0348023267
 177. 163.        0.0599006448        0.0983856487
 177. 164.       -0.2087925890        0.3170951892
 177. 165.       -0.1805016785        0.1506037965
 177. 166.       -0.1006620391        0.0583142356
 177. 167.        0.1077729824        0.0804638737
 177. 168.       -0.2616366160       -0.1848024611
 177. 169.        0.2879588454       -0.1068236845
 177. 170.       -0.0282334361       -0.1048520891
 177. 171.       -0.1316006406       -0.0394762838
 177. 172.        0.0860913103        0.0818970029
 177. 173.        0.0645575414       -0.2809858693
 177. 174.        0.0518552626       -0.2680771569
 177. 175.        0.2284101873        0.0370628398
 177. 176.        0.2256305701        0.1467484267
 177. 177.        0.2286569547        0.1248894203
 178.   0.        0.0421176742        0.0000000000
 178.   1.       -0.0868037623        0.2561190434
 178.   2.       -0.0754504978       -0.0085674411
 178.   3.        0.0741083682       -0.1622293211
 178.   4.       -0.0135590450        0.0570852786
 178.   5.        0.0834762485        0.1433462534
 178.   6.       -0.0185982397       -0.0948820665
 178.   7.        0.0762555372        0.0646567293
 178.   8.       -0.0218622296       -0.0220272315
 178.   9.        0.0316390399       -0.0452038492
 178.  10.        0.0028866331        0.0445217416
 178.  11.       -0.0086155863        0.0536949962
 178.  12.        0.0152605777        0.1102666487
 178.  13.       -0.0860124650       -0.1108473645
 178.  14.       -0.0551200498       -0.0939920489
 178.  15.        0.0262459123       -0.0995431442
 178.  16.       -0.0078303075        0.0177653389
 178.  17.        0.0030495254       -0.0739329967
 178.  18.       -0.1665545590       -0.0301276161
 178.  19.       -0.0443178189       -0.0461603286
 178.  20.        0.0858933102        0.0381329903
 178.  21.        0.0742142789       -0.0857236070
 178.  22.       -0.0009267840       -0.1277077769
 178.  23.       -0.0057295514       -0.0512127258
 178.  24.       -0.0548388803       -0.0087041704
 178.  25.        0.0661668738       -0.0094050732
 178.  26.       -0.0138039254       -0.1515034690
 178.  27.       -0.0676904995       -0.0122412164
 178.  28.       -0.1167404417       -0.0164562129
 178.  29.       -0.0096517186       -0.1214188931
 178.  30.        0.0330735169       -0.0380309921
 178.  31.       -0.0659281173       -0.0114226867
 178.  32.       -0.1099279096       -0.1416170939
 178.  33.        0.1904118759        0.0839284387
 178.  34.        0.0161718874        0.0737521146
 178.  35.       -0.0037219744        0.0471928643
 178.  36.        0.0231857841       -0.2715006185
 178.  37.       -0.1178934121       -0.0672993966
 178.  38.        0.1005289721        0.0699982435
 178.  39.       -0.0097798554        0.0128159636
 178.  40.        0.0131678005        0.0079360158
 178.  41.        0.0520851537        0.1261550008
 178.  42.        0.0348617548       -0.0658762768
 178.  43.        0.0894691544       -0.0590664757
 178.  44.       -0.1062727893        0.1353212791
 178.  45.        0.0532501665        0.0585301495
 178.  46.        0.0143924944        0.0622371793
 178.  47.       -0.0094233354        0.3089775150
 178.  48.       -0.0759746358        0.0486483200
 178.  49.        0.0093417392       -0.0341715293
 178.  50.       -0.0201068304       -0.0691582966
 178.  51.        0.1206233738       -0.2287134757
 178.  52.       -0.0411375895        0.0719649841
 178.  53.       -0.0977157078        0.0922555373
 178.  54.       -0.3288662903       -0.0623398799
 178.  55.        0.2088901027        0.2292654738
 178.  56.        0.1564041802       -0.0486962864
 178.  57.       -0.0473254546       -0.1374819795
 178.  58.       -0.0143347683        0.0852874845
 178.  59.       -0.0559003409       -0.1287988803
 178.  60.       -0.0169146452       -0.0201914254
 178.  61.        0.0534094375       -0.1284381325
 178.  62.       -0.0181304299       -0.0192540019
 178.  63.        0.0181897780        0.0323567953
 178.  64.       -0.0070334759       -0.0560750691
 178.  65.       -0.1920733655        0.2030263668
 178.  66.        0.0498293026       -0.0240461762
 178.  67.        0.2251303918       -0.0710079237
 178.  68.       -0.0701464934       -0.0082595511
 178.  69.       -0.1087784526       -0.1662079965
 178.  70.        0.0314517413        0.1710691786
 178.  71.        0.0122470196       -0.0093262794
 178.  72.        0.0691127433        0.1144485947
 178.  73.       -0.0265361857        0.1234330087
 178.  74.       -0.1319821920       -0.1570608385
 178.  75.        0.0510804871       -0.0781429177
 178.  76.        0.2724930971       -0.0829026444
 178.  77.       -0.1086883528       -0.0296292286
 178.  78.       -0.0572582242        0.1444170333
 178.  79.        0.1105432620        0.0538207182
 178.  80.        0.2031818188       -0.1023462186
 178.  81.       -0.0847037703       -0.1720160386
 178.  82.       -0.0176424366       -0.1534917042
 178.  83.       -0.2733201090       -0.0663603191
 178.  84.       -0.1931248987        0.1588835434
 178.  85.        0.0033070449        0.0530969941
 178.  86.       -0.1629245492       -0.1526553278
 178.  87.        0.0478093618        0.0569467993
 178.  88.        0.1206705742        0.1456662050
 178.  89.       -0.0396872272       -0.0630120512
 178.  90.       -0.1380597003       -0.2530759299
 178.  91.        0.1945599488        0.0674295085
 178.  92.        0.1253604660        0.1916231345
 178.  93.        0.1814965079        0.0484820815
 178.  94.       -0.1194729101       -0.0118296364
 178.  95.       -0.1465909072       -0.0637685130
 178.  96.       -0.0302336341        0.0681780512
 178.  97.        0.2144823638       -0.0855388479
 178.  98.        0.2862848736       -0.0026053669
 178.  99.       -0.0077113578        0.0044590858
 178. 100.       -0.0852591967       -0.1901444655
 178. 101.        0.0466620316       -0.0872541378
 178. 102.        0.1056893191       -0.0124552710
 178. 103.        0.0889047617       -0.2840982542
 178. 104.       -0.0045173368        0.0941243718
 178. 105.       -0.2238378212       -0.0148622277
 178. 106.       -0.1550443681       -0.1982940384
 178. 107.        0.0948654584        0.0899647741
 178. 108.        0.0799201943        0.1270421066
 178. 109.       -0.1714890207        0.1432467729
 178. 110.        0.0047009944       -0.3035625881
 178. 111.        0.0148196579       -0.3983831467
 178. 112.        0.0231932878        0.1000230249
 178. 113.        0.1916322588       -0.0139380312
 178. 114.        0.0633849160       -0.1460103266
 178. 115.        0.1130469301        0.1132178632
 178. 116.        0.0883084387        0.1320024985
 178. 117.        0.1388017670       -0.0738479172
 178. 118.        0.1009800187       -0.0445796824
 178. 119.       -0.0724770281       -0.3429106624
 178. 120.        0.2713255652       -0.0517263477
 178. 121.       -0.0954640744        0.0876395428
 178. 122.       -0.0656479325       -0.0689504585
 178. 123.       -0.3978658126        0.1159249705
 178. 124.       -0.0564859958       -0.1098497237
 178. 125.        0.0086792491       -0.2304298311
 178. 126.        0.1177784952        0.1000015804
 178. 127.        0.0552389750       -0.0670805958
 178. 128.        0.0211120722        0.2504857671
 178. 129.        0.2441818613       -0.4929954484
 178. 130.       -0.0157597459        0.0026976673
 178. 131.       -0.1925461760       -0.1560324189
 178. 132.       -0.2146993753       -0.2480177854
 178. 133.        0.1229089011       -0.0618690571
 178. 134.        0.2173073272        0.2901080768
 178. 135.        0.0768308231       -0.1805117107
 178. 136.        0.2536357098        0.0153680203
 178. 137.       -0.2503977225        0.2216626483
 178. 138.        0.1257554431        0.0432597670
 178. 139.       -0.1647522046        0.2912428661
 178. 140.       -0.0981822465        0.2608599494
 178. 141.        0.0782320410        0.1060982281
 178. 142.       -0.0728602234        0.0074846717
 178. 143.        0.2217359700       -0.0243862395
 178. 144.       -0.0801580235        0.0298937665
 178. 145.        0.1597955971       -0.1173026270
 178. 146.       -0.0441599932       -0.0538480131
 178. 147.       -0.0167253949        0.2697478556
 178. 148.        0.0931105438        0.1857901859
 178. 149.        0.2809837259        0.0687821521
 178. 150.       -0.0596338180        0.0131368920
 178. 151.       -0.1279050347        0.0688317000
 178. 152.       -0.1778795731       -0.1659172972
 178. 153.        0.1781175408        0.0571955640
 178. 154.        0.0123028679        0.1509819526
 178. 155.       -0.0847103171       -0.0427300861
 178. 156.        0.0833311702        0.2764808377
 178. 157.       -0.0842214163        0.2236544156
 178. 158.        0.1100503198        0.2094929515
 178. 159.        0.2433287830       -0.0340928773
 178. 160.        0.0070770510        0.1079583507
 178. 161.       -0.0004644430       -0.1198427312
 178. 162.        0.0241020679       -0.3976723401
 178. 163.        0.2112137178       -0.1614658023
 178. 164.        0.2110526697       -0.3417652659
 178. 165.       -0.0223371602       -0.1685273566
 178. 166.        0.2752139021       -0.0057780536
 178. 167.       -0.1363172379        0.1575390172
 178. 168.       -0.2096001366       -0.0765376377
 178. 169.        0.1323295456       -0.0914763943
 178. 170.       -0.3880913011        0.3249225530
 178. 171.        0.5040498410       -0.2442654123
 178. 172.       -0.2963267095       -0.3974743986
 178. 173.        0.1759528063        0.2117842274
 178. 174.        0.2226605885       -0.1955654690
 178. 175.       -0.0547865995       -0.0553733277
 178. 176.       -0.3111342890        0.0495964602
 178. 177.        0.2894963423       -0.0334530414
 178. 178.       -0.1428306672       -0.1212900767
 179.   0.        0.2763646481        0.0000000000
 179.   1.        0.1278281434        0.0362323504
 179.   2.        0.1255085112       -0.0331929340
 179.   3.       -0.0615101110       -0.0205684517
 179.   4.       -0.0906151912       -0.0810265223
 179.   5.        0.1123674806       -0.1168840440
 179.   6.       -0.1100665208        0.1113204193
 179.   7.       -0.0149145822       -0.0245509850
 179.   8.        0.1785068268       -0.0855303020
 179.   9.        0.0394848299       -0.0159840850
 179.  10.        0.0496877519        0.0027651217
 179.  11.       -0.2100648019       -0.0095869793
 179.  12.        0.1502248353       -0.0839563835
 179.  13.        0.1191490377        0.0208271066
 179.  14.        0.0250687655        0.0499943969
 179.  15.        0.0207962855       -0.0319365361
 179.  16.        0.0579926527        0.0817283908
 179.  17.        0.0106745213        0.1818061149
 179.  18.        0.0662443542       -0.1584766548
 179.  19.        0.1357846640        0.0838077505
 179.  20.       -0.0857001384       -0.0202928689
 179.  21.        0.0096715570        0.0605408825
 179.  22.        0.0206167392       -0.0348350542
 179.  23.        0.0107832799       -0.0785022861
 179.  24.       -0.0404079971        0.1140489241
 179.  25.        0.0040169237       -0.0870930318
 179.  26.        0.0885937809       -0.1346494560
 179.  27.        0.1999887531        0.1266702648
 179.  28.       -0.2460962520       -0.0531454437
 179.  29.        0.0116776046        0.0247805782
 179.  30.        0.1596348040        0.1466929299
 179.  31.        0.0991525916        0.0967117830
 179.  32.       -0.0686960620        0.0583165099
 179.  33.       -0.0616946961       -0.0770488676
 179.  34.        0.1082915158        0.1115063545
 179.  35.       -0.0534297030       -0.0159733278
 179.  36.       -0.0874153608        0.1035064335
 179.  37.       -0.0293155399       -0.0090737715
 179.  38.        0.0266157836       -0.0532855712
 179.  39.       -0.0448346806       -0.1158377420
 179.  40.       -0.1401310905       -0.1576723840
 179.  41.        0.1325238277       -0.2003546842
 179.  42.       -0.0697742822        0.0553922625
 179.  43.       -0.0248128281        0.0209798683
 179.  44.       -0.0391633303       -0.0714333659
 179.  45.        0.0914214710        0.0882726726
 179.  46.        0.0082903671        0.0977588923
 179.  47.        0.0176899384        0.0412699612
 179.  48.       -0.0240655733       -0.1800500148
 179.  49.       -0.1122139427       -0.0362154837
 179.  50.       -0.2372040431        0.0744913465
 179.  51.       -0.0904549558       -0.0986419222
 179.  52.        0.1420770282        0.0976252551
 179.  53.        0.0660014653        0.1887852755
 179.  54.       -0.0977793069        0.0891506615
 179.  55.        0.1053981285       -0.1247980846
 179.  56.        0.0320044959        0.1718891755
 179.  57.       -0.1341101823        0.1652643151
 179.  58.       -0.1062156888       -0.3070178270
 179.  59.        0.1007091674        0.0006320471
 179.  60.        0.0306250627        0.1092133208
 179.  61.       -0.0517870618       -0.0594345811
 179.  62.        0.0655161503       -0.0110093603
 179.  63.        0.0394554005       -0.0133696859
 179.  64.       -0.0633261771        0.0457394160
 179.  65.       -0.0032454423       -0.0320270698
 179.  66.       -0.1010370452        0.0108595701
 179.  67.       -0.0014646037       -0.2153077092
 179.  68.        0.0432234785        0.1721154227
 179.  69.       -0.0798998782        0.0956008924
 179.  70.       -0.0583077480       -0.0851306009
 179.  71.        0.1313518031        0.0708085712
 179.  72.        0.0829504184       -0.0543678193
 179.  73.        0.1712652340        0.1557097334
 179.  74.       -0.0066623157       -0.1706199464
 179.  75.        0.0428749731       -0.0222846131
 179.  76.       -0.0566478190        0.0885710787
 179.  77.        0.0454345722        0.1546779234
 179.  78.       -0.0648155643       -0.2219539174
 179.  79.        0.1591220014        0.0579144082
 179.  80.        0.0199719182       -0.0317583079
 179.  81.        0.1660041107        0.1201031462
 179.  82.       -0.0197234306       -0.2016799774
 179.  83.        0.0573402687       -0.0431323167
 179.  84.       -0.0636522640        0.1048304237
 179.  85.        0.1364073444        0.0930627745
 179.  86.       -0.1704729121        0.0312448673
 179.  87.       -0.1105532607       -0.2300581041
 179.  88.        0.1895702952       -0.0103575656
 179.  89.       -0.0121078159        0.0831085430
 179.  90.       -0.1094898342        0.0903441876
 179.  91.       -0.0989779346       -0.0472800624
 179.  92.        0.2017280730       -0.0908602993
 179.  93.        0.0678342024       -0.0541070484
 179.  94.        0.0820165303        0.0983434605
 179.  95.        0.0769493695        0.1437261007
 179.  96.       -0.3284068542        0.1708622350
 179.  97.       -0.0807337108       -0.0843467994
 179.  98.        0.1479502703       -0.0542476222
 179.  99.       -0.0049110211        0.0478154149
 179. 100.       -0.1668386783       -0.1159031440
 179. 101.        0.0301907753        0.0489752180
 179. 102.        0.0910201810        0.0351652013
 179. 103.        0.1092243142        0.0534249770
 179. 104.       -0.0034404950       -0.0907969305
 179. 105.       -0.0041375802       -0.0853412918
 179. 106.        0.0979077320       -0.0028275410
 179. 107.        0.4416895181        0.0096507473
 179. 108.        0.0811224702       -0.1430869892
 179. 109.       -0.0621742225        0.1415008072
 179. 110.       -0.0565302254       -0.0786806713
 179. 111.        0.1863617713       -0.1209336959
 179. 112.        0.2966089386       -0.0741738426
 179. 113.       -0.2123858541       -0.1660017189
 179. 114.        0.2157907812       -0.0068311964
 179. 115.        0.4256645682        0.1310735648
 179. 116.        0.0805174140        0.0304278425
 179. 117.       -0.0294890677       -0.0131844457
 179. 118.        0.0287141039        0.0897453456
 179. 119.        0.1278371605       -0.1433010872
 179. 120.       -0.0481572978       -0.1860612349
 179. 121.        0.0506700418        0.2302638297
 179. 122.        0.2394326773       -0.0025271707
 179. 123.        0.2124710462       -0.0362227745
 179. 124.       -0.1289812615       -0.2313956839
 179. 125.        0.0933799546       -0.1632409931
 179. 126.       -0.1556984056        0.0410625634
 179. 127.       -0.2969536278        0.1410279430
 179. 128.       -0.1987856503        0.2925425267
 179. 129.        0.0322668210       -0.0735650918
 179. 130.       -0.2474590329       -0.1382527459
 179. 131.       -0.1513346219       -0.0125973696
 179. 132.       -0.2596097845        0.0077113624
 179. 133.        0.0887894484       -0.2575141125
 179. 134.        0.0099611392        0.0552786859
 179. 135.        0.1222366065       -0.0367393292
 179. 136.        0.0552464574       -0.1492002010
 179. 137.        0.0276288887       -0.0096239608
 179. 138.       -0.1891612569       -0.1157558904
 179. 139.        0.0209314888       -0.0999804396
 179. 140.       -0.3350317043       -0.1725805541
 179. 141.       -0.2979070201        0.1424922658
 179. 142.        0.0144570205        0.1277589873
 179. 143.       -0.1107597933       -0.1452217769
 179. 144.        0.1058423444       -0.0438581491
 179. 145.       -0.0185074175        0.2107980042
 179. 146.       -0.1059721429       -0.0605538823
 179. 147.       -0.2091196881       -0.0642209918
 179. 148.       -0.1903019574       -0.1125934846
 179. 149.        0.2765765536       -0.0164747911
 179. 150.        0.0089260977       -0.1920970754
 179. 151.       -0.0441377439       -0.1041574204
 179. 152.       -0.0146780740        0.4380626467
 179. 153.        0.3053085323       -0.1450726381
 179. 154.       -0.1960188888       -0.0261734818
 179. 155.       -0.0318531962        0.1197021848
 179. 156.        0.1714087152       -0.1728281704
 179. 157.       -0.3156365088        0.0240346531
 179. 158.        0.0115515996       -0.0909508641
 179. 159.        0.2101372974        0.0706785227
 179. 160.       -0.0419444201        0.1861520878
 179. 161.        0.0441794269       -0.2037548263
 179. 162.       -0.0829241583        0.1882571441
 179. 163.        0.2455730161        0.1426678338
 179. 164.       -0.0670363890       -0.2361559437
 179. 165.        0.0871995575       -0.2922781470
 179. 166.       -0.1666649758       -0.0452738051
 179. 167.        0.4806665229        0.2405510329
 179. 168.       -0.2163475472       -0.3347887660
 179. 169.       -0.2475854231       -0.1705900621
 179. 170.        0.0533311573       -0.1066013905
 179. 171.       -0.0916369508       -0.1021071805
 179. 172.       -0.2819560185        0.0907946223
 179. 173.       -0.2059627393       -0.0455218299
 179. 174.       -0.0686609431       -0.3313806370
 179. 175.       -0.0519041416        0.0725977145
 179. 176.        0.1775749400       -0.3987027421
 179. 177.       -0.2487964848       -0.0073423091
 179. 178.        0.1299843389        0.0255738827
 179. 179.        0.2159830958       -0.2068011750
 180.   0.       -0.1483405875        0.0000000000
 180.   1.       -0.0525209287       -0.0886353175
 180.   2.        0.1478650113       -0.0681420438
 180.   3.        0.1243233533        0.0163556784
 180.   4.        0.0127266027        0.0618174367
 180.   5.       -0.2322609169        0.1034290838
 180.   6.        0.0105189183        0.3257560297
 180.   7.       -0.0886237941       -0.1578100031
 180.   8.        0.0001900848        0.0138881764
 180.   9.       -0.1104063238        0.0220948124
 180.  10.       -0.0778511523        0.0067513409
 180.  11.        0.0475247835       -0.0673076504
 180.  12.       -0.0346182301        0.0610413894
 180.  13.        0.0865277021        0.0655204090
 180.  14.        0.0744910581        0.0472782741
 180.  15.       -0.1414197618        0.0047305585
 180.  16.       -0.0435732025       -0.1150529763
 180.  17.        0.0947164354        0.1406303186
 180.  18.        0.2118065334        0.0138552401
 180.  19.        0.1026055924       -0.0115829472
 180.  20.       -0.0315148842       -0.0195510839
 180.  21.       -0.0022455824        0.0073781719
 180.  22.        0.0294746163        0.0279341326
 180.  23.        0.0449930390        0.0195134761
 180.  24.        0.0388853075        0.0302199780
 180.  25.       -0.0528786388        0.1345982319
 180.  26.        0.0068168494        0.0663927269
 180.  27.        0.1105454971       -0.1022967582
 180.  28.        0.0308852763        0.1270870999
 180.  29.       -0.0218393097        0.2278809264
 180.  30.       -0.0358792765       -0.0986131743
 180.  31.        0.1099698573        0.0422401116
 180.  32.        0.2092923333       -0.0408391210
 180.  33.       -0.1363512930       -0.0574693156
 180.  34.       -0.0601571472       -0.2414168426
 180.  35.       -0.0981302420        0.0173122271
 180.  36.        0.1107371929        0.2219756128
 180.  37.        0.0013473709        0.1131563528
 180.  38.        0.0408816550       -0.0981614680
 180.  39.       -0.0411825975        0.0259029063
 180.  40.        0.0440773598        0.0980084035
 180.  41.       -0.1299673120       -0.0780762287
 180.  42.       -0.0825275555       -0.1503804113
 180.  43.        0.0522940941       -0.0393455005
 180.  44.        0.0196169718        0.0868261392
 180.  45.       -0.0509916523       -0.1085963937
 180.  46.        0.0667605499       -0.1168516676
 180.  47.        0.0902762789       -0.0185414037
 180.  48.        0.0502528280        0.0204980135
 180.  49.        0.1516963346       -0.0236052020
 180.  50.       -0.0305545587        0.1775939404
 180.  51.       -0.0379866800        0.0801628970
 180.  52.       -0.1585634266       -0.0856102529
 180.  53.       -0.0180938387        0.0466328195
 180.  54.        0.1583035897       -0.0359350922
 180.  55.       -0.2875188437       -0.1531396103
 180.  56.       -0.1781922447       -0.1695968305
 180.  57.       -0.0495793246        0.1391289522
 180.  58.        0.1073805951        0.1011761792
 180.  59.       -0.1026580822       -0.1301295311
 180.  60.       -0.0976388313        0.1149627951
 180.  61.       -0.1385718371        0.0865650073
 180.  62.        0.0311536622        0.1450151319
 180.  63.        0.0048490986        0.2501588113
 180.  64.        0.0777692361        0.0019644417
 180.  65.        0.1315988440        0.1260778360
 180.  66.       -0.0236066146       -0.0164279410
 180.  67.       -0.0500517253        0.0078691696
 180.  68.       -0.0681649017       -0.0356508665
 180.  69.       -0.0192684058        0.1798897463
 180.  70.        0.0562572606        0.1008839290
 180.  71.       -0.0806475233       -0.0271260516
 180.  72.        0.3042303909       -0.1946524935
 180.  73.       -0.1041232415        0.1100703968
 180.  74.        0.0032221208        0.0626618465
 180.  75.       -0.0559414911        0.1773382851
 180.  76.       -0.1161415115        0.0773753409
 180.  77.        0.2400819634       -0.0176198235
 180.  78.       -0.0024827844        0.0929126854
 180.  79.        0.0599285566        0.0768108479
 180.  80.       -0.0975598086        0.0733928241
 180.  81.       -0.0113179562        0.1106168694
 180.  82.        0.0405699989       -0.1303491770
 180.  83.        0.2460538501        0.0826584088
 180.  84.        0.0628035592       -0.0582554655
 180.  85.       -0.0861586723       -0.0252264610
 180.  86.       -0.2038798606        0.2060474568
 180.  87.       -0.0073604269       -0.1477383613
 180.  88.        0.2011440055        0.0881057502
 180.  89.        0.0505117794        0.2035814657
 180.  90.        0.0472053366        0.1641328810
 180.  91.        0.1020026977        0.1732161838
 180.  92.       -0.2340913855       -0.0421562749
 180.  93.        0.0797707998       -0.0763787539
 180.  94.        0.0301887257        0.0471120092
 180.  95.        0.1936984890       -0.0880197811
 180.  96.       -0.0567207494       -0.0692842357
 180.  97.        0.0542212353        0.1079252582
 180.  98.       -0.0625051891        0.1045672661
 180.  99.        0.0412233564        0.1290541367
 180. 100.       -0.0844378641       -0.0018709885
 180. 101.       -0.0955352933       -0.1289984294
 180. 102.       -0.0615456726       -0.1649562228
 180. 103.        0.1043499492       -0.0539436574
 180. 104.       -0.1864946044        0.0681175634
 180. 105.       -0.0410217550       -0.2295099133
 180. 106.        0.0324990172        0.0087354997
 180. 107.        0.2014766663        0.0347496000
 180. 108.       -0.0777884888       -0.1008137920
 180. 109.        0.1149495229        0.2219943545
 180. 110.       -0.0592619169        0.2382036495
 180. 111.       -0.0381542079        0.0511439160
 180. 112.        0.0323424647        0.2430658089
 180. 113.        0.0833901593        0.1767285525
 180. 114.        0.1000521085       -0.2048150745
 180. 115.        0.1002007142       -0.2504655422
 180. 116.       -0.0216945800        0.0441637967
 180. 117.       -0.2762282127        0.0219544145
 180. 118.       -0.0347448583       -0.0822436721
 180. 119.       -0.0814552039       -0.0494553902
 180. 120.       -0.0028026651        0.2373585550
 180. 121.        0.0705304729        0.0149490942
 180. 122.       -0.0486643295        0.1436910587
 180. 123.        0.1949502499       -0.1603795064
 180. 124.        0.2062989995        0.1055852242
 180. 125.       -0.0888144740       -0.0247009791
 180. 126.        0.0685415420       -0.0685655225
 180. 127.        0.1424752141       -0.0067545259
 180. 128.       -0.0702730412       -0.0835758416
 180. 129.        0.0211849742        0.0809487856
 180. 130.       -0.0720533859       -0.0389397890
 180. 131.        0.0189278237       -0.4403366323
 180. 132.        0.1091225804        0.0063584085
 180. 133.        0.1444947605        0.0277252401
 180. 134.       -0.0558989014       -0.0041257754
 180. 135.        0.2263009976       -0.1328677588
 180. 136.       -0.1682156942        0.1908255573
 180. 137.       -0.0163795324       -0.2980333872
 180. 138.        0.0895000350        0.1332461919
 180. 139.        0.1858209880       -0.0887419811
 180. 140.        0.1045261307        0.0354834972
 180. 141.        0.1599392098       -0.0869871434
 180. 142.        0.0862935403       -0.0363428235
 180. 143.       -0.2009148704        0.3740929174
 180. 144.        0.0365553103        0.0684163750
 180. 145.       -0.0301623831        0.2680025746
 180. 146.       -0.2019279410        0.0109999845
 180. 147.        0.1414343245        0.2983704730
 180. 148.        0.3380399844       -0.2566547848
 180. 149.        0.0013718209        0.0160575824
 180. 150.        0.0504880384       -0.1196223985
 180. 151.       -0.0631508163       -0.2761527541
 180. 152.       -0.1109193257       -0.1750050799
 180. 153.        0.0460434244        0.3094853020
 180. 154.        0.1137936037        0.0190137842
 180. 155.       -0.3557247820       -0.0316789582
 180. 156.        0.0885678546       -0.0186587623
 180. 157.        0.1642190657       -0.2264830043
 180. 158.       -0.4152105501        0.1717055347
 180. 159.        0.2034791812        0.1012792551
 180. 160.        0.1092161558        0.2871155933
 180. 161.        0.1852527956       -0.0768121888
 180. 162.        0.2119365506        0.1175341868
 180. 163.        0.1364816420       -0.0397265540
 180. 164.        0.1193004475        0.0999005929
 180. 165.       -0.0358380900       -0.1556808928
 180. 166.        0.1030418089        0.1169674702
 180. 167.        0.3355677217        0.1525212367
 180. 168.       -0.0360839571        0.2639089640
 180. 169.       -0.0098754519       -0.0396834568
 180. 170.       -0.0132853910        0.1219810768
 180. 171.       -0.1461182028        0.2253076259
 180. 172.        0.0489893426        0.0885870072
 180. 173.        0.2590832262       -0.2813562674
 180. 174.       -0.1215640274       -0.0980907531
 180. 175.        0.1174173522        0.2194004349
 180. 176.        0.1056558604       -0.0573185849
 180. 177.        0.0464585048        0.2122203094
 180. 178.       -0.5583398985       -0.1097495176
 180. 179.        0.0279700800       -0.1236872738
 180. 180.       -0.2621231551       -0.0000000000
