MagnetogramType = NSO-GONG Hourly; InstrumentName = GONG; InputLatGrid = sin(lat); OutputLatGrid = sin(lat); MagUnit = Gauss; InputMapResolution = 360,180; MagnetogramDate = 2007-12-17T11:54:00; CentralMeridianLong = 2064.244444; InputFile = "GONG_magnetograms/mrbqs071217t1154c2064_092.fits;ASCIIFileCreationDate = 2026-04-15T13:47:46; BrFactor = 3.8; BrMin =  5.0
         0  5.7816440000E-01 -2  3  2
   16471       1
 180.     2064.0000000000       92.5000000000
n m g h nOrder CR dLon
   0.   0.        0.0000000000        0.0000000000
   1.   0.       -2.9896965378        0.0000000000
   1.   1.        0.6928344202        0.1640101210
   2.   0.       -0.0690822634        0.0000000000
   2.   1.       -0.7891350916       -0.6113169907
   2.   2.       -0.7521501900        0.7461833452
   3.   0.       -4.9317253403        0.0000000000
   3.   1.       -0.3208937410       -0.6108088210
   3.   2.        0.2349659990        0.0370853277
   3.   3.       -0.1756577824       -1.1540464178
   4.   0.       -0.8736252853        0.0000000000
   4.   1.        0.3030983117        1.2112355154
   4.   2.        0.6185538556       -0.6954705788
   4.   3.        0.0760586434        0.5339604369
   4.   4.        0.3037110221        0.9816063052
   5.   0.       -2.0341848519        0.0000000000
   5.   1.       -0.7645375346       -0.4560802212
   5.   2.       -0.2272606753        0.2688105862
   5.   3.       -0.8823607575        0.9580788233
   5.   4.       -0.2304438913       -0.1249740885
   5.   5.       -1.8028078525       -0.4763271123
   6.   0.        1.2261041943        0.0000000000
   6.   1.       -0.1508381429       -0.4470927927
   6.   2.       -0.9208607251        0.2637198013
   6.   3.        0.2953641143       -0.6672187736
   6.   4.        0.0082107187       -0.8106411194
   6.   5.        0.1117679522        0.3650241901
   6.   6.        0.2426693015       -1.2355498733
   7.   0.        1.2520336941        0.0000000000
   7.   1.        0.6514698146        0.7984400236
   7.   2.        0.5074485167       -0.1787501172
   7.   3.        0.4913464917        0.3184305900
   7.   4.       -0.0997863545        1.2411575449
   7.   5.        1.2419195228       -0.5970283831
   7.   6.        0.2347796492       -0.1407515890
   7.   7.       -0.8500960222        0.6876987516
   8.   0.       -0.3130397793        0.0000000000
   8.   1.        0.3899181954       -0.4511506965
   8.   2.        0.4452304796        0.2678932870
   8.   3.       -0.9767741235       -0.0842930123
   8.   4.       -0.0433496245       -0.2229523364
   8.   5.       -0.9661252119        0.0928659081
   8.   6.       -0.6170650026        0.3037382142
   8.   7.        0.3706768208       -0.6424005093
   8.   8.       -0.9001242407       -1.4519164009
   9.   0.        1.4649138911        0.0000000000
   9.   1.        0.0787482810       -0.1676049652
   9.   2.       -0.4931872399        0.1800866228
   9.   3.        0.5157235597       -0.4327461423
   9.   4.        0.6893235477       -1.0220105145
   9.   5.       -0.5162324977        0.3521207758
   9.   6.        0.5550753400        0.1349250406
   9.   7.       -0.0948138802       -0.4980241275
   9.   8.        0.4366231649        0.9932317960
   9.   9.        2.1544374507        0.4891340711
  10.   0.        0.7284548169        0.0000000000
  10.   1.       -0.4774499075        0.0629401089
  10.   2.        0.0804592017       -0.1203729429
  10.   3.        0.7242162359       -0.1916516435
  10.   4.       -0.3979946998       -0.2886627072
  10.   5.        0.4634251744        0.4877280644
  10.   6.        0.3615900148        0.0426389028
  10.   7.       -0.1980560197        0.4998819341
  10.   8.        0.5859648544        0.5789441139
  10.   9.       -0.7190350265       -1.4532179732
  10.  10.       -1.7192377181        1.3916093947
  11.   0.       -0.0937243826        0.0000000000
  11.   1.       -0.2381850688        0.3468856072
  11.   2.        0.6502132455        0.2327445392
  11.   3.       -1.0142766753        0.3244560859
  11.   4.       -0.2246134464        1.0949182625
  11.   5.        0.6802226378       -0.4343817396
  11.   6.       -1.1303767483        0.0726338811
  11.   7.        0.5112057614       -0.0711061017
  11.   8.       -0.2996438686       -1.9064522965
  11.   9.       -0.6406047377        0.6285758174
  11.  10.        1.8266543151       -0.4785784651
  11.  11.        0.4445171046       -2.3442384074
  12.   0.       -0.6579686009        0.0000000000
  12.   1.       -0.0843711302        0.2921762092
  12.   2.       -0.6803585109       -0.6632753672
  12.   3.       -0.5500448317        0.0481813191
  12.   4.       -0.1972316096       -0.9325330017
  12.   5.       -1.1249876651       -0.3550968961
  12.   6.        0.0693283466        0.3904609509
  12.   7.        0.6010649339       -1.0458736418
  12.   8.       -0.5866349556        0.3113237298
  12.   9.        1.5171313633        1.2756807221
  12.  10.        0.5737976352       -0.7194407411
  12.  11.       -1.6231925126        2.3024361733
  12.  12.        1.4863294168        2.8232008907
  13.   0.        0.0320172700        0.0000000000
  13.   1.       -0.3091161376       -0.4220397099
  13.   2.       -0.1706226962       -0.0304310815
  13.   3.        1.7888009152       -0.0668365783
  13.   4.       -0.2065600312       -0.8798405897
  13.   5.       -0.2443184805        1.1359467816
  13.   6.        0.4679101677       -0.4678332146
  13.   7.       -0.7939984991       -0.1377389825
  13.   8.        0.1272888702        1.4607585247
  13.   9.       -0.2450338070       -0.6534313958
  13.  10.       -1.6017004608        1.3879073060
  13.  11.       -0.3294271989        1.2104449498
  13.  12.       -0.5804326699       -2.1269803625
  13.  13.       -3.2356599664       -0.7684423449
  14.   0.        0.2697776324        0.0000000000
  14.   1.        0.4654900738        0.1021803331
  14.   2.        0.9975314775        1.1306036637
  14.   3.        0.3184536745        0.1627302054
  14.   4.       -0.7318193449        1.4383232045
  14.   5.       -0.0140545221       -0.1966171184
  14.   6.       -0.4749410727       -0.6135035081
  14.   7.       -0.3010879187        0.6535782409
  14.   8.        0.5563439030       -0.8281579410
  14.   9.       -1.7101828045        0.0937926249
  14.  10.        0.7097687168        0.0363735334
  14.  11.        0.8278965729       -1.6105247829
  14.  12.       -0.5080816817       -0.4606423703
  14.  13.        2.2375193494        0.4330771156
  14.  14.        2.2181513986       -1.7228280720
  15.   0.       -0.5551118798        0.0000000000
  15.   1.       -0.4930019403        0.3506074879
  15.   2.       -0.5837829461       -0.1685940863
  15.   3.       -1.5421026413       -0.4141084952
  15.   4.        0.7860695163        0.1323310599
  15.   5.        0.6762155578       -1.0168175144
  15.   6.       -0.5863244492        0.7836564401
  15.   7.        1.2825711282       -0.2206847154
  15.   8.        0.2314130167       -0.5520487726
  15.   9.       -0.1437263852        0.8419837773
  15.  10.        1.7204763414       -1.4178158390
  15.  11.       -1.2072489284        0.4878953215
  15.  12.        0.2399635469        1.7364104128
  15.  13.        0.3377543431       -0.0435750840
  15.  14.       -1.9892231262        1.1710656436
  15.  15.        0.0608466492        3.7741805208
  16.   0.       -0.6246991037        0.0000000000
  16.   1.        0.7530015785       -0.2571799308
  16.   2.       -0.5184067779       -0.8709167983
  16.   3.       -0.0096279286        0.8451688159
  16.   4.        0.9793929628       -0.7924353314
  16.   5.        0.1903244061        0.2782205029
  16.   6.        0.8050608913        0.2142991095
  16.   7.       -0.1764821406       -1.1370556627
  16.   8.        0.7304589134        0.3827534239
  16.   9.        0.7590984959        0.3023192149
  16.  10.       -0.0554471619       -0.7284162070
  16.  11.       -0.7497136482        1.6844276230
  16.  12.       -0.0253619776       -1.3023655816
  16.  13.       -2.5652703216       -0.7656226472
  16.  14.        0.3328290274        1.0254813555
  16.  15.       -0.0359709216       -3.6000835197
  16.  16.       -1.7898880246       -3.0524886792
  17.   0.        0.0283734057        0.0000000000
  17.   1.        0.6464529871       -0.2453768684
  17.   2.        0.4910893079        0.4191922882
  17.   3.        0.4982828412        0.1728061769
  17.   4.       -1.2858593321       -0.0028699047
  17.   5.        0.3748376613        0.5926583594
  17.   6.        1.3976845911       -0.6728035441
  17.   7.       -1.2172134086        0.9454224939
  17.   8.        0.7263570817        0.7562616182
  17.   9.       -0.2711746250       -1.4521160494
  17.  10.       -0.9027071995        0.8630755367
  17.  11.        1.1794369367       -1.2140104762
  17.  12.       -0.2036130912       -1.7182637450
  17.  13.        0.8493171130        0.4152114020
  17.  14.        2.5565418311       -1.7709031620
  17.  15.        0.1827044599       -0.4466458918
  17.  16.        1.8862426938        3.1015188008
  17.  17.        3.5411254984       -0.1910897003
  18.   0.        0.7315410372        0.0000000000
  18.   1.       -1.2907217141        0.6205246119
  18.   2.        0.2013133567        0.6109434287
  18.   3.       -0.5562917145       -0.7167339913
  18.   4.        0.1691566124        1.0964330758
  18.   5.        0.7253457942       -0.8056187932
  18.   6.       -1.9033764312       -0.1949070725
  18.   7.        0.6230440184        0.2965221635
  18.   8.        0.0764545489       -0.8614825514
  18.   9.       -1.3491756235        0.7193551881
  18.  10.        1.6804077891       -0.2279152264
  18.  11.        0.4816110548       -1.1712824255
  18.  12.       -0.0325514028        1.6999525762
  18.  13.        1.0536125013        0.6600394755
  18.  14.       -1.2824845582       -0.0896085442
  18.  15.        0.4959431283        3.0140129605
  18.  16.       -0.0691124923       -0.2845987260
  18.  17.       -3.5968052094        0.1135103388
  18.  18.       -2.3740936782        2.7009087510
  19.   0.       -0.8300599564        0.0000000000
  19.   1.        0.1973105052       -0.0589707479
  19.   2.        0.3944448948       -0.9053118152
  19.   3.       -0.5307099419        0.1436231497
  19.   4.        0.6412077791        0.1931020724
  19.   5.       -0.7615152381       -1.1231554704
  19.   6.       -0.3225692953        0.2664092605
  19.   7.        1.1152657648       -1.2663618418
  19.   8.       -1.3873448365        0.7730190216
  19.   9.        1.0504520660        0.9023161884
  19.  10.        0.0850389505       -0.4346009665
  19.  11.       -1.0782258839        1.2986185162
  19.  12.        0.8419083970        0.9265270142
  19.  13.       -2.1019366839       -0.5884571310
  19.  14.       -0.7413860284        1.4581618308
  19.  15.        0.1276049265       -1.2619907131
  19.  16.       -1.7685630641       -2.0522493782
  19.  17.       -0.7724155239        0.4425876180
  19.  18.        1.9524358183       -2.2581323023
  19.  19.       -1.4158928401       -2.9616934158
  20.   0.       -0.3000928534        0.0000000000
  20.   1.        0.2342023879       -0.6874958354
  20.   2.       -0.5328475244       -1.1458117886
  20.   3.        1.2094247700        0.1762557363
  20.   4.       -0.2942151284       -1.1994548191
  20.   5.       -0.6113030257        0.5809402039
  20.   6.        1.4179756589       -0.2288011680
  20.   7.       -0.6965574710       -0.5493970569
  20.   8.       -0.0367692512        1.5538787643
  20.   9.        0.8990910851       -1.1427331630
  20.  10.       -1.9695304663        0.3232508242
  20.  11.        0.4073016290        1.0863531745
  20.  12.       -0.4883210340       -1.2892956631
  20.  13.       -1.0628072120        1.3405334962
  20.  14.        1.4516225071        0.0097261732
  20.  15.       -0.5219439169       -1.5465238049
  20.  16.        1.1974138395        2.2517456888
  20.  17.        2.4358067393        0.7239012789
  20.  18.       -0.7256019646       -0.1160427818
  20.  19.        0.9049266566        3.7074000229
  20.  20.        2.6701411047        2.2514599583
  21.   0.        1.6091035588        0.0000000000
  21.   1.       -0.2527346593        0.0544865424
  21.   2.       -0.4215597022        1.3907058195
  21.   3.        0.7895160806       -0.5495922811
  21.   4.       -0.8234954076       -0.1348372095
  21.   5.        0.4095806514        0.6150520372
  21.   6.       -0.5596543661       -0.5681727425
  21.   7.       -0.7484733806        0.6193866798
  21.   8.        0.9857750132       -1.1471430302
  21.   9.       -0.5853009621       -0.5818216869
  21.  10.       -0.0877588235        0.8106437247
  21.  11.        0.7405726447       -2.1332552738
  21.  12.       -0.6905356551       -0.1925177324
  21.  13.        2.1345403320        1.1278296593
  21.  14.        0.3064664011       -1.1571544584
  21.  15.       -0.6017124998        2.5114338521
  21.  16.        1.3972045515        1.4790140234
  21.  17.       -1.5767310052       -0.4984676831
  21.  18.       -2.1825934286        2.2060844580
  21.  19.        0.3890963297       -0.6191732105
  21.  20.       -3.5230482645       -2.8211588074
  21.  21.       -3.0211951907        1.3648586509
  22.   0.        0.3788920730        0.0000000000
  22.   1.       -0.2110162967        0.4222243743
  22.   2.        0.2732427324        0.6164641365
  22.   3.       -1.2672194017       -0.0888823558
  22.   4.       -0.1725383578        0.2119522441
  22.   5.        0.0864236046       -1.0661341988
  22.   6.       -1.0171571458        1.0789928474
  22.   7.        0.8944244164        0.1451346263
  22.   8.        0.5868775920       -2.2913555013
  22.   9.        0.2954327577       -0.1145446130
  22.  10.        1.5249265097       -1.1768064394
  22.  11.       -0.4591166761       -0.9029227794
  22.  12.        0.4716988248        1.6448367884
  22.  13.        0.3708356952       -0.8574127112
  22.  14.       -1.9513231689        0.9763390924
  22.  15.        0.1739491119        1.0577390428
  22.  16.       -1.0146132126       -1.9830520542
  22.  17.       -1.9557281469        0.8647062586
  22.  18.        1.2313263894       -0.7517322558
  22.  19.       -0.9435890299       -3.3536020310
  22.  20.        0.3578356457        0.8637508082
  22.  21.        3.6730601715       -1.4268045118
  22.  22.        1.0672929183       -3.1605621788
  23.   0.       -0.3808493936        0.0000000000
  23.   1.       -0.2876956005       -0.0107178441
  23.   2.       -0.1874499225       -0.5747858681
  23.   3.       -0.1360589936        0.7346306717
  23.   4.        1.4776526998       -0.3878599387
  23.   5.       -0.4729346288        0.4104982124
  23.   6.        1.1454964217        0.4590553899
  23.   7.        0.6234785109       -1.4578940042
  23.   8.       -0.6026166749        0.9586714945
  23.   9.        0.9239031598        0.5308226200
  23.  10.        0.1650418976       -0.5820961889
  23.  11.       -0.9460783245        1.7457430391
  23.  12.        0.5322225532       -0.2385080837
  23.  13.       -1.3725790440       -0.6109465998
  23.  14.        0.5563610072        0.3066324349
  23.  15.       -0.1823396703       -2.2457583202
  23.  16.       -0.6330563790       -0.4466381261
  23.  17.        2.0046430759        0.2478848221
  23.  18.        0.7109613606       -1.7089387881
  23.  19.       -0.3009144310        1.5456998197
  23.  20.        2.8965676981        0.5235146344
  23.  21.       -0.1930091513       -0.3175677818
  23.  22.       -1.8422113537        3.9301340808
  23.  23.        1.3188152010        3.7457503743
  24.   0.        0.2317457469        0.0000000000
  24.   1.        0.4908975877       -1.0729990269
  24.   2.        0.1642745584       -0.1512457215
  24.   3.        0.9552380730        0.3351010138
  24.   4.       -0.1147776804       -0.0653519499
  24.   5.       -0.5385383115        1.8540660749
  24.   6.        0.6260175602       -0.4478774315
  24.   7.       -0.9990858535        1.0791138656
  24.   8.       -0.2501399000        0.7467353227
  24.   9.       -0.8019360830       -1.2555181113
  24.  10.       -1.2227986697        0.4786629544
  24.  11.        1.0771891859        0.0251652373
  24.  12.       -0.6212450905       -0.9180588268
  24.  13.        0.3304909744        0.1802790725
  24.  14.        2.0945227090       -0.9643086174
  24.  15.       -0.5038577854        0.1605532187
  24.  16.        1.9273206275        1.6353914974
  24.  17.        0.4405989854       -0.7918623648
  24.  18.       -1.3261348584        0.3904869805
  24.  19.        0.6819295778        1.6433220954
  24.  20.       -1.3845495063       -2.5755883025
  24.  21.       -2.4269313155        0.6741837062
  24.  22.        0.8909256815       -0.5852129599
  24.  23.       -1.4615539757       -3.8189411580
  24.  24.       -2.5536749766       -0.6190482947
  25.   0.       -0.0626512220        0.0000000000
  25.   1.       -0.4705003096        0.4374249056
  25.   2.        0.6618157757        0.7539689745
  25.   3.       -0.4409251378       -0.7484335180
  25.   4.       -0.9901713407        1.2564600353
  25.   5.        0.7145388851        0.5061906506
  25.   6.       -1.4472075944       -0.0269592690
  25.   7.        0.4703384007        1.0959892069
  25.   8.       -0.1548890735       -0.3937024040
  25.   9.       -1.3397084919        0.7556562787
  25.  10.        0.7939971634        1.1081676592
  25.  11.       -0.3665796624       -0.8891305097
  25.  12.       -0.0188799119        1.0459083087
  25.  13.        1.7957996786       -0.4957133868
  25.  14.       -1.3254930014       -0.0977945793
  25.  15.        0.5356898677        2.4890246019
  25.  16.        0.0345794793       -0.4779904041
  25.  17.       -2.2681280342       -0.1987471589
  25.  18.        0.3442730107        0.0658778795
  25.  19.       -0.0894323549       -2.7135257556
  25.  20.       -1.1809948288       -0.3584204001
  25.  21.        2.7962744739       -1.2575815820
  25.  22.        1.6820171915       -1.8768377853
  25.  23.        0.5226709584        1.6119200438
  25.  24.        3.0607908948        2.0537727779
  25.  25.        2.3289691981       -2.2771172927
  26.   0.       -1.0141965349        0.0000000000
  26.   1.       -0.4112448513        1.5743892827
  26.   2.        0.0476724883       -0.3249387610
  26.   3.       -1.3465208046       -0.4804309901
  26.   4.        0.5545041452        0.4576377036
  26.   5.        0.4098274073       -1.2285438771
  26.   6.       -0.6836643011       -0.0472295984
  26.   7.        1.5731446564       -0.6005372570
  26.   8.       -0.9980682786       -0.0690312623
  26.   9.        1.1394674537        1.9171629691
  26.  10.        0.1381120421       -0.2743644470
  26.  11.       -1.3673347939        1.0509479080
  26.  12.        0.6162927103        0.6835255252
  26.  13.       -1.1411533857       -0.8189299522
  26.  14.       -1.2189148678        0.8059414689
  26.  15.        1.2106734702       -1.1418794103
  26.  16.       -2.0454946888       -1.5725516190
  26.  17.        0.2602524626        1.4889499256
  26.  18.        1.6734047784       -1.7012765012
  26.  19.       -0.8353796447        0.0573086233
  26.  20.        2.5830561877        2.2842223143
  26.  21.        1.8165583451       -1.2045852724
  26.  22.       -0.8706584283        2.1569764458
  26.  23.        1.2539992676        3.6255895901
  26.  24.       -1.3406195244       -0.6349507747
  26.  25.       -4.2949831184        2.4462548470
  26.  26.        0.4320888246        3.9648196601
  27.   0.       -0.8501812493        0.0000000000
  27.   1.        0.9030151031       -0.1301305332
  27.   2.       -0.2768844224       -1.2918768772
  27.   3.        0.4826591606        0.4972629058
  27.   4.        1.2912492737       -0.7934773520
  27.   5.       -0.4541229941        0.1219190415
  27.   6.        1.3154090946       -0.3297410654
  27.   7.       -1.0506436738       -0.8177047629
  27.   8.       -0.2240939449        1.0729451952
  27.   9.        0.6086933846       -0.6058450174
  27.  10.       -0.9866792414       -0.5967122894
  27.  11.        0.0773504222        1.1581310289
  27.  12.       -0.0797754483       -1.9772475676
  27.  13.       -1.6324411599        0.1401045950
  27.  14.        1.4770190297        0.4096835294
  27.  15.       -0.6077520984       -2.3711960246
  27.  16.        0.3987268143        1.3482601407
  27.  17.        2.3530200683        0.1288094623
  27.  18.       -1.4292556297        0.5364162641
  27.  19.        1.3397118150        3.0143532843
  27.  20.       -0.0422531170       -0.1621680241
  27.  21.       -3.1410713084        0.5902047556
  27.  22.       -0.0516703077        1.1453676835
  27.  23.       -0.7472285961       -2.0334029436
  27.  24.       -3.4795950329       -0.6069955162
  27.  25.        1.0003459224        0.6791164395
  27.  26.       -0.0042084505       -4.9801584079
  27.  27.       -3.3129534839       -3.8365570256
  28.   0.        0.6685884101        0.0000000000
  28.   1.        0.1200789261       -0.6947513895
  28.   2.        0.2891205578        0.7659547726
  28.   3.        1.1945338231       -0.0797235412
  28.   4.       -0.9186139791       -0.0645707421
  28.   5.        0.4671790413        0.2855865097
  28.   6.        0.5413995163       -0.8161839206
  28.   7.       -1.0538527956       -0.1234823189
  28.   8.        0.9679545681        0.0757148509
  28.   9.       -0.8452162372       -1.0559309929
  28.  10.       -0.6306660064        0.4703434833
  28.  11.        1.6794235776       -1.2985503769
  28.  12.       -1.1001789881       -0.6022056621
  28.  13.        2.0582654343        0.5342813333
  28.  14.        0.5603622127       -1.1428896174
  28.  15.       -0.4977643093        1.4071186997
  28.  16.        0.6766319377        1.2141612147
  28.  17.       -1.0350629598       -0.9414381460
  28.  18.       -1.5951845812        2.0152138451
  28.  19.        0.3776502060       -0.7919142426
  28.  20.       -2.0248200937       -1.1687057695
  28.  21.       -0.1480849126        0.5460832915
  28.  22.        1.4237975892       -2.4928242799
  28.  23.       -1.0996356918       -0.8817864109
  28.  24.        0.8492331998        2.4305189909
  28.  25.        1.5896342749       -1.4651939644
  28.  26.       -2.0310500495        1.2755644479
  28.  27.        2.7947012620        3.9846442772
  28.  28.        4.0788663922        0.5837910508
  29.   0.        0.7230789125        0.0000000000
  29.   1.       -0.2286021454        0.0626550806
  29.   2.        0.0595343614        0.3514337648
  29.   3.       -0.9223823290       -0.3267009855
  29.   4.       -0.3024251633        0.8581828737
  29.   5.        0.0989950274       -1.2236533513
  29.   6.       -0.9419779997        0.3433539775
  29.   7.        1.1119319869        0.3462127717
  29.   8.        0.3691975043       -1.0922222953
  29.   9.        0.2908144018        0.4292838326
  29.  10.        1.5830306236        0.4216495898
  29.  11.       -0.0236461535       -0.5855539386
  29.  12.        0.8370068888        0.9798910863
  29.  13.        0.4283100146       -0.3454940596
  29.  14.       -1.7371815266        0.1466594735
  29.  15.       -0.1875364290        1.5638043293
  29.  16.       -1.2180593272       -1.3649036761
  29.  17.       -1.0760624129        0.4528253781
  29.  18.        1.3792309057       -0.7172627597
  29.  19.       -0.6323284656       -2.3615240391
  29.  20.       -0.6843221992        1.7838904074
  29.  21.        2.5114272206       -0.7379921383
  29.  22.       -0.5507739997        0.4860231043
  29.  23.        0.5996637622        2.9225226947
  29.  24.        0.3658858020       -0.0064640759
  29.  25.       -3.5992947549       -0.7716345592
  29.  26.       -0.3214564185        3.0409167639
  29.  27.       -0.1734069908       -2.7501450672
  29.  28.       -3.8799019614       -0.4128667979
  29.  29.       -1.7762100523        2.3784148115
  30.   0.       -0.4123853065        0.0000000000
  30.   1.       -0.2707525471        0.2328096193
  30.   2.       -0.3336838178       -0.8176884076
  30.   3.       -0.3771522856        0.1934348383
  30.   4.        0.6113160775       -0.4042302079
  30.   5.       -0.6957575108       -1.1646188736
  30.   6.       -0.0182975143        0.9983885082
  30.   7.        0.5130529462       -0.9167906738
  30.   8.       -0.9263422862        0.1077459116
  30.   9.        1.2834681748        0.8858174950
  30.  10.        0.2669278663       -1.6917595380
  30.  11.       -1.3050859162        1.0768871648
  30.  12.        0.3174777753       -0.0753850581
  30.  13.       -1.4810417082       -0.3605678374
  30.  14.       -0.5909503094        0.5377730815
  30.  15.        0.2735875035       -1.9060418812
  30.  16.       -1.0515759998       -0.7614956848
  30.  17.        1.7229207499       -0.1310601004
  30.  18.       -0.2650550825       -1.7512898534
  30.  19.        0.1407864535        1.4191010173
  30.  20.        1.7829659800        0.7782574165
  30.  21.       -1.2917496856       -0.4028086341
  30.  22.       -1.8016739645        2.1735479708
  30.  23.        0.8961402504       -0.9073985880
  30.  24.       -3.0132531135       -1.8913483241
  30.  25.       -1.2597890636        0.0561676857
  30.  26.        1.7125765103       -3.8194623448
  30.  27.       -1.7649989581       -2.8441615253
  30.  28.        1.3988010767        0.2257717380
  30.  29.        3.5761725505       -2.7117538707
  30.  30.       -0.5980422051       -3.8371424788
  31.   0.       -0.2545867088        0.0000000000
  31.   1.        1.1933415120       -1.0271206909
  31.   2.       -0.0861658695        0.2635982960
  31.   3.        1.3323654775        0.4362743205
  31.   4.       -0.6208818510       -1.4647312455
  31.   5.       -0.1900941568        1.2987051726
  31.   6.        0.7362980339        0.0152353438
  31.   7.       -1.2740418332        0.6777959243
  31.   8.        0.0929822647        1.1408875249
  31.   9.       -0.0501287260       -0.5584083106
  31.  10.       -1.7163632855        0.2269359466
  31.  11.        1.3105642284        0.3930694331
  31.  12.       -0.3311528073       -0.9981339403
  31.  13.        0.0944859914        1.3622724093
  31.  14.        2.0025225170       -0.3208556152
  31.  15.       -0.2555119869       -1.0376273110
  31.  16.        1.2150830496        1.0434425574
  31.  17.        1.0811501855       -1.2613251379
  31.  18.       -1.6509597363        1.0227164231
  31.  19.        0.4658669083        1.4523545729
  31.  20.       -1.2511519366       -1.6308787262
  31.  21.       -1.1422703868        0.9044215275
  31.  22.        0.0402349333       -1.2642537965
  31.  23.       -1.1855002382       -2.7859046382
  31.  24.        0.2060436633        1.1163048363
  31.  25.        2.9801144703       -1.8644733407
  31.  26.       -0.4146358527       -2.7993087538
  31.  27.        2.6776836416        2.0089405841
  31.  28.        2.8664135123        1.8742119131
  31.  29.       -1.3764037798        0.3543203984
  31.  30.        1.0196235569        4.8573524169
  31.  31.        3.4587990756        3.2034854144
  32.   0.        0.9574473685        0.0000000000
  32.   1.        0.0213730114        0.0709519722
  32.   2.        0.0269240707        1.4605152414
  32.   3.        0.1053832005       -0.2232978623
  32.   4.       -0.4017616336        0.2947422581
  32.   5.        0.5637924363        0.7055040358
  32.   6.       -0.5458326849       -0.4830723009
  32.   7.       -0.5457234436        1.1921871885
  32.   8.        1.0888823919       -0.8388008554
  32.   9.       -0.9281997968       -1.1223406197
  32.  10.        0.2433422123        1.0795354683
  32.  11.        0.6230711643       -1.2210945599
  32.  12.        0.3000004166        1.3877688953
  32.  13.        1.6437092162        1.3654490649
  32.  14.       -0.4433790643       -0.7365475772
  32.  15.       -0.1958201596        1.7131949868
  32.  16.        0.5443080457       -0.5626439537
  32.  17.       -1.5043346171       -0.6365573223
  32.  18.        0.9956961475        1.3986365608
  32.  19.        0.0363934781       -2.1647436999
  32.  20.       -1.4609624398       -1.1629048679
  32.  21.        1.5258431384       -0.0901083237
  32.  22.        0.5093401774       -1.5197899407
  32.  23.       -0.1489864139        1.4130124601
  32.  24.        2.0765398625        0.8836601820
  32.  25.       -0.5658870413        0.1750312403
  32.  26.       -0.0709344793        2.5342455288
  32.  27.        1.7051235610        0.7252929045
  32.  28.       -2.5170532847       -0.6704937481
  32.  29.       -0.5274734676        2.6910830247
  32.  30.        1.0123583728       -0.6742632468
  32.  31.       -3.5086160937       -2.9478905798
  32.  32.       -4.0063753406        0.5072992313
  33.   0.       -0.3750687331        0.0000000000
  33.   1.       -1.0960891777        1.0015151681
  33.   2.        0.3070774024       -0.2522616703
  33.   3.       -1.0277992864       -0.8836159838
  33.   4.       -0.3416211023        0.6401149003
  33.   5.        0.2777371988       -0.9282359142
  33.   6.       -0.0888899634        0.0228219699
  33.   7.        0.9129866408       -0.3658735393
  33.   8.        0.5595639682       -1.0266027050
  33.   9.       -0.3217914004        1.0649773504
  33.  10.        0.9248768460       -1.3030199780
  33.  11.       -1.0428623414       -0.0128588577
  33.  12.        0.4578240801        1.5662773969
  33.  13.       -0.8998985395       -0.9500580374
  33.  14.       -2.0648678460        0.4740052494
  33.  15.        1.1656262604        0.3103086514
  33.  16.       -0.9079555010       -0.9871795528
  33.  17.        0.0285116904        0.8763159184
  33.  18.        2.0116898919       -1.4056089528
  33.  19.       -0.8258277956       -0.4276293186
  33.  20.        2.1609065024        2.4811455407
  33.  21.        1.1730140804       -0.9694184616
  33.  22.       -1.4713642265        1.4068509597
  33.  23.        0.3627227792        2.2780965650
  33.  24.       -0.8214244313       -1.5368825095
  33.  25.       -1.4511365238        1.5175492913
  33.  26.        0.6572383931        1.0007794123
  33.  27.       -1.0077600363       -3.4929388634
  33.  28.       -0.3243073944        1.2789198871
  33.  29.        2.5977624240       -1.6469072470
  33.  30.       -0.9096525617       -1.6697458768
  33.  31.        0.5103404676        1.4696044811
  33.  32.        4.0384243032       -0.0490336084
  33.  33.        1.9707274026       -2.8599441604
  34.   0.       -1.0420112872        0.0000000000
  34.   1.        0.3107378246       -0.5955738830
  34.   2.       -0.2310608806       -1.1163341562
  34.   3.       -0.1897693826        0.7425039129
  34.   4.        1.2838221338       -0.8175191707
  34.   5.       -1.1622302311        0.3507626479
  34.   6.        1.0545512828       -0.0903073988
  34.   7.        0.5946855275       -0.4651844428
  34.   8.       -0.7568301937        1.2109854986
  34.   9.        0.4289450758        0.0486584601
  34.  10.       -1.2008849496       -0.2516167104
  34.  11.       -0.2228357624        1.0723714646
  34.  12.       -0.6948935202       -0.9768616868
  34.  13.       -1.9992425549       -0.6432308141
  34.  14.        1.4556782748       -0.2882065678
  34.  15.       -0.6382786329       -1.1840760424
  34.  16.       -0.6349164943        0.7478334030
  34.  17.        1.7366658065        0.3786376811
  34.  18.        0.0272407519       -0.0994564392
  34.  19.        0.0499182794        1.5609165619
  34.  20.        0.5785610545        0.3181771309
  34.  21.       -2.0446546016        0.1603343571
  34.  22.        0.0670815979        1.5835605853
  34.  23.       -0.7286550528       -2.2499795163
  34.  24.       -1.6931645295       -0.3668739496
  34.  25.        2.1791027432       -0.1699824333
  34.  26.       -0.1044860932       -3.0743515802
  34.  27.       -0.3652260368        0.5966059729
  34.  28.        3.3674505323        1.7845087433
  34.  29.        0.7815152834        0.4225736821
  34.  30.       -0.3747024328        2.9628987154
  34.  31.        2.1407446823        1.3943182728
  34.  32.       -1.3038852752       -0.2754053684
  34.  33.       -3.1961226932        3.7976195308
  34.  34.        0.5408803410        3.3438666108
  35.   0.        1.1098006564        0.0000000000
  35.   1.        0.1359402570       -0.4234463913
  35.   2.       -0.2731003167        0.3191239947
  35.   3.        1.1607387144        0.0442680034
  35.   4.        0.0204771962        0.4269088411
  35.   5.       -0.0846787327        0.8604669298
  35.   6.        0.1220216490        0.2521092020
  35.   7.       -0.6383685363        0.0348939063
  35.   8.        0.2480023231        0.2106974675
  35.   9.       -0.1067448970       -1.1351318790
  35.  10.       -0.4483212244        1.1584098272
  35.  11.        0.8412015599       -1.0198650304
  35.  12.       -0.9672550191       -1.5354480191
  35.  13.        1.6227852282        0.6659534395
  35.  14.        0.9625655291       -0.3516469045
  35.  15.       -1.3688447327        1.0880136746
  35.  16.        0.7219953018        0.7705623074
  35.  17.       -0.9138934574       -0.2480491575
  35.  18.       -1.8227050835        1.2525766300
  35.  19.        1.2467691924       -0.0771972036
  35.  20.       -1.7205149829       -0.9923969071
  35.  21.       -0.2445833410        0.9390887914
  35.  22.        2.0847166697       -1.7531912231
  35.  23.       -0.6826730369       -0.1724410261
  35.  24.        2.2942108736        1.5041315610
  35.  25.        1.4145838534       -1.2832864347
  35.  26.       -0.6024360916        2.5378854286
  35.  27.        1.0765020918        2.2856699588
  35.  28.       -0.5701437874       -0.3475122154
  35.  29.       -2.8420169992        2.2614773947
  35.  30.        1.0753996975        0.5995810504
  35.  31.       -3.4863061497       -2.4845327245
  35.  32.       -3.0931493199        0.4362428751
  35.  33.        0.7257139627       -2.3034531269
  35.  34.       -0.4898217191       -4.8148653761
  35.  35.       -3.4228978229       -1.2112973994
  36.   0.        0.3693595274        0.0000000000
  36.   1.       -0.1624621210        0.0839520890
  36.   2.        0.1090114745        0.3826598656
  36.   3.       -0.1573248692       -1.0219815988
  36.   4.       -1.2852212154        1.1356519788
  36.   5.        0.7557168846       -0.0977371038
  36.   6.       -1.0756330067       -0.4461363325
  36.   7.        0.3831729936        0.5962784737
  36.   8.        0.2168683112       -1.3187737540
  36.   9.       -0.8010582643        0.2252741974
  36.  10.        1.2405681381        0.5623141506
  36.  11.        0.2928285979        0.2080837912
  36.  12.        0.7008597645        1.2266943062
  36.  13.        1.8912927549        0.0003967214
  36.  14.       -1.1397441611        0.2135035575
  36.  15.        0.2846023589        0.5034642249
  36.  16.        0.2117582320       -0.7375592205
  36.  17.       -1.3455328712       -0.1883291235
  36.  18.        0.8815426156       -0.4208381514
  36.  19.       -0.3618376440       -1.6147566468
  36.  20.       -0.3882144726        0.8665075854
  36.  21.        1.4312861704       -0.2250503930
  36.  22.       -0.9927590945       -0.2843793842
  36.  23.        0.8619589924        2.5939807559
  36.  24.        1.3859817687       -0.6585358129
  36.  25.       -3.1130144636        0.8294744327
  36.  26.       -0.1248084183        1.8434394430
  36.  27.       -0.8519229964       -1.0081464819
  36.  28.       -3.4713829920       -0.4135298369
  36.  29.        0.9796501931       -0.4190473877
  36.  30.       -0.0996100272       -3.0091377633
  36.  31.       -1.4662952882        0.1113089273
  36.  32.        2.8300441297       -0.9981435773
  36.  33.        1.1990824046       -2.1663957772
  36.  34.        1.3359546636        1.0800281504
  36.  35.        3.2995271064        1.4212293505
  36.  36.        3.3988954397       -2.6852044682
  37.   0.       -0.2085043692        0.0000000000
  37.   1.       -0.3089615183        0.9051634214
  37.   2.       -0.2633704596       -0.8740268674
  37.   3.       -0.8826020300        0.5814615820
  37.   4.        0.6533472459       -0.2387172619
  37.   5.       -0.3234113207       -1.2228810405
  37.   6.       -0.3721664220        0.3836445761
  37.   7.        0.6735065987       -0.1218271630
  37.   8.       -0.5573866362        0.1691426860
  37.   9.        0.6505120858        1.1745729849
  37.  10.        0.5137624401       -1.0361456610
  37.  11.       -1.0911223278        1.2466396294
  37.  12.        1.1657597917        0.2470462717
  37.  13.       -1.1426950293       -0.8147177910
  37.  14.       -0.2540609521        0.5427607130
  37.  15.        1.2441119881       -1.3854714066
  37.  16.       -0.9125632929       -1.2642308377
  37.  17.        0.5062613787       -0.4868423654
  37.  18.        0.7400193356       -1.4018095175
  37.  19.       -1.1578183888        0.3713895604
  37.  20.        1.6618069052        0.7925500966
  37.  21.       -0.6838736611       -0.6152253138
  37.  22.       -1.5407088367        0.5978810744
  37.  23.        1.0022210430       -0.5011309738
  37.  24.       -3.2246369365       -0.9681164769
  37.  25.       -0.6938329034        0.8510822038
  37.  26.        1.1894592880       -2.7143078459
  37.  27.       -1.6266822898       -0.5155309948
  37.  28.        1.4844480129        1.2612438103
  37.  29.        0.6910072061       -1.9884525045
  37.  30.       -1.1926619123        1.1395302821
  37.  31.        1.9836684508        2.1575074022
  37.  32.        0.2844889568       -1.2375756451
  37.  33.       -0.9237815436        2.1899866916
  37.  34.        1.8216866103        2.3489696477
  37.  35.       -1.4807255895       -1.4255965333
  37.  36.       -3.2221517525        2.4971035105
  37.  37.       -1.8472415859        3.8555030857
  38.   0.       -0.1356547038        0.0000000000
  38.   1.        0.9213123217       -0.1972937101
  38.   2.        0.5524601599       -0.3998819848
  38.   3.        0.8312044439        0.3645218145
  38.   4.        0.1462649346       -0.3962539487
  38.   5.        0.1059150823        0.3454861404
  38.   6.        1.0482121685        0.7909426032
  38.   7.       -0.7305622016       -0.8861171650
  38.   8.       -0.4620801683        1.4364215366
  38.   9.        0.2707905798        0.0932619324
  38.  10.       -1.0836524997       -0.5468314479
  38.  11.        0.1482363692       -0.1798630607
  38.  12.       -0.7461113917       -1.3941211276
  38.  13.       -0.4202519072        0.4546392341
  38.  14.        1.2553094311       -0.1574994078
  38.  15.       -0.0488087574       -0.9102046716
  38.  16.        0.9431561733        0.4709866394
  38.  17.        1.2660388249        0.1893440702
  38.  18.       -1.3794259668        0.6133425806
  38.  19.        0.6432573993        1.9386211159
  38.  20.       -0.2142809920       -2.1097390520
  38.  21.       -1.6267738451        0.7351086569
  38.  22.        1.4573173908       -0.5769247832
  38.  23.       -0.7353646661       -3.0289063821
  38.  24.       -0.6469403935        0.6302550730
  38.  25.        2.4909008320       -0.8166463981
  38.  26.       -0.4704933052        0.0464912545
  38.  27.        0.5918834688        2.6968833564
  38.  28.        1.2884243741       -0.5577799340
  38.  29.       -2.5460374599        1.2597562022
  38.  30.        0.3928283211        2.6003664878
  38.  31.       -0.3700424909       -1.3277984258
  38.  32.       -2.9557380189        0.5757857646
  38.  33.        0.2573901540       -0.5819976663
  38.  34.       -0.4365096698       -2.8378845042
  38.  35.       -1.7769050972       -0.8857101112
  38.  36.        1.3131517063        0.3880557680
  38.  37.        1.5026267760       -3.9801336548
  38.  38.       -1.4080735895       -2.7204018716
  39.   0.       -0.6222296345        0.0000000000
  39.   1.       -0.3734816833       -0.3459775396
  39.   2.        0.0851188959        0.7553170655
  39.   3.        0.3054684306       -0.0650240401
  39.   4.       -0.2788752518       -0.0151153248
  39.   5.        0.0276822767        0.9234870163
  39.   6.       -0.3469777514       -0.8113091794
  39.   7.       -0.3787164636        0.5217757799
  39.   8.        0.4264421398       -0.4775687959
  39.   9.       -0.9233889406       -1.0383779556
  39.  10.       -0.1359511577        0.9285615394
  39.  11.        0.8192229005       -0.4381459063
  39.  12.       -0.5492427905        0.1662409246
  39.  13.        0.8907173826        0.9021926237
  39.  14.        0.0803426529       -0.2274522049
  39.  15.       -1.6771120933        1.9987407048
  39.  16.        1.1693491268        0.4558949462
  39.  17.       -1.5136303704       -0.8011433642
  39.  18.       -0.1750810776        0.5041760027
  39.  19.        0.8349517544       -0.9120542077
  39.  20.       -1.2800906710       -0.7936470297
  39.  21.        1.8518119936        0.5219392959
  39.  22.        0.3370765442       -1.4877600274
  39.  23.       -0.1797049541        0.6199163396
  39.  24.        2.6211420725        0.6887801097
  39.  25.       -1.2885729648       -0.0994352354
  39.  26.       -1.0168913849        1.9127346668
  39.  27.        1.1686541080        0.1890797012
  39.  28.       -2.3013266027       -0.4995951828
  39.  29.       -0.7036322737        0.3445755136
  39.  30.        0.8627075602       -2.0086129443
  39.  31.       -1.5695280463       -1.1169988043
  39.  32.       -0.1654486843       -0.4358568962
  39.  33.        2.0525659888       -2.8235721742
  39.  34.        0.8634938434        0.1774559271
  39.  35.        1.4164377802        1.1587671896
  39.  36.        2.6721532660       -1.5031333913
  39.  37.        0.1471842690        2.3132170059
  39.  38.        1.4390246042        3.7250838478
  39.  39.        2.4193904744       -0.0127385416
  40.   0.       -0.0602103727        0.0000000000
  40.   1.       -1.3860832351        0.9758317957
  40.   2.        0.2642515281        0.6053193808
  40.   3.       -0.9842796700        0.2189653138
  40.   4.        0.3139977464        0.1427860381
  40.   5.        0.4381276135       -1.1302620196
  40.   6.       -0.5796723237       -0.5477402977
  40.   7.        0.7306080761        0.4947029994
  40.   8.        0.5339454376       -0.5450096410
  40.   9.        0.2200760038        0.3919969968
  40.  10.        1.2091207549        0.3211512376
  40.  11.       -0.3516590979       -0.3448702543
  40.  12.       -0.2019419042        1.3962387037
  40.  13.        0.1559382856       -0.3040418537
  40.  14.       -1.9893638383        0.1526278626
  40.  15.        0.1374691624        0.8441054596
  40.  16.       -1.3819456635       -1.1049037805
  40.  17.       -1.4682293278        0.6665865790
  40.  18.        1.4829559532       -0.3841486238
  40.  19.       -0.7552150623       -1.1833209979
  40.  20.        0.4142122163        1.0688539260
  40.  21.        1.5323118712       -0.1754996074
  40.  22.       -1.0583690143        0.4555601693
  40.  23.        1.1907306842        1.7859667995
  40.  24.       -0.6932330391       -0.7330518970
  40.  25.       -1.4300994084        0.5806281352
  40.  26.        0.2461408315       -0.7785157286
  40.  27.       -1.1775223849       -3.0470522026
  40.  28.        0.1503227650        0.6147217845
  40.  29.        1.9775395371       -1.7066650114
  40.  30.       -0.6926335004       -1.3077622329
  40.  31.        1.2491651234        2.2907382396
  40.  32.        1.7408893443       -1.0432107837
  40.  33.       -1.2836014908        0.6058613273
  40.  34.        0.7475103817        3.3361460674
  40.  35.        0.6409030578        0.1029715923
  40.  36.       -2.4773844535        1.4124010272
  40.  37.       -1.2284661105        2.6478499563
  40.  38.       -1.2814617190       -1.3945889635
  40.  39.       -3.1575712683       -0.6362044425
  40.  40.       -1.1344944783        1.1347284393
  41.   0.        0.2077656255        0.0000000000
  41.   1.        0.2771907552       -0.8694957366
  41.   2.        0.1588103200        0.0915677422
  41.   3.       -0.3088104761        0.1929700112
  41.   4.        0.1269833918       -0.1293758501
  41.   5.        0.1109046016       -0.6575103943
  41.   6.        0.7168801143        0.2630403357
  41.   7.        0.5901318191       -0.7024953863
  41.   8.       -0.7231841656        0.9169602779
  41.   9.        1.0305708771        0.8566721620
  41.  10.       -0.6027455458       -0.5139917110
  41.  11.       -1.0879932683        0.5157900350
  41.  12.        0.3518779067       -0.2927852923
  41.  13.       -1.4675838351       -0.3337708201
  41.  14.        0.4686506459       -0.1122182809
  41.  15.        1.0204642852       -1.5782691931
  41.  16.       -0.9721169914        0.5177244887
  41.  17.        2.6866496201        0.6187066966
  41.  18.       -0.4123417291        0.1913209952
  41.  19.       -0.8503857431        2.1490835047
  41.  20.        0.8407728273        0.5301500668
  41.  21.       -1.8157583696       -0.4642066222
  41.  22.       -0.6266123087        1.6077027198
  41.  23.        0.2595513683       -1.0540834340
  41.  24.       -1.5983636079       -0.7527628191
  41.  25.        1.1709250287        0.5845841258
  41.  26.        0.2366796896       -1.7043311519
  41.  27.       -0.5630255401        1.0830378378
  41.  28.        2.4371902544        0.4834141897
  41.  29.       -0.4220751153       -0.1886666469
  41.  30.       -0.3837504001        3.0682503178
  41.  31.        1.7134065557        0.8051653914
  41.  32.       -1.5944359654        0.1255512064
  41.  33.       -0.8483674405        0.7218018742
  41.  34.       -0.3457642014       -1.7057721783
  41.  35.       -1.4982994628       -0.5221068754
  41.  36.       -0.6764086131        0.6752409598
  41.  37.        0.4294957213       -2.7609154491
  41.  38.       -0.5833723925       -1.7050400443
  41.  39.        1.0904969141        0.8970629452
  41.  40.        3.5296415887       -2.0406063400
  41.  41.        0.1636574289       -2.5421410713
  42.   0.        0.3855481785        0.0000000000
  42.   1.        0.7411552045       -0.4882652003
  42.   2.       -0.6460380230       -0.4626688832
  42.   3.        1.2016055950        0.1793052715
  42.   4.       -0.1485916673       -0.4691813254
  42.   5.       -0.6222990786        0.8566022945
  42.   6.       -0.1124824022        0.2806461957
  42.   7.       -1.2904878533       -0.2891649319
  42.   8.        0.2338790233        0.3957269659
  42.   9.       -0.1352927665       -1.0771746358
  42.  10.       -0.6387493906       -0.0681575942
  42.  11.        0.5001605238        0.2034156475
  42.  12.       -0.2017481453       -1.1642331413
  42.  13.       -0.2147032084        0.5028535279
  42.  14.        1.9000235037       -0.1540092285
  42.  15.       -0.2631824092        0.5857102215
  42.  16.        0.9208629213        0.7159004866
  42.  17.        0.5179928575       -0.6366338620
  42.  18.       -0.9803845761        0.6561997292
  42.  19.        0.7671263382        0.9182267773
  42.  20.       -1.4009404569       -0.3372805316
  42.  21.       -1.0248295439        0.7827182812
  42.  22.        1.1213252121       -0.3695904827
  42.  23.       -1.1606902584       -0.5340808336
  42.  24.        0.6317372698        1.3289425346
  42.  25.        1.4317552875       -0.1343127688
  42.  26.       -1.3620561167        1.1011798203
  42.  27.        0.9223441968        2.0759836261
  42.  28.       -0.4391180488       -0.8071134857
  42.  29.       -1.1746760372        1.1689023180
  42.  30.        0.8711811399        0.0028438748
  42.  31.       -0.9516078568       -2.3280686296
  42.  32.       -0.2714528238        1.0397797003
  42.  33.        1.2084647518       -1.6084321176
  42.  34.       -0.3084493385       -1.9713720801
  42.  35.        1.4698146176        1.9671460039
  42.  36.        2.5131820308       -1.0948799468
  42.  37.        0.3692151705       -0.4903993344
  42.  38.        0.1873925765        2.2969073576
  42.  39.        1.2957156732       -0.3804560477
  42.  40.       -2.4485749645        0.7567433507
  42.  41.        0.5136728350        2.9916857405
  42.  42.        2.6627803998        1.3679974179
  43.   0.       -0.0079309539        0.0000000000
  43.   1.        0.4582008179        0.0493396377
  43.   2.        0.7375863956        0.1324977781
  43.   3.        0.4022140487       -0.7516247543
  43.   4.       -0.2030037585       -0.1374954206
  43.   5.        0.0004581463        0.2141595200
  43.   6.       -0.2295997247       -0.1723820269
  43.   7.       -0.7367360391        0.5327781386
  43.   8.        0.7487492136       -0.8564446156
  43.   9.       -0.8600068773       -0.3254208673
  43.  10.        0.6367014170        0.7647385350
  43.  11.        0.5526783541       -0.8071351093
  43.  12.        0.1042040183        0.9891750469
  43.  13.        1.0239871481        0.3818463900
  43.  14.       -0.7388389608       -0.0562674766
  43.  15.        0.1280636978        1.1263583824
  43.  16.        0.4123855473       -0.4418812144
  43.  17.       -1.4524266417       -0.4886731010
  43.  18.        0.3311559266       -0.2984807469
  43.  19.       -0.0608945095       -2.1045761202
  43.  20.       -1.2515752799       -0.0648522631
  43.  21.        1.5931039167        0.0813181766
  43.  22.       -0.3668856507       -1.0202275737
  43.  23.       -0.0196287960        1.6117138459
  43.  24.        0.3627678641        0.4938129873
  43.  25.       -1.7249369957       -0.6349606756
  43.  26.        0.3029610326        1.3453407233
  43.  27.        0.0785846995       -1.3306054582
  43.  28.       -1.6767062646       -0.1052407019
  43.  29.        0.9140733562        0.1252831717
  43.  30.       -0.2060515244       -2.5111530734
  43.  31.       -0.7719510387        0.6732874391
  43.  32.        2.7648230411        1.0404011965
  43.  33.        0.2404082416       -0.8896501909
  43.  34.        0.4238495149        2.5857177535
  43.  35.        2.3657607025        1.2373070792
  43.  36.       -1.1311647938        1.5375027467
  43.  37.       -1.5212199146        2.3523088035
  43.  38.       -0.0838999441       -0.4400106135
  43.  39.       -2.3787810836       -1.6125819947
  43.  40.       -1.1791721960        1.3761331483
  43.  41.       -0.4741934076       -0.9704086194
  43.  42.       -1.8218295820       -3.2318838563
  43.  43.       -2.1641587509        0.5158089026
  44.   0.       -0.3393881855        0.0000000000
  44.   1.       -0.3877163514        0.9891310471
  44.   2.        0.1206561029        0.3095166194
  44.   3.       -1.0274115815       -0.5536204200
  44.   4.        0.2778745415        0.4357590480
  44.   5.       -0.3783917764       -0.2623604954
  44.   6.       -0.0574234914       -0.1929389018
  44.   7.        1.4852715121        0.1989359218
  44.   8.       -0.1235004707       -0.6483401415
  44.   9.        0.1341266006        0.5402389137
  44.  10.        0.3162656080       -0.1017657015
  44.  11.       -1.1149352550        0.8712767771
  44.  12.        0.5598761381        0.3028455435
  44.  13.       -0.4682550911       -1.4038167530
  44.  14.       -1.4705602283       -0.0348125523
  44.  15.        1.4157896005       -0.6624454160
  44.  16.       -0.3471736173       -0.3385360798
  44.  17.        0.1899097314        0.1386926748
  44.  18.        1.0410711853       -1.2240782957
  44.  19.        0.4023705540        0.4055522428
  44.  20.        1.4371194586        0.8519854330
  44.  21.       -0.4377615384       -0.3944697747
  44.  22.       -1.2987804225        1.3326464685
  44.  23.        0.5216155995        0.0774771187
  44.  24.       -2.1842374610       -1.4221664242
  44.  25.       -0.3785820000       -0.3130596516
  44.  26.        1.2516691102       -1.0653740567
  44.  27.       -0.9015042511       -1.3128153892
  44.  28.        1.1234833848        0.9218936333
  44.  29.        1.0497884453       -1.2726523044
  44.  30.       -0.4772103094        1.0173177944
  44.  31.        1.7493849546        1.9955821278
  44.  32.        0.5194150504       -0.4239022123
  44.  33.       -1.9648221311        2.4762080199
  44.  34.        0.2043763804        1.1991733236
  44.  35.       -1.4576982292       -1.4639400346
  44.  36.       -1.6849831805        1.1957298908
  44.  37.        0.0322806688        0.3646382640
  44.  38.       -1.7565169677       -3.3034205147
  44.  39.       -0.0082178826       -0.5500402992
  44.  40.        2.7365925285       -1.4645232684
  44.  41.        0.5159308236       -2.3122641971
  44.  42.        1.2363890607        0.7939416301
  44.  43.        3.4643383511       -0.0214891038
  44.  44.        1.0840350246       -0.7263474756
  45.   0.       -0.4537344235        0.0000000000
  45.   1.       -0.1150329842        0.3991640884
  45.   2.       -0.6785259842       -0.7574815811
  45.   3.       -0.3029453055        0.5262688323
  45.   4.        0.3506662023        0.2318751153
  45.   5.       -0.1362115736        0.5267158355
  45.   6.        0.6616025870        0.0147323259
  45.   7.        0.2097117652       -0.6566201885
  45.   8.       -0.2670162310        0.6567785317
  45.   9.        0.3313998196        0.3257396821
  45.  10.       -0.7902920163       -0.9310767390
  45.  11.       -0.2279845534        0.8987354021
  45.  12.       -0.3859846379       -1.2278590620
  45.  13.       -0.8896123347       -0.4223078551
  45.  14.        1.4849776881        0.4685765752
  45.  15.        0.4310714129       -1.1503158714
  45.  16.        0.9528552217        1.0727663184
  45.  17.        1.0095509289       -0.6051805233
  45.  18.       -0.4148957741        0.1247229931
  45.  19.       -0.0089646005        1.1670079881
  45.  20.        0.5907527478       -0.3994839141
  45.  21.       -1.2361540304       -0.0919360635
  45.  22.        0.2753458829        0.5186453366
  45.  23.       -0.2826337140       -1.9995360635
  45.  24.       -0.3668040245        0.2378230110
  45.  25.        1.3969689813       -0.0472189023
  45.  26.       -0.4348736965       -0.8774160587
  45.  27.        0.0208370125        0.7835030430
  45.  28.        1.4921369060        0.2022543581
  45.  29.       -1.6282288328        0.2284681684
  45.  30.        0.5096260885        2.2067010465
  45.  31.       -0.2766376459       -0.4953789691
  45.  32.       -2.5431255027        0.1242827871
  45.  33.       -0.4147755369        0.8809526194
  45.  34.       -0.8547516941       -2.4826436125
  45.  35.       -0.4711984273       -0.2461147330
  45.  36.        1.5531019668        0.4371960076
  45.  37.        0.6610911536       -1.7830367120
  45.  38.       -0.1791674543        1.3623661250
  45.  39.        2.1929819475       -0.2905443062
  45.  40.        0.4454331940       -0.2525190623
  45.  41.        0.5696894985        2.0261945986
  45.  42.        1.5646387340        0.9901372346
  45.  43.       -2.0550242290        0.2752176089
  45.  44.       -2.4523998929        2.0145144267
  45.  45.        0.2676903806        2.0560265130
  46.   0.        0.1255297665        0.0000000000
  46.   1.        0.1962365984       -1.4871983536
  46.   2.       -0.4507582374        0.2053992459
  46.   3.        0.5160318030        0.0283315724
  46.   4.       -0.6244453290        0.2690915927
  46.   5.        0.0398232226       -0.1329876385
  46.   6.        0.5536437624        0.3245950122
  46.   7.       -0.6987979381        0.3209868362
  46.   8.       -0.1886847270       -0.1581686645
  46.   9.       -0.3923473655       -1.5706971457
  46.  10.       -0.2188656591        0.2353889916
  46.  11.        1.0639578017       -1.5355506673
  46.  12.       -0.4480627824       -0.3511083106
  46.  13.        1.1117226744        0.8609344246
  46.  14.        0.3749869858       -0.4250105351
  46.  15.       -0.7161830468        0.7549846117
  46.  16.        0.1211367065       -0.0383873773
  46.  17.       -1.1476798948        0.0826969232
  46.  18.       -1.2645644805        1.1198785627
  46.  19.        0.3171091494       -0.8803167146
  46.  20.       -1.1826000101       -0.7916767908
  46.  21.        0.7895241506        0.4168784015
  46.  22.        0.9602528013       -1.4329471726
  46.  23.       -0.0036825463        0.2414519590
  46.  24.        1.6135827702        0.2489500357
  46.  25.       -0.7722299001       -0.2845652396
  46.  26.       -0.5481881407        1.2715004110
  46.  27.        0.7978305542        0.6896473682
  46.  28.       -1.4665156314       -0.9531055865
  46.  29.       -0.6254442970        1.2533955837
  46.  30.        0.1682541218       -2.0383052290
  46.  31.       -1.9691381991       -0.8736783430
  46.  32.        0.0405357320        0.1754064281
  46.  33.        0.5215937905       -1.6983377240
  46.  34.        0.5642021396        0.0509359340
  46.  35.        1.5726111590        0.5691992646
  46.  36.        1.4094632550       -1.7095918073
  46.  37.       -1.5024976935        1.3001071126
  46.  38.        0.6195486376        0.8697878521
  46.  39.       -1.2256107860       -1.4558429619
  46.  40.       -1.6452831331        1.1225163166
  46.  41.        0.0095480536       -0.2412416757
  46.  42.       -1.2209207126       -0.9591343005
  46.  43.       -1.6438421777        0.3655686467
  46.  44.        0.8014408044       -0.2114082093
  46.  45.       -0.9035503361       -2.8661363141
  46.  46.       -2.0735643192        0.0946140338
  47.   0.        1.1458429164        0.0000000000
  47.   1.       -0.3092029843        0.4177587642
  47.   2.        0.1833895540        0.4836270801
  47.   3.       -0.1007579640       -0.4767887040
  47.   4.       -0.1639953140        0.6016806173
  47.   5.        1.1180081996       -0.7968723955
  47.   6.       -1.5861098387       -0.2703859285
  47.   7.        0.1447319198        0.3817274781
  47.   8.       -0.0757770490       -0.4046249748
  47.   9.       -0.5882119965        0.0935403231
  47.  10.        0.9348564730        0.1679735921
  47.  11.        0.2140893696       -0.3646247280
  47.  12.       -0.2525460417        0.8808301938
  47.  13.        0.7990874901        0.1131199274
  47.  14.       -1.3272705633       -0.8817250922
  47.  15.       -0.3283166101        0.5860440000
  47.  16.       -0.8130369121       -1.0572719613
  47.  17.       -1.2023960671        0.6765761908
  47.  18.        0.7994660470       -0.5874710240
  47.  19.        0.0528824215       -1.1136260159
  47.  20.       -0.0459861364        1.2812308779
  47.  21.        1.1301631161        0.1906051156
  47.  22.       -0.6020698693       -0.5758828207
  47.  23.        0.1920355578        1.4554186633
  47.  24.        0.1111928215       -0.3448197874
  47.  25.       -1.5231346265        0.1871166929
  47.  26.        0.1735955474       -0.2311542093
  47.  27.       -0.2988136517       -1.2503514916
  47.  28.       -0.2877105652        0.5782367708
  47.  29.        1.6100081325       -1.0076602104
  47.  30.       -0.9650930541       -1.7257690148
  47.  31.        0.7619039487        0.9257360580
  47.  32.        1.3847408326       -0.5664169789
  47.  33.        0.0183798743        0.1581791156
  47.  34.        0.5409105053        2.4155591274
  47.  35.       -0.0722388917       -0.6349735162
  47.  36.       -2.5968594595        0.6121324723
  47.  37.       -0.1594124081        1.1747338873
  47.  38.       -1.5584700994       -1.2450903886
  47.  39.       -1.2933804610       -1.6209450475
  47.  40.        1.0840667447       -1.5334061723
  47.  41.        0.4012368193       -2.0887850548
  47.  42.       -0.7319520019        0.8074459455
  47.  43.        1.9220209368       -0.3325264254
  47.  44.        0.8144704779       -0.8034044528
  47.  45.        0.0702649005        0.3934500627
  47.  46.        2.5577197386        0.1274838720
  47.  47.        1.4252646521       -0.9501621072
  48.   0.       -0.2829807773        0.0000000000
  48.   1.        0.0529337108       -0.3034860877
  48.   2.        0.6811441637       -0.5971808126
  48.   3.       -0.4179546150        0.2466093748
  48.   4.        0.5656342830       -0.0986067703
  48.   5.        0.3638664376       -0.3956254788
  48.   6.       -0.1730797884        0.1120173064
  48.   7.        0.7979057840        0.0276352224
  48.   8.       -0.4073181856        0.4996110009
  48.   9.        0.4016241589        1.6124792288
  48.  10.        0.4479474291       -0.1202150760
  48.  11.       -0.5645164978        0.2075778373
  48.  12.       -0.1910930723        0.7296143580
  48.  13.       -1.0187459034       -0.7222788327
  48.  14.        0.1797305743        0.2213176012
  48.  15.       -0.0547323023       -0.4382952213
  48.  16.       -0.5248070169        0.0791907312
  48.  17.        1.0926139629        1.0598748363
  48.  18.        0.3071083008       -0.2956514222
  48.  19.       -1.0119757912        0.9475590411
  48.  20.        1.0134682861        0.2494747829
  48.  21.       -1.0455507599        0.1448766048
  48.  22.       -0.4394591541        1.6373572228
  48.  23.       -0.5837796127       -0.7346812661
  48.  24.       -1.7701254943       -0.5408717601
  48.  25.        0.7063634858        0.4387215784
  48.  26.        0.0426636943       -1.0273772079
  48.  27.       -0.4432138567       -0.5424496253
  48.  28.        2.0867290524        0.5288673622
  48.  29.       -0.0261643282       -0.2556929161
  48.  30.        0.2410271049        2.1027898877
  48.  31.        1.9162282774        0.4599866464
  48.  32.       -1.2230517575        0.0155137449
  48.  33.       -0.4299512319        1.0173287937
  48.  34.       -0.1000622452       -1.2233274561
  48.  35.       -1.8279346687       -0.7865824418
  48.  36.        0.6418398185        0.8267462098
  48.  37.        0.8614717339       -2.2355843697
  48.  38.       -0.3258066525       -0.9593938043
  48.  39.        1.0713472452        0.0214048937
  48.  40.        1.3503030260       -1.7129603988
  48.  41.        0.5445170135        1.8639756057
  48.  42.        2.3142765440        1.9780147626
  48.  43.        0.1469821885        0.5057470422
  48.  44.       -1.0428797283        1.1981601177
  48.  45.       -0.7923313530        0.3315450775
  48.  46.       -0.4767231996       -1.2317937488
  48.  47.       -2.8228950732        1.2322561152
  48.  48.       -1.0812106295        1.6557879835
  49.   0.       -0.7516099134        0.0000000000
  49.   1.        0.7645207081        0.0407415070
  49.   2.       -0.0462907963       -0.0127242096
  49.   3.        0.7883999398        0.8390215486
  49.   4.       -0.5202955367       -1.0272757089
  49.   5.       -0.7796542493        0.3194012397
  49.   6.        1.1239915566        0.5106779121
  49.   7.       -0.7582028138       -0.6602253210
  49.   8.        0.0499613845        0.4284543784
  49.   9.        0.7410027515       -0.4560423817
  49.  10.       -0.5583021006        0.3672975333
  49.  11.        0.2079121622        0.5203814803
  49.  12.        0.4043998719       -1.0660424251
  49.  13.       -0.5402077656       -0.0247742720
  49.  14.        1.1279015053       -0.0918411263
  49.  15.       -0.3022496462       -0.4850022140
  49.  16.       -0.2992163800        0.5769374952
  49.  17.        0.3285223176       -0.4971713059
  49.  18.       -1.1900997544        0.5414448482
  49.  19.        0.2427515731        1.0209468787
  49.  20.       -0.5437010893       -1.6842703674
  49.  21.       -1.0489707462       -0.2138750645
  49.  22.        0.8253826826       -0.8880937439
  49.  23.       -0.7004461604       -0.8717197949
  49.  24.        0.4055323311        0.5661209897
  49.  25.        1.6279361880       -0.3871366892
  49.  26.       -0.4144233300        0.3243353176
  49.  27.        0.4204290715        1.4562234220
  49.  28.       -0.3466558759        0.2274439014
  49.  29.       -1.2786331885        0.9607283461
  49.  30.        0.3338332340       -0.1397142798
  49.  31.       -0.6008149876       -1.6872313130
  49.  32.       -0.9646233429        0.7548116641
  49.  33.        0.8559690704       -1.8904645869
  49.  34.        0.1921403026       -2.0082796611
  49.  35.        1.1817234635        1.1720255734
  49.  36.        1.2050925244       -0.9670324990
  49.  37.        0.3636975607        0.4563633051
  49.  38.        1.5876978409        1.4440220856
  49.  39.        0.6999761894       -0.2294100693
  49.  40.       -1.4306671542        1.6232490214
  49.  41.        1.4753966360        1.2127883231
  49.  42.       -0.3037354141       -1.1967938059
  49.  43.       -3.1093397201        1.1250391751
  49.  44.       -0.8039505041       -0.2394360762
  49.  45.        0.5554566423       -2.1910142037
  49.  46.       -1.6577774418       -0.3220022521
  49.  47.        0.8325605181       -0.7825504847
  49.  48.        1.5442227592       -2.8814200201
  49.  49.       -0.6773198962       -1.1380548861
  50.   0.        0.2733918881        0.0000000000
  50.   1.        0.4899730043        0.2726562490
  50.   2.        0.1742186097        0.5005058335
  50.   3.        0.5978376663       -0.5279343202
  50.   4.       -0.0610607561       -0.0954778449
  50.   5.        0.1828461984        1.0810304418
  50.   6.       -0.5484744443       -0.1218913434
  50.   7.       -1.3861016432       -0.3037396450
  50.   8.        0.5904244150       -0.3870875883
  50.   9.       -0.5602329877       -0.5488853594
  50.  10.       -0.3141036571       -0.0520922970
  50.  11.        0.9493993633        0.0635599041
  50.  12.        0.4355551668       -0.0369858021
  50.  13.        0.9809143492        0.8134178144
  50.  14.       -0.3498244494       -0.1672511974
  50.  15.       -0.2728909312        1.6510337264
  50.  16.        0.3641825544       -0.5256462452
  50.  17.       -1.3605565033       -0.6559807123
  50.  18.        0.2903321611       -0.0050969298
  50.  19.        1.1440362620       -1.2107752495
  50.  20.       -0.8089187589       -0.1441331683
  50.  21.        1.7214116829        0.3624819821
  50.  22.       -0.1018992489       -0.8866447176
  50.  23.        0.4753991463        1.2660922508
  50.  24.        0.9167339161        1.1874164054
  50.  25.       -0.5040601097       -0.5354232698
  50.  26.       -0.3079744921        1.4354740081
  50.  27.       -0.5252106220       -0.2869448692
  50.  28.       -2.2767816701       -0.6129469756
  50.  29.        0.1347316109       -0.2680415709
  50.  30.        0.0669104474       -2.4397151034
  50.  31.       -1.2363175059        0.6297544288
  50.  32.        1.7254102633        0.1945908724
  50.  33.        0.4831316466       -0.6993053901
  50.  34.        0.3027072998        1.4571112473
  50.  35.        1.0599017892        1.1726349990
  50.  36.       -1.4065947129        0.1520103560
  50.  37.       -0.4856698676        2.5128129869
  50.  38.        0.1817260056        0.3195216113
  50.  39.       -2.1641392091        0.2029722337
  50.  40.       -0.6818185492       -0.1484353083
  50.  41.        1.2660334801       -1.4965095827
  50.  42.       -0.9622940586       -0.3392688451
  50.  43.        1.1858385290        0.1989978021
  50.  44.        0.9845845716       -0.7784063738
  50.  45.       -0.0314906928        0.4740763530
  50.  46.        1.8323180350        1.0047226095
  50.  47.        1.8413538894       -1.7202889743
  50.  48.        0.3411348033        0.2728407196
  50.  49.        1.5711791728        1.9457855623
  50.  50.        0.2272553116       -0.3446656873
  51.   0.        0.0661953509        0.0000000000
  51.   1.       -0.6639603061       -0.0494744368
  51.   2.       -0.1726558330       -0.0572039826
  51.   3.       -0.7414259535       -0.5030885432
  51.   4.        0.0214552252        0.5591150204
  51.   5.       -0.1864763990       -0.9697333115
  51.   6.       -0.6917992096        0.3760230720
  51.   7.        1.2731472176        0.7941605775
  51.   8.       -0.1114479119       -0.3607670643
  51.   9.        0.2204367793        0.9873704787
  51.  10.        0.2386041438       -0.1586014525
  51.  11.       -0.5615658476       -0.6349412367
  51.  12.        0.0262799583        0.9724617365
  51.  13.        0.2347001447       -0.4723535300
  51.  14.       -1.3541169706        0.7935144241
  51.  15.        0.9303628045        0.3124504247
  51.  16.        0.0387324641       -0.7848060731
  51.  17.       -0.4885298943        0.6200209494
  51.  18.        1.0064081346       -0.6061030792
  51.  19.       -0.4367650268       -0.0818506410
  51.  20.        0.6648531093        0.9278778218
  51.  21.        0.3219481649        0.1935943950
  51.  22.       -1.2616271812        1.1547697306
  51.  23.        0.2899109758        0.5795503867
  51.  24.       -0.5320593540       -0.8010414745
  51.  25.       -0.9793853348        1.0331644297
  51.  26.        0.6064675180       -1.0341546466
  51.  27.       -0.5417750352       -1.1932876851
  51.  28.       -0.0692134902        0.2754043291
  51.  29.        0.7990013855       -0.5956480262
  51.  30.       -0.9394740097        0.0905896447
  51.  31.        1.1736779175        1.9408182427
  51.  32.       -0.1576626763       -0.4375986906
  51.  33.       -1.0431108845        1.7061414143
  51.  34.       -0.1707879690        1.1432347846
  51.  35.       -1.6866064789       -1.0230213453
  51.  36.       -1.9781613555        1.1166432417
  51.  37.        1.1757183652       -0.6408538720
  51.  38.       -0.2408057714       -0.9538794535
  51.  39.        0.3192577795        0.8810459371
  51.  40.        1.8118121993       -1.0991831487
  51.  41.       -0.8295164925       -0.3318527921
  51.  42.        1.1429526109        1.3617051093
  51.  43.        1.8944918496        0.7113832076
  51.  44.       -1.6842747988        0.6119735520
  51.  45.        0.0114089011        1.2587046025
  51.  46.       -0.4480561032       -1.2155839384
  51.  47.       -0.9295899085        0.7584324978
  51.  48.       -0.3194365809        1.0319362568
  51.  49.       -0.3296254618       -0.5454985546
  51.  50.       -1.3450454724        0.9174153669
  51.  51.       -0.2159583657        0.6977555316
  52.   0.       -0.1226085566        0.0000000000
  52.   1.       -0.7664077699        0.9418300080
  52.   2.       -0.4468502147       -0.2179685835
  52.   3.       -0.4463223436        0.6927579013
  52.   4.       -0.1512129832       -0.0849855831
  52.   5.        0.0231234000       -0.1593141966
  52.   6.        0.4652527823       -0.1908460724
  52.   7.        0.7732102388       -0.2188313243
  52.   8.        0.1828251527        0.6553602411
  52.   9.        0.3071864219        0.6834638385
  52.  10.       -0.2651402965        0.2750665539
  52.  11.       -0.7237498447       -0.1755534918
  52.  12.       -0.2242833727       -0.1123977000
  52.  13.       -1.3089340512       -0.6504153083
  52.  14.       -0.0486206340       -0.1452698985
  52.  15.       -0.0901371383       -1.1224711688
  52.  16.        0.0854514110        0.9418880025
  52.  17.        1.2778258873        0.6484354913
  52.  18.        0.0933730796       -0.3437277666
  52.  19.       -0.4975774265        1.6321675204
  52.  20.        0.4972993431       -0.0545370444
  52.  21.       -1.3362690777       -0.3737444385
  52.  22.        0.8125170943        0.4898785639
  52.  23.        0.1798552807       -1.3446502084
  52.  24.       -0.7631092433       -0.4555076042
  52.  25.        1.2529361312       -0.4751905961
  52.  26.        0.8580501022       -1.2133372353
  52.  27.        0.3542580144        0.6997118337
  52.  28.        0.9874379930        0.2359472135
  52.  29.       -1.7423728936        0.6947247802
  52.  30.       -0.7858057718        1.4535727551
  52.  31.       -0.5405473592       -0.7853550705
  52.  32.       -1.5205036832        0.2035833078
  52.  33.        0.5301326079        0.1553297137
  52.  34.       -1.1401875167       -1.9698746220
  52.  35.       -0.6305788664       -0.4426212736
  52.  36.        0.9539704114        0.0034949417
  52.  37.       -0.4627263353       -1.4845465537
  52.  38.       -0.0510320398        0.7393274981
  52.  39.        1.5476532241        0.1279965626
  52.  40.       -0.9079080869        0.5985068028
  52.  41.       -0.7803798125        1.3665350689
  52.  42.       -0.5166448290       -0.1285844114
  52.  43.       -1.3725488778        0.6330437825
  52.  44.       -1.9908636060        1.2989451402
  52.  45.       -0.1131961242       -1.4295327401
  52.  46.       -1.3122281405       -0.8483685478
  52.  47.        0.4763338042        0.3535818874
  52.  48.        0.6758644998       -2.3177672686
  52.  49.       -0.1625869366       -1.2945089445
  52.  50.        0.8857864877       -0.0939099070
  52.  51.        0.2496509986       -0.6324430784
  52.  52.       -0.1564734121       -0.9000568808
  53.   0.       -0.0895748465        0.0000000000
  53.   1.        0.0419722573       -0.8410565841
  53.   2.       -0.3807987377       -0.4490794682
  53.   3.        0.3488057885       -0.1442219073
  53.   4.        0.5007256146        0.3153298310
  53.   5.       -0.2572166332        1.5065609337
  53.   6.        1.0435971971       -0.6412738922
  53.   7.       -0.3210124238        0.5776115175
  53.   8.       -0.1667295651        0.0749450937
  53.   9.       -0.2776222478       -0.8179778104
  53.  10.       -0.5393251394        0.0976292078
  53.  11.        0.7525027825        0.3995771310
  53.  12.        0.3725237774       -0.8184796926
  53.  13.        0.1022936849        0.9923878575
  53.  14.        1.1878834211       -0.3731826865
  53.  15.       -1.0761539143        0.5015407839
  53.  16.        0.3607087970        0.9858972066
  53.  17.        0.3578063645       -0.2706567951
  53.  18.       -0.4426915301        0.9649329276
  53.  19.        0.3965109670       -0.3802670736
  53.  20.       -0.5039779068       -0.6648537879
  53.  21.        0.3140436206       -0.3308863406
  53.  22.        1.0630188840       -1.1797873426
  53.  23.       -0.5969575010        0.6304026999
  53.  24.        1.6799191480        0.8113132402
  53.  25.        0.3993938643       -0.8461083549
  53.  26.       -0.2142139062        1.2024940120
  53.  27.        0.9383016556        0.6707444971
  53.  28.       -0.8483212436       -0.4505995277
  53.  29.       -0.5809287219        1.0011692335
  53.  30.        1.4606927573       -1.6201667947
  53.  31.       -1.1555476017       -1.4901310935
  53.  32.        0.4577144393        0.1088210438
  53.  33.        0.5480926263       -1.6467566112
  53.  34.        0.1682536247       -0.0491596824
  53.  35.        1.4601384920        1.6542927519
  53.  36.        0.7815534736       -0.7202604895
  53.  37.       -1.2302216088        0.6549783879
  53.  38.        0.7009046132        0.2398682920
  53.  39.       -1.9605055129       -0.4576322822
  53.  40.       -1.6643841433        1.0457966184
  53.  41.        0.2662872217       -0.6033709979
  53.  42.       -2.3526221223       -1.2966960960
  53.  43.       -0.9478236958       -0.5262701152
  53.  44.        0.3744070096       -1.8281463814
  53.  45.       -0.7704569765       -1.9387445836
  53.  46.        0.3440631399        0.0463070265
  53.  47.        2.1176804710       -1.3919033943
  53.  48.        0.6114320558        0.2700602248
  53.  49.        0.0153979700        2.0229445196
  53.  50.        0.3600760507        0.1430530389
  53.  51.       -0.4555832190        0.6916005333
  53.  52.        0.0111588280        1.1264566681
  53.  53.        1.0951780067        0.3935064457
  54.   0.        0.1593030824        0.0000000000
  54.   1.       -0.0257480908        0.0416729035
  54.   2.        0.4065533345        0.0037347236
  54.   3.        0.4723613748       -0.3117530628
  54.   4.       -0.2898916470       -0.1282157839
  54.   5.       -0.1706957216       -0.7011746334
  54.   6.       -0.4396957506       -0.2645508189
  54.   7.        0.1168423024        0.3969750846
  54.   8.       -0.0534246521       -0.1692075240
  54.   9.       -0.2348275886       -1.0468109118
  54.  10.        1.0267910595        0.1234321366
  54.  11.        0.3924981517        0.1063396018
  54.  12.       -0.4701400264        0.8957627869
  54.  13.        0.9650358927        0.1845998668
  54.  14.       -0.1033509093       -0.2406126490
  54.  15.        0.4412584605        0.1416478113
  54.  16.       -0.3321866566       -0.1582512647
  54.  17.       -1.3293294673       -0.1500625328
  54.  18.        0.5912475165        0.3258350725
  54.  19.       -0.0268176132       -1.4975070608
  54.  20.        0.2123506011        0.2193538925
  54.  21.        0.9564127852       -0.2588542834
  54.  22.       -1.0408052771       -0.0280684310
  54.  23.        0.4731811266        1.2366353710
  54.  24.       -0.0452946465        0.5585201930
  54.  25.       -1.4025999534        1.1664605354
  54.  26.       -0.1249171921        0.8438723250
  54.  27.       -0.3218455920       -0.9866644243
  54.  28.        0.2026176403       -0.0983545088
  54.  29.        1.9495531695       -0.4909970143
  54.  30.        0.9140799169       -1.3308787531
  54.  31.        0.5187631434        0.8234357534
  54.  32.        0.6596041344       -0.7668375717
  54.  33.       -0.1567244551       -0.2091796838
  54.  34.        0.8716520179        2.0960893076
  54.  35.        0.0085166574       -0.0450771465
  54.  36.       -0.7824053011       -0.1956526307
  54.  37.       -0.4210777695        0.6926009788
  54.  38.        0.2373418720       -1.7147459649
  54.  39.       -0.8464406062       -0.1524716506
  54.  40.        0.7904455931       -1.2501695038
  54.  41.        0.5332248787       -1.1600963509
  54.  42.       -0.8682499704       -0.8954215280
  54.  43.        1.4789955683       -1.3042004909
  54.  44.        0.9066878303       -0.1704988374
  54.  45.        0.3841934585        1.0647688959
  54.  46.        0.5741501523       -0.2025591314
  54.  47.       -0.9109099966        0.2109582272
  54.  48.       -0.4225722694        1.7740547598
  54.  49.       -0.4493506285       -0.1472816252
  54.  50.       -1.2762112032       -0.6713420386
  54.  51.       -1.1521294594        0.8189824198
  54.  52.       -0.4965575093       -1.2902833030
  54.  53.       -1.3695786550       -1.2073297999
  54.  54.       -0.5789129619       -1.4611834685
  55.   0.        0.3772105705        0.0000000000
  55.   1.        0.0941574028        0.3519008876
  55.   2.        0.3841368070        0.8703441454
  55.   3.       -0.1492866323        0.1419671046
  55.   4.        0.4166577661       -0.1963458762
  55.   5.        0.4038531999       -0.4167198725
  55.   6.       -0.7037177767        0.2229451549
  55.   7.        0.0581783367       -0.7191272179
  55.   8.        0.4835384162       -0.2409765743
  55.   9.        0.2137759980        0.2830077828
  55.  10.        0.3094573186       -0.2226821935
  55.  11.       -1.3037624184       -0.1391322145
  55.  12.       -0.1508768233        0.6793084933
  55.  13.        0.1141974082       -0.7274631843
  55.  14.       -0.5745748401        0.3375867005
  55.  15.        0.5610458516       -0.6233214626
  55.  16.       -0.1475587108       -0.3534925632
  55.  17.        0.5491232790        0.3350307531
  55.  18.        0.0800566936       -0.6788866259
  55.  19.       -0.3068957593        0.7233170541
  55.  20.        0.2377667265        0.3419901509
  55.  21.       -0.6705760621        0.4719475925
  55.  22.       -0.1475657950        0.7070741289
  55.  23.        0.3995646695       -0.1396612081
  55.  24.       -1.2304409962       -0.8948831149
  55.  25.        0.1271236170       -0.7804156126
  55.  26.        0.5552671717       -0.8058158618
  55.  27.       -0.3808465628        0.2104399655
  55.  28.        1.4394936545        0.2900850788
  55.  29.        0.5657672664        0.1640640862
  55.  30.       -0.4430647223        1.3207090553
  55.  31.        0.4270727970        0.4955817974
  55.  32.       -0.8716815690        0.1844568969
  55.  33.       -0.3382459208        1.7052931068
  55.  34.        0.0373934317       -0.6585897232
  55.  35.       -1.0712227235       -1.2583023999
  55.  36.        0.5729108772       -0.0756782565
  55.  37.        0.5429643029       -1.0896476671
  55.  38.       -1.6754216808       -0.6368961709
  55.  39.        1.6687771737       -0.4567985127
  55.  40.        1.1904841847       -0.5985595923
  55.  41.       -0.5170196960        1.5558457735
  55.  42.        0.9246834743        0.8087642479
  55.  43.       -0.5552158985       -0.1305218549
  55.  44.       -0.7418342034        1.1589935652
  55.  45.       -0.3405504253       -0.1656218884
  55.  46.       -1.1563880823       -1.2840088215
  55.  47.        0.2382293635        0.0370680766
  55.  48.        0.2008453652       -1.1043127181
  55.  49.       -0.5336252055       -0.1514484595
  55.  50.       -0.3440119343       -0.4320529162
  55.  51.        0.3908752491       -0.8749034802
  55.  52.        0.1842716675       -1.4811726227
  55.  53.        0.6142841508        0.0036797003
  55.  54.        1.4248620677       -1.2333549988
  55.  55.       -0.1869046668       -0.2492900435
  56.   0.       -0.1225619876        0.0000000000
  56.   1.        0.0161466674       -0.6028337282
  56.   2.       -0.8670190255       -0.2127233511
  56.   3.       -0.3949110575       -0.3123133037
  56.   4.        0.5105316055        0.0177865909
  56.   5.       -0.1863509532        0.2383206049
  56.   6.        0.2547705937        0.5004220964
  56.   7.       -0.6521350604       -0.3103000163
  56.   8.       -0.9234514819        0.0774523677
  56.   9.       -0.2254140709        0.0979649283
  56.  10.       -0.7830901141        0.1338448049
  56.  11.        0.4346593187        0.4058104165
  56.  12.       -0.2223029383       -0.4083010181
  56.  13.       -0.4351602539        0.2132304118
  56.  14.        0.7705801359        0.8302940179
  56.  15.        0.0322445175       -0.4880450923
  56.  16.       -0.0847459296        0.4154865009
  56.  17.        0.6510236867        0.1225932654
  56.  18.       -0.9552190939       -0.2419024536
  56.  19.        0.1093989509        0.3198921885
  56.  20.       -0.2687677277       -0.6646736793
  56.  21.       -0.7002109124       -0.4463240054
  56.  22.       -0.3722371299       -0.6767106816
  56.  23.       -0.0800130446       -1.5754470642
  56.  24.       -0.3460925761        0.3265012891
  56.  25.        0.8681895130        0.3413485784
  56.  26.       -0.2178165093       -0.5901883530
  56.  27.        0.6507749114        1.7486603890
  56.  28.       -0.0561262354        0.3221582581
  56.  29.       -0.4279667616        0.5284554203
  56.  30.        0.3662244028        1.7151895881
  56.  31.        0.2521507507       -0.9896351513
  56.  32.       -0.1935707192        0.5024969287
  56.  33.        0.5011253554       -0.2766307140
  56.  34.        0.0125980643       -2.1097877447
  56.  35.        0.6384039824        0.7275017697
  56.  36.        1.1077027106       -1.0234365558
  56.  37.        0.1902269611       -0.8020940649
  56.  38.        0.7262226082        1.3114193656
  56.  39.        0.1711753203       -0.1448875695
  56.  40.       -0.2501964158        1.0049571907
  56.  41.        0.0507546731        1.1881002601
  56.  42.       -0.5587746234       -0.8442617882
  56.  43.       -0.9970293562       -0.0142100852
  56.  44.        0.0078893770       -0.5941932526
  56.  45.       -0.2991127768       -1.9449188776
  56.  46.       -0.9064526829        0.1925020138
  56.  47.        1.6749928772       -1.0473110872
  56.  48.        1.0998096615       -0.5555480762
  56.  49.        1.0800343378        1.4000238470
  56.  50.        1.8252197737        0.1776808240
  56.  51.       -0.6120244197        0.0989431479
  56.  52.        0.4772388179        0.8823993234
  56.  53.        1.9022305595        1.0046041863
  56.  54.       -1.1954818262        1.3670161032
  56.  55.        0.0181102224        1.3321175203
  56.  56.        1.4674476877        0.4416469504
  57.   0.       -0.0856284032        0.0000000000
  57.   1.        0.1242609807       -0.1620749071
  57.   2.        0.3747860959       -0.6040658854
  57.   3.        0.5478727718        0.1369455308
  57.   4.       -0.5863951861       -0.3206686055
  57.   5.       -0.1054392578        0.0798950689
  57.   6.       -0.3024624427       -0.4372242931
  57.   7.       -0.6121198072       -0.2766267029
  57.   8.       -0.1209231987        0.3346094748
  57.   9.        0.0109854536       -0.2105027936
  57.  10.        0.2279748957        0.1970037916
  57.  11.        0.5172802853       -0.4676409544
  57.  12.        0.0372325899       -0.6990581377
  57.  13.        0.4379143212       -0.0724654379
  57.  14.        0.4163366945        0.5535971910
  57.  15.       -0.0954116883        0.8244451222
  57.  16.        0.3543644533        0.1179413174
  57.  17.       -0.6559779375       -0.3343309685
  57.  18.       -0.3979750655        0.6741128192
  57.  19.       -0.2756488736       -0.8971687610
  57.  20.       -0.5387505040       -0.4190788388
  57.  21.        1.2745840455       -0.0930472739
  57.  22.        0.2490998949       -0.7767404589
  57.  23.       -0.1821097760       -0.4248735730
  57.  24.        1.0351282181        0.3583471806
  57.  25.       -0.3094270026        0.8909241965
  57.  26.       -1.1853136885        0.7130741676
  57.  27.       -0.2812602246       -0.7343755197
  57.  28.       -1.4490664155       -0.2533338696
  57.  29.        0.4173446835        0.4230335612
  57.  30.        0.0103013405       -0.8334455949
  57.  31.       -0.4245067218       -0.2752075740
  57.  32.        1.1126207015       -0.5503493610
  57.  33.        0.3100332892       -1.0173421069
  57.  34.        0.3732342856        1.1933859143
  57.  35.        1.1941954551        0.9293520583
  57.  36.       -1.0848737148        0.1102878242
  57.  37.       -0.2578412388        0.6745430894
  57.  38.        0.6465514867        0.5870172674
  57.  39.       -1.5647758398        0.7494815578
  57.  40.        0.0293396099        0.1072769018
  57.  41.        0.7335818902       -0.8917980981
  57.  42.       -0.5364987886       -0.5834132123
  57.  43.        0.8583769506       -0.2851227264
  57.  44.        1.4839493388       -0.6101902388
  57.  45.        0.3564799352        1.3199280057
  57.  46.        1.3429485687        0.7074497690
  57.  47.        0.7869840698       -0.7193038612
  57.  48.        0.3939741972        1.5580755118
  57.  49.        0.7662557278        1.1951762173
  57.  50.       -1.2604005971        0.2316581760
  57.  51.       -0.4533985897        0.3543710646
  57.  52.        0.0277955448        0.8412934029
  57.  53.       -0.9440599206       -1.2771816261
  57.  54.       -1.2104434534       -0.1268024561
  57.  55.        0.9809759113       -0.9282193550
  57.  56.       -0.8232006441        0.1560678081
  57.  57.       -1.5265414993        0.3248661106
  58.   0.        0.2890166006        0.0000000000
  58.   1.        0.3332531919       -0.0529613740
  58.   2.        0.7900201773        0.4521400373
  58.   3.       -0.1125776624        0.3353760771
  58.   4.       -0.5170397236        0.4422001869
  58.   5.        0.3016367260       -0.1310668192
  58.   6.       -0.2136996693       -0.0938609070
  58.   7.        0.7404895324        0.4628278159
  58.   8.        1.4316332357       -0.2872882229
  58.   9.       -0.1728290321        0.2726492782
  58.  10.        0.6978383884       -0.3705205039
  58.  11.       -0.5383708161       -0.5012837616
  58.  12.        0.7013815025        0.3320886293
  58.  13.        0.6574886281        0.1320746186
  58.  14.       -1.7006264574       -0.4254611853
  58.  15.        0.1224039845        0.2138536490
  58.  16.       -0.5713657834       -0.7188421383
  58.  17.       -0.2048005512        0.1957903512
  58.  18.        0.5839198897       -0.4258550124
  58.  19.       -0.2987963786       -0.3353405578
  58.  20.        0.4841788743        0.7692416306
  58.  21.        0.5921101556        0.5325063974
  58.  22.        0.3452342174        0.6832349870
  58.  23.       -0.1249322745        1.3314214406
  58.  24.       -0.2942909254       -0.4484320009
  58.  25.       -1.0078060037        0.1447086731
  58.  26.        1.0803456023        0.1377453246
  58.  27.       -0.2584897872       -0.7751282982
  58.  28.       -0.0094340650        0.1572394488
  58.  29.        0.5106792745       -0.8732155495
  58.  30.       -0.0602573332       -1.1499330640
  58.  31.        0.2440331549        1.1936245050
  58.  32.        0.1846946969        0.3683312693
  58.  33.        0.0495916868        0.8796720846
  58.  34.       -0.1211677166        1.1193335900
  58.  35.       -0.8969680417       -1.1305793426
  58.  36.       -0.9983770178        1.3567149665
  58.  37.        0.6759327298       -0.2649720152
  58.  38.       -0.1773530702       -1.1646789404
  58.  39.        1.1360082777        0.2061850870
  58.  40.        0.8887440087       -0.4863433394
  58.  41.        0.2323962886       -0.6778067252
  58.  42.        0.2570575524        1.6654469137
  58.  43.        0.6698087623        0.2739044346
  58.  44.       -0.8687861123        1.3390492734
  58.  45.        0.7421015954        1.1687541555
  58.  46.       -0.6847470998       -0.0798080918
  58.  47.       -2.0539008822        0.8025572254
  58.  48.       -0.6512498518        0.1401266765
  58.  49.       -1.3151528843        0.1912753284
  58.  50.       -1.5407524435        0.0902832708
  58.  51.        0.3657638152       -1.8308690081
  58.  52.        0.1592735576       -2.0781956627
  58.  53.        0.2123084050       -0.7069980528
  58.  54.        1.3770166329        0.2139043063
  58.  55.        0.7862484250       -0.3195654104
  58.  56.       -0.4100227910        0.5890274794
  58.  57.        1.6712203441       -0.2441795604
  58.  58.        1.1198479925       -0.7550054468
  59.   0.       -0.6584208365        0.0000000000
  59.   1.       -0.2400706965        0.2193420943
  59.   2.       -0.0639430401        0.0682293391
  59.   3.       -1.4446699635        0.0140255724
  59.   4.       -0.0692745345        0.4206246622
  59.   5.        0.2647588309       -0.7440329892
  59.   6.        0.4231655208        0.4711973358
  59.   7.        0.5460471447        0.3978824068
  59.   8.       -0.2651582833        0.1198230004
  59.   9.        0.1408437587        0.5553025438
  59.  10.       -0.5077360659       -0.3530201574
  59.  11.        0.4008578091        0.6279955891
  59.  12.        0.1407542960       -0.1475180354
  59.  13.       -1.4961684075       -0.3428094226
  59.  14.       -0.1328002161       -0.7896656308
  59.  15.       -0.0551075292       -0.5561456068
  59.  16.       -0.3459177902        0.0267714733
  59.  17.        0.5552331565        0.2548230986
  59.  18.        0.2892886776       -0.5020758040
  59.  19.        0.2967989393        1.4702496342
  59.  20.        0.1774831361        0.8972809198
  59.  21.       -0.9997366572        0.6916655325
  59.  22.        0.2684579247        0.7699701232
  59.  23.        0.0608704507        0.0440223452
  59.  24.       -0.6872736250       -0.3151329101
  59.  25.       -0.1248662973       -0.1573074564
  59.  26.        0.3163335581       -1.1955398861
  59.  27.        0.3732357408        0.7825177288
  59.  28.        1.0406971807       -0.3309908484
  59.  29.       -0.4330646967       -0.2611842093
  59.  30.       -0.1277982385        1.1685428887
  59.  31.        0.2050142541       -0.0788213229
  59.  32.       -1.3681512548        0.6137660738
  59.  33.       -0.4326575500        0.1444988290
  59.  34.       -0.1190125579       -0.9394567415
  59.  35.       -0.8313520168       -0.2396694526
  59.  36.        1.6993589557        0.2556348190
  59.  37.        0.6549210978       -0.1527231490
  59.  38.        0.0081384960       -0.3417754559
  59.  39.        1.3978693033        0.0057015696
  59.  40.       -0.8552594157       -0.1853507076
  59.  41.       -0.6645137064        1.4840646540
  59.  42.        0.5825766158       -0.0275550643
  59.  43.       -1.7660274853        1.0098640844
  59.  44.       -1.0273247948        0.4145884478
  59.  45.       -0.2745571334       -1.7351282034
  59.  46.       -1.8813189979       -0.4170312580
  59.  47.        0.2032153006        0.0770880636
  59.  48.        0.3211864453       -1.5452926190
  59.  49.        0.4497474570       -0.3605713828
  59.  50.        1.0630779952        0.9381692757
  59.  51.        0.2188080013       -0.8539934590
  59.  52.       -1.1269202063        0.4460107129
  59.  53.        1.7658170892        0.9922678257
  59.  54.        0.5412508144        0.3387220470
  59.  55.        0.2968370844        0.2035926807
  59.  56.        0.3162642409        0.4372169949
  59.  57.       -0.3725965474        0.1729597660
  59.  58.       -1.6211666371       -0.0494206373
  59.  59.       -0.1427462077        0.9987235516
  60.   0.       -0.1360064903        0.0000000000
  60.   1.        0.4742521960       -0.1555080924
  60.   2.       -0.1646749257       -0.3382373922
  60.   3.        0.2021260536        0.1565673714
  60.   4.        0.0135570908        0.1478671172
  60.   5.        0.0738905458        0.1194828527
  60.   6.        0.5330217917        0.1780434641
  60.   7.       -0.1931936911        0.0371001848
  60.   8.       -0.6320844375        0.1849658984
  60.   9.        0.3521291640        0.0087238506
  60.  10.       -0.8605538018       -0.4718071415
  60.  11.        0.3137630141       -0.1661329608
  60.  12.       -0.2849480657       -0.4988400895
  60.  13.       -0.1997092770        0.4588318271
  60.  14.        0.7644170779        0.2988950524
  60.  15.       -0.1423037096       -0.1066552227
  60.  16.        0.1766620196        1.0744351965
  60.  17.       -0.1062971428       -0.6203845996
  60.  18.       -0.6562190562        0.1441832559
  60.  19.       -0.4191857017        0.3592682231
  60.  20.       -1.3754477214       -0.6488562577
  60.  21.       -0.3305551926       -0.5258609514
  60.  22.        0.5424916630       -0.3320010443
  60.  23.       -0.3265738657       -0.4373524054
  60.  24.        0.8148479503        0.2972139489
  60.  25.        0.5283842747       -0.0951229479
  60.  26.       -0.7468864444        0.5818861800
  60.  27.        0.4651740701        0.1978092145
  60.  28.       -0.3430796170       -0.4406492814
  60.  29.       -0.7161379713        1.4950923342
  60.  30.        0.2811126040       -0.9034311282
  60.  31.       -0.4980068069       -0.6807274518
  60.  32.       -0.6411853472        0.2819442574
  60.  33.        0.3135581401       -0.9915926367
  60.  34.        0.0314497216       -0.4136934814
  60.  35.        0.6251437545        0.8907793180
  60.  36.        0.8974732858       -0.4169367658
  60.  37.       -0.2760108216        0.9205663128
  60.  38.        0.5331893887        1.3962926414
  60.  39.       -0.8337718649       -0.3896905905
  60.  40.       -0.4795126821        1.3057403548
  60.  41.        0.4079289479       -0.3717698854
  60.  42.       -1.1867904001       -1.3841913259
  60.  43.       -0.1230302587       -0.3333402702
  60.  44.        1.2888348624       -1.5260426438
  60.  45.       -0.7783848482        0.0413034892
  60.  46.        0.6853748421        0.2076021926
  60.  47.        0.6719641183       -1.0117963446
  60.  48.        0.2684023699        0.5984421666
  60.  49.        1.1726461583        0.9549937508
  60.  50.        0.3933354730       -0.6253692462
  60.  51.       -2.4841608385        0.8169168703
  60.  52.       -0.5310067540        0.6939392073
  60.  53.        0.2022636322       -1.1785547988
  60.  54.       -1.4588398759        0.3876180125
  60.  55.        0.3831344671        0.3120273284
  60.  56.       -1.0304112037       -0.6943341120
  60.  57.       -0.8259430539        0.3695679825
  60.  58.       -0.5546216564       -0.2150650687
  60.  59.        0.1004974197       -1.1275234727
  60.  60.        0.1662333537       -0.1184011042
  61.   0.        0.7397277035        0.0000000000
  61.   1.       -0.2457483997        0.3698317596
  61.   2.       -0.3874751961        0.5424994979
  61.   3.        1.0471029875       -0.3546610142
  61.   4.       -0.1138743896       -0.2924727921
  61.   5.       -0.0880181823        0.6210531819
  61.   6.       -0.7418598555       -0.0625941361
  61.   7.       -0.5012027346       -0.2798167600
  61.   8.        0.2245519553       -0.4252209180
  61.   9.       -0.7286077208       -0.2249174021
  61.  10.        0.6896378328        0.2518544439
  61.  11.        0.0694857927       -0.3310515429
  61.  12.        0.0217202014        0.6579120440
  61.  13.        0.7617159246        1.2494452003
  61.  14.       -0.7016138777        0.2416450694
  61.  15.        0.0226003812        0.6847286193
  61.  16.        0.0535380703       -0.3732929009
  61.  17.       -0.6148508273        0.0626330131
  61.  18.        0.7133700372       -0.1977564801
  61.  19.        0.1664101109       -1.2606465615
  61.  20.       -0.6425373675        0.4673240295
  61.  21.        1.1484685688       -0.6112947183
  61.  22.        0.2449748683       -0.7224102231
  61.  23.       -0.1533735973        0.6066817597
  61.  24.        0.6422010319        0.5716230909
  61.  25.        0.0709878211       -0.5337461997
  61.  26.        0.1156404609        0.8335949784
  61.  27.       -0.1571988366       -0.3901894484
  61.  28.       -1.0331226304        0.3239631912
  61.  29.        0.0106607512       -0.4713156344
  61.  30.       -0.2965930014       -0.8238512974
  61.  31.        0.8231067431       -0.4546554620
  61.  32.        1.6699741246        0.3460521167
  61.  33.       -0.4912523724       -0.2512627410
  61.  34.        0.2118456880        1.2121408364
  61.  35.        0.3873581883       -0.0438122567
  61.  36.       -0.9508952929        0.5413646690
  61.  37.       -0.6108877227        0.1315931040
  61.  38.       -0.5983167498       -0.5857813765
  61.  39.       -1.3277014405        0.1620436915
  61.  40.        0.7950102747       -0.1097418101
  61.  41.        0.1708214160       -1.0922987224
  61.  42.        0.0001850445        0.0804768346
  61.  43.        1.4047920513       -0.8265315386
  61.  44.       -0.0307625554       -0.1279631100
  61.  45.        0.1115764394        1.4213149476
  61.  46.        0.7138428664        0.2195696622
  61.  47.       -1.1997963073        0.2349671752
  61.  48.       -1.0163990731        0.7126832126
  61.  49.       -0.0523235279       -0.1264662214
  61.  50.       -2.7204792980       -0.1395079996
  61.  51.       -0.6965961808        0.0635945251
  61.  52.       -0.4285801003       -1.4686200441
  61.  53.        0.0472180513       -2.2949363534
  61.  54.        1.0942290978       -0.9070732044
  61.  55.        0.6588958302       -0.4105450497
  61.  56.       -0.4131562744        0.4386556022
  61.  57.        1.3408716388       -0.0741287629
  61.  58.        0.6194915127        0.0403371253
  61.  59.        0.3017619874       -0.7444281313
  61.  60.        0.8701640534       -0.8580856678
  61.  61.        0.2314602216       -0.2987972598
  62.   0.       -0.4667129689        0.0000000000
  62.   1.       -0.4605914461        0.5686555881
  62.   2.       -0.4556761492       -0.0961634482
  62.   3.        0.4834344939       -0.2429846523
  62.   4.        0.5566393262       -0.7177578829
  62.   5.        0.0645038550        0.2467069484
  62.   6.       -0.4251714498       -0.4369931717
  62.   7.       -0.2329961517       -0.1820778093
  62.   8.        0.1760346750       -0.2269831932
  62.   9.       -0.0927696430        0.3311876780
  62.  10.        0.3506339048        0.4774104760
  62.  11.       -0.0378902069        0.6452750308
  62.  12.        0.3566607960        0.3171567750
  62.  13.       -0.7008335219       -0.5381691322
  62.  14.       -0.0639838314       -0.0648747504
  62.  15.       -0.4253211669       -0.0533141430
  62.  16.        0.0098462317       -1.2448313918
  62.  17.       -0.0323175335       -0.1087990014
  62.  18.        0.6755043939       -0.3822724551
  62.  19.        0.3322450238       -0.8876947010
  62.  20.        0.8345254547        0.6154789307
  62.  21.        0.1780613699        0.1491992507
  62.  22.       -0.1506825850        0.6539472838
  62.  23.        0.4384478182        0.2338571239
  62.  24.       -0.9881318510       -0.1630848979
  62.  25.        0.3608284180       -0.0815815420
  62.  26.       -0.0624590131       -0.7536261624
  62.  27.       -0.6634423508       -0.5564413861
  62.  28.        0.8013266317        0.6174916342
  62.  29.        0.3097178599       -0.3264486895
  62.  30.        0.3408999242        0.7094465483
  62.  31.       -0.1408270988       -0.0098680954
  62.  32.        0.0824169856       -0.7061797179
  62.  33.        0.0103565070        1.3479236078
  62.  34.       -0.2602281846        0.0196977046
  62.  35.       -0.8747382301       -0.6154597449
  62.  36.       -0.1376743476       -0.0721458946
  62.  37.        0.0672528177       -1.1373375547
  62.  38.       -0.6043515044       -0.8078671213
  62.  39.        0.4443491061       -0.1712471098
  62.  40.        0.4811761856       -0.9543169973
  62.  41.       -1.0341998823        0.5441315484
  62.  42.        1.3057441797       -0.1321882862
  62.  43.        0.0031316356        0.1856606430
  62.  44.       -1.2738602079        1.4716831347
  62.  45.       -0.4482320538        0.3126987764
  62.  46.       -0.5034466761       -0.9211906272
  62.  47.       -1.0647552531        0.2871781642
  62.  48.       -0.2331975135       -0.1579540745
  62.  49.        0.0508392630       -2.0922230633
  62.  50.        0.4979396211       -0.4276026587
  62.  51.        1.8372080395       -1.1023447196
  62.  52.       -0.3840708946       -1.0074505810
  62.  53.        1.8825014254        0.4699339589
  62.  54.        1.3902515933       -0.2921719927
  62.  55.        0.4003533787        1.2154910133
  62.  56.        0.1738841190        1.0582997775
  62.  57.       -0.0893496491        0.0142575930
  62.  58.        0.1975342200        0.2565445167
  62.  59.       -1.3409100615        0.4501352298
  62.  60.        0.5450722550       -0.1123721026
  62.  61.        0.1585976642        0.2514743575
  62.  62.        0.1135715997        0.8853056600
  63.   0.       -0.3511747240        0.0000000000
  63.   1.        0.2863028434        0.0577789361
  63.   2.        0.0976547228       -0.6462675135
  63.   3.        0.0094221745        0.4058096323
  63.   4.        0.3831724159       -0.0457755572
  63.   5.        0.1628228884       -0.1824753202
  63.   6.        0.7284664147       -0.1553868664
  63.   7.        0.7811085017        0.1645687400
  63.   8.        0.0653720265        0.2368477705
  63.   9.        0.4534345725       -0.1342027949
  63.  10.        0.0564908700        0.0043588726
  63.  11.       -0.4590220187        0.5512632257
  63.  12.        0.1429105635       -0.6694090148
  63.  13.       -0.4727283677       -1.1223079197
  63.  14.        0.8962486397       -0.6620458358
  63.  15.       -0.0790288489       -0.7155336087
  63.  16.        0.4364112581        0.4293201550
  63.  17.        1.1953354778        0.5209258144
  63.  18.       -0.5913034015        0.6744534571
  63.  19.       -0.4737657505        0.5788042213
  63.  20.        0.5430990135       -0.6177148052
  63.  21.       -0.7479756034        0.2903078592
  63.  22.        0.1472407795       -0.1495136633
  63.  23.        0.0891885168       -1.3800220601
  63.  24.        0.3833179496       -0.6673356220
  63.  25.        0.2938414204        0.1830709921
  63.  26.       -0.4809537421       -0.0733372340
  63.  27.        0.2160624485        0.4099357757
  63.  28.        0.4518814194        0.3658342834
  63.  29.       -0.7027038318        0.6266417997
  63.  30.       -0.3549177908        0.9897148175
  63.  31.       -0.8547445924       -0.0219823822
  63.  32.       -1.3766897755       -0.0232623190
  63.  33.        0.9815017932       -0.2328307643
  63.  34.       -0.3154781313       -1.3194306450
  63.  35.        0.2487372370        0.7872806448
  63.  36.        0.9702596156       -0.8015190383
  63.  37.        0.1018557793        0.4128954969
  63.  38.        0.2712677625        0.7617048014
  63.  39.        0.6827592325        0.2322270412
  63.  40.       -1.0256015006        0.3883735914
  63.  41.        0.2452666405        1.1513767474
  63.  42.       -0.6189891224       -0.8645863366
  63.  43.       -0.3954159856       -0.0250828766
  63.  44.        0.6252756843       -0.1865469023
  63.  45.        0.0278821742       -1.1292100789
  63.  46.       -0.0187755224       -0.5258218376
  63.  47.        1.0611404781       -0.5878586826
  63.  48.        0.3438495994       -0.5624903267
  63.  49.        0.9846178800        0.3036593879
  63.  50.        1.4624956883        0.2174757284
  63.  51.       -0.0606929414        1.3590152944
  63.  52.        0.8643812333        1.8145466180
  63.  53.        0.6594099252        0.0549439473
  63.  54.       -1.1491934427        0.8018656327
  63.  55.       -0.4955720125        0.9586073951
  63.  56.       -0.2557402896       -0.3866439372
  63.  57.       -1.7880445244       -1.4177844785
  63.  58.       -1.1668911190       -0.5299903362
  63.  59.        0.7061846842       -0.9379444665
  63.  60.       -0.6277828489       -1.2764006715
  63.  61.        0.1047670050       -0.1364450538
  63.  62.       -0.3337150112       -0.4927656180
  63.  63.       -1.4397080647       -1.2394401957
  64.   0.        0.2916819985        0.0000000000
  64.   1.       -0.3126097972        0.0087172565
  64.   2.        0.1869358018        0.0620012455
  64.   3.       -0.4814792609       -0.2186816155
  64.   4.        0.3349057918        0.1931466317
  64.   5.        0.0267123057       -0.1170178585
  64.   6.       -0.1805487477       -0.4612417104
  64.   7.        0.2749954669        0.3131713657
  64.   8.       -0.5064337660        0.0331365839
  64.   9.        0.2599535426       -0.9008758209
  64.  10.        0.2177111394        0.1408315778
  64.  11.        0.1648559898       -0.0510293622
  64.  12.       -0.1150320457       -0.4527821906
  64.  13.        0.8460421704        0.5585235286
  64.  14.        0.3189443856       -0.5761486232
  64.  15.        0.3553861962        0.3449207925
  64.  16.       -0.3234540801        0.7537966666
  64.  17.       -0.3856346745       -0.0392374386
  64.  18.       -0.3117579379        0.4960555240
  64.  19.        0.4261042252        0.5443191019
  64.  20.       -0.2825135233       -0.4399694886
  64.  21.        0.4042671450        0.1249517381
  64.  22.       -0.1906321531       -1.1725648524
  64.  23.       -0.3289229777       -0.2999247204
  64.  24.        0.4382498060        0.5689178212
  64.  25.       -0.1984892778       -0.3372677167
  64.  26.       -0.0043828669        0.5203094187
  64.  27.        0.4756656661        0.1489573437
  64.  28.       -0.8077108822       -0.5281426987
  64.  29.        0.2253396167       -0.4702787082
  64.  30.       -0.0994730211       -1.3045537728
  64.  31.       -0.2939220312       -0.1298828260
  64.  32.        0.5691356833        0.6007636256
  64.  33.        0.4708914684       -0.7216345202
  64.  34.        0.1099175481        0.7832792066
  64.  35.        0.4081748744        0.0637875785
  64.  36.       -0.4347182559        0.1130776463
  64.  37.        0.0244006257        1.2784042878
  64.  38.        0.2415943336        0.6415147706
  64.  39.       -0.9236323373        0.7061211740
  64.  40.       -0.4969484747        0.4962617905
  64.  41.        0.4296973861       -0.6649436415
  64.  42.       -0.4786556699        0.3344259725
  64.  43.        0.6673811842       -0.6849606139
  64.  44.        1.1042806702       -0.7871886919
  64.  45.        0.1781687729        0.6755900568
  64.  46.        0.9009491133        0.7125725053
  64.  47.        0.3639933555       -0.5541070060
  64.  48.       -1.0350293925        0.9276823975
  64.  49.        0.6879602898        0.8092724525
  64.  50.       -0.5361275788        0.4925191912
  64.  51.       -1.0241692528        0.6839679071
  64.  52.       -0.2463112591        0.3972126610
  64.  53.       -1.2026007357       -0.7705547997
  64.  54.       -0.0930986406       -0.6881122495
  64.  55.        0.6302013808       -0.1730410857
  64.  56.        0.1164795526       -1.0403364020
  64.  57.        0.2578107480        0.2908817682
  64.  58.        1.3139695139        0.1917611570
  64.  59.        1.4557450295       -0.4120063797
  64.  60.        0.7215867787        0.7003648549
  64.  61.        1.1868882766        0.4625248600
  64.  62.        1.4255028625        0.5132424456
  64.  63.        1.3056516211        0.2933436577
  64.  64.        1.1114639064       -0.1998262174
  65.   0.        0.1564696667        0.0000000000
  65.   1.        0.1612494551       -0.3698209933
  65.   2.        0.3829100129        0.3743238344
  65.   3.        0.0490507532       -0.4512596036
  65.   4.       -0.0417219592        0.3342620871
  65.   5.        0.0536769322        0.1565268060
  65.   6.       -0.1082065202       -0.1072885155
  65.   7.        0.0383906581        0.1445731115
  65.   8.        0.0040826072        0.0773103307
  65.   9.       -0.1229356023        0.1306082295
  65.  10.       -0.1382624007        0.2551587461
  65.  11.        0.2442027173       -0.2672132300
  65.  12.       -0.2753793745        0.5261567732
  65.  13.        0.3470799929        0.4574552998
  65.  14.       -0.1154310092        0.7060917572
  65.  15.       -0.1455058442       -0.1010068211
  65.  16.       -0.4124395486       -0.3590013332
  65.  17.       -0.5439692297       -0.4918117769
  65.  18.       -0.0363284214        0.0229415953
  65.  19.        0.0848641042       -0.2164265687
  65.  20.        0.7502641388       -0.2391942854
  65.  21.        0.3403298724       -0.0342818939
  65.  22.        0.0916962166        0.7188606801
  65.  23.       -0.0290990516        0.8912560973
  65.  24.       -0.5375879971        0.3925606884
  65.  25.       -0.5883273630        0.1563159389
  65.  26.        0.6406375952        0.2254066700
  65.  27.       -0.3779376312       -1.3643515774
  65.  28.       -0.3373605971       -0.2183406598
  65.  29.        0.6826472446       -0.2663998250
  65.  30.        0.0801219564       -0.0249191470
  65.  31.        0.8879472106        0.5393660198
  65.  32.        0.6636743337        0.2449827914
  65.  33.       -0.1737062247        1.0357485068
  65.  34.        0.0334049065        0.9859889018
  65.  35.       -0.9021347238        0.0972531532
  65.  36.       -0.7548033020       -0.2090757800
  65.  37.        0.3122193938       -0.2681357642
  65.  38.       -0.9547752331       -1.0383965880
  65.  39.       -0.1545673287        0.1007172950
  65.  40.        0.8175117524       -0.4943161102
  65.  41.       -0.3889739246       -0.3151266073
  65.  42.        1.1703069238        0.7113451609
  65.  43.        0.5355871865        0.6412095643
  65.  44.       -0.1864545450        0.9577103400
  65.  45.        1.0849369670        1.8427816389
  65.  46.       -0.3596499308       -0.2965133126
  65.  47.       -1.0612686491        0.7058730772
  65.  48.       -0.5218515101        0.0252772125
  65.  49.       -1.4994569395       -0.7458197366
  65.  50.       -0.0090953989       -1.0553553997
  65.  51.        1.6551590136        0.0555275211
  65.  52.        0.0901342001       -0.9426207667
  65.  53.        0.5327581883        0.1865001283
  65.  54.        2.0189006642       -0.1649582676
  65.  55.        0.5796651258       -0.1580012574
  65.  56.       -0.4035077964        1.6941073024
  65.  57.        1.1016180420        0.7147642985
  65.  58.       -1.0838558127       -0.6089549042
  65.  59.       -0.6635232319        1.2624971127
  65.  60.       -0.7776413581        0.3828250639
  65.  61.       -0.3298926792       -0.3725394925
  65.  62.       -0.3890592319        0.7181795741
  65.  63.       -1.8483944013        0.3909174484
  65.  64.       -0.7603120117        0.4647312227
  65.  65.        0.6002565346        0.2355002272
  66.   0.        0.4019083319        0.0000000000
  66.   1.        0.0531463195       -0.4790862423
  66.   2.        0.2703802078        0.2411462921
  66.   3.       -0.6262801117        0.5571366821
  66.   4.       -0.9669275866        0.3629677523
  66.   5.       -0.4048627257       -0.1902530989
  66.   6.        0.1434893523        0.6485529290
  66.   7.        0.3970964087       -0.4822313008
  66.   8.       -0.0319176353       -0.2445303525
  66.   9.       -0.2335740280        1.0002389289
  66.  10.       -0.3194589977        0.3417757636
  66.  11.       -0.2360450437       -0.1874906629
  66.  12.       -0.1220063900        0.3549960591
  66.  13.        0.0280951363       -1.1487138059
  66.  14.        0.2010633158       -0.1208457865
  66.  15.        0.0862956145        0.1174909039
  66.  16.       -0.1300030347       -0.3746441877
  66.  17.        0.4271515924       -0.3652585802
  66.  18.       -0.1709465728       -0.2264689604
  66.  19.        0.2275383572        0.2421886156
  66.  20.       -0.0717792096        0.7285192850
  66.  21.       -0.5543045280        0.3331835191
  66.  22.       -0.8217156536        0.4431438618
  66.  23.        0.3212593957        0.0405021051
  66.  24.       -0.6619814195       -0.1516059336
  66.  25.        0.0580424503        0.3258204160
  66.  26.        0.0927512986       -0.9003568140
  66.  27.       -0.1203993284       -0.1786895849
  66.  28.        1.3709284612        0.2512616537
  66.  29.       -0.1583225083        0.3339456608
  66.  30.        0.0339240877        0.7862653775
  66.  31.       -0.1538437855        0.1756238780
  66.  32.       -0.0903222368       -0.5296027060
  66.  33.       -0.3894982325       -0.1032822947
  66.  34.       -0.5373477386       -1.2424535715
  66.  35.       -0.3935813558        0.4388630845
  66.  36.        0.0721063313       -0.5254529396
  66.  37.        0.4558531710       -0.8924291237
  66.  38.       -0.3576672731       -0.3288102801
  66.  39.        0.6957824756       -0.7563946401
  66.  40.       -0.4358394296       -0.0191533086
  66.  41.       -0.4889878978        0.8627989352
  66.  42.       -0.2831868217        0.0202080749
  66.  43.       -0.6038757102        0.3832267077
  66.  44.       -0.5184513103        0.6675329093
  66.  45.       -0.2623145281       -0.9484335644
  66.  46.       -0.7113098716        0.1328737417
  66.  47.       -0.3587566979       -0.4854555992
  66.  48.        0.7015093059       -1.4403850822
  66.  49.       -0.2883893918       -0.4922141024
  66.  50.        1.0119036538       -0.1638026037
  66.  51.        1.3351696789        0.1166564342
  66.  52.       -0.3208124202        0.5965516331
  66.  53.        1.1590729963        0.9432078142
  66.  54.       -0.2363102844        0.2025489203
  66.  55.       -1.0713584034        1.1376486818
  66.  56.       -0.5428500767        0.4521899558
  66.  57.       -1.2199260110       -0.9409676872
  66.  58.       -1.1190667444        0.2196542572
  66.  59.       -0.6539323935       -0.4488129434
  66.  60.       -0.2108612840       -1.4112315373
  66.  61.        0.1065163492       -0.3217587183
  66.  62.       -0.4103720542       -0.1329308654
  66.  63.       -0.4298980394       -1.1826608426
  66.  64.       -0.0722958331       -0.6775101391
  66.  65.       -0.4434804834       -0.3438035376
  66.  66.       -0.2769262137       -1.2822073422
  67.   0.       -0.2075353466        0.0000000000
  67.   1.        0.3911142018        0.2956011259
  67.   2.       -0.5013954102       -0.0479019535
  67.   3.        0.0981422887       -0.0895584786
  67.   4.       -0.3786212255        0.2649374209
  67.   5.       -0.3812466648       -0.3419646165
  67.   6.       -0.2907983791        0.2885861329
  67.   7.       -0.3855920834        0.1745189883
  67.   8.       -0.1932500379       -0.0069796038
  67.   9.        0.3079607643       -0.0825784190
  67.  10.       -0.3654827243        0.1205767938
  67.  11.       -0.0656095850       -0.4085147906
  67.  12.       -0.2288633548       -0.5879839933
  67.  13.       -0.1048964418       -0.6124688286
  67.  14.        0.0023625359       -0.3546637037
  67.  15.        0.0647790572        0.2841842991
  67.  16.       -0.2290397614        0.2356847201
  67.  17.        0.4531093755        0.1265655118
  67.  18.       -0.0581356592        0.2084898993
  67.  19.        0.1197413156        0.1305620959
  67.  20.       -0.3938740675       -0.4981392129
  67.  21.        0.3400520182       -0.6465250996
  67.  22.        0.0751674029       -0.4242226716
  67.  23.       -0.6555261523        0.2403434717
  67.  24.        0.6559074577        0.1585057519
  67.  25.        0.2754069114        0.5271098292
  67.  26.       -0.3243087101        0.4555418657
  67.  27.        0.0824583000        0.8325809572
  67.  28.       -0.2036587866        0.5729847577
  67.  29.       -0.6293647549        0.2801615730
  67.  30.        0.0140948108       -0.2492106456
  67.  31.       -0.5742628527       -0.4793503081
  67.  32.       -0.9021906087        0.1505873183
  67.  33.        0.4810496984       -1.0892577157
  67.  34.        0.4009508008       -0.7950502337
  67.  35.        0.4958386364        0.0380855324
  67.  36.        0.4666796642        0.2688594190
  67.  37.        0.4589726140        0.4210458147
  67.  38.       -0.1392420433        0.5464213123
  67.  39.        0.0160129081        0.0218490789
  67.  40.       -0.9685526817        0.7662763914
  67.  41.       -0.6907252721       -0.6596656259
  67.  42.       -1.1814383074       -0.4556969085
  67.  43.       -1.3504059351       -0.0895176100
  67.  44.        0.5653489037       -1.7494417512
  67.  45.       -0.3342558036       -0.6275662087
  67.  46.        0.5189813867        0.1786243388
  67.  47.        0.8640336985       -0.3318028840
  67.  48.       -0.0347855480        0.0594862970
  67.  49.        1.3626371820        0.8999758316
  67.  50.       -0.1982536684        0.0716207964
  67.  51.       -1.0880482539       -0.1601447616
  67.  52.       -0.4286939492        1.2774751250
  67.  53.       -0.9424904635       -0.2964999158
  67.  54.       -1.3870942364       -0.1370587852
  67.  55.       -0.2906637915       -0.4181884901
  67.  56.       -0.5160544614       -0.0134328256
  67.  57.       -0.6372530482       -0.1441686304
  67.  58.        0.6826974535       -0.7025002976
  67.  59.        1.0830730602       -0.7206799080
  67.  60.        0.9678432336        0.7904073417
  67.  61.        0.8958513143        0.5350554196
  67.  62.        0.7706737719        0.3248554291
  67.  63.        0.6694559508        1.0371343281
  67.  64.        0.3269657849        1.1061807174
  67.  65.        1.4507814413        0.1753953467
  67.  66.        1.0232967258        0.6695622216
  67.  67.        0.5654293351       -0.1210292393
  68.   0.       -0.4255172490        0.0000000000
  68.   1.        0.7202344852        0.0605793232
  68.   2.       -0.0072345495        0.0518277199
  68.   3.        0.3464996088       -0.0449545604
  68.   4.        0.0683630719        0.0214897005
  68.   5.        0.0572818639       -0.3068927085
  68.   6.       -0.0817128282        0.0022066518
  68.   7.       -0.4879419947        0.1608139356
  68.   8.        0.1315308893        0.3258394122
  68.   9.       -0.4051718292       -0.4433841491
  68.  10.        0.3553947738       -0.5003585074
  68.  11.       -0.3081728469       -0.3993637884
  68.  12.        0.1386363869        0.1675636655
  68.  13.       -0.3966116934        0.7912261287
  68.  14.       -0.1628328880        1.4188181909
  68.  15.        0.0892537683        0.1000001731
  68.  16.        0.3668758098        0.3482643498
  68.  17.       -0.3597242148        0.1274999750
  68.  18.       -0.2963982010       -0.3990068130
  68.  19.       -0.1575659780       -0.0618134748
  68.  20.        0.4213482292       -0.1659503810
  68.  21.        0.4071998817       -0.3201702001
  68.  22.       -0.3749252988       -0.3548379518
  68.  23.        0.3542526190        0.4285182447
  68.  24.        0.1901297579        0.6160262862
  68.  25.       -0.3085557973       -0.0440982097
  68.  26.        0.1970856819        0.7527585095
  68.  27.       -1.2320822620       -0.0075722239
  68.  28.       -0.7890100549       -0.6170590336
  68.  29.        0.3392986165        0.1905511149
  68.  30.       -0.5845633811       -0.8293154191
  68.  31.        0.5151131692       -0.2959416172
  68.  32.       -0.0262486021       -0.1917271297
  68.  33.        0.1493243678        0.3498312194
  68.  34.        0.1684267235        0.9956863514
  68.  35.        0.5256966143        0.4303103561
  68.  36.       -0.7336343464        0.6892580930
  68.  37.       -0.2649480813        0.7013055492
  68.  38.       -0.1400515785       -0.5736142621
  68.  39.       -0.8549190483        0.2557436036
  68.  40.        0.3325886838       -0.7797645927
  68.  41.        0.2148754148       -0.4632415325
  68.  42.        0.0462425726       -0.1914899045
  68.  43.        1.1547150106       -0.9038524892
  68.  44.       -0.3321489196       -0.3600873947
  68.  45.        0.1805823615        0.9006993519
  68.  46.        0.3489149113        0.0642211080
  68.  47.       -0.8258063716        0.9882985043
  68.  48.       -0.7983718055        1.0510132414
  68.  49.       -0.6644088937       -0.1315253155
  68.  50.       -1.8176181860       -0.5220942026
  68.  51.       -1.0285972421       -0.3242428297
  68.  52.        0.3324159022       -1.6974219526
  68.  53.       -1.2844830212        0.3547649348
  68.  54.        0.5416084140        0.1936596178
  68.  55.        0.4209824765       -0.7019468462
  68.  56.       -0.2808110547        0.5578557215
  68.  57.        0.3887668996        0.3090324347
  68.  58.       -0.6980795378       -0.0221371522
  68.  59.        0.2409905033        0.1780260808
  68.  60.        0.5381162128        0.9311506617
  68.  61.        0.1044564089       -0.2788150305
  68.  62.       -0.5427849739        0.3123653723
  68.  63.       -0.5373349871        0.8614799703
  68.  64.        0.0582905007        0.0606409287
  68.  65.       -0.7554469514       -0.5424048283
  68.  66.       -1.8691307325        0.1173685495
  68.  67.       -1.0322547062        0.0106648452
  68.  68.       -0.2324443946        0.3283642534
  69.   0.        0.5763920931        0.0000000000
  69.   1.       -0.5683537239       -0.5937428095
  69.   2.        0.2864769763       -0.0474419986
  69.   3.       -0.0991149878        0.7565104854
  69.   4.       -0.0221438458       -0.4900136154
  69.   5.        0.3642090116       -0.0193017883
  69.   6.        0.4968947611       -0.0837455720
  69.   7.        0.2843975948       -0.0026914672
  69.   8.        0.2379869110       -0.0460785843
  69.   9.       -0.0669742729        0.2711784402
  69.  10.       -0.5752952024       -0.3480892743
  69.  11.        0.4624171010       -0.3564117203
  69.  12.        0.0058913083        0.5362252082
  69.  13.       -0.1939298534        0.8405196342
  69.  14.       -0.7529873685       -0.2512750507
  69.  15.        0.2053166093       -0.2183677600
  69.  16.        0.5753786198       -0.5037465714
  69.  17.       -0.3403471819        0.2726179628
  69.  18.        0.3579877948       -0.3881303067
  69.  19.       -0.1489537349        0.1152625033
  69.  20.       -0.0985469144        0.3042892256
  69.  21.        0.0451135664        0.0803871586
  69.  22.        0.0932532850        0.3422583962
  69.  23.        0.3239349681        0.0183972364
  69.  24.       -0.5392024458       -0.4418371025
  69.  25.        0.3037728193       -0.2784670828
  69.  26.       -0.0626909028       -0.3107374829
  69.  27.       -0.2725590268       -0.2978611687
  69.  28.       -0.2127375343       -0.3434800927
  69.  29.        0.3831697903        0.1449237603
  69.  30.        0.5211051510        0.3122690762
  69.  31.        0.3050679858        0.2019571634
  69.  32.       -0.2464175474        0.2662527058
  69.  33.       -0.9065004270        0.7038214811
  69.  34.        0.2175453130        0.4360730710
  69.  35.        0.2094569607        0.6438076582
  69.  36.       -0.6263698187       -0.2253207858
  69.  37.        0.6885866097       -0.3455534960
  69.  38.        0.4014214930       -0.6340160411
  69.  39.        0.5360973205       -0.6306237089
  69.  40.        0.9032357480       -0.7050594341
  69.  41.        0.7250269683        0.3920174767
  69.  42.        0.4876183832        0.5886689102
  69.  43.        0.4880818982       -0.5308443377
  69.  44.       -0.7139433475        0.8587435465
  69.  45.       -0.2032422010       -0.1424167949
  69.  46.       -0.0662183923       -0.1174144894
  69.  47.       -0.4433581241        0.3974953362
  69.  48.       -0.2091083538       -0.7490682906
  69.  49.       -0.5061333497       -0.2042643655
  69.  50.        0.3930325131        0.4453095657
  69.  51.        0.2640887967        0.0885227376
  69.  52.        0.3937210942        0.1860685957
  69.  53.        1.3247321809        1.0400670344
  69.  54.        1.0919344909        0.5842504344
  69.  55.       -0.5543727951        0.4162989819
  69.  56.        0.6425680196        1.1878945899
  69.  57.       -1.4500458468        0.1516691274
  69.  58.       -1.8364093430       -0.1528242883
  69.  59.       -0.4908477255        0.0593592377
  69.  60.       -0.4525875698       -1.6376258033
  69.  61.        0.3858358233       -1.2481140369
  69.  62.        0.8749908560       -0.3831732776
  69.  63.       -0.3982191425       -1.1353631989
  69.  64.        0.5865070061       -0.3491291207
  69.  65.        0.3542381782       -0.0674199687
  69.  66.        0.5840512536       -0.5106570923
  69.  67.        1.4186305629       -1.0455656662
  69.  68.        0.4882530475       -0.4032139842
  69.  69.       -0.4117565059       -0.6679143659
  70.   0.        0.1896067609        0.0000000000
  70.   1.       -0.7444267618       -0.2671504513
  70.   2.       -0.0538754650       -0.2358260212
  70.   3.        0.6889747894       -0.5723076764
  70.   4.        0.3338009813       -0.4517739455
  70.   5.        0.1876251580        0.4342965356
  70.   6.        0.0671930182        0.3773073397
  70.   7.        0.5787456541        0.5277614746
  70.   8.        0.7040501329       -0.2653901090
  70.   9.       -0.0049012562       -0.2338218111
  70.  10.        0.1464957257       -0.0642386235
  70.  11.        0.0520546995        0.3230158491
  70.  12.       -0.2994189713       -0.8551964157
  70.  13.        0.0530503768        0.1739542770
  70.  14.       -0.0799656977       -0.6916430246
  70.  15.       -0.2487381604       -0.3223503741
  70.  16.       -0.1314711901       -0.4575563709
  70.  17.        0.2026233270        0.3542377411
  70.  18.        0.1624252049        0.2589099614
  70.  19.       -0.0507031183       -0.1532600696
  70.  20.       -0.0904329180        0.5055745703
  70.  21.       -0.3507528232        0.5237608489
  70.  22.        0.4926764951       -0.0942762937
  70.  23.       -0.7780948953       -0.1076931839
  70.  24.       -0.3972603532       -0.5416985220
  70.  25.        0.2344980398       -0.5097966504
  70.  26.       -0.0688225669       -0.4149129370
  70.  27.        0.4020951124        0.4808037735
  70.  28.        0.0386397972        0.1038252352
  70.  29.        0.2346532053        0.0490263448
  70.  30.        0.2012457636        0.3716477624
  70.  31.       -0.1617546772        0.0441383769
  70.  32.       -0.4201118274        0.0732355415
  70.  33.       -0.1048559209       -0.0640199178
  70.  34.       -0.5922356161       -0.7704455588
  70.  35.       -0.1441788152       -0.4997826843
  70.  36.        0.8288539476        0.0783096238
  70.  37.        0.4205213601       -0.4193857863
  70.  38.        0.6133063529        0.3965087717
  70.  39.        0.8405605810        0.0861587226
  70.  40.       -0.2953413869        0.7120330329
  70.  41.        0.4091993819        0.3973764094
  70.  42.       -0.0877421427       -0.0962831250
  70.  43.       -1.2190036377        0.5605419735
  70.  44.       -0.0265161605       -0.3244324397
  70.  45.       -0.0932751840       -0.6841349795
  70.  46.       -0.0915769068       -0.5578863405
  70.  47.        1.5602028235        0.0098661024
  70.  48.       -0.0753954709       -0.2513424960
  70.  49.        1.4506171197        0.4334682878
  70.  50.        1.1146111979        0.9514197921
  70.  51.       -0.6902742554        0.5349613261
  70.  52.       -0.3654070502        1.0079027137
  70.  53.        1.0188223408        0.3098454821
  70.  54.       -1.7384548018       -0.0192460259
  70.  55.       -0.6890035239        0.0350329309
  70.  56.       -0.5884682820       -1.1949354917
  70.  57.       -0.5866439856       -0.8826463329
  70.  58.       -0.2239441621       -0.0080625389
  70.  59.        0.7673274865       -1.2425277894
  70.  60.        1.0094317906       -0.2709533842
  70.  61.        1.0976682771        1.3565532017
  70.  62.        1.1394277863        0.8341110691
  70.  63.        0.5835404568        0.6262014125
  70.  64.        1.2873337617        1.4136792088
  70.  65.        0.9164125752        1.2905460178
  70.  66.        0.0508430477        0.2887244903
  70.  67.        0.4196979643        0.3761104920
  70.  68.        0.1944595066        1.8417708579
  70.  69.        1.1854538734        1.2005973576
  70.  70.        1.1293672539        0.2018232380
  71.   0.       -0.4304656883        0.0000000000
  71.   1.       -0.3574764767       -0.3857752077
  71.   2.       -0.0478701631       -0.4449933084
  71.   3.       -0.5065631313       -0.6130207124
  71.   4.        0.4804789916       -0.0165225751
  71.   5.       -0.1315894701        0.6341085311
  71.   6.       -0.0915135173        0.0460246004
  71.   7.       -0.0759009924        0.0410641000
  71.   8.       -0.3354352392       -0.4652218904
  71.   9.       -0.3731933551       -0.4019662135
  71.  10.        0.7183502714       -0.0461320682
  71.  11.        0.0831510120       -0.2805195961
  71.  12.        0.5090275990       -0.1659993812
  71.  13.        0.2464710338       -0.3064308601
  71.  14.        0.1112364950        0.3654068315
  71.  15.       -0.1796819132       -0.2897036710
  71.  16.       -0.2703061925        0.4025881518
  71.  17.       -0.2389107157       -0.3795112696
  71.  18.       -0.9281695688        0.5919312193
  71.  19.        0.2115760423       -0.0238194756
  71.  20.        0.2262734911        0.0378408843
  71.  21.        0.1279596256        0.1052608545
  71.  22.        0.1720642464       -0.7205416957
  71.  23.       -0.1009135081       -0.1020917567
  71.  24.        0.2015349099        0.2119933345
  71.  25.       -0.3147508529        0.6523804162
  71.  26.       -0.0300349653        0.5578599940
  71.  27.        0.6753301048        0.1175870996
  71.  28.        0.2972106706       -0.5457702396
  71.  29.        0.2329583994       -0.4556697685
  71.  30.        0.2298523481       -0.1933245104
  71.  31.        0.0491146381       -0.4183399912
  71.  32.        0.5313832040        0.1416108930
  71.  33.        0.7727922062       -0.4706716496
  71.  34.       -0.0008139891       -0.1293662563
  71.  35.        0.3160133930        0.1770149973
  71.  36.        0.0745156606        0.5372605662
  71.  37.       -0.4748192743        0.2239131417
  71.  38.        0.0362948352       -0.0962431659
  71.  39.       -0.3413224691       -0.1637440839
  71.  40.       -0.2984990924        0.3759577616
  71.  41.        0.1479392401       -0.2980674070
  71.  42.       -0.1042718500       -0.2669834324
  71.  43.       -0.0988565405        0.0370170673
  71.  44.        0.9935433439       -1.0170540305
  71.  45.        0.5086461321        0.7902915224
  71.  46.        1.0282610677        0.2185616660
  71.  47.        0.8427452054       -0.5078706372
  71.  48.        0.1061931821        0.1219777786
  71.  49.        0.2927142605        0.5296329408
  71.  50.       -1.1379665681       -0.2188006138
  71.  51.       -0.8008364684        0.1380363857
  71.  52.       -0.5715246600       -0.7228634044
  71.  53.       -0.8456297693       -2.2190867862
  71.  54.       -0.7209917791        0.2794105206
  71.  55.        0.7017880996       -0.6402897824
  71.  56.       -0.5293041877       -1.4386893256
  71.  57.        1.7477448199        0.5164731518
  71.  58.        1.3199775182       -0.3584063712
  71.  59.        0.8738912757        0.9220436401
  71.  60.        0.8937119989        1.1804946434
  71.  61.        0.4593185959        0.9163316906
  71.  62.       -0.3429531523        2.0045942803
  71.  63.       -0.2692445577        1.5400787645
  71.  64.        0.5073624035       -0.7155821438
  71.  65.       -0.0239444104       -1.0516948210
  71.  66.       -1.5029497091       -0.5600434248
  71.  67.       -0.5302097728       -0.7325497411
  71.  68.       -0.3236477637       -0.2036247796
  71.  69.       -1.9921010181       -1.0487288876
  71.  70.       -0.7794086670       -0.0976016478
  71.  71.       -0.2822286057        0.4194697525
  72.   0.        0.0118616943        0.0000000000
  72.   1.        0.0776188214        1.0307893417
  72.   2.        0.0109299883       -0.4167770362
  72.   3.        0.1019677609        0.0268199958
  72.   4.       -0.2223904991        0.3129080235
  72.   5.        0.0313311741        0.0678848917
  72.   6.        0.2904602279       -0.2696646745
  72.   7.       -0.7354359685       -0.0919275885
  72.   8.       -0.6290669905        0.2035246934
  72.   9.        0.1496252309       -0.0491448843
  72.  10.        0.1959466062       -0.4453715275
  72.  11.        0.0270464399        0.2951735159
  72.  12.        0.7096303030        0.6643736433
  72.  13.        0.4031031468       -0.0626962339
  72.  14.       -0.3584717380       -0.1159260443
  72.  15.        0.1956413271        0.2628335016
  72.  16.       -0.2421977881       -0.0927687943
  72.  17.       -0.5082710809       -0.6383137070
  72.  18.        0.4912323629       -0.3960015744
  72.  19.       -0.7125818951       -0.6392594714
  72.  20.        0.1612725199       -0.8789790667
  72.  21.        0.2186074327        0.0146057324
  72.  22.       -0.1158079018        0.4484890917
  72.  23.        0.2108082051        0.1848550849
  72.  24.        0.1263835678        0.8572334135
  72.  25.        0.0416586099        0.3580343372
  72.  26.       -0.0570511491       -0.2461795233
  72.  27.       -0.2800608015       -0.4037556527
  72.  28.       -0.1219449971        0.3354150930
  72.  29.        0.7232105629       -0.5379185374
  72.  30.       -0.0431330345        0.0577217618
  72.  31.       -0.1519732702        0.1571557811
  72.  32.       -0.0016170244        0.3673995115
  72.  33.        0.3006237471        0.0071440590
  72.  34.        0.2508191762        0.4358151023
  72.  35.       -0.0438259256       -0.1749678666
  72.  36.       -0.5806503446        0.5311944281
  72.  37.       -0.6096715241        0.0698753656
  72.  38.       -0.5832753823       -0.0921580390
  72.  39.        0.1330127685        0.3447911511
  72.  40.        0.0721096830       -0.3768460227
  72.  41.        0.1578352580       -0.6839637141
  72.  42.       -0.6050791164       -0.0418131151
  72.  43.        0.5642435130        0.3536017332
  72.  44.        0.0486832738        0.7744587027
  72.  45.        0.5299790390        0.8270544019
  72.  46.       -0.5012367892        0.0212366520
  72.  47.       -0.6452539138       -0.1056971096
  72.  48.        0.0223365094       -0.1497487037
  72.  49.       -0.9088993298       -0.4032886846
  72.  50.       -0.5621631414       -0.0762242341
  72.  51.        1.0263092735       -0.5160505486
  72.  52.       -0.1176207155        0.1181017095
  72.  53.        0.4002893044       -0.2887302531
  72.  54.        1.5708547663        0.0053219057
  72.  55.       -0.4355930812        0.6035679890
  72.  56.        0.0585579984        1.2020103120
  72.  57.        1.1518150877        0.2043298987
  72.  58.       -0.0185546416        0.6290036790
  72.  59.       -0.7240377777        0.3576642568
  72.  60.       -0.5349531018       -0.3676157902
  72.  61.       -1.6049138072       -0.7234487144
  72.  62.       -0.4504920273        0.4182978328
  72.  63.        0.0711336539       -0.5450039762
  72.  64.       -0.9691820114       -1.0776525368
  72.  65.       -0.4584255350       -0.0595699814
  72.  66.        0.0375870125       -0.6715834244
  72.  67.        1.1050051096       -0.1681587193
  72.  68.        0.5300176510        0.2085311653
  72.  69.        0.5664400254        0.7618368095
  72.  70.        1.0783540751        0.1075210827
  72.  71.        0.6403512836       -0.8732875957
  72.  72.        0.0623367147       -0.5548377884
  73.   0.       -0.2214558351        0.0000000000
  73.   1.        0.4279599283        0.6691774119
  73.   2.       -0.2806632312        0.4682010303
  73.   3.        0.1544045565        0.5186569521
  73.   4.        0.0930733869       -0.1752322781
  73.   5.       -0.6396152710       -0.4976554938
  73.   6.       -0.7310897355       -0.3363881814
  73.   7.       -0.2054323974       -0.2364173595
  73.   8.        0.6102644633        0.2895734800
  73.   9.       -0.0774025417        0.1135699679
  73.  10.       -0.0391480808        0.3870737691
  73.  11.       -0.3529063974        0.8031787157
  73.  12.       -0.7512708787       -0.0808794636
  73.  13.       -0.2856455193        0.0600068121
  73.  14.        0.8474767635        0.4354082602
  73.  15.       -0.4656276654       -0.0214497181
  73.  16.        0.1852096967       -0.1143434669
  73.  17.       -0.0304624273        0.0114460839
  73.  18.        0.6885557589       -0.5154925943
  73.  19.       -0.2539045442        0.7646157453
  73.  20.        0.0549798212       -0.2458556631
  73.  21.        0.0750961488        0.7347532779
  73.  22.       -0.0051415904        0.0180631994
  73.  23.       -0.2646591660       -0.0860929953
  73.  24.       -0.0495661159       -0.0935369050
  73.  25.       -0.0107005574       -0.7124961582
  73.  26.        0.1444480593       -0.1781637819
  73.  27.        0.1301707108       -0.0422670017
  73.  28.        0.5967045131       -0.1595626772
  73.  29.       -0.3457648942        0.2007655317
  73.  30.        0.2394398494        0.4510023712
  73.  31.       -0.2421352399       -0.0162094751
  73.  32.       -0.2126240450        0.2546811970
  73.  33.       -0.2008520536        0.4306245340
  73.  34.        0.0093713576        0.2408068729
  73.  35.       -0.7424782710       -0.5364482932
  73.  36.        0.5883677273       -0.8876105491
  73.  37.       -0.8407315359        0.2569566406
  73.  38.        0.2453678490       -0.1726689419
  73.  39.        0.3260063975       -0.1082145426
  73.  40.        0.5707563618       -0.0513876172
  73.  41.       -0.0800605196        0.6342268464
  73.  42.        0.4585895449        0.7354364884
  73.  43.       -0.6056554646        0.4725052464
  73.  44.       -0.9456252959        0.7182649853
  73.  45.       -0.3294189388       -0.6098651757
  73.  46.       -0.9125991987       -0.1191341457
  73.  47.       -0.5342061284       -0.4665811801
  73.  48.        0.1864959773       -0.1220863637
  73.  49.        0.1214831068       -0.0714944257
  73.  50.        1.3383771004        0.1821914388
  73.  51.        0.6796435150        0.6931212277
  73.  52.       -0.1042775994        0.9526888470
  73.  53.        0.3989689827        0.5685401798
  73.  54.       -0.0444517553        0.0212522477
  73.  55.       -0.4690896060        1.1818202927
  73.  56.       -0.0510476472        0.1910776771
  73.  57.       -1.0212246017       -0.9462390408
  73.  58.       -0.5111904172        0.2003295834
  73.  59.        0.1426366582       -0.8600173348
  73.  60.       -0.1919578704       -1.0277757674
  73.  61.        0.4597964118       -1.1145777625
  73.  62.        1.6390960040        0.1591738956
  73.  63.        0.7343793567        0.6903616117
  73.  64.       -0.1254503279        0.3964160771
  73.  65.        1.3446731551        0.7304658438
  73.  66.        1.1393490972        0.2202005173
  73.  67.       -0.8416819019        0.9833957807
  73.  68.        0.3419399095        0.9655583405
  73.  69.       -0.0179614371        1.5925738317
  73.  70.       -1.4348146553        0.5086777984
  73.  71.       -0.0097957945        0.2312548651
  73.  72.        0.5817585267        1.0483226312
  73.  73.        0.4290638838        1.0742896567
  74.   0.       -0.1871636661        0.0000000000
  74.   1.       -0.1843022198       -0.6774735571
  74.   2.       -0.1303471967        0.8231607688
  74.   3.       -0.3440347225        0.4260859459
  74.   4.        0.5158853059        0.2408045811
  74.   5.        0.4424315291       -0.1049085487
  74.   6.       -0.3442481241       -0.2833719465
  74.   7.        0.5232257635       -0.0958178697
  74.   8.        0.2651802723       -0.0465309876
  74.   9.        0.1303652099        0.7912501298
  74.  10.       -0.3551104017        0.5340896448
  74.  11.       -0.0074568858       -0.3999604574
  74.  12.       -0.5389783932        0.0375619745
  74.  13.        0.1194883093        0.2200423768
  74.  14.        0.5799523330        0.1398694453
  74.  15.        0.2102663805        0.1905315061
  74.  16.        0.5765043513        0.5314023906
  74.  17.        0.4102292886        0.5417110152
  74.  18.       -0.0314170506        0.3592742728
  74.  19.        0.4327723659        0.6282444103
  74.  20.       -0.6069765936        0.2385079639
  74.  21.        0.3079112534       -0.2762225581
  74.  22.        0.0400013105        0.0032567379
  74.  23.       -0.2904633381        0.2731568698
  74.  24.        0.2067923587       -0.7282117634
  74.  25.       -0.1748104244       -0.1131904060
  74.  26.        0.2034862118       -0.0917295638
  74.  27.        0.1635375903        0.5286995779
  74.  28.        0.3892508612       -0.0373510333
  74.  29.       -0.9022578058        0.0303611126
  74.  30.       -0.3038351929        0.5188365298
  74.  31.       -0.2737227401        0.1641772590
  74.  32.        0.0570586985       -0.0412784686
  74.  33.       -0.0948948719        0.2335803639
  74.  34.        0.6144147015       -0.0361910714
  74.  35.        0.3654629137        0.1847738038
  74.  36.        0.8069172007       -0.0152984007
  74.  37.        0.4924862185        0.3112161003
  74.  38.        0.3428580280        0.0303256964
  74.  39.        0.0290397772       -0.3537350429
  74.  40.       -0.0960093583       -0.0149602330
  74.  41.       -0.7343291239        0.0834705003
  74.  42.       -0.5096124448        0.0135815536
  74.  43.       -0.1392192691        0.6923120339
  74.  44.        0.2696180098       -0.7478013853
  74.  45.       -0.0462673151       -1.1281192290
  74.  46.        0.6543305880        0.3103915084
  74.  47.        0.7120886913        0.5731834822
  74.  48.        0.1237841697        0.4943784327
  74.  49.        0.7308557419        0.4677047842
  74.  50.       -0.3435932196        1.1515551997
  74.  51.       -1.2915202718        0.3476034014
  74.  52.        0.1404831161        0.0579130593
  74.  53.       -0.6524231619       -0.0611996238
  74.  54.       -1.5749997233       -0.3759441266
  74.  55.        1.2126255408       -0.4856669481
  74.  56.       -0.6239857773       -1.3729042645
  74.  57.        0.0780349578       -0.3468172851
  74.  58.        0.7554305316        0.2810209663
  74.  59.        0.2392687449       -0.0938061608
  74.  60.        0.6052434027        0.3402759293
  74.  61.        0.7244004053        0.2311770141
  74.  62.       -0.8811207595        1.0578384374
  74.  63.       -0.9719067230        0.5100541330
  74.  64.       -0.9359597652        0.7240640581
  74.  65.       -1.2085287341       -0.7919647854
  74.  66.       -0.9305337766       -0.6154387330
  74.  67.       -0.0192038466       -0.1276280325
  74.  68.       -0.6886081221       -1.1963067523
  74.  69.       -0.9646272281       -0.8257920294
  74.  70.       -0.7190311400       -0.0330859768
  74.  71.        0.5312873338       -0.8593461906
  74.  72.       -0.0881393805       -1.1977391754
  74.  73.       -1.1883370617       -0.7250424648
  74.  74.       -0.9159118077        0.2323677115
  75.   0.        0.1073389766        0.0000000000
  75.   1.        0.0429473978        0.8284612448
  75.   2.        0.1894538513       -0.0313230176
  75.   3.        0.1403780079       -0.5004008853
  75.   4.       -0.3464998368        0.3547819831
  75.   5.        0.9717890838        0.1981917280
  75.   6.        0.3813368265        0.4850853898
  75.   7.        0.0671674253        0.3110798445
  75.   8.       -0.5421653794       -0.1577377309
  75.   9.        0.2198065898        0.2793494843
  75.  10.        0.4223716704       -0.1847115157
  75.  11.       -0.1683998918       -0.0842879222
  75.  12.        0.2332305231        0.1822494436
  75.  13.        0.4089487078       -0.0408737581
  75.  14.       -0.6258078876        0.0725523467
  75.  15.        0.2346243179        0.2966946862
  75.  16.       -0.0209038857        0.3712851332
  75.  17.        0.6128217565        0.7292689098
  75.  18.        0.1650115166        0.1885050261
  75.  19.       -0.4239628290       -0.4075018358
  75.  20.       -0.1430972726       -0.2164841654
  75.  21.       -0.1129913921       -0.7979278242
  75.  22.        0.5059585372        0.4574517955
  75.  23.        0.3867040305       -0.5487419067
  75.  24.       -0.2799639953       -0.6327241031
  75.  25.       -0.3937938587        0.3120896648
  75.  26.       -0.0970922545        0.1464241599
  75.  27.       -0.2996480756        0.0467342195
  75.  28.       -0.2308757798       -0.1443050961
  75.  29.        0.1577264026       -0.2881705860
  75.  30.       -0.4270840248       -0.5767845964
  75.  31.       -0.5015811300       -0.3051045887
  75.  32.        0.6835047946       -0.4635715875
  75.  33.       -0.4885396761        0.1233729817
  75.  34.       -0.0256975258        0.2373384920
  75.  35.        0.3972068862        0.5778724040
  75.  36.        0.0864369428        0.7374218271
  75.  37.        0.4578241467        0.5988031173
  75.  38.       -0.0092324862        0.1278620156
  75.  39.       -0.4329062053        0.0205226616
  75.  40.       -0.8373693295       -0.2409169591
  75.  41.       -0.3239860614       -0.6589798607
  75.  42.       -0.3358086855       -0.1639029081
  75.  43.        0.8032613720       -0.7000777788
  75.  44.       -0.0513143778        0.2257395183
  75.  45.        0.2392332417       -0.3736081431
  75.  46.        1.2518697456        0.6041508993
  75.  47.       -0.8175521143        0.3714231069
  75.  48.       -0.2703417443        0.2009546380
  75.  49.       -0.2795141413       -0.5638536362
  75.  50.       -1.1058246402       -0.7163162844
  75.  51.       -0.2995840349       -0.2773584827
  75.  52.       -0.5517752802       -1.0415957826
  75.  53.       -0.9589611841       -0.1785819158
  75.  54.        0.7062336370       -0.0274580407
  75.  55.        0.3014374228       -0.6100160896
  75.  56.        0.6607318675        0.2945490478
  75.  57.        0.1898002139        0.9391196070
  75.  58.        0.4409001742       -0.2036334123
  75.  59.       -0.0681453818        1.3820043578
  75.  60.       -0.8231855083        0.6975179687
  75.  61.       -0.2990290197       -0.3278963972
  75.  62.       -0.7049499003        0.1171046823
  75.  63.       -0.7899360328       -0.7062450920
  75.  64.       -0.8343496801       -1.1366256527
  75.  65.       -0.2198113611       -0.6040880672
  75.  66.        0.4520483757       -1.2280117233
  75.  67.        1.0827578464       -1.0005953606
  75.  68.       -0.1601873778        0.0578517298
  75.  69.        1.6015099432       -0.0865246742
  75.  70.        1.2652746956       -0.4370586278
  75.  71.       -0.3420458942       -0.3284489596
  75.  72.        0.0786404752        0.5904663004
  75.  73.        1.1460263964        0.3222218625
  75.  74.        0.5494758384        0.0735996688
  75.  75.        0.1635554246       -0.3608569786
  76.   0.        0.0381879466        0.0000000000
  76.   1.        0.4912923938       -0.1145248503
  76.   2.        0.1226789893       -0.4137731838
  76.   3.       -0.4252321141        0.0080245696
  76.   4.       -0.4027315638       -0.0487133030
  76.   5.       -0.3483449088       -0.2491607567
  76.   6.       -0.3394685937       -0.2630738778
  76.   7.       -0.1281474516       -0.2190593269
  76.   8.        0.1905286984       -0.2867622789
  76.   9.        0.1318193006       -0.5822265947
  76.  10.       -0.2116947930        0.1587616102
  76.  11.        0.5009132436        0.0216990940
  76.  12.       -0.1596477321       -0.3092027272
  76.  13.       -0.1794626028       -0.1590318527
  76.  14.       -0.1229689350       -0.1462120830
  76.  15.       -0.3501670341       -0.4074705857
  76.  16.       -0.3000712416       -0.1260162573
  76.  17.        0.0045808771       -0.2570574317
  76.  18.       -1.1718072299        0.3172403137
  76.  19.        0.3023942681       -0.0876297612
  76.  20.        0.5897556327       -0.2959279443
  76.  21.       -0.3530228035       -0.0124388201
  76.  22.        0.2267008966       -0.0595285670
  76.  23.        0.6078699408       -0.3102981390
  76.  24.       -0.1027573603        0.3050254720
  76.  25.        0.2990966867       -0.1017962568
  76.  26.       -0.6702574319        0.7419489448
  76.  27.        0.2560752674       -0.0396684898
  76.  28.       -0.3546104288       -0.5750756040
  76.  29.        0.1615558783        0.0422834864
  76.  30.       -0.0359053882       -0.2335083789
  76.  31.        0.3144196842       -0.3705606488
  76.  32.       -0.0810505993       -0.2792114723
  76.  33.        0.0007430748        0.3660287776
  76.  34.       -1.1563464149        0.2844848972
  76.  35.       -0.0386797937        0.4219363253
  76.  36.       -0.2651627627        0.2672585095
  76.  37.       -0.0352241179       -0.3278620662
  76.  38.        0.2839244708       -0.0810687165
  76.  39.       -0.3716971588       -0.7694301805
  76.  40.        0.3238116869       -0.4653319449
  76.  41.        0.5022510951        0.4333075360
  76.  42.        0.9630599997       -0.0313040883
  76.  43.        0.1818583449       -0.6967330317
  76.  44.        0.0805563531        0.6307437906
  76.  45.       -0.6948369432        0.8532443487
  76.  46.       -0.6647713021       -0.2792332158
  76.  47.       -1.0776317587       -0.3611030725
  76.  48.        0.3015488270       -0.5133778098
  76.  49.       -0.1172136556       -0.5428847698
  76.  50.        0.5561831894       -0.4614701716
  76.  51.        1.2047460770       -0.6792199419
  76.  52.        0.0859747792       -0.2319873838
  76.  53.        0.8733124283        0.6537997737
  76.  54.        0.0306982964       -0.2724041816
  76.  55.       -0.1434245149        0.3745017121
  76.  56.        0.0755816004        1.0066184196
  76.  57.       -0.9029277420       -0.0012126249
  76.  58.       -1.3308822712       -0.2438463551
  76.  59.        0.1816623732        0.0215900373
  76.  60.       -1.1002340968       -1.3006445636
  76.  61.       -0.7043820379       -0.7090581498
  76.  62.        1.0944938793       -0.4087875971
  76.  63.        0.1338114120       -0.7435257848
  76.  64.       -0.5080282651        0.3578583172
  76.  65.        0.9536943234        0.2404391078
  76.  66.        0.9869379386        0.2286454190
  76.  67.       -0.1664947006        0.5965823080
  76.  68.        1.4110599270        1.8316409279
  76.  69.       -0.4803941760       -0.6870477601
  76.  70.       -1.3280990990        0.5302267646
  76.  71.       -0.7333909412        0.8765090787
  76.  72.       -0.2008131729        0.8430013529
  76.  73.       -0.7099156858       -0.6322332866
  76.  74.       -0.6795220224        0.1744150478
  76.  75.       -0.0759901850        1.2815988710
  76.  76.        0.4551906442        0.5061387570
  77.   0.        0.0492162483        0.0000000000
  77.   1.        0.2652237423       -0.6025494260
  77.   2.        0.1605159498        0.2234482794
  77.   3.        0.2613153172       -0.1893634251
  77.   4.       -0.4579875896        0.0232873666
  77.   5.       -0.5824062136        0.0214468634
  77.   6.       -0.0550962668       -0.2751805009
  77.   7.        0.1685387477       -0.2071477187
  77.   8.        0.5987506292        0.1132102058
  77.   9.        0.0206462452       -0.1043868031
  77.  10.       -0.5462467552        0.2608944530
  77.  11.        0.3587139981       -0.0243310357
  77.  12.       -0.3922085052       -0.0413610507
  77.  13.       -0.3777621545        0.1891179247
  77.  14.       -0.3871462525       -1.1002716802
  77.  15.        0.0091040365       -0.0711216251
  77.  16.       -0.4435589853        0.2066523663
  77.  17.       -0.1144375912       -0.8110736217
  77.  18.       -0.1382045825        0.2800674835
  77.  19.        0.5857762240        0.0191275364
  77.  20.        0.1139523988        0.2393118116
  77.  21.       -0.2632053241        0.3953092605
  77.  22.       -0.3743098619       -0.4749663973
  77.  23.        0.4013918739        0.4635342778
  77.  24.        0.5000639224        0.3755340106
  77.  25.        0.0684880962        0.0118563245
  77.  26.       -0.1515333533       -0.2680456237
  77.  27.        0.3060368611        0.2433612108
  77.  28.       -0.3148419746       -0.0074662285
  77.  29.       -0.3423285171        0.4300058278
  77.  30.        0.1210288950        0.1518553980
  77.  31.        0.1296311923        0.4837531893
  77.  32.       -0.6002726208        0.3491100304
  77.  33.       -0.3187042021       -0.1533923409
  77.  34.       -0.6563727191        0.1185578026
  77.  35.       -0.3254796442       -0.8853436430
  77.  36.       -0.3143310575       -0.9901413112
  77.  37.       -0.2134849816       -0.1750345075
  77.  38.       -0.3412131413        0.4208912984
  77.  39.        0.5634100648        0.0791843060
  77.  40.        0.1442865726        0.6083677984
  77.  41.        0.0500930838        0.4758332368
  77.  42.       -0.1585241163       -0.1123307791
  77.  43.       -0.5369091197        0.7674472967
  77.  44.        0.4674289405        0.5813351481
  77.  45.       -0.0222127023       -0.9812043749
  77.  46.       -0.3654742876       -0.9886432527
  77.  47.        0.1864640727        0.4019384074
  77.  48.        0.2305066032       -0.8039233628
  77.  49.        0.1225219409        0.0057345272
  77.  50.        0.6445549068        0.3342199477
  77.  51.        0.1552933362        0.4016401736
  77.  52.       -0.2769382615        1.0499111131
  77.  53.        0.1075871455        0.3273644521
  77.  54.       -1.0204267506       -0.1287239250
  77.  55.       -0.6351621976       -0.4054575205
  77.  56.       -0.1266795763       -0.3697105058
  77.  57.       -0.2561371278       -0.8604662348
  77.  58.        0.0207878496       -0.1908711008
  77.  59.        0.7170380155       -1.1926845731
  77.  60.        0.5367465888        0.0570704420
  77.  61.        0.6634383186        0.4553878571
  77.  62.        0.7124316775       -0.8343372540
  77.  63.        0.8160411068        1.8928135988
  77.  64.       -0.8783561014        1.5670258394
  77.  65.       -0.1954994579       -0.3811375373
  77.  66.       -0.7251404333        0.3280770138
  77.  67.       -0.2878725002        0.6021800186
  77.  68.        0.1839423759        0.2123967116
  77.  69.       -1.6421467537        0.0612254035
  77.  70.       -0.2565741861       -0.5900141497
  77.  71.        0.4305839456       -1.5321789661
  77.  72.       -0.4943638008       -1.7581565521
  77.  73.       -0.0436289698       -1.5562099534
  77.  74.        0.8535569692       -0.8099214750
  77.  75.        0.3535277133       -0.8041211267
  77.  76.       -0.9011224854       -1.1449692305
  77.  77.       -1.0214184304       -0.8047621993
  78.   0.        0.0350269533        0.0000000000
  78.   1.        0.0780405690        0.1265515651
  78.   2.        0.0179809395        0.0920477472
  78.   3.        0.2286335207       -0.2022572969
  78.   4.       -0.1866414125       -0.5483559126
  78.   5.       -0.5452407903        0.2563062360
  78.   6.        0.1402693824        0.4365394481
  78.   7.        0.2292081688        0.0217854644
  78.   8.       -0.5016395507        0.3119456337
  78.   9.       -0.5462750976       -0.2049825248
  78.  10.        0.7814248788        0.1321634931
  78.  11.       -0.2364173695       -0.2314030723
  78.  12.        0.6664880878        0.1081424058
  78.  13.       -0.1075382900       -0.1241506489
  78.  14.       -0.2359482595        0.1850445602
  78.  15.        0.0805283316        0.8450992891
  78.  16.        0.1145859599        0.0279790962
  78.  17.       -0.1290544508        0.1883501141
  78.  18.        0.5375259515       -0.1782033735
  78.  19.       -0.2261459595       -0.3153487792
  78.  20.       -0.2072357570        0.3624929653
  78.  21.       -0.1599699176       -0.0214605207
  78.  22.       -0.2553410869        0.1799737529
  78.  23.       -0.0377849038        0.0616356325
  78.  24.       -0.1616992008       -0.3743921193
  78.  25.        0.1869170754        0.3060452662
  78.  26.        0.4566456777       -0.3812809634
  78.  27.       -0.4887567617        0.1953515820
  78.  28.        0.1230611825        0.1161096038
  78.  29.       -0.0593441321       -0.0643019834
  78.  30.       -0.4208165967       -0.2324744042
  78.  31.        0.0965710936        0.3793142086
  78.  32.        0.2844122711        0.1810169127
  78.  33.        0.1639335911       -0.3994562395
  78.  34.        0.6480162496       -0.1762977745
  78.  35.       -0.5761223974       -0.3184384178
  78.  36.       -0.2138854092       -0.2534774333
  78.  37.       -0.4123152117        0.5635534606
  78.  38.       -0.6770232872        0.6075801612
  78.  39.       -0.1560958454        0.3790906355
  78.  40.       -0.3371006561       -0.0289468650
  78.  41.       -0.2262332257       -0.5123941659
  78.  42.       -0.0150105991        0.3031932479
  78.  43.       -0.3584123881       -0.4369028904
  78.  44.       -0.0408332463       -0.4404411899
  78.  45.        0.3929873242       -0.2255768573
  78.  46.        1.1115768682       -0.2207729657
  78.  47.        0.8195532182       -0.0060076907
  78.  48.       -0.8506291524        1.2288298944
  78.  49.       -0.0016707401        0.7877239789
  78.  50.       -0.3362793925       -0.3533281327
  78.  51.       -1.1763148244        0.5773311745
  78.  52.       -0.4029082256       -0.1629310102
  78.  53.       -0.4906126673       -1.0631049713
  78.  54.       -0.1135462700       -0.2831394078
  78.  55.        0.5276428608       -1.2522885480
  78.  56.        0.4849984777       -0.8521321384
  78.  57.        1.3170787588        0.7265155341
  78.  58.        1.3582127159       -0.0595187863
  78.  59.       -0.0895021502        0.3967287438
  78.  60.        0.5795479578        1.3370694144
  78.  61.       -0.2263285870       -0.0816918635
  78.  62.       -1.6889855327        0.4776344652
  78.  63.       -0.7892118250       -0.0249273409
  78.  64.       -0.1810791086       -0.3690493881
  78.  65.       -1.7834490934       -1.1004618795
  78.  66.       -0.1147138401       -1.1954448009
  78.  67.        0.1004426113       -1.2187980080
  78.  68.       -0.1481352528       -0.1335837679
  78.  69.        0.5976658002        0.6106097891
  78.  70.        1.2740041493       -0.4216562342
  78.  71.        0.0834925518        0.0891193883
  78.  72.        0.8765555072       -0.4009686764
  78.  73.        0.8628138910        1.0339330941
  78.  74.        0.1671194299       -0.2281325382
  78.  75.       -0.1199181966        1.0624355749
  78.  76.        0.4139933156        1.6133986552
  78.  77.        1.0821494217        0.5201228995
  78.  78.        0.7543016232       -0.2478648213
  79.   0.        0.1413785092        0.0000000000
  79.   1.       -0.1524531427       -0.3318722041
  79.   2.       -0.2041885686       -0.2509538835
  79.   3.       -0.2516151830        0.3686586127
  79.   4.        0.9946189497       -0.0729540870
  79.   5.        0.3160625967       -0.6866587840
  79.   6.        0.5157650966        0.1965293111
  79.   7.        0.3084455677       -0.0233065215
  79.   8.       -0.6924455003        0.1415093938
  79.   9.       -0.3606751901        0.5382575809
  79.  10.        0.1464623707       -0.5190962425
  79.  11.       -0.1424079317       -0.2878809779
  79.  12.        0.6875075394       -0.2846361683
  79.  13.        0.0402041317       -0.5740190406
  79.  14.       -0.1239666642        0.8686211643
  79.  15.        0.4566908246       -0.3305617350
  79.  16.        0.5949735415       -0.5448201101
  79.  17.       -0.3383597159       -0.3375393157
  79.  18.       -0.4340022909       -0.9442666481
  79.  19.       -0.4787920691       -0.4260431724
  79.  20.       -0.2609782787        0.1065239272
  79.  21.        0.0833747191        0.1955471431
  79.  22.       -0.3156332807        0.1510197913
  79.  23.       -0.1922818362        0.0597698689
  79.  24.       -0.2901254267        0.3410146860
  79.  25.       -0.0336397070       -0.1283999757
  79.  26.       -0.0938277429        0.1576850265
  79.  27.        0.4482453334        0.3040281569
  79.  28.        0.3620078045       -0.2745332841
  79.  29.        0.6020942809       -0.2070417776
  79.  30.        0.1576203915        0.0532944971
  79.  31.        0.4709437740       -0.5337334134
  79.  32.       -0.0216049296        0.0705109240
  79.  33.        0.1959274112       -0.1201246013
  79.  34.       -0.1674109869        0.3149477026
  79.  35.        0.1796399386        0.2567797613
  79.  36.       -0.1022104469        0.6131177084
  79.  37.        0.2606692105        0.2375416840
  79.  38.       -0.0422142424       -0.1790087559
  79.  39.       -0.1977767337        0.0146769902
  79.  40.       -0.0700939668        0.0818119103
  79.  41.        0.2250752271       -0.2399288572
  79.  42.        0.2533554912        0.2408251805
  79.  43.        0.6447805446       -0.2583747730
  79.  44.        0.3800164495       -0.3592889291
  79.  45.        0.1784196139        1.1769402520
  79.  46.       -0.3150393065        0.8397106160
  79.  47.        0.0215061306        0.3444796353
  79.  48.       -0.3972669794        0.2700616866
  79.  49.       -0.8645153922       -0.4608624149
  79.  50.       -0.5086167895       -0.1551113966
  79.  51.       -0.0192164506       -1.1108740046
  79.  52.        0.8053895447       -0.3743438420
  79.  53.        0.6885022249        0.1077468245
  79.  54.        0.5103110122       -0.4174764279
  79.  55.        0.7662708208        0.6973871684
  79.  56.        0.7266711840        0.6780788894
  79.  57.        0.4922165929        0.0623784995
  79.  58.       -0.9902940482        0.2362856430
  79.  59.       -0.7428677501        0.1658055050
  79.  60.       -0.2290399698       -0.2438160849
  79.  61.       -0.9465777213       -0.5142924177
  79.  62.        0.1312874048       -1.4551612280
  79.  63.        0.0438744048       -1.0768215335
  79.  64.        0.5969438213       -0.9556864468
  79.  65.        0.9725498644        0.2021494358
  79.  66.        1.0313663113       -0.7670975338
  79.  67.        0.6625230667       -0.4335841202
  79.  68.        0.5219964221        1.2968985751
  79.  69.        0.6098999957        0.6369848154
  79.  70.       -0.6561777571        0.8080861272
  79.  71.       -1.3838806015        0.2344162631
  79.  72.        0.1369991497        0.2933859717
  79.  73.       -0.2122544684       -0.6728555325
  79.  74.       -0.5744353793        0.3573603473
  79.  75.        0.0764929326        0.1616256927
  79.  76.        0.1047490627       -1.3032177349
  79.  77.       -1.3755797800       -1.6817158096
  79.  78.       -1.3439623081        0.9026238183
  79.  79.       -0.2113600775        0.5194474671
  80.   0.        0.0093243372        0.0000000000
  80.   1.       -0.1941868210       -0.0200372574
  80.   2.       -0.4064502058       -0.0777377796
  80.   3.       -0.2580398162        0.1540021732
  80.   4.        0.1586900998        0.0924863311
  80.   5.        0.7506306019        0.1246093207
  80.   6.        0.6077489475        0.1593956471
  80.   7.       -0.1637729839        0.3269721907
  80.   8.        0.2480718083        0.0074313298
  80.   9.        0.1657698198        0.5162296230
  80.  10.       -0.7584569971       -0.0436008931
  80.  11.       -0.2568070561        0.4185500335
  80.  12.        0.0112459338       -0.3727410071
  80.  13.       -0.0669052032        0.4815078370
  80.  14.        0.1725750245       -0.4136791962
  80.  15.        0.0251768117       -0.3039647627
  80.  16.        0.2362358632        0.1051106863
  80.  17.       -0.2665777979       -0.0321267714
  80.  18.        0.0949399911       -0.2785561806
  80.  19.        0.0732413645        0.2367939601
  80.  20.        0.0531068236       -0.2418469179
  80.  21.        0.0888387023        0.2829742913
  80.  22.        0.0251722530        0.5353145044
  80.  23.       -0.2044556977        0.0721210162
  80.  24.        0.0887981870        0.5447051464
  80.  25.       -0.1135944632       -0.5605964312
  80.  26.       -0.6375140284        0.2918196285
  80.  27.        0.5000128978       -0.4322711605
  80.  28.        0.0767046127       -0.0622935640
  80.  29.        0.0564159167        0.4617885203
  80.  30.        0.4717830211        0.4352789766
  80.  31.       -0.5182186189        0.1167433995
  80.  32.       -0.3995451162        0.7266544354
  80.  33.        0.0099687324        0.1876240332
  80.  34.       -0.2098559990       -0.3206694989
  80.  35.        0.2061290701        0.4951786242
  80.  36.       -0.4522897575       -0.2368606999
  80.  37.        0.0347906017       -0.3025853125
  80.  38.       -0.0651872959       -0.4862588669
  80.  39.        0.5922681724       -0.9735171761
  80.  40.        0.1734112935       -0.0062231632
  80.  41.        0.2185545177       -0.0516277863
  80.  42.       -0.5361781595        0.2370084300
  80.  43.       -0.0749702555        0.9260220053
  80.  44.       -0.0881210063        0.5605268579
  80.  45.        0.2111750802        0.2088447852
  80.  46.       -0.6908831877       -0.0688122993
  80.  47.       -0.5978711649       -0.0042218785
  80.  48.        0.3733266844       -1.1141747422
  80.  49.        0.0461014359       -0.3502837357
  80.  50.        0.3814576696       -0.1007194363
  80.  51.        1.2905802521       -0.4208643946
  80.  52.        0.0377398657       -0.1466089233
  80.  53.        0.9294657664        0.8148448036
  80.  54.       -0.3515448751        1.1598967640
  80.  55.       -0.7772060869        0.3538692687
  80.  56.       -0.9335769820        0.1332192373
  80.  57.        0.0087376791       -0.0344752434
  80.  58.       -0.8366181371       -0.3200159567
  80.  59.        0.2319086752       -0.4954931071
  80.  60.        0.5468436257       -0.9406759446
  80.  61.        1.2535869824        0.1135750222
  80.  62.        0.2158658832       -0.1957702699
  80.  63.        0.7213604264       -0.4749889507
  80.  64.        0.6544145568        1.4913670035
  80.  65.        0.8437119100        1.1499278104
  80.  66.       -0.6843300629        0.1298612745
  80.  67.       -0.3929554579        0.7789844930
  80.  68.        0.3482942143        0.0564659563
  80.  69.       -1.7626469985        0.5487952003
  80.  70.       -1.2509573967       -0.5240847552
  80.  71.        0.0753608541       -0.8270801045
  80.  72.       -0.2883738684       -0.7666240991
  80.  73.        0.0146074260       -0.7742243928
  80.  74.        1.0754163347       -0.4839405220
  80.  75.        0.2630687468       -1.1833414279
  80.  76.       -0.7693795205        0.0464743889
  80.  77.        0.3638899235        0.1825753318
  80.  78.        1.8958837623       -0.8403168574
  80.  79.        0.4541292848       -1.2598358586
  80.  80.       -0.5350209111       -0.6517418445
  81.   0.        0.3232236026        0.0000000000
  81.   1.       -0.5374771107       -0.0954739145
  81.   2.        0.1369517044       -0.0642604939
  81.   3.        0.2937919294        0.0810265413
  81.   4.       -0.6484116721        0.1775228276
  81.   5.        0.2523520025        0.6455859697
  81.   6.       -0.4557419353       -0.4607876090
  81.   7.       -0.1339003639        0.7747330015
  81.   8.        0.7156204856       -0.0348186384
  81.   9.       -0.0559503971       -0.7287470578
  81.  10.        0.1247244157        0.1358256509
  81.  11.        0.0712188133       -0.0532370345
  81.  12.       -0.3421136214        0.1860504421
  81.  13.        0.1931849388        0.5831276244
  81.  14.        0.5256103247       -0.5619428093
  81.  15.       -0.6521974053        0.4218401288
  81.  16.       -0.2729654107        0.2140543954
  81.  17.        0.0073920146        0.3540430390
  81.  18.       -0.1372782643        1.1795695018
  81.  19.        0.5443702482       -0.0217071772
  81.  20.       -0.0180760729       -0.0679443997
  81.  21.        0.2853602058        0.0064607487
  81.  22.        0.3504696702       -0.5608083952
  81.  23.       -0.3632951716        0.3582918161
  81.  24.        0.1420074040       -0.8551325915
  81.  25.       -0.4947258214        0.1258780817
  81.  26.       -0.2065262863        0.3925988787
  81.  27.       -0.3384095428       -0.6896037974
  81.  28.       -0.2360220697        0.3257962559
  81.  29.        0.3168984997        0.2677707070
  81.  30.        0.1385679574       -0.1131064363
  81.  31.       -0.6921429033        0.1168440849
  81.  32.        0.5905779876       -0.3834332288
  81.  33.       -0.7017478006        0.1712538188
  81.  34.        0.3015230402        0.0127306377
  81.  35.        0.4478203701       -0.2016790112
  81.  36.        0.3217636500       -0.1890424665
  81.  37.        0.0707262220       -0.1701560940
  81.  38.        0.7047959226        0.1170660520
  81.  39.        0.2024019964        0.0830684186
  81.  40.        0.0077995744        0.1344440035
  81.  41.       -0.8455601030        0.0459898347
  81.  42.       -0.0712278438       -1.0584724638
  81.  43.       -0.7904991497        0.2834172655
  81.  44.       -0.1814770340       -0.3418426298
  81.  45.       -0.2963457628       -0.9630923876
  81.  46.        0.1946984675       -0.2940172698
  81.  47.        0.5436275432       -0.6736279629
  81.  48.        0.3772993842        0.3702030353
  81.  49.        0.6198448347        0.8302207969
  81.  50.        0.0967157379        0.6401605981
  81.  51.        0.0661861933        0.4694152859
  81.  52.       -0.3592702015        0.6527168736
  81.  53.       -0.9162410577       -1.1144944907
  81.  54.       -1.2115376922       -0.4723501747
  81.  55.       -0.2765915672        0.0149215157
  81.  56.       -0.7405456496       -0.4963005120
  81.  57.        0.5266046013       -0.6300699256
  81.  58.        0.7004527353       -0.3737169126
  81.  59.        0.5978918356       -0.4607831675
  81.  60.        0.5393150691        0.6135706862
  81.  61.        0.9556461578        1.0267968514
  81.  62.       -0.5789304058        1.3059236268
  81.  63.       -0.5400883392        0.1215703732
  81.  64.        0.4508341492       -0.2466669183
  81.  65.       -1.0444197671       -0.5463226717
  81.  66.       -0.1786066596       -0.5597073475
  81.  67.        0.7992127249       -0.5614471411
  81.  68.        0.1234226469       -1.3727838531
  81.  69.        0.0785881882        0.3387559990
  81.  70.       -0.1063840577       -0.0622363732
  81.  71.       -0.0984120506       -0.2992296891
  81.  72.       -0.1938213666       -0.8175487816
  81.  73.        1.6039143480        0.2988065430
  81.  74.        0.3530864181        0.1550389301
  81.  75.       -0.1406765330        0.5501128618
  81.  76.       -0.1786313906        1.1862961620
  81.  77.        0.4076461453        0.4025377825
  81.  78.        0.2517090765        0.0160116975
  81.  79.        0.1750611670        1.8615742908
  81.  80.        0.4205578879        1.3161899973
  81.  81.       -0.6325939291       -0.7825486464
  82.   0.       -0.0096203627        0.0000000000
  82.   1.       -0.0246803405        0.1310864297
  82.   2.        0.4118529288        0.1467311561
  82.   3.       -0.1019608678       -0.2439962227
  82.   4.        0.3893385876        0.1334360423
  82.   5.       -0.0143617239        0.1046722923
  82.   6.       -0.3412160411       -0.4002462959
  82.   7.        0.1972746731       -0.1532316696
  82.   8.        0.3088495284       -0.3621164153
  82.   9.       -0.0408325757       -0.3139795879
  82.  10.        0.3605155531       -0.0776251559
  82.  11.       -0.0420361647       -0.2610803605
  82.  12.       -0.2923893451        0.4417871531
  82.  13.        0.1326439493       -0.6074438433
  82.  14.       -0.1067469695        0.5435591672
  82.  15.        0.0169108393       -0.0655461211
  82.  16.       -1.1069984464       -0.6237919079
  82.  17.        0.0709200177       -0.0231982716
  82.  18.       -0.0480091640        0.1340213646
  82.  19.       -0.6953809696        0.2031100032
  82.  20.        0.1370660744        0.3335554060
  82.  21.       -0.1224317354       -0.4064542312
  82.  22.       -0.0874992817       -0.1925106579
  82.  23.        0.4360130221        0.2051432812
  82.  24.       -0.2906569376       -0.3222267797
  82.  25.        0.4115669387        0.3510672801
  82.  26.        0.3032602459       -0.5319406877
  82.  27.       -0.7387385459       -0.1420057246
  82.  28.       -0.0727505808        0.2789375965
  82.  29.        0.0878145258       -0.4397762437
  82.  30.       -0.7300608927       -0.1641230613
  82.  31.        0.2697661631        0.2132194232
  82.  32.        0.6569406560       -1.3205049930
  82.  33.        1.1953083472        0.0895622351
  82.  34.       -0.4650868253       -0.0805941954
  82.  35.       -0.5953560753        0.4486243660
  82.  36.        0.7433132928        0.0856743515
  82.  37.        0.1146497103        0.2218678527
  82.  38.       -0.1258952165        0.1281450230
  82.  39.       -0.5971387613        0.5260869563
  82.  40.       -0.5375624241       -0.5066027424
  82.  41.        0.2497635005        0.5054356809
  82.  42.        0.4580145134       -0.5668557432
  82.  43.        0.5341703333       -0.6226160220
  82.  44.        0.4702956503       -0.6998318132
  82.  45.        0.2775759773        0.1394411387
  82.  46.        0.7384777999        0.3947359214
  82.  47.        0.2720589638        0.8838815898
  82.  48.        0.0024201202        0.7793232036
  82.  49.       -0.5406599895       -0.1212294821
  82.  50.       -0.5907894829        0.4706882936
  82.  51.       -1.2357955248       -0.1777087305
  82.  52.        0.0564836540       -0.4854734949
  82.  53.       -0.4375915506       -0.0922722665
  82.  54.        1.0568561235       -1.2774246766
  82.  55.        0.9903986588       -0.1851145766
  82.  56.        0.6456520950        0.3645901316
  82.  57.        0.6592640120        0.9723756360
  82.  58.       -0.2503912447        1.1054129380
  82.  59.       -1.1679759845       -0.0720756947
  82.  60.        0.2566468578        0.8711212816
  82.  61.       -1.1329459143        0.1690090510
  82.  62.       -0.9600838637       -0.2596001538
  82.  63.       -0.7485673869       -0.6307238453
  82.  64.        0.1078583979       -1.6198202969
  82.  65.       -0.4593416129        0.3333552782
  82.  66.        0.8018753953       -1.4781836066
  82.  67.       -0.0502072566       -0.8393269428
  82.  68.        0.3662123694       -0.4320278826
  82.  69.        1.0285985463        0.6987324358
  82.  70.       -0.0545223700        1.1263667980
  82.  71.       -0.2367968380        0.0650501560
  82.  72.        1.0714980703        0.8529103863
  82.  73.       -0.5179750970       -0.3225716753
  82.  74.       -0.8284220983        0.7719252451
  82.  75.       -0.2705845311       -0.1212362852
  82.  76.        0.3886552399       -0.4326287648
  82.  77.       -1.2173652269       -0.2578214960
  82.  78.       -0.5362953196        0.1492794821
  82.  79.        0.7270873962       -1.0040237413
  82.  80.       -0.6582978681       -0.7869413990
  82.  81.       -0.5010230455       -0.2891412886
  82.  82.        0.5844509563        0.0289901234
  83.   0.       -0.5257667502        0.0000000000
  83.   1.        0.3615233134        0.3324259530
  83.   2.        0.1334708952       -0.0572317833
  83.   3.       -0.0773277404        0.2785596225
  83.   4.       -0.0644976023       -0.0435519990
  83.   5.       -0.2910657271       -0.2397060525
  83.   6.       -0.2240026684        0.2496024438
  83.   7.       -0.1972171905       -0.3502712766
  83.   8.       -0.5867989747       -0.2892326970
  83.   9.        0.6391457954       -0.1942875587
  83.  10.        0.4848085851        0.0266755414
  83.  11.        0.1043741856       -0.0049512284
  83.  12.        0.2883807033       -0.3797847830
  83.  13.       -0.2132109305       -0.3867665522
  83.  14.        0.0755959626        0.6384359416
  83.  15.        0.4564453998       -0.2688791267
  83.  16.        0.1254797933       -0.2089313745
  83.  17.        0.5327545089       -0.2327238580
  83.  18.        0.2325060542       -0.8856078900
  83.  19.       -0.3016757850        0.3559168311
  83.  20.       -0.0279606278        0.0770835768
  83.  21.        0.4271744648       -0.7140122233
  83.  22.        0.4782792553        0.3531078680
  83.  23.        0.5188301263       -0.0503845168
  83.  24.       -0.5886292615        0.5653842169
  83.  25.        0.6774209020       -0.4972089621
  83.  26.       -0.1103967402        0.0625167874
  83.  27.       -0.2739919970        0.2276908341
  83.  28.       -0.0093879642       -0.5668669743
  83.  29.       -0.4298578671       -0.1168568203
  83.  30.        0.1216223126        0.0481934495
  83.  31.        0.3485127229       -0.4399306838
  83.  32.       -0.9633276047        0.2250590249
  83.  33.        0.7643449612       -0.3201130992
  83.  34.       -0.8238618278        0.3819510062
  83.  35.       -0.6570566713        0.6592546510
  83.  36.       -0.2808976526        0.4624745558
  83.  37.       -0.8266770775       -0.2400565354
  83.  38.       -0.2316299703       -0.3411831175
  83.  39.        0.1311751372       -0.4296248957
  83.  40.        0.2834922148       -0.5358913624
  83.  41.        0.9011681861        0.3846706076
  83.  42.        0.5538760161        0.0689837579
  83.  43.        0.1228146216        0.3925507519
  83.  44.        0.5555019899        0.7927495703
  83.  45.       -0.0827090737        1.2471868810
  83.  46.       -0.4933615544        0.0832990755
  83.  47.       -0.2219926601        0.1892259241
  83.  48.       -0.7814971780       -0.2677297857
  83.  49.       -0.4178806989       -0.5117409742
  83.  50.        0.4180656188       -0.5220520492
  83.  51.        0.5336519596       -0.6089002253
  83.  52.        0.1149788507       -0.7192749231
  83.  53.        0.7886423526        0.2071080160
  83.  54.        0.0633005899        0.1969042493
  83.  55.        0.7893032574       -0.0773332676
  83.  56.       -0.2323288919        1.2762605551
  83.  57.       -1.3915118947        0.2852277253
  83.  58.       -1.0375235085       -0.3305134452
  83.  59.       -0.5725602189        0.6854019488
  83.  60.       -0.3270088855       -0.9507625208
  83.  61.        0.1990147491       -1.1649010641
  83.  62.        0.7104950367       -0.1909807756
  83.  63.       -0.2188585018       -0.4718501367
  83.  64.       -0.2442149714        0.6305861488
  83.  65.        1.0973677804        0.4083139339
  83.  66.       -0.8238882858        0.8263670291
  83.  67.       -1.4241089025        1.0637236490
  83.  68.        0.0830134797        0.5939451366
  83.  69.       -0.9536397632       -0.6646389385
  83.  70.       -1.0048331857        0.5982489522
  83.  71.       -0.9352837169       -1.2384675443
  83.  72.        0.3157692021       -0.6214895813
  83.  73.       -0.5274103279       -0.5796395092
  83.  74.        1.0554147571       -0.4095238966
  83.  75.       -0.2239591344       -1.0835011080
  83.  76.       -0.0009890624       -0.5740375702
  83.  77.        1.1126822933        0.1712790390
  83.  78.        0.5444807566        0.3709336073
  83.  79.       -0.3439543736       -0.3935175406
  83.  80.       -0.0491561116        1.4589373769
  83.  81.        1.1926579162        0.1993561407
  83.  82.        0.5333755107       -1.5179546846
  83.  83.       -0.3466557063       -1.7282517021
  84.   0.        0.5306101250        0.0000000000
  84.   1.       -0.4421287493        0.1156023658
  84.   2.        0.0086046494       -0.1316229994
  84.   3.        0.8325088207        0.1709651559
  84.   4.       -0.5814215955        0.1343645545
  84.   5.       -0.9096425424       -0.5369971593
  84.   6.       -0.1677007792        0.1127588290
  84.   7.        0.0529761044        0.2054116533
  84.   8.       -0.1315578586        0.3220669030
  84.   9.       -0.1334384800        0.0250147619
  84.  10.        0.1263295509       -0.0753840407
  84.  11.       -0.0856101824        0.2379455341
  84.  12.       -0.1912182149       -0.5588621523
  84.  13.       -0.0075618857        0.3874582601
  84.  14.        0.0127877955        0.0407487443
  84.  15.        0.1735474743       -0.5986978599
  84.  16.        0.3190464137        0.4896832642
  84.  17.        0.3604287365       -0.2229673660
  84.  18.       -0.3631693029       -0.0316971302
  84.  19.        0.5764797799       -0.3879388572
  84.  20.        0.0558160269       -0.2589734742
  84.  21.       -0.3841814006        0.4392587775
  84.  22.        0.0473273987       -0.5421567559
  84.  23.       -0.0150325693        0.1731307633
  84.  24.        0.9236861003        0.3363565097
  84.  25.       -0.3705127341        0.0612774042
  84.  26.       -0.1079334189       -0.0998737801
  84.  27.       -0.3802032730        0.0025039371
  84.  28.       -0.0511543759       -0.7603682699
  84.  29.        0.2953069280        0.2205390507
  84.  30.        0.6133813288        0.0694931102
  84.  31.       -0.0172828292        0.6699543010
  84.  32.        0.2806176714        0.3105785081
  84.  33.       -0.5084950456       -0.5647422357
  84.  34.        0.0574907880        0.6541752089
  84.  35.        0.4039341521       -0.6869745018
  84.  36.       -0.4485468391       -0.1123602697
  84.  37.       -0.3591529771       -0.2868778359
  84.  38.        0.0486792558       -0.4027462952
  84.  39.        0.2819756691       -0.3789736523
  84.  40.        0.4845574381        0.5626057528
  84.  41.        0.2437836276       -0.4180045096
  84.  42.       -0.4076060787        0.3431659010
  84.  43.       -0.4395156986        0.4241530045
  84.  44.       -0.3408006247        0.1715339008
  84.  45.       -0.7565195500       -0.0656474969
  84.  46.       -0.3998165483        0.2271242981
  84.  47.        0.3820610986       -0.7247813387
  84.  48.        0.1616917975       -0.5530492580
  84.  49.        0.5062595869        0.2631305538
  84.  50.        0.8804695138        0.1203483619
  84.  51.        0.2188501682        0.2123873290
  84.  52.        0.1961120396        0.2600840255
  84.  53.        0.2826743027       -0.3596498371
  84.  54.       -1.0535251070        0.7726845550
  84.  55.       -0.6033310248        0.5026012482
  84.  56.       -0.3445730053       -0.7614377186
  84.  57.       -0.3130620423       -1.1579632166
  84.  58.        0.3697084051       -0.3493510223
  84.  59.        0.7447933802       -1.0457034614
  84.  60.        0.2601984494       -0.2162648350
  84.  61.        0.4569586117        0.5068928554
  84.  62.        0.8257001356       -0.5808340125
  84.  63.       -0.3225504457        1.3446680652
  84.  64.       -0.5662946895        1.2305330283
  84.  65.       -0.4814790135       -0.3893877945
  84.  66.       -1.3353967386        0.2329869122
  84.  67.       -0.4642805607       -0.1071308836
  84.  68.       -0.2760179320       -1.6287773518
  84.  69.       -0.1615056584        0.2219700599
  84.  70.       -0.3317034498       -0.5264631764
  84.  71.        0.0547796822       -0.5741428215
  84.  72.       -0.4599606907       -0.0177467419
  84.  73.        1.7190440554       -0.3812301423
  84.  74.        0.5679984150        0.4808501890
  84.  75.        0.0462346473        1.0819863561
  84.  76.        0.5765379950        1.4971397443
  84.  77.        0.8315803906        0.2110253153
  84.  78.       -0.0259994656        0.7716671017
  84.  79.        0.4088057317        0.9838471248
  84.  80.       -0.0711524157        0.5610471459
  84.  81.       -0.6662396599        0.5014600302
  84.  82.       -1.5122703193        1.6470470165
  84.  83.       -0.3940765994        1.4577919413
  84.  84.        0.0175128822        0.7831649990
  85.   0.        0.0227387318        0.0000000000
  85.   1.        0.0818263913       -0.1775781682
  85.   2.        0.1186836836        0.2706004740
  85.   3.       -0.6173425864       -0.7845377930
  85.   4.        0.2856039551       -0.2747081961
  85.   5.        0.2240603324       -0.0219134287
  85.   6.        0.0553134224        0.1635073736
  85.   7.        0.4206532627       -0.2827439494
  85.   8.        0.5989453028       -0.1058062318
  85.   9.       -0.5343492571        0.4986987094
  85.  10.       -0.8410941560        0.2559791681
  85.  11.       -0.2919885387       -0.5919379430
  85.  12.       -0.7800360075        0.7227777610
  85.  13.        0.0557951074       -0.1292771038
  85.  14.       -0.0328595782       -0.7284441094
  85.  15.       -0.2846879212        0.2668259363
  85.  16.        0.3147843190        0.2002420277
  85.  17.       -0.5619686653        0.1296784192
  85.  18.        0.6876643048        0.2529803982
  85.  19.        0.0167527832       -0.0134440237
  85.  20.        0.0216375109        0.4650890779
  85.  21.        0.4274753559        0.4204888099
  85.  22.       -0.2302448089       -0.4622601897
  85.  23.       -0.7027276806       -0.1384667358
  85.  24.        0.1713085595       -0.0704175764
  85.  25.       -0.5870209555        0.3509128366
  85.  26.        0.5236947169       -0.3837730066
  85.  27.        0.4573156111        0.5574413973
  85.  28.        0.1683391694        0.5143891133
  85.  29.        0.1187632044        0.2914619334
  85.  30.       -0.8418972485        0.4171768022
  85.  31.        0.2077770968        0.0831258015
  85.  32.       -0.0340036256        0.4082094595
  85.  33.       -0.2758144574       -0.0417179489
  85.  34.        0.5588008977       -0.4322357288
  85.  35.        0.1771535357       -0.5982600637
  85.  36.        0.2926983262        0.1526704857
  85.  37.        0.6186166035        0.0271646244
  85.  38.       -0.5398504326        0.0991775687
  85.  39.        0.0745128317        0.8572085976
  85.  40.       -0.3119525850       -0.2377968078
  85.  41.       -0.3236421539       -0.2757663300
  85.  42.       -0.3156637643        0.1964627178
  85.  43.       -0.4241511883       -0.3889902857
  85.  44.        0.3014508744       -0.4133195872
  85.  45.        0.0961812870       -0.5931154267
  85.  46.        0.5516383044       -0.1486266874
  85.  47.       -0.0031852350        0.1842250388
  85.  48.        0.9545870030        0.5682208723
  85.  49.        0.1340535841        0.5051931724
  85.  50.        0.2592402464       -0.4888309822
  85.  51.       -0.8106709323        0.5464557812
  85.  52.       -0.7827223300       -0.1934042684
  85.  53.       -1.1637829715       -1.4887590840
  85.  54.       -0.0164794597       -0.3370983481
  85.  55.       -0.1241800772       -1.1700640805
  85.  56.        0.2174543767       -0.6531873878
  85.  57.        1.0728540847        0.4108212521
  85.  58.        0.7556500922        0.5149687726
  85.  59.       -0.0554410703        0.1292219821
  85.  60.        0.1124936872        0.8691060371
  85.  61.       -1.0046620286        0.8018266247
  85.  62.       -0.9912174910        0.0388331765
  85.  63.       -0.2895533653       -0.1522701636
  85.  64.       -0.1637252240       -0.7299071813
  85.  65.       -0.4682997332       -0.2707439416
  85.  66.        0.7597522646       -1.0106149119
  85.  67.        0.1093641803       -0.8501298500
  85.  68.       -0.1174093881       -0.3742299737
  85.  69.        1.0959749039        0.0600049063
  85.  70.        1.0119117943        0.4223367137
  85.  71.       -0.3229351230        0.3463054649
  85.  72.        0.1450067120        0.4353032156
  85.  73.        0.1984392217        0.2761375371
  85.  74.       -0.8245139328        1.2137187100
  85.  75.       -0.1520041787        1.0012705027
  85.  76.       -0.2524882821       -0.7424936571
  85.  77.       -0.6045395285        0.0441835153
  85.  78.       -0.3231406015       -0.0290518937
  85.  79.       -0.2843806420       -0.5506510815
  85.  80.        0.0926219115       -0.8070866307
  85.  81.        0.0607872878        0.7335887333
  85.  82.        0.5866818199        0.5006295853
  85.  83.       -0.3717507427       -1.4170353181
  85.  84.       -0.7428035328       -0.5575179056
  85.  85.        0.1687553229        0.0044182887
  86.   0.       -0.8278568433        0.0000000000
  86.   1.        0.7043933497       -0.0037061534
  86.   2.        0.0477865774       -0.3333672764
  86.   3.       -0.2111734077       -0.0389334412
  86.   4.        0.3425407462        0.3593571737
  86.   5.        0.6669675641       -0.0960699812
  86.   6.       -0.3378173735        0.0484023260
  86.   7.        0.0195078597        0.0427571499
  86.   8.       -0.1955813500       -0.3181976774
  86.   9.       -0.2080549175        0.3493750565
  86.  10.        0.2249517933       -0.4835415294
  86.  11.        0.2570137359        0.0334304316
  86.  12.        0.2618759722        0.1180562256
  86.  13.       -0.3931365759       -0.1168394233
  86.  14.        0.1351415148        0.2212103764
  86.  15.       -0.1451128736        0.7501933724
  86.  16.       -0.1875517956       -0.0460873414
  86.  17.       -0.2647788780        0.7095447264
  86.  18.        0.7650239470       -0.4086813874
  86.  19.       -0.0257926993       -0.1300763805
  86.  20.       -0.0042430771        0.3558656601
  86.  21.       -0.0114161885       -0.7378281044
  86.  22.       -0.2716931121        0.7381493839
  86.  23.        0.1133209340       -0.8495925294
  86.  24.       -0.6646115520       -0.0077860512
  86.  25.        0.4253110748       -0.1454513298
  86.  26.        0.0016394191        0.0240057244
  86.  27.        0.1784673509        0.6281556917
  86.  28.        0.3559531575        0.4703991556
  86.  29.       -0.3731707450       -0.4849512406
  86.  30.       -0.1045337909        0.5652256821
  86.  31.        0.7751156072       -0.6028375417
  86.  32.       -0.7247611210       -0.2646721447
  86.  33.        0.4869641599        0.2049030243
  86.  34.        0.2507139696       -0.7094674308
  86.  35.       -0.3379765365        0.4008779336
  86.  36.       -0.1554685412       -0.0462454042
  86.  37.        0.2473889771       -0.1431631704
  86.  38.        0.5245964678        0.8739857045
  86.  39.       -0.0754058319        0.0318361805
  86.  40.        0.2885797972       -0.7539241098
  86.  41.       -0.4897172519       -0.1644929564
  86.  42.       -0.2783487582       -0.1613467980
  86.  43.        0.3536028340       -0.1926816538
  86.  44.        0.5721885305        0.2664528387
  86.  45.        0.4741956780        0.1289183710
  86.  46.        0.4159016031        0.0412725813
  86.  47.       -0.2558640154        0.6724873391
  86.  48.       -0.4071653546       -0.3087525850
  86.  49.       -0.8329452557        0.6212408830
  86.  50.       -0.5663236057       -1.1401856278
  86.  51.        0.9047760420       -0.1988287436
  86.  52.        0.0288585702       -0.7552888102
  86.  53.       -0.1913027231       -0.4149674641
  86.  54.        1.0838861044        0.1609199791
  86.  55.        0.4097972276       -0.2750559703
  86.  56.        0.2389206925        0.4298716884
  86.  57.        0.3294282489        0.6631035497
  86.  58.       -0.3012364871        0.2744184180
  86.  59.       -0.2264513638        0.2697228813
  86.  60.       -0.7041822459       -0.7753579527
  86.  61.       -0.6067662203       -1.0338445854
  86.  62.       -0.4062539671       -0.6225628219
  86.  63.        0.6661411205       -1.4130838955
  86.  64.        0.4325920245       -0.4874212100
  86.  65.        0.8471374032       -0.4897037099
  86.  66.        0.6115306976        0.1064290189
  86.  67.        0.5337912698        0.8626139559
  86.  68.       -0.2450609062        1.1438215806
  86.  69.        0.4947474431        0.6018879269
  86.  70.       -0.2005526742        0.1203124444
  86.  71.       -0.1486981913        0.6627548628
  86.  72.       -0.7955122278       -1.3516969487
  86.  73.       -0.5124305577       -0.5609875360
  86.  74.        0.0070210228       -0.1598275331
  86.  75.       -0.3268383122       -0.4670416561
  86.  76.       -1.3666840558       -0.7036062499
  86.  77.       -0.3808576225        0.3364890948
  86.  78.        0.5857411120       -0.4150468236
  86.  79.       -0.0439189173       -0.0424537956
  86.  80.        0.6847622998        0.8675463381
  86.  81.        0.7561754371       -0.1369769550
  86.  82.        0.4278234255       -1.7181660291
  86.  83.        0.1486865181        0.4238239574
  86.  84.        0.7395223709        0.2776912131
  86.  85.        1.0336726998        0.1690335241
  86.  86.        0.7861273775        0.0032804209
  87.   0.       -0.1961318008        0.0000000000
  87.   1.       -0.1935026441       -0.0908685271
  87.   2.       -0.6389352569       -0.2226281800
  87.   3.        0.3309883497        0.3496044966
  87.   4.       -0.0041593208        0.0011238905
  87.   5.       -0.6135946504        0.4427908151
  87.   6.        0.4413684957       -0.2650760201
  87.   7.       -0.3605581701        0.0285854194
  87.   8.       -0.4349299514        0.3664229369
  87.   9.        0.1435514293        0.0352193135
  87.  10.       -0.0205559644        0.3866390993
  87.  11.        0.2987928916        0.8110084387
  87.  12.        0.3378853429       -0.3101256519
  87.  13.       -0.3808428903       -0.0797532927
  87.  14.       -0.1423881553        0.3419897863
  87.  15.       -0.2767077549       -0.0270761402
  87.  16.        0.3394190627        0.4912503638
  87.  17.        0.2056002159       -0.2917301442
  87.  18.       -0.8624901511       -0.0111089828
  87.  19.       -0.1531132039        0.4824510404
  87.  20.       -0.1613779451       -0.2150299072
  87.  21.       -0.4674106497        0.4771418295
  87.  22.        0.5730354686        0.2383248173
  87.  23.       -0.0820232689       -0.0039642621
  87.  24.        0.2011866528        0.1569350956
  87.  25.       -0.1395374872       -0.1143688492
  87.  26.       -0.4681408467        0.1888287641
  87.  27.        0.4598684473        0.2217535362
  87.  28.       -0.2865722353       -0.4221793544
  87.  29.       -0.0946210380        0.3355724122
  87.  30.        0.3823990555       -0.5221576613
  87.  31.       -0.2002369939       -0.2820099724
  87.  32.        0.1697415938        0.3020523986
  87.  33.        0.0213989429        0.2870908396
  87.  34.       -0.0346799241        0.0457413184
  87.  35.        0.0842102043        0.4574938346
  87.  36.       -0.3291916074        0.0044819987
  87.  37.       -0.7614722151       -0.0898164091
  87.  38.        0.1622686709       -0.0207309689
  87.  39.       -0.0964286611       -0.2006065987
  87.  40.        0.2016003923        0.1867972154
  87.  41.        0.5817129156       -0.3338201462
  87.  42.       -0.0675184399       -0.5527517988
  87.  43.        0.2550958776        0.1918317377
  87.  44.       -0.8437751244        0.2638444033
  87.  45.       -0.1128554580        0.0023975891
  87.  46.       -0.3901515869        0.5954161759
  87.  47.       -0.4616054972       -0.1049794680
  87.  48.       -0.4229352090       -0.6793544277
  87.  49.       -0.2629260706       -0.4512893893
  87.  50.       -0.5453140692        0.5996350894
  87.  51.        1.0132728708       -0.2497087288
  87.  52.        0.9529074202        0.0999710279
  87.  53.        0.7326132944        0.3801910498
  87.  54.        0.0813904657        0.5762364730
  87.  55.       -0.8514229718        0.3156393780
  87.  56.       -0.0820066521       -0.0082570124
  87.  57.       -0.8904927555       -0.7780946060
  87.  58.       -0.4057906723       -0.1917879620
  87.  59.        0.4132711072       -0.7832312674
  87.  60.        0.7324524335       -0.7246377699
  87.  61.        0.7935497754       -0.6995806402
  87.  62.        1.2438005629       -0.2265941411
  87.  63.        0.8338868836        0.5300105306
  87.  64.        0.2188403332        1.3636562821
  87.  65.       -0.1422941621        0.1731099320
  87.  66.       -0.6158189811        0.6408857640
  87.  67.       -0.5230370918        0.6641243832
  87.  68.       -0.5270648181        0.2683947082
  87.  69.       -0.7664291152       -0.2421413684
  87.  70.        0.0491835214       -0.7427069013
  87.  71.        0.8220759197       -1.2985351709
  87.  72.       -1.1220086799       -0.6132721251
  87.  73.        1.2458038023        0.0043796673
  87.  74.        1.4833347656       -0.8167998491
  87.  75.        0.1236950317        0.3848108561
  87.  76.        0.0029724776        1.0408677505
  87.  77.        0.6423593482        0.1551816678
  87.  78.        0.2499775930       -0.5408435401
  87.  79.       -0.4125225607        1.0673245461
  87.  80.        0.0265091816        0.3026994945
  87.  81.       -0.4478551255       -0.0538293615
  87.  82.       -0.4914656042        0.8129686855
  87.  83.        0.8235253837        1.0257116407
  87.  84.        0.8378011569       -0.1250922013
  87.  85.       -0.6589390975       -0.4795546444
  87.  86.       -0.6228088793        0.9894492839
  87.  87.        0.4816429629        0.2469409917
  88.   0.        0.3517187071        0.0000000000
  88.   1.       -0.2163086098       -0.5289059851
  88.   2.       -0.0977583809        0.6294501947
  88.   3.       -0.1905603610        0.1579089643
  88.   4.       -0.0242228924       -0.0772282620
  88.   5.        0.3064886517        0.5612297372
  88.   6.        0.1935511901        0.1297249148
  88.   7.       -0.4358002117        0.0587408676
  88.   8.        0.5270524367        0.0430096596
  88.   9.        0.4750321081       -0.2835659616
  88.  10.       -0.2109271532        0.7045872317
  88.  11.        0.0995352224       -0.5826320286
  88.  12.       -0.1310287110       -0.1144603026
  88.  13.        0.3348611667        0.2059500501
  88.  14.        0.2173014657       -0.7258355778
  88.  15.        0.1301263740       -0.1198529417
  88.  16.        0.1923991131        0.1921776369
  88.  17.       -0.2458342100       -0.3962434294
  88.  18.       -0.3655797321        0.6349711315
  88.  19.        0.2366003551       -0.2234015770
  88.  20.       -0.4562252299       -0.0507959474
  88.  21.        0.3035438251        0.3811275783
  88.  22.        0.1478535284       -0.4128107371
  88.  23.       -0.6303654077        0.4562959481
  88.  24.        0.6255372190       -0.4420433679
  88.  25.       -0.1434762754       -0.2221549394
  88.  26.       -0.1016025101        0.0134010414
  88.  27.        0.2021084629       -0.5114425065
  88.  28.       -0.3462620747        0.1436389309
  88.  29.       -0.1934274719       -0.0372905210
  88.  30.       -0.3676478377       -0.3208643078
  88.  31.       -0.2687188775        0.3659577605
  88.  32.        0.0428079458       -0.0125880831
  88.  33.       -0.7926459555       -0.0298559466
  88.  34.       -0.2495526585        0.6661308131
  88.  35.       -0.0500598926       -0.2974751029
  88.  36.       -0.5662064852       -0.2297526107
  88.  37.       -0.0944516902       -0.2584225682
  88.  38.        0.3786849884       -1.2084630021
  88.  39.        0.2850818145        0.0434553011
  88.  40.       -0.0482896382        0.0804191688
  88.  41.        0.1654855113       -0.0100226597
  88.  42.        0.0426777884        0.2598702784
  88.  43.       -0.6562658301        0.1978447250
  88.  44.       -0.7073590033        0.0385139269
  88.  45.       -0.2834211929       -0.3080714004
  88.  46.        0.1245970725       -0.4307975196
  88.  47.       -0.0542361554       -0.2421520691
  88.  48.        0.1043071473       -0.1728445452
  88.  49.        0.9671606072       -0.2018941292
  88.  50.        0.3917146822        1.0735489075
  88.  51.       -0.3226607685        0.1725160648
  88.  52.        0.4136179928        0.5905543510
  88.  53.       -0.4627798034        0.1905533282
  88.  54.       -0.4274674773       -0.4636051720
  88.  55.        0.4019666540       -0.5407527836
  88.  56.       -0.0247613819       -0.7905011607
  88.  57.        0.5115382659       -0.7321505827
  88.  58.        0.7438389747       -0.3747792473
  88.  59.       -0.3545439486        0.0277749616
  88.  60.        0.5345052081        0.3355368959
  88.  61.        0.8211674009        0.6749189772
  88.  62.       -0.9502776628        0.1404668617
  88.  63.       -0.3222929102        0.3573863581
  88.  64.       -0.2313967428        0.0821518308
  88.  65.       -1.3348940067        0.2186726074
  88.  66.       -0.5233293337       -0.6491503919
  88.  67.        0.4063473388       -1.3364140576
  88.  68.       -0.0162654297       -0.6517674257
  88.  69.       -0.3160973252       -0.6074901823
  88.  70.        0.7969762803       -0.2971938291
  88.  71.        0.6356152799       -0.1700670287
  88.  72.        1.1453617307        0.7616203997
  88.  73.        0.6302247156        0.6922295083
  88.  74.       -0.8095260348        1.1421306906
  88.  75.       -0.4856895211        1.5403648909
  88.  76.       -0.2217566354        0.4509400759
  88.  77.       -1.1634993349       -0.9013303652
  88.  78.        0.0383742570        0.5229653320
  88.  79.        0.4850270275       -0.3133745103
  88.  80.       -0.5950227226       -0.9075425919
  88.  81.       -0.2483675294        0.5150685512
  88.  82.        0.3697502873        0.5395586065
  88.  83.        0.3956652382       -0.8888229391
  88.  84.       -0.0357244215       -0.6238526503
  88.  85.        0.6838287255        0.2557678959
  88.  86.        1.3576776319       -1.0983542658
  88.  87.       -0.4926003003       -0.6239331731
  88.  88.       -0.8928223651       -0.0905042250
  89.   0.        0.5770840664        0.0000000000
  89.   1.        0.2424783265        0.3077969657
  89.   2.        0.1785714140       -0.1169175721
  89.   3.        0.3721260399        0.1211591342
  89.   4.       -0.0225719386       -0.0200866791
  89.   5.        0.2140250093       -0.4280381134
  89.   6.       -0.6186803163        0.4021498834
  89.   7.        0.0381631555        0.0940926523
  89.   8.        0.0547401146       -0.3886991693
  89.   9.       -0.5259829206        0.2525815402
  89.  10.        0.3122740738       -0.4955392262
  89.  11.       -0.1617257438       -0.2263934072
  89.  12.       -0.0200617344        0.0195974557
  89.  13.        0.4543058327        0.3104014201
  89.  14.       -0.3731497454        0.2615479993
  89.  15.        0.0011835226        0.0463780855
  89.  16.       -0.5391436914       -0.5419264908
  89.  17.        0.0186117446        0.1918020798
  89.  18.        0.4527336466        0.0229348332
  89.  19.       -0.1262375028       -0.5048973391
  89.  20.        0.4498579467       -0.2694865108
  89.  21.        0.1643409254       -0.4281990546
  89.  22.       -0.9068829942        0.0154406475
  89.  23.        0.6683292174        0.1947693603
  89.  24.       -0.7362762457       -0.1773707416
  89.  25.       -0.3350680264        0.1080960703
  89.  26.        0.2214321039       -0.3588410239
  89.  27.        0.1599557445       -0.4160665573
  89.  28.       -0.0926370761        0.1410439891
  89.  29.       -0.1542698352       -0.8287537197
  89.  30.       -0.3102304719        0.2036387051
  89.  31.       -0.4747100301        0.2618807755
  89.  32.       -0.3053585263       -0.6059161393
  89.  33.        0.0282909672       -0.2277917755
  89.  34.        0.6615616818       -0.3275514492
  89.  35.       -0.5143246285       -0.3430534779
  89.  36.        0.7661849339        0.1845288120
  89.  37.        0.2122536738        0.1416708263
  89.  38.       -0.0340522253        0.5491895162
  89.  39.       -0.2272223272        0.8038172378
  89.  40.       -0.3969634286        0.2935605354
  89.  41.       -0.9613922099        0.3063319831
  89.  42.        0.1032024320        0.0915921877
  89.  43.        0.0472296495       -0.5351789812
  89.  44.        0.6454085723       -0.5332476634
  89.  45.        0.1551754327       -0.2087893160
  89.  46.        0.2727033888       -0.2022609052
  89.  47.        0.4443154658        0.7839852824
  89.  48.        0.1692609375        0.0146110491
  89.  49.       -0.6320150494        0.0529007995
  89.  50.       -0.8299525094       -0.2857911777
  89.  51.       -0.5586393637       -0.1671911858
  89.  52.       -0.7040735303       -0.6684205420
  89.  53.       -0.2843776726        0.2345595285
  89.  54.        0.9419902512       -0.0621905538
  89.  55.        0.8866247203        0.3176962687
  89.  56.        0.3190572809        0.3082258682
  89.  57.        0.9086696279        0.7755651539
  89.  58.        0.5290270583        1.2387314608
  89.  59.       -0.3061416523        0.6787434231
  89.  60.       -0.2624161988        0.0837527548
  89.  61.       -0.7445586105       -0.2195087928
  89.  62.       -0.8955260367        0.1781386373
  89.  63.       -1.1004177967       -0.9511176175
  89.  64.       -0.2848754273       -0.7730175539
  89.  65.        0.5313314271       -0.3028908820
  89.  66.        0.4275796218       -0.4397592807
  89.  67.        0.5009189101       -0.4294386645
  89.  68.        0.0852058006        0.3842178647
  89.  69.        0.6770720699        0.7602933684
  89.  70.       -0.9775454563        0.1846991945
  89.  71.       -0.2933283702        0.9763799058
  89.  72.       -0.6908351153       -0.3395386323
  89.  73.       -0.4421892410       -0.2320656732
  89.  74.       -0.5223931203       -0.5003336051
  89.  75.        0.0809245955       -0.3206187539
  89.  76.       -0.4783702865       -0.4186566549
  89.  77.       -0.5187405514        0.0271779912
  89.  78.        0.8300995444       -1.2542048977
  89.  79.        0.0327291321       -0.8521731586
  89.  80.        0.0234940699        0.3586242723
  89.  81.        0.1753055381        0.1295061198
  89.  82.        0.2643413077       -0.0392363966
  89.  83.       -0.7463295898       -0.1059231484
  89.  84.        0.2824622454        0.8701866988
  89.  85.        0.0376884459       -0.2441440598
  89.  86.       -0.4719286144       -0.2993646274
  89.  87.       -0.3091233585        1.4382945732
  89.  88.        1.6122971260        0.2505055478
  89.  89.        0.5241214056       -0.1897863443
  90.   0.       -0.3489485780        0.0000000000
  90.   1.       -0.3804609480        0.4848711241
  90.   2.       -0.0105452110       -0.1695425173
  90.   3.       -0.0891186172       -0.1701206500
  90.   4.        0.0488943481       -0.5949601757
  90.   5.       -0.0940852769       -0.3846610591
  90.   6.        0.4534073429       -0.0040157377
  90.   7.        0.4502430362       -0.1942030149
  90.   8.       -0.6837169140        0.0170954546
  90.   9.       -0.4315713122        0.1143367384
  90.  10.       -0.0257741919       -0.3513702389
  90.  11.       -0.3955105387        0.1515924564
  90.  12.        0.0869923148        0.1256598722
  90.  13.        0.0431571981       -0.2023478558
  90.  14.       -0.0863011684        0.6958267918
  90.  15.       -0.0651675491       -0.1777666248
  90.  16.       -0.1423299309       -0.2285308790
  90.  17.        0.6327206675       -0.0062120772
  90.  18.       -0.1734283138       -0.4194078964
  90.  19.       -0.7456544953        0.2724511450
  90.  20.        0.2648482785       -0.3944600070
  90.  21.       -0.4253739182        0.0392279683
  90.  22.        0.1608024003        0.3593131762
  90.  23.        0.4624453058       -0.4943860423
  90.  24.       -0.3286382662        0.2433904310
  90.  25.        0.5395947241        0.3890778679
  90.  26.        0.1960242465        0.0240206043
  90.  27.       -0.3523582688        0.5690703830
  90.  28.        0.3665884666       -0.6092298043
  90.  29.       -0.0860205963        0.3455083161
  90.  30.        0.4721907374        0.2277149573
  90.  31.       -0.0255290309       -0.2573896517
  90.  32.        0.0035156148        0.4106007100
  90.  33.        0.2478883985        0.0912822423
  90.  34.        0.6039762372       -0.0998208936
  90.  35.        0.2415924188        0.4691362010
  90.  36.        0.3610898382        0.1596496599
  90.  37.       -0.1627361803        0.0000039224
  90.  38.       -0.5473232896        0.1551785587
  90.  39.       -0.1085618596       -0.2034346025
  90.  40.       -0.0808707631       -0.1147017993
  90.  41.       -0.4191687010        0.4023274156
  90.  42.        0.5080309619       -0.0909062094
  90.  43.        0.4622952656        0.2220388897
  90.  44.        0.6315955706       -0.0736812904
  90.  45.        0.1596686587        0.2971329808
  90.  46.        0.1996660080        0.1711798109
  90.  47.        0.5033934818        0.4737436492
  90.  48.       -0.4879361931       -0.3291163315
  90.  49.       -0.4432308630       -0.0117642206
  90.  50.       -0.2979047616       -0.8718106438
  90.  51.       -0.0487582133       -0.3058869684
  90.  52.        0.1368597156       -0.8108848961
  90.  53.        0.6528314840        0.0611208394
  90.  54.        0.3217084369        0.3948517917
  90.  55.        0.1500729898        0.4784472823
  90.  56.       -0.1715646394        0.6719826532
  90.  57.       -0.5389500166        0.0159551869
  90.  58.       -0.7472510467        0.2993476667
  90.  59.        0.0382925766       -0.0259532493
  90.  60.       -0.8106505449       -0.3468044433
  90.  61.       -0.0604831338       -0.6974257999
  90.  62.        0.7624403704       -0.5189858886
  90.  63.        0.4006327389       -0.1005366035
  90.  64.        0.7806953210        0.2353682426
  90.  65.        0.8722232324        0.7538919080
  90.  66.        0.1043748078        0.3405552794
  90.  67.       -0.0064565724        0.5742983998
  90.  68.       -0.0596191471       -0.1074835724
  90.  69.       -0.5056192761        0.1538341485
  90.  70.       -1.2030123705        0.0981920640
  90.  71.        0.2289883078       -0.7184289432
  90.  72.       -0.5028684831       -0.8742841177
  90.  73.       -0.1065632960       -0.2818329779
  90.  74.        1.3148903293       -1.0041687037
  90.  75.        0.5228315907       -1.1813273446
  90.  76.        0.5066655154        0.2410044088
  90.  77.        0.4145421475        0.9126156490
  90.  78.       -1.0830205105        0.0310770356
  90.  79.       -0.2746469129        0.1004391161
  90.  80.       -0.4206579470        0.8945136170
  90.  81.       -0.6511389909       -0.1482246563
  90.  82.       -1.0991140969        0.5752282741
  90.  83.        0.8164293563        0.8412106673
  90.  84.       -0.5916514989       -0.8475113783
  90.  85.       -1.0156173792        1.4677593162
  90.  86.        0.3702991047        0.6569006465
  90.  87.        0.9006342530        0.2705981218
  90.  88.       -1.2566688243       -0.2611113124
  90.  89.       -1.3505208653        0.0445856448
  90.  90.       -1.0768754345       -0.1750086750
  91.   0.       -0.1719621378        0.0000000000
  91.   1.        0.0430972626       -0.0991258318
  91.   2.       -0.0181183633        0.3328550348
  91.   3.        0.0520718914        0.1309822329
  91.   4.       -0.1252221724        0.2955260506
  91.   5.        0.2547374797        0.2797898225
  91.   6.        0.3523883939       -0.4496618280
  91.   7.        0.0164414956       -0.0228239787
  91.   8.        0.2836310462        0.3655948706
  91.   9.        0.4295855349       -0.4143207441
  91.  10.        0.6051635686        0.0930012987
  91.  11.        0.3177442313       -0.2248534398
  91.  12.       -0.3584152286        0.0063363565
  91.  13.        0.2576615563        0.1455448329
  91.  14.        0.2656136135       -0.2617805153
  91.  15.        0.2712760660       -0.4450714183
  91.  16.        0.0647590057        0.0086241870
  91.  17.        0.1549011576       -0.0993802540
  91.  18.       -0.3835298754        0.3143001086
  91.  19.        0.5343918613        0.1676311919
  91.  20.       -0.2185574735       -0.1441598643
  91.  21.       -0.0855911015        0.0250596990
  91.  22.        0.2740476178        0.3011187120
  91.  23.       -0.4981625857        0.5833101597
  91.  24.        0.7288336582        0.7728309953
  91.  25.        0.3786609741       -0.1768085362
  91.  26.       -0.1904118975        0.5096913057
  91.  27.        0.0575385286       -0.3466756868
  91.  28.       -0.5380796923       -0.3814766640
  91.  29.        0.3925916246        0.3160061975
  91.  30.        0.3141524596       -0.4243012307
  91.  31.       -0.1938644085        0.2554620477
  91.  32.        0.6522885332        0.0241198701
  91.  33.       -0.1901683123       -0.1713494384
  91.  34.       -0.9355660062        0.2727296322
  91.  35.        0.5012344291        0.1045313938
  91.  36.       -0.8867012521       -0.3522935304
  91.  37.       -0.0287295743       -0.3453765630
  91.  38.       -0.1466661392       -1.2423702642
  91.  39.       -0.0157884084       -0.4964535264
  91.  40.        0.4849982893       -0.1279729136
  91.  41.        0.4681334948        0.2521140692
  91.  42.       -0.5388614771        0.6789885176
  91.  43.        0.0917007236        0.8925515712
  91.  44.       -1.0640039217        0.6160324748
  91.  45.        0.0638974836        0.5563927132
  91.  46.       -0.1334516863        0.5659581579
  91.  47.       -0.1276464593       -0.7569305289
  91.  48.        0.2154052842       -0.4757415845
  91.  49.        1.0178879255        0.4284945544
  91.  50.        1.2534132341       -0.0012110307
  91.  51.        0.7398563477        0.1369375879
  91.  52.       -0.3784426539        0.0760555630
  91.  53.        0.4614247517        0.4412017967
  91.  54.       -0.4168075662        0.2924212425
  91.  55.       -0.7583443136       -0.0887624917
  91.  56.       -0.5269609497       -0.3845139483
  91.  57.       -0.6601275882       -1.0002820727
  91.  58.       -0.1995070519       -0.8655651074
  91.  59.       -0.3026591264       -1.1516338809
  91.  60.        0.5841276943        0.3151815334
  91.  61.        1.0624950736        0.4111061213
  91.  62.        0.5623313306        0.6639715274
  91.  63.        0.1648780757        1.1237949900
  91.  64.        0.8385793217        0.4883336278
  91.  65.       -0.8531504053        0.2535425960
  91.  66.       -0.9609563498        0.3226529144
  91.  67.       -0.4324830682       -0.5261631521
  91.  68.        0.0447990014       -1.4629347279
  91.  69.       -0.2066840891       -0.5272150698
  91.  70.        0.8790210323       -0.5930075249
  91.  71.        0.4273272375       -0.2693181454
  91.  72.        0.8044886508        0.1731237155
  91.  73.        0.8036061212       -0.1641634771
  91.  74.       -0.0042593278        0.0596986968
  91.  75.       -0.0576923584        0.6881047215
  91.  76.       -0.0554151042        0.9625914688
  91.  77.       -1.4414267523       -0.3457645096
  91.  78.       -0.2766578548        0.5673938289
  91.  79.        0.6730720625       -0.4175853633
  91.  80.        0.1198991379       -0.6392185020
  91.  81.       -0.1346780595        1.4098973980
  91.  82.        0.3631781439        0.6108620558
  91.  83.       -0.0470976809       -0.8791623352
  91.  84.       -0.6734120595        1.0474310418
  91.  85.        0.5762604894        0.1597659947
  91.  86.        0.1892224575       -1.2022980411
  91.  87.       -0.5094620936        0.4133890278
  91.  88.        0.0381594599        0.4480439961
  91.  89.        1.1798429147       -0.4019921260
  91.  90.        0.3497872677       -0.7696459797
  91.  91.        0.4584739808        0.4327407923
  92.   0.        0.3541839098        0.0000000000
  92.   1.        0.2747945517       -0.2675694305
  92.   2.        0.1985615905        0.1130875701
  92.   3.       -0.0476110219       -0.1862457871
  92.   4.       -0.2067390566        0.1614221907
  92.   5.       -0.5312932991        0.2627595352
  92.   6.        0.0277300902       -0.4008520671
  92.   7.       -0.1288814549        0.2318992766
  92.   8.        0.4728029652       -0.0979071089
  92.   9.       -0.0909199450       -0.0937153671
  92.  10.        0.1196466055        0.5895136409
  92.  11.        0.3348591826       -0.0057949456
  92.  12.        0.0609539754        0.5323116457
  92.  13.        0.1591795060        0.0966832104
  92.  14.       -0.1633431586       -0.7650653744
  92.  15.        0.0803656857        0.4132682382
  92.  16.        0.2056313037       -0.0850516521
  92.  17.       -0.8992198354       -0.3510288386
  92.  18.        0.1692560693        0.1953360534
  92.  19.        0.3314299857       -0.1139991409
  92.  20.       -0.1601059635        0.1237557328
  92.  21.        0.7638724247       -0.1739703476
  92.  22.       -0.3474933172       -0.3704113799
  92.  23.       -0.2049215717        0.1970292972
  92.  24.        0.1928474722       -0.4055746795
  92.  25.       -0.6921144714       -0.4401972419
  92.  26.        0.2527508969       -0.0868256135
  92.  27.        0.2462235879       -0.3165194613
  92.  28.       -0.6098992953        0.4534668344
  92.  29.        0.5033296718       -0.6275110424
  92.  30.        0.2199628681       -0.3853868827
  92.  31.       -0.3394096407        0.6225224410
  92.  32.        0.3991634016       -0.2830169688
  92.  33.       -0.2842939439       -0.2765777681
  92.  34.       -0.0236906113        0.0251747423
  92.  35.       -0.2439596993       -0.8614513592
  92.  36.       -0.1697062938       -0.1461927783
  92.  37.        0.7453586722        0.4533563963
  92.  38.        0.0432037504       -0.1477613157
  92.  39.       -0.1468010559        0.2279974512
  92.  40.        0.1874854224        0.4937180049
  92.  41.       -0.4158446729       -0.4432045530
  92.  42.       -0.2358739739        0.2334589746
  92.  43.       -0.2407988498       -0.2637378268
  92.  44.       -0.3938929548       -0.0614987059
  92.  45.       -0.0532271726       -0.1824292661
  92.  46.       -0.2010852286       -0.4481618344
  92.  47.       -0.0254435489        0.3998195965
  92.  48.        0.8549000186        0.4879625105
  92.  49.        0.6433906262        0.6760852247
  92.  50.       -0.0268878841        0.5606294563
  92.  51.       -0.2776158366        0.5062520971
  92.  52.       -0.3548134161        0.0303147919
  92.  53.       -0.6195815642       -0.1068849600
  92.  54.       -0.1597152804       -0.2300603583
  92.  55.       -0.0454602718       -0.4688960079
  92.  56.        0.7885215066       -1.1088438303
  92.  57.        0.6605280181        0.2249485646
  92.  58.        0.7457544856       -0.5102597599
  92.  59.       -0.1135009054        0.1544515021
  92.  60.        0.2824963292        1.1879640793
  92.  61.       -0.5453431276        0.3311254244
  92.  62.       -0.4324862560        0.1294834942
  92.  63.       -0.4444425205        0.5299955982
  92.  64.       -1.5135792770       -0.6532617022
  92.  65.        0.0018322310       -0.4375397036
  92.  66.        0.0951432403       -0.8220584800
  92.  67.       -0.1362635152       -0.4112386589
  92.  68.        0.3452018248       -0.4334122025
  92.  69.        1.3293337290       -0.2295111744
  92.  70.        0.1065247846        0.3410216263
  92.  71.       -0.4358045246        0.7007150976
  92.  72.        0.5886655752        0.9590814857
  92.  73.       -0.4737735652        0.0275011074
  92.  74.       -0.8104302720        0.8093873337
  92.  75.        0.0718293225       -0.0766360146
  92.  76.       -0.1910027630       -0.6119761449
  92.  77.       -1.1254503004       -0.1961144298
  92.  78.        0.3325222022       -0.7535097779
  92.  79.       -0.2655232563       -1.2954985407
  92.  80.       -0.1518877853        0.6801969926
  92.  81.        0.4228938137        0.0269046321
  92.  82.       -0.2660191938       -0.1750418248
  92.  83.       -0.5033690868       -0.2554102767
  92.  84.        1.0742898950        0.0210510641
  92.  85.        0.0457247230       -0.4228832722
  92.  86.       -0.6356217127       -0.0646662113
  92.  87.        0.2360705762        0.4075132885
  92.  88.        0.9513521494        0.1970272789
  92.  89.       -0.8494812427        0.3425964789
  92.  90.       -1.0541144455        0.5897264775
  92.  91.       -0.0833277447        0.4006981595
  92.  92.        0.8238502963        0.1592528659
  93.   0.       -0.1077110077        0.0000000000
  93.   1.       -0.2429467219        0.2723229148
  93.   2.        0.6823047114       -0.0128639296
  93.   3.       -0.7217268897       -0.5305552200
  93.   4.        0.0776334087        0.0471532167
  93.   5.       -0.2027917041       -0.4507836921
  93.   6.       -0.2276733237        0.1026927187
  93.   7.        0.3259896377        0.3684624526
  93.   8.       -0.0702328725       -0.3894069904
  93.   9.       -0.3430268011        0.1450548437
  93.  10.        0.0601183937       -0.3201025004
  93.  11.       -0.3585681709        0.0517012033
  93.  12.        0.5114976036       -0.0449831015
  93.  13.       -0.1026219585       -0.3535410818
  93.  14.       -0.1866346039        0.1043457395
  93.  15.        0.2727379299       -0.1644728826
  93.  16.       -0.1207250832       -0.2993226354
  93.  17.       -0.2341614606        0.1086287709
  93.  18.        0.5245386215       -0.2755735888
  93.  19.       -0.7268097519       -0.0501429121
  93.  20.       -0.5201073857        0.8596580486
  93.  21.       -0.3672462432       -0.7062440470
  93.  22.        0.0432449479       -0.0365922527
  93.  23.        0.4138996011       -0.5700404642
  93.  24.       -0.8251479698       -0.6368548901
  93.  25.       -0.0225927373        0.5792122575
  93.  26.        0.2339196139       -0.4980582767
  93.  27.       -0.2348665737       -0.0111496657
  93.  28.        0.7450255854        1.1542800671
  93.  29.       -0.3888917472       -0.2021377501
  93.  30.       -0.1541604048        0.5270023891
  93.  31.        0.6558108301       -0.5375252589
  93.  32.       -0.3712308187       -0.0002926129
  93.  33.       -0.0493058133        0.0762618970
  93.  34.        0.5174294023       -0.3994306393
  93.  35.       -0.4580067395        0.1016171702
  93.  36.        0.6393911405        0.5078764481
  93.  37.        0.1461404013        0.4378052035
  93.  38.       -0.4147812490        0.8666969945
  93.  39.        0.4770714027       -0.1987625438
  93.  40.       -0.1406760666       -0.0035781544
  93.  41.       -0.3545732153        0.0971792387
  93.  42.        0.0142283804       -0.6752236757
  93.  43.        0.4292711430       -0.4597083349
  93.  44.        0.3244391699       -0.3298517828
  93.  45.        0.3430990151       -0.6054161057
  93.  46.       -0.2959286803       -0.0221240919
  93.  47.       -0.3067943570        1.0376063772
  93.  48.       -0.5235423371        0.8341699910
  93.  49.       -0.8465582841       -0.0230609074
  93.  50.       -0.6534775212        0.0055690306
  93.  51.       -0.2914415802       -0.0837586559
  93.  52.        0.3667604844        0.7728804304
  93.  53.        0.1253056511       -0.4304592151
  93.  54.        0.7339780048        0.1267278311
  93.  55.        1.0810694185       -0.1743045419
  93.  56.       -0.0763644807        0.8374876229
  93.  57.        1.1020451130        0.7890830631
  93.  58.       -0.1361358908        0.8029219487
  93.  59.       -0.1701860112        0.1554677412
  93.  60.       -0.5037553214       -0.6849164883
  93.  61.       -0.6321836541       -0.3029682192
  93.  62.       -0.6547260711       -0.8187637459
  93.  63.        0.5380900059       -1.1251301089
  93.  64.        0.3693568805       -0.7469461747
  93.  65.        0.5038769264        0.1629678349
  93.  66.        0.6451087037        0.5098376849
  93.  67.       -0.3332203371        0.5246733408
  93.  68.       -0.3939462270        0.5812038682
  93.  69.       -0.0309527958        0.5075160840
  93.  70.       -1.0077855086        0.9994421793
  93.  71.        0.0209887781       -0.3383061901
  93.  72.       -0.5422431302       -0.5466033967
  93.  73.       -0.3287359355       -0.3386649961
  93.  74.        0.4975354837       -0.3636960757
  93.  75.        0.2623663829       -1.1614319067
  93.  76.        0.6232095970       -0.6712069332
  93.  77.        1.1444576015        0.3982304139
  93.  78.        0.0497700472       -0.1651164809
  93.  79.       -0.1837303613       -0.3660858625
  93.  80.        0.6413776056        0.8457047165
  93.  81.       -0.0220493064       -0.6608929168
  93.  82.       -0.3502847469        0.9001077648
  93.  83.       -0.2079099198        0.0594348475
  93.  84.        0.3986787306       -0.5500694801
  93.  85.       -0.0381375249        0.0717618899
  93.  86.       -0.2799683729        0.1949040337
  93.  87.        0.1652930194       -0.2836693576
  93.  88.       -1.1422392366       -0.5591023418
  93.  89.       -0.8422688125        0.8581237442
  93.  90.       -0.0378089112       -0.7116063193
  93.  91.       -0.0391334540       -1.2104001710
  93.  92.       -0.7595824218        0.3832650381
  93.  93.       -1.0852723963        0.7872246505
  94.   0.        0.1325705560        0.0000000000
  94.   1.        0.1586112606        0.1888551485
  94.   2.       -0.7147131490       -0.6568532344
  94.   3.        0.0855959095        0.1757858977
  94.   4.        0.0564773463        0.0613506843
  94.   5.        0.4330199992        0.2600034359
  94.   6.       -0.4871702949        0.3769408821
  94.   7.        0.2834459912       -0.4298194146
  94.   8.       -0.3572946434        0.1903949306
  94.   9.        0.0146549195        0.1907611817
  94.  10.       -0.3859040716       -0.7186723758
  94.  11.        0.0171731146        0.1699087050
  94.  12.       -0.2026791123       -0.3653459517
  94.  13.       -0.2322960619        0.0202230004
  94.  14.        0.0750270027        0.3748822307
  94.  15.        0.2427575598       -0.5298289435
  94.  16.       -0.0302282570        0.5772626018
  94.  17.        0.5344613138        0.1681381550
  94.  18.       -0.0492083526       -0.6254813265
  94.  19.        0.1125939058        0.2560721566
  94.  20.        0.1914129682       -0.2683224881
  94.  21.       -0.2037672749        0.0190334603
  94.  22.        0.3316351549        0.1013155778
  94.  23.        0.0843432790        0.0429919671
  94.  24.        0.3193996745        0.8077630586
  94.  25.        0.2150634079       -0.1687026844
  94.  26.       -0.2250133421        0.0409592373
  94.  27.        0.2471614726        0.1102206424
  94.  28.        0.7174067710       -0.3504743810
  94.  29.       -0.3482116580        0.5322347288
  94.  30.        0.5811248265       -0.0418095038
  94.  31.        0.0520551166       -0.7326071051
  94.  32.        0.0348144087        0.2533195112
  94.  33.        0.3810051319        0.0612756631
  94.  34.       -0.5674135646        0.1261082384
  94.  35.        0.7413028018        0.8482731193
  94.  36.        0.2864111041        0.1020506016
  94.  37.       -0.7836567152       -0.2263850633
  94.  38.        0.0007741449        0.4073281390
  94.  39.       -0.1417356211       -0.2726235323
  94.  40.        0.2423724340        0.0553924543
  94.  41.        1.1802787968        0.2097259007
  94.  42.        0.9560484925        0.0635179704
  94.  43.        0.5754311351        0.2692400450
  94.  44.       -0.0695336212       -0.2856643134
  94.  45.       -0.1208294409        0.4566508073
  94.  46.       -0.0664134005        0.3429002370
  94.  47.       -0.4604819963       -0.5038245201
  94.  48.       -0.7428820325       -0.7321526906
  94.  49.       -0.7079868232       -0.6481195012
  94.  50.       -0.4662045866       -0.1858711527
  94.  51.        0.2364168924       -0.2518566496
  94.  52.        0.3037594736        0.5641787945
  94.  53.        0.5781941892        0.3262102961
  94.  54.        0.2260555711        0.7047173171
  94.  55.        0.1729255845        0.6965902357
  94.  56.       -0.3913288616        0.7439123418
  94.  57.       -0.3504662091        0.3862270190
  94.  58.       -0.3814147702        0.2114877947
  94.  59.       -0.0940625218       -0.8129090699
  94.  60.       -0.2326730696       -0.8144681107
  94.  61.        1.0449859386       -0.2973204393
  94.  62.        0.2438025910       -0.6261795281
  94.  63.        0.6783338066        0.4752116309
  94.  64.        0.6865370033        0.9131397417
  94.  65.       -0.3115944551        0.0901951567
  94.  66.       -1.1215164824        0.4266097259
  94.  67.       -0.3716853966        0.0996149233
  94.  68.       -0.5882216626       -0.3327036326
  94.  69.       -0.5126812205       -0.4073650641
  94.  70.        0.8175368102       -0.8562456299
  94.  71.       -0.3122498051        0.0551393517
  94.  72.       -0.0736079106       -0.3405793976
  94.  73.        0.7682803722        0.0606287472
  94.  74.        0.6026036290       -0.0388249631
  94.  75.        0.1374405572        0.3980630057
  94.  76.        1.1040371635        0.8342299608
  94.  77.        0.0759595644        0.0161798619
  94.  78.       -0.1725684754        0.2962501457
  94.  79.       -0.5884612119        0.0624742851
  94.  80.        0.3818188818       -0.4648039911
  94.  81.       -0.9501748634        0.0531421314
  94.  82.        0.2876496604        0.1894221026
  94.  83.        0.0655004872       -0.7363623796
  94.  84.       -1.1066902767        0.1276421647
  94.  85.        0.9619809533        0.0245462382
  94.  86.        0.4903245883       -0.0785992838
  94.  87.       -0.7561703403        0.0583138869
  94.  88.        0.2892859098        0.2941301768
  94.  89.        0.8749030089       -1.0872607066
  94.  90.        0.0326611956       -0.3093014005
  94.  91.       -0.0798622200        0.5973334775
  94.  92.        1.1754762143        0.0425101148
  94.  93.        0.3695974026       -0.6978724778
  94.  94.       -0.0612054860       -0.6249548230
  95.   0.        0.0177438732        0.0000000000
  95.   1.        0.3629809139       -0.3586399292
  95.   2.       -0.5991520599       -0.2742463579
  95.   3.        0.4284154697        0.3919466532
  95.   4.       -0.1032503347       -0.0650356821
  95.   5.        0.0689571788        0.2643242314
  95.   6.        0.2709206758        0.1066317977
  95.   7.       -0.2287185792       -0.0716415328
  95.   8.        0.0257026690        0.1765778670
  95.   9.        0.2999895394       -0.3559473190
  95.  10.       -0.7853206939        0.4608973179
  95.  11.        0.3394468658       -0.2999584416
  95.  12.       -0.2811379088       -0.0800827641
  95.  13.       -0.2367784928        0.4008054547
  95.  14.        0.5036512192       -0.3016911975
  95.  15.       -0.3374875363        0.3756997758
  95.  16.        0.2845776016        0.3509557671
  95.  17.       -0.0319090054       -0.5251595751
  95.  18.       -0.2916294382        0.1287387232
  95.  19.        0.2040421621       -0.1468827829
  95.  20.        0.0967601435       -0.6381060244
  95.  21.        0.7376074461        0.9577782868
  95.  22.        0.6132194142       -0.4183564434
  95.  23.       -0.5929200008        0.3103250890
  95.  24.        0.8718813983        0.2799162980
  95.  25.       -0.3358059317       -0.3810602923
  95.  26.       -0.0665146288        0.5556473347
  95.  27.        0.2370099546        0.1761444101
  95.  28.       -0.1598459480       -0.6200339813
  95.  29.        0.0984004718        0.6678071039
  95.  30.        0.0710750566       -0.6764174312
  95.  31.       -0.1272577157        0.4331614504
  95.  32.        0.0027699848        0.3646026842
  95.  33.       -0.3920811965       -0.0110161151
  95.  34.       -0.4846112867        0.1999740773
  95.  35.        0.4697799739       -0.8054253092
  95.  36.       -0.5742208230       -0.0323306799
  95.  37.        0.0138758083       -0.8182762836
  95.  38.        0.1006885622       -0.2394011937
  95.  39.       -0.1645985426        0.0786202542
  95.  40.        0.0148188181        0.1101869573
  95.  41.        0.1227909308       -0.1847326138
  95.  42.        0.0277608223        0.4341786284
  95.  43.       -0.1357937307        0.6228346698
  95.  44.       -0.0115699465        0.1681891138
  95.  45.        0.0853933675        0.0909175059
  95.  46.        0.0739002976       -0.5502741178
  95.  47.       -0.0003444069       -0.6489930292
  95.  48.        0.5187330517       -0.4462068928
  95.  49.        0.3028700788       -0.5650608004
  95.  50.        0.3317172259        0.4575403561
  95.  51.        0.3550718067        0.0175143135
  95.  52.       -0.4716902868       -0.2066030044
  95.  53.       -0.9481840322       -0.0187257665
  95.  54.       -1.3990226609       -0.0829802522
  95.  55.       -0.6875524265       -0.2461784736
  95.  56.        0.0420019212       -0.2812487743
  95.  57.       -0.1398079965       -0.5406307729
  95.  58.        0.3317472246       -0.3857068900
  95.  59.        0.4400832045        0.2359404312
  95.  60.        0.8785616921        0.6469213687
  95.  61.        0.3006758097        0.7946260410
  95.  62.       -0.2710452439        0.2838671320
  95.  63.       -0.9359439191       -0.1142592004
  95.  64.       -0.6834119269       -0.0852226101
  95.  65.       -0.5614083599       -0.5562367493
  95.  66.       -0.0434295848       -0.7062574943
  95.  67.        0.5499713211       -0.5710353402
  95.  68.       -0.6312150386       -0.2280649181
  95.  69.       -0.0654447827       -0.6234352981
  95.  70.        0.7684678355       -0.1955349356
  95.  71.        0.2741244639        0.9279483695
  95.  72.        0.4061140306        0.4881240008
  95.  73.        0.5874878060       -0.0915117014
  95.  74.       -0.2200167485        0.5981258779
  95.  75.       -0.8013247340        0.9708324561
  95.  76.       -0.2466230820       -0.0123358336
  95.  77.       -0.3191898216        0.1341316465
  95.  78.        0.7137989896        0.4701558140
  95.  79.       -0.4116130136       -0.3840379555
  95.  80.        0.0752684359       -0.4793365241
  95.  81.        1.2925352250        0.7227312582
  95.  82.       -0.1406830481       -0.2735790675
  95.  83.       -0.1067529022       -0.0586469689
  95.  84.        0.1688184012        0.1130357311
  95.  85.        0.5660670756       -0.6076182353
  95.  86.       -0.3648093020        0.0568861261
  95.  87.        0.2798236610        1.1945901823
  95.  88.        0.7373982613       -0.3636548825
  95.  89.       -0.3650072219        0.0082903253
  95.  90.        0.1882528123        0.3444177154
  95.  91.        0.6411885643        0.5140155928
  95.  92.       -0.4029869910       -0.0865251158
  95.  93.       -1.0569088201        0.6351063421
  95.  94.       -1.0884285906        0.6859837032
  95.  95.       -0.5707217923       -0.1866010096
  96.   0.        0.0345410384        0.0000000000
  96.   1.       -0.2555523480       -0.0624733343
  96.   2.        0.6023862507        0.6723817190
  96.   3.        0.1593539165       -0.0309417731
  96.   4.        0.0870235100        0.1580908074
  96.   5.       -0.0293264784       -0.4936698182
  96.   6.       -0.0770373649        0.0530513728
  96.   7.       -0.0826779968        0.2389114888
  96.   8.        0.3903940409       -0.0441075711
  96.   9.        0.2025891700        0.0342695786
  96.  10.        0.6463891328        0.4663406549
  96.  11.       -0.0045644794       -0.0257494510
  96.  12.        0.0823129408        0.2054612473
  96.  13.        0.3457836270       -0.2136229380
  96.  14.       -0.0391607319        0.4604161700
  96.  15.        0.2496710057        0.4595235562
  96.  16.        0.1260644910       -0.4646522691
  96.  17.       -0.2657721142        0.4988020899
  96.  18.        0.5395723397        0.3156956877
  96.  19.       -0.2648134620       -0.2260213309
  96.  20.       -0.1008939514        0.7084711628
  96.  21.       -0.1809873689       -0.3745975800
  96.  22.       -0.6916365325        0.0920489281
  96.  23.        0.1588277196        0.0518905935
  96.  24.       -0.4021845649       -0.7240950448
  96.  25.        0.1174932920        0.3673910746
  96.  26.       -0.1171957415       -0.2194753136
  96.  27.       -0.4829325901       -0.4416260340
  96.  28.        0.0347265119        0.3722767763
  96.  29.        0.6744003561       -0.1146765649
  96.  30.       -0.6023637987        0.0888991249
  96.  31.        0.6131830998        0.5774869573
  96.  32.       -0.2675022048       -0.2993327099
  96.  33.       -0.4266293222        0.5243009581
  96.  34.        0.5292037635       -0.2015274279
  96.  35.       -0.4388521375       -1.0501771076
  96.  36.        0.1607069840       -0.2041021784
  96.  37.        0.3000650933       -0.2196921103
  96.  38.        0.1710999911        0.3257938279
  96.  39.        0.4286507434        0.8335941332
  96.  40.       -0.3856405158       -0.3842777258
  96.  41.       -0.9740248905        0.1010312280
  96.  42.       -0.5422519449       -0.5728835295
  96.  43.       -0.2107749934       -0.0768648745
  96.  44.        0.1708450056       -0.1490377856
  96.  45.        0.2041986862       -0.1785773979
  96.  46.        0.0715835278       -0.2248312588
  96.  47.        0.2827345709        0.3515117803
  96.  48.        0.2902071715       -0.3166005691
  96.  49.       -0.2163943354        0.5287918533
  96.  50.       -0.0978663346       -0.0312267419
  96.  51.       -0.7221764358       -0.1912834499
  96.  52.       -0.8507558001       -0.0246550680
  96.  53.       -0.1812944896       -0.1585945505
  96.  54.       -0.2514052681       -0.7947329336
  96.  55.        0.1415195181       -0.4263819275
  96.  56.        0.1843329656       -0.0160754536
  96.  57.        0.3340700483       -0.1167502114
  96.  58.        0.1684987875        0.4195403978
  96.  59.       -0.3502898873        1.1725806693
  96.  60.       -0.3574207904        0.8322652230
  96.  61.       -0.6499763435       -0.1580925718
  96.  62.       -0.5876723223       -0.1963092111
  96.  63.       -0.4599121803       -1.1778510561
  96.  64.        0.3411309542       -0.6105551365
  96.  65.        0.2814368138        0.0995824024
  96.  66.        0.4574655702       -0.2068671255
  96.  67.        0.5392310068        0.2089168951
  96.  68.        0.8920849947        0.5905448778
  96.  69.        0.2049098139        0.4101663350
  96.  70.       -0.3573696790        0.2743687311
  96.  71.        0.1952037882        1.0106081231
  96.  72.       -0.5588444059       -0.1929807820
  96.  73.       -1.2770097329       -0.1482323215
  96.  74.        0.1506162384        0.0579613281
  96.  75.        0.4157799897       -0.7165544637
  96.  76.       -0.4127666982       -0.6054797143
  96.  77.        0.4547212894       -0.2360803070
  96.  78.       -0.2869003470       -0.4195424943
  96.  79.       -0.4522914886        0.0355865007
  96.  80.       -0.1793689690        0.3200941770
  96.  81.        0.8154201924       -0.1872133716
  96.  82.       -0.5436433577        0.1425037201
  96.  83.        0.0159971580        1.0613937734
  96.  84.       -0.2286319314       -0.4725026450
  96.  85.       -0.2439631562       -0.0774246265
  96.  86.        0.5674377047        0.7193999400
  96.  87.        0.7053775462       -0.1096137495
  96.  88.       -0.3028001290        0.1040117570
  96.  89.        0.2011582307        1.0191423421
  96.  90.        0.9494494251        0.0395654994
  96.  91.       -0.6845167559       -0.1676839613
  96.  92.       -0.5316168995       -0.1578641337
  96.  93.        0.4402125227        0.5452104307
  96.  94.        0.4718106116        0.0716003696
  96.  95.       -0.0788889143       -0.7273678507
  96.  96.       -0.8197809868        0.2768893801
  97.   0.       -0.1937516632        0.0000000000
  97.   1.       -0.4195511938        0.0589672158
  97.   2.        0.1716639993        0.1246864267
  97.   3.        0.1485460806        0.0142835450
  97.   4.        0.2220184857       -0.1460895603
  97.   5.        0.1260934930        0.0657221207
  97.   6.        0.2431102156        0.2899383435
  97.   7.        0.2832231566       -0.3069271968
  97.   8.       -0.3513765560       -0.1940735769
  97.   9.       -0.0503897463        0.8315576606
  97.  10.        0.4179379815       -0.3587149728
  97.  11.       -0.3443192594        0.7034257140
  97.  12.        0.1730629300        0.0735977158
  97.  13.       -0.4172413258       -0.6086505560
  97.  14.       -0.6124821528        0.3761920521
  97.  15.        0.2245597802        0.1185995295
  97.  16.       -0.0152784169       -0.0923349668
  97.  17.        0.3796539873        0.5160317064
  97.  18.        0.1641053957       -0.1471124272
  97.  19.        0.0099068967       -0.0111218413
  97.  20.        0.9190599764       -0.0166996613
  97.  21.       -0.4578286782       -0.2999109922
  97.  22.       -1.0151329856        0.2646225613
  97.  23.        0.2822018222       -0.3779990458
  97.  24.       -0.6470990858        0.0642877266
  97.  25.        0.0792290566        0.1120933500
  97.  26.        0.2150574784       -0.4459787376
  97.  27.       -0.2144249362        0.1157983066
  97.  28.        0.0486371626       -0.1640095329
  97.  29.       -0.0962559522       -0.2656945672
  97.  30.       -0.1026068373        0.8656484528
  97.  31.       -0.1036051779       -0.5441641025
  97.  32.       -0.8982414844        0.0471261079
  97.  33.        1.2229664014       -0.0334372131
  97.  34.        0.2281823574       -0.0626080843
  97.  35.       -0.5688846352        1.0030250738
  97.  36.        0.4370507911       -0.1949419177
  97.  37.       -0.2519079060        0.2686446950
  97.  38.       -0.5718927961        0.2516612731
  97.  39.       -0.5443190672        0.2146840516
  97.  40.       -0.3241045706       -0.2738112275
  97.  41.        0.3851004909        0.0127600551
  97.  42.        0.3733176654       -0.4228015913
  97.  43.        0.1862468738       -0.6528188697
  97.  44.        0.5577241177        0.4017803413
  97.  45.       -0.3334765600       -0.2806481600
  97.  46.       -0.0738989938        0.5346227184
  97.  47.       -0.4387324335        0.4850368483
  97.  48.       -0.4106106105        0.2166083564
  97.  49.       -0.2298767108       -0.1398995065
  97.  50.       -0.2560007166       -0.3660161198
  97.  51.       -0.7381106195       -0.4310877817
  97.  52.        0.1297444213        0.2831396271
  97.  53.        0.8762934285       -0.0826529571
  97.  54.        0.6700369018        0.0335535728
  97.  55.        0.0861865642        0.1674047124
  97.  56.        0.0427172818        0.0070294451
  97.  57.       -0.4383741937        0.2863265018
  97.  58.       -0.4558664150        0.4804094653
  97.  59.       -0.4989878413       -0.4054385145
  97.  60.       -1.5543291939       -0.8885434595
  97.  61.       -0.1971417706       -1.1079792329
  97.  62.        0.6369062749       -0.0687137877
  97.  63.        0.2013087280       -0.6395267366
  97.  64.        0.5950179151        0.3114975109
  97.  65.        0.4622584745        0.2264208761
  97.  66.        0.4032594330        0.7482589580
  97.  67.       -0.1152049381        0.3863883421
  97.  68.        0.2989386611       -0.1719518748
  97.  69.       -1.4610515997        0.3606482576
  97.  70.       -0.1235975702        0.0370018188
  97.  71.        0.7715614696       -0.7492810656
  97.  72.       -0.1946789404       -0.7883584123
  97.  73.        0.1863708379        0.0125891635
  97.  74.        0.5461462372       -1.2956504011
  97.  75.        0.0979029686       -0.0090527701
  97.  76.       -0.1700649028        0.5515184362
  97.  77.       -0.2496167608        0.0868768724
  97.  78.       -0.0605007815       -0.0093216396
  97.  79.        0.3162818099        1.4151155640
  97.  80.       -0.1512116992       -0.5343910094
  97.  81.       -0.0315783777       -0.0867092627
  97.  82.        0.2363067537        0.4197146739
  97.  83.       -0.3044495038       -0.1658842981
  97.  84.       -0.8187791028       -0.1614480872
  97.  85.        0.5079633465        0.2179572180
  97.  86.        1.1138882227       -0.0044409120
  97.  87.        0.2469101204       -0.1745860743
  97.  88.        0.0605013990        0.3612752952
  97.  89.        0.6171346878       -0.2772125399
  97.  90.       -0.2445140080        0.4906226377
  97.  91.       -0.1661353366        0.9588619271
  97.  92.        0.4968193196       -0.3350577171
  97.  93.        0.6215542968       -0.7591178256
  97.  94.       -1.2794396580        0.2414751136
  97.  95.        0.8299641970        0.7389452174
  97.  96.        0.6142274105        0.0741910992
  97.  97.       -0.0567696255       -0.2446583988
  98.   0.       -0.0372406297        0.0000000000
  98.   1.       -0.0141334048       -0.1175426838
  98.   2.       -0.1177662421       -0.2229456154
  98.   3.       -0.0451604023        0.0080207528
  98.   4.       -0.1475514921       -0.2444144603
  98.   5.       -0.2183985769       -0.2420305688
  98.   6.        0.1700045788       -0.1606397196
  98.   7.       -0.3264030337        0.4553927289
  98.   8.       -0.1410023481       -0.1709020443
  98.   9.        0.0903108041       -0.3870407179
  98.  10.       -0.1616161793       -0.1509472183
  98.  11.        0.0564899854       -0.1457433940
  98.  12.        0.1628513032       -0.6652512066
  98.  13.       -0.3693283710        0.5874166054
  98.  14.        0.0810328116       -0.1328935431
  98.  15.       -0.8620774274       -0.3453691204
  98.  16.       -0.4248176675        0.4482246165
  98.  17.        0.2216626290       -0.3020569199
  98.  18.       -0.8664282522        0.1594885798
  98.  19.        0.2380172711        0.0522794085
  98.  20.        0.1692814829       -0.5270050738
  98.  21.       -0.3292514149        0.4723742637
  98.  22.        0.7706652824       -0.3169783789
  98.  23.       -0.6199516072       -0.5525228237
  98.  24.        0.0235841506        0.1687423184
  98.  25.        0.2243139465       -0.2853610551
  98.  26.       -0.3989876912        0.3120601814
  98.  27.        0.4929925393        0.6258958048
  98.  28.       -0.5868111495       -0.4263439127
  98.  29.       -0.5199751772       -0.0999006683
  98.  30.        0.4995096587       -0.0158913377
  98.  31.       -0.4077447551       -0.0758318854
  98.  32.       -0.0118907820        0.7083500445
  98.  33.        0.2519985096       -0.0605649804
  98.  34.       -0.7145292388        0.5314307135
  98.  35.       -0.1122577131        0.8088946437
  98.  36.       -0.5874432460       -0.3421670597
  98.  37.        0.1123656079        0.2561606028
  98.  38.        0.4634071938       -0.6232035442
  98.  39.        0.3906837928       -0.9126873561
  98.  40.        0.4677957252       -0.0269230415
  98.  41.        0.3766043080       -0.3414876475
  98.  42.       -0.0740550198        0.4780993739
  98.  43.       -0.0557447163        0.2768724987
  98.  44.       -0.0175126363        0.2111330800
  98.  45.       -0.3288582677        0.3318484870
  98.  46.       -0.2778117901        0.2269876059
  98.  47.       -0.0212515049       -0.2613891658
  98.  48.        0.0098911982        0.2858915724
  98.  49.        0.3557615004       -0.6385142254
  98.  50.        0.6326597210       -0.3203184511
  98.  51.        0.4636134798       -0.0179553645
  98.  52.        1.2582963934       -0.2621454117
  98.  53.        0.1566989692        0.1674276880
  98.  54.       -0.4864803078        0.6359485149
  98.  55.       -0.6521345945        0.3792979509
  98.  56.       -0.2680952474       -0.4239693823
  98.  57.       -0.6095409376        0.0741844506
  98.  58.        0.0177092524       -0.3713467175
  98.  59.        0.3948049358       -1.2076318310
  98.  60.        0.5156713107        0.0555802502
  98.  61.        0.3684790520       -0.2969405338
  98.  62.        0.7129707699       -0.1360116772
  98.  63.        0.1458783102        0.7631146594
  98.  64.       -0.6230417766       -0.3305121149
  98.  65.       -0.6623924605        0.0538808098
  98.  66.       -0.2930505444        0.4571797380
  98.  67.       -0.4780853155       -0.3730591870
  98.  68.       -0.5736283962       -0.9307488373
  98.  69.       -0.1482645671        0.0508034575
  98.  70.        0.6239997208       -1.2892637792
  98.  71.       -0.2887974792       -0.1345745973
  98.  72.        0.5099716456        0.6306379136
  98.  73.        0.6458989758        0.2125722088
  98.  74.        0.3705417918        0.2768502173
  98.  75.        0.2476354174        0.6290538049
  98.  76.       -0.5996801973        0.1816498159
  98.  77.       -0.9068020110       -0.6288187242
  98.  78.        0.1535200294       -0.0383258379
  98.  79.        0.2468044943       -0.0270762179
  98.  80.       -0.7111956664       -0.1820180772
  98.  81.        0.4485961067       -0.7709652303
  98.  82.        0.6301738823        0.2791863567
  98.  83.       -0.3757286082       -0.2283623691
  98.  84.       -0.4862914351        0.3235830800
  98.  85.        0.5925082867       -0.9696077775
  98.  86.       -0.3742686733       -0.5030138381
  98.  87.        0.0655514344        1.2773862194
  98.  88.        0.1163179950       -0.2238971608
  98.  89.       -0.2973977734       -0.7360099463
  98.  90.       -0.0689158822        0.7927835327
  98.  91.        0.7922794575       -0.4872532592
  98.  92.        0.3879521299       -0.1773789545
  98.  93.       -0.8635454694        0.4505910435
  98.  94.       -0.0633561729        0.9223645037
  98.  95.        0.2067078866       -0.4998887212
  98.  96.       -0.6675290872       -0.6798030345
  98.  97.       -1.0154901911       -0.0256246875
  98.  98.        0.5657213197       -0.0490549620
  99.   0.        0.4065087117        0.0000000000
  99.   1.       -0.2465495201       -0.1105338675
  99.   2.       -0.0004253471        0.3268131114
  99.   3.       -0.1090981283       -0.0566505567
  99.   4.       -0.2023837429        0.1869678074
  99.   5.        0.2331583898        0.0811187859
  99.   6.       -0.3506023074       -0.7775871598
  99.   7.       -0.3377358797        0.3813448742
  99.   8.        0.3865303783        0.0183307188
  99.   9.       -0.4173943669       -0.5545351297
  99.  10.        0.1938679633        0.5753877499
  99.  11.        0.1605902701       -0.6247975657
  99.  12.       -0.4626582690        0.0880242166
  99.  13.        0.5580594495        0.2751002362
  99.  14.        0.0298117510       -0.5935006305
  99.  15.       -0.5462982408        0.0856957872
  99.  16.        0.4090420531       -0.2099206111
  99.  17.       -0.4011680414       -0.4850540285
  99.  18.       -0.1373224957        0.3186263354
  99.  19.        0.5894665987       -0.2724439484
  99.  20.       -0.7955075120        0.5937919147
  99.  21.        0.8285761126        0.1110389095
  99.  22.        0.2780624089       -0.1162272797
  99.  23.        0.3475537342        0.2227611775
  99.  24.        0.4202416871       -0.2360800114
  99.  25.       -0.5234871673       -0.4943807226
  99.  26.       -0.2077870363        0.1315194183
  99.  27.        0.2888989659       -0.7147629101
  99.  28.       -0.2457528415        0.4582650781
  99.  29.        0.0634574971       -0.3277152427
  99.  30.        0.0582065798       -0.3243154730
  99.  31.       -0.2357067876        0.8063095457
  99.  32.        0.5474178608       -0.0797638551
  99.  33.       -0.4564416926        0.5077799539
  99.  34.        0.0564098626        0.7801912862
  99.  35.        0.1026112537       -0.6687872996
  99.  36.       -0.0763592485        0.1598780366
  99.  37.        0.3867508574        0.0299856517
  99.  38.        0.3255508807       -0.1173563663
  99.  39.        0.4034960451        0.4695420404
  99.  40.        0.4048679125        0.0195093084
  99.  41.       -0.2173365512        0.2519575003
  99.  42.        0.0253701773        0.6872902794
  99.  43.       -0.6531828878        0.4622359600
  99.  44.       -1.0639131232       -0.5499651378
  99.  45.        0.2331541303       -0.2473963295
  99.  46.        0.1043677934       -0.2832550889
  99.  47.        0.4117678663       -0.2045638281
  99.  48.        0.2231408861       -0.0606148266
  99.  49.        0.4148563464       -0.0808620335
  99.  50.       -0.0212006984        0.0799949284
  99.  51.        0.2533812894        0.0885882056
  99.  52.       -0.0891122659       -0.2851824302
  99.  53.       -0.4315184244       -0.5240880662
  99.  54.       -0.6133470228       -0.0890793993
  99.  55.       -0.3230610351        0.0308700996
  99.  56.        0.3055929132       -0.7276761507
  99.  57.        0.4623561814       -0.0069022130
  99.  58.        0.1795349058       -0.2499256080
  99.  59.       -0.0898393759       -0.0245913307
  99.  60.        1.2472705035        1.0109064676
  99.  61.       -0.5827618279        0.5409836354
  99.  62.       -0.5303065463        0.2944933965
  99.  63.       -0.3029264597        0.0154398227
  99.  64.       -0.7214266713       -0.5367003524
  99.  65.       -0.3065285762        0.0377393271
  99.  66.        0.6097116354       -0.9346316245
  99.  67.        0.2294451471       -0.4026697059
  99.  68.        0.4800811795       -0.0249959069
  99.  69.        1.1355549522        0.1773324566
  99.  70.       -0.2776700338        0.0805745710
  99.  71.        0.1038095808        0.5809126308
  99.  72.       -0.1339210550        0.2900063348
  99.  73.       -0.4235682219       -0.1284197107
  99.  74.       -0.8889801852        0.0306654687
  99.  75.       -0.5045454007       -0.4878862356
  99.  76.       -0.4871977136        0.1861429278
  99.  77.       -0.0949837864       -0.6304303972
  99.  78.        1.1722851808       -0.8242789955
  99.  79.        0.0331133290       -0.4977541446
  99.  80.       -0.1707751858        0.5941711355
  99.  81.        0.9243111238       -0.0373901425
  99.  82.        0.1948258501       -0.0768854699
  99.  83.        0.7142973325        0.6979558408
  99.  84.        0.1588297029       -0.3237465456
  99.  85.       -1.1729029077       -0.0207107441
  99.  86.       -0.3138583753        0.3726883872
  99.  87.        0.0689250909       -0.4844638831
  99.  88.       -0.5420346167        0.0216698538
  99.  89.       -0.8394822939        0.3299713623
  99.  90.        0.9128046568       -0.0437909092
  99.  91.       -0.9601795961        0.0438698843
  99.  92.       -0.8245962694        0.7111570741
  99.  93.        0.1260942205       -0.1929764438
  99.  94.        0.1316077127       -0.7014446733
  99.  95.       -1.6648866679       -0.0131068203
  99.  96.        0.6164658729       -0.7741817028
  99.  97.        0.7647138475        0.0234538780
  99.  98.       -0.6399270578       -0.1793168020
  99.  99.       -0.5614390170       -0.9308317135
 100.   0.       -0.4875288280        0.0000000000
 100.   1.        0.4056907291        0.2433527878
 100.   2.        0.1356069317       -0.3471662540
 100.   3.       -0.2999876565        0.4020692636
 100.   4.        0.0220145918        0.2617184437
 100.   5.        0.1929840440        0.2606823461
 100.   6.        0.1436927362       -0.3547290966
 100.   7.        0.2602076510       -0.0701393450
 100.   8.        0.0163961163       -0.0518511831
 100.   9.       -0.1360786633        0.1301744867
 100.  10.        0.3257622374        0.2849698027
 100.  11.       -0.3784738815        0.0825840416
 100.  12.       -0.1401871985        0.5687284415
 100.  13.       -0.3047085632       -0.4057923356
 100.  14.       -0.3033735604       -0.4588081142
 100.  15.        0.5200535296        0.1267861809
 100.  16.        0.0113364829       -0.2691815682
 100.  17.        0.2782956453        0.1971494055
 100.  18.        0.6094913214       -0.0474996013
 100.  19.       -0.5185248997       -0.1551759652
 100.  20.       -0.0980816438        0.1247480933
 100.  21.        0.1510190825       -0.3517150213
 100.  22.       -0.4538192184        0.3195259811
 100.  23.        0.5217576319        0.4552019272
 100.  24.        0.0263624631        0.0501712082
 100.  25.        0.0304427261        0.1903404897
 100.  26.        0.4358957691       -0.2764975174
 100.  27.       -0.3988198246       -0.4941403270
 100.  28.        1.0472893243        0.4526607349
 100.  29.       -0.0041232270       -0.2000397797
 100.  30.       -0.3013917803        0.6890395529
 100.  31.        0.1911858848        0.3215735261
 100.  32.       -0.1718418823       -0.3950274055
 100.  33.       -0.1607859205       -0.0677221436
 100.  34.        0.4798160439       -0.9179662233
 100.  35.        0.1205423849       -0.0527298123
 100.  36.        0.2117386335        0.4782771940
 100.  37.        0.4555787836       -0.0103206871
 100.  38.       -0.5837447068        0.4330343168
 100.  39.       -0.0943187849        0.3432016319
 100.  40.       -0.9618596636       -0.2072761126
 100.  41.       -0.1340841336        0.0978226275
 100.  42.       -0.2938953789       -0.4993161541
 100.  43.       -0.2265487120       -0.1584996160
 100.  44.        0.3141918660        0.4121351534
 100.  45.        0.6566860588       -0.0871715348
 100.  46.        0.2077152544       -0.0113780704
 100.  47.       -0.4119266199        0.3118605496
 100.  48.       -0.2980253102       -0.0268976719
 100.  49.       -0.7211085855        0.4445338613
 100.  50.       -0.4002978688        0.1933086508
 100.  51.       -0.0303394951        0.0918622753
 100.  52.       -0.3668189586       -0.0445960275
 100.  53.        0.2975201656       -0.6403124239
 100.  54.        0.1741483423       -0.3494631617
 100.  55.        0.5985442065       -0.7040367644
 100.  56.        0.3681382472        0.2779195825
 100.  57.        0.2145885011        0.1097333903
 100.  58.        0.1936647774        0.3407946450
 100.  59.       -0.4281307063        0.2689212389
 100.  60.       -0.6720155883        0.0493877171
 100.  61.       -0.3788277022        0.3885448169
 100.  62.       -0.7484095547       -0.1896184203
 100.  63.        0.5595029296       -1.1179273423
 100.  64.        0.3242519834       -0.6584083466
 100.  65.        0.5244494131       -0.1366200083
 100.  66.        1.3127095675       -0.2214486731
 100.  67.        0.4490670975        0.5231288430
 100.  68.       -0.2217517172        0.0458372878
 100.  69.       -0.3759505684        0.4247843402
 100.  70.       -0.2238191250        0.6787728502
 100.  71.       -0.4278283503       -0.7256526692
 100.  72.       -0.4206687779       -0.4195017001
 100.  73.       -0.7680907267       -0.1721843218
 100.  74.        0.2160619425       -0.3056708418
 100.  75.        0.2145398327       -1.0966383921
 100.  76.        0.4410692064       -0.0559612516
 100.  77.        0.9023773126        0.3452045856
 100.  78.       -0.0248557045        0.0372834250
 100.  79.        0.3765544182        0.7901253217
 100.  80.        0.5399867217        0.5639743682
 100.  81.       -0.1924343998        0.0986670015
 100.  82.        0.1533574636        0.6754834240
 100.  83.        0.2809550128        0.0264298401
 100.  84.       -0.7788107918       -0.1474687692
 100.  85.       -0.0690421216       -0.1006226824
 100.  86.        0.0576262366       -0.6658677099
 100.  87.       -0.1055445805       -0.2016928261
 100.  88.        0.1460797682        0.8132751138
 100.  89.        0.1563591310       -0.7422858442
 100.  90.       -0.6973966158       -0.5012866754
 100.  91.       -0.0878069798        0.0663579564
 100.  92.        0.3614932049       -0.2757631778
 100.  93.        0.2603211946       -0.7653884156
 100.  94.       -0.0059008047       -0.6590613859
 100.  95.       -0.1774133051        0.0324652046
 100.  96.       -0.1877221937       -0.6976058553
 100.  97.       -0.1276673525       -1.0640797519
 100.  98.        0.2084430240        0.2117577078
 100.  99.        0.2831676168        0.8419760354
 100. 100.        0.4111724805       -0.0614255875
 101.   0.       -0.5825358837        0.0000000000
 101.   1.        0.6817010412       -0.1098460766
 101.   2.       -0.1508983053       -0.6835095387
 101.   3.       -0.0713005142       -0.0439818587
 101.   4.        0.4219426424       -0.3594442875
 101.   5.       -0.3409113320       -0.2665270641
 101.   6.       -0.2071993523        0.6324295512
 101.   7.        0.1753769805       -0.3881944087
 101.   8.        0.0381916491        0.2035781268
 101.   9.        0.0623607038       -0.0760928214
 101.  10.       -0.4764939528       -0.4479564658
 101.  11.        0.2421526493        0.2427007897
 101.  12.        0.3628336081        0.2911823182
 101.  13.       -0.0478969465       -0.1449170716
 101.  14.        0.5382122855        0.7076606017
 101.  15.        0.9097829240       -0.7220661097
 101.  16.       -0.4217399499        0.4976772742
 101.  17.        0.1576775922       -0.2628650378
 101.  18.       -0.2830631844       -0.5360768967
 101.  19.       -0.6422295912        0.4183499884
 101.  20.        0.4866735262       -0.8399216358
 101.  21.       -0.7940332523       -0.0876456097
 101.  22.        0.2768300639        0.1087856676
 101.  23.       -0.2496579853       -0.1672817322
 101.  24.       -0.1857951827        0.4519003575
 101.  25.        1.1924366571        0.2267306851
 101.  26.        0.0767177472       -0.0818894031
 101.  27.       -0.2491240673        0.4551098205
 101.  28.        0.0770392263       -0.3063918632
 101.  29.       -0.3604287305        0.3162674520
 101.  30.        0.1320460479       -0.0739551705
 101.  31.        0.2887759481       -0.3884707622
 101.  32.        0.0310968884        0.1336158001
 101.  33.        0.4129807584       -0.2627849527
 101.  34.       -0.2906992176       -0.3913673458
 101.  35.        0.0588486478        0.3882095110
 101.  36.        0.6528644586       -0.2010288985
 101.  37.       -0.3022181783       -0.2063763114
 101.  38.       -0.1399960750        0.8912344246
 101.  39.       -0.3132311531       -0.6305984929
 101.  40.       -0.1672316885       -0.1086880988
 101.  41.        0.2956062024       -0.0589052748
 101.  42.        0.6437028679       -0.4470130510
 101.  43.        0.5727078143       -0.1210273511
 101.  44.        0.3874380797        0.3573197411
 101.  45.       -0.0840620040        0.3830258027
 101.  46.        0.0766482142        0.4411078459
 101.  47.        0.2658078376        0.3824322873
 101.  48.       -0.4749169018       -0.0414953454
 101.  49.       -0.6255702672        0.4358348272
 101.  50.        0.0496193218       -0.2316670066
 101.  51.        0.7200926908        0.0090533061
 101.  52.        0.1851799815        0.3199534182
 101.  53.        0.1917604914        0.0729949204
 101.  54.        0.1485798995        0.3082677836
 101.  55.       -0.1392583528       -0.1515353137
 101.  56.       -0.7457321757        0.4474401132
 101.  57.       -0.4091288939       -0.1288386215
 101.  58.        0.1780447359       -0.1285461292
 101.  59.       -0.1566590281        0.1747164233
 101.  60.       -0.3854729017       -0.1847010652
 101.  61.        0.5749545399       -0.3319599198
 101.  62.        0.4567510022       -0.0017429248
 101.  63.        0.3890135727        0.3261729732
 101.  64.        1.3316748498        0.8079035841
 101.  65.       -0.5905414081        0.3621068469
 101.  66.       -0.3504605212        1.1100123449
 101.  67.       -0.3316815045        0.4387236195
 101.  68.       -0.7111582983       -0.0881154787
 101.  69.       -0.1589614116       -0.2297657016
 101.  70.        0.1725967124       -0.2800679376
 101.  71.       -0.2238255752       -0.4957615407
 101.  72.        0.3100992326        0.0740500002
 101.  73.        0.6785821667        0.0886776091
 101.  74.        0.7311276008        0.2386583763
 101.  75.        0.4009129309        0.0508367642
 101.  76.        0.9178563724        0.3117739434
 101.  77.       -0.5981360883        0.2802749253
 101.  78.       -0.5567201261        0.6220176522
 101.  79.        0.4170216058       -0.3763680130
 101.  80.        0.1280939310       -0.2930707990
 101.  81.       -0.4624763813       -0.2726824341
 101.  82.        0.4854563283       -0.2691761848
 101.  83.        0.3041307638       -1.0509874940
 101.  84.       -0.0877954128        0.7608202044
 101.  85.        0.0592941888        0.4067826732
 101.  86.        0.3185318048       -1.0557995381
 101.  87.        0.7079883091       -0.2919543038
 101.  88.        0.3521618757       -0.2303888238
 101.  89.       -0.0622737145       -0.4058218080
 101.  90.        0.3870995875        0.6381297864
 101.  91.        0.8962214775       -0.2090881518
 101.  92.        0.6981850111       -0.0486775699
 101.  93.       -0.1684523976        0.0120662624
 101.  94.        0.8071659508        0.8976433567
 101.  95.        0.0836214266        0.5803554081
 101.  96.       -0.9772295006        0.5457631078
 101.  97.        0.4468515516        0.8642094383
 101.  98.        0.7001662026       -0.3327612837
 101.  99.        0.4436473867       -0.8454699336
 101. 100.       -1.3669899089       -0.6132350727
 101. 101.       -0.2912254887       -0.0486091223
 102.   0.        0.2339730771        0.0000000000
 102.   1.       -0.1303056479       -0.0030269362
 102.   2.        0.0668199839        0.4135785644
 102.   3.        0.1142632911       -0.2488729925
 102.   4.       -0.0318078046        0.0759421141
 102.   5.       -0.1691093780        0.2345101478
 102.   6.       -0.1149914717        0.6688341502
 102.   7.       -0.2843688215       -0.7298394657
 102.   8.        0.1330029511        0.2068354981
 102.   9.       -0.4697313803        0.2025984145
 102.  10.       -0.7373833715       -0.3420022867
 102.  11.        0.4652686282       -0.1771819676
 102.  12.       -0.1540525924       -0.4173224452
 102.  13.        0.4419146143        0.0723431333
 102.  14.        0.3926509048        0.1074797713
 102.  15.        0.0738035548        0.1768076319
 102.  16.        0.3256627860        0.2372865392
 102.  17.       -0.2361966493       -0.4408108233
 102.  18.       -0.5582289572       -0.0855433253
 102.  19.        0.4922929859        0.0103542574
 102.  20.       -0.2921903386       -0.0614327794
 102.  21.        0.3447363461        0.5275858415
 102.  22.        0.2512935214       -0.2872584601
 102.  23.       -0.0480856990       -0.1488701929
 102.  24.        0.4322504720        0.2457802095
 102.  25.       -0.2964539026        0.0196584433
 102.  26.       -0.3467685110        0.3123988159
 102.  27.       -0.0631970841        0.2193185051
 102.  28.       -0.6677845975       -0.4489415905
 102.  29.        0.7191456072        0.5443716984
 102.  30.        0.4611233156       -0.7057252417
 102.  31.        0.2943277872       -0.3482473812
 102.  32.        0.3710487350        0.1671433872
 102.  33.        0.0511785448       -0.0936626112
 102.  34.       -0.5182214266        0.5909103014
 102.  35.        0.4127874557        0.2861158735
 102.  36.       -0.0829155324       -0.0534485777
 102.  37.       -0.3928765804       -0.2945279778
 102.  38.       -0.0001173843       -0.7216310408
 102.  39.       -0.1497805041        0.4769953238
 102.  40.        0.3059240556        0.2696883902
 102.  41.        0.2838834913       -0.3400436061
 102.  42.        0.1022483243        0.4930454200
 102.  43.        0.2464725939        0.1978339913
 102.  44.       -0.5078220896        0.0214947947
 102.  45.       -0.6852111888        0.2739601432
 102.  46.        0.1271770482       -0.1606277535
 102.  47.        0.5253429534       -0.1421929722
 102.  48.        0.3315881314       -0.6089484729
 102.  49.        0.3500453270       -0.4784611512
 102.  50.        0.5409622425        0.0485000854
 102.  51.        0.1843651902        0.4466952029
 102.  52.       -0.1824102066        0.2074423798
 102.  53.       -0.5821385645        0.6953911861
 102.  54.       -0.4529315455       -0.1998364581
 102.  55.        0.0968946133        0.0140919643
 102.  56.       -0.7045070736       -0.3837967613
 102.  57.        0.0002602613       -0.1615728656
 102.  58.        0.1791363779       -0.5553227484
 102.  59.        0.0586629306       -0.0438157189
 102.  60.        0.5614642184        0.2324446724
 102.  61.        0.4299250173        0.3151170067
 102.  62.        0.0713087846        0.9830089769
 102.  63.       -0.6997570542        0.7321926614
 102.  64.       -0.5948190402        0.0445956281
 102.  65.       -1.0686297028        0.2865562327
 102.  66.       -0.2001618396       -0.5480169123
 102.  67.        0.4372027873       -0.7864967711
 102.  68.       -0.0883894179        0.2633562843
 102.  69.        1.1376831676       -0.4029435275
 102.  70.        1.0116081679       -0.0718273184
 102.  71.       -0.1284116843        1.3391542003
 102.  72.        0.4208512785       -0.0528786340
 102.  73.        0.1640684169       -0.2056751100
 102.  74.       -0.9935474427        0.9066724216
 102.  75.        0.1707318910        0.1251006814
 102.  76.       -0.2399451108       -0.3893731799
 102.  77.       -0.1512918307        0.2878436625
 102.  78.        0.2376128793        0.0344988665
 102.  79.       -0.1836950290       -0.8946107533
 102.  80.       -0.0429861867       -0.0105768401
 102.  81.        0.4162175953        0.1290620818
 102.  82.       -0.1735639323       -0.4675711929
 102.  83.        0.0423748007        0.5803156920
 102.  84.        0.9820371222        0.5399211432
 102.  85.       -0.4307161909       -0.2965538736
 102.  86.        0.1055022604       -0.2449925003
 102.  87.        0.3252755476       -0.3030318369
 102.  88.        0.5889561723       -0.2217374185
 102.  89.       -0.6250965105        1.0386502648
 102.  90.        0.8383159674        0.8502455655
 102.  91.        0.2851045258       -0.2979552288
 102.  92.       -0.7558923612        1.4746063031
 102.  93.       -0.2134087166        0.2190905169
 102.  94.       -0.0968014748       -0.0574130782
 102.  95.        0.5164340760        0.7125944750
 102.  96.       -0.3368068330        1.0774114444
 102.  97.       -0.2642353743       -0.5675308593
 102.  98.       -0.4900775932        0.0772227929
 102.  99.        0.0548151023        0.3623498433
 102. 100.        0.6186254269        0.4279460244
 102. 101.        0.2257051537        0.0047929476
 102. 102.       -0.1314960691        0.5965747979
 103.   0.        0.7024454670        0.0000000000
 103.   1.       -0.3601516544        0.2744386414
 103.   2.        0.1250861812        0.7185968126
 103.   3.        0.0317848066       -0.3080093188
 103.   4.       -0.6005755869        0.2271541400
 103.   5.        0.0295007461       -0.0389211502
 103.   6.       -0.0743376970       -0.2782346180
 103.   7.        0.0297520867        0.5720064078
 103.   8.       -0.0499242458       -0.0470425347
 103.   9.        0.2771304170        0.0808311084
 103.  10.        0.4172248145        0.2266689703
 103.  11.       -0.4589427845       -0.4459373478
 103.  12.        0.0015361969        0.0429215267
 103.  13.       -0.2909406293        0.3705847861
 103.  14.       -0.2940770462       -0.3513582339
 103.  15.       -0.3039471444        0.8153255177
 103.  16.        0.1917847548       -0.3302655027
 103.  17.       -0.1868387566        0.4159074065
 103.  18.        0.5478765241        0.2179860922
 103.  19.        0.3107355210       -0.3356462799
 103.  20.       -0.4253139980        0.5426206844
 103.  21.        0.5486125459        0.0234889841
 103.  22.       -0.0033907324        0.1729824642
 103.  23.       -0.0063439422        0.4142209467
 103.  24.       -0.2601364791       -0.5990161471
 103.  25.       -0.7966365207        0.3630765176
 103.  26.        0.2986819100       -0.0011708764
 103.  27.       -0.2512665856       -0.0118965622
 103.  28.       -0.2198342976        0.3830211994
 103.  29.        0.6073734626       -0.3163146538
 103.  30.       -0.9910244665       -0.0614672207
 103.  31.       -0.1354663760        0.4110939240
 103.  32.        0.0133250967       -0.2507281931
 103.  33.       -0.5551992551        0.1603192150
 103.  34.        0.5754410139       -0.3276514878
 103.  35.       -0.2568348063       -0.5524465373
 103.  36.       -0.2805595692        0.0292019983
 103.  37.        0.4358819638       -0.1738776855
 103.  38.       -0.2019000849       -0.3817964354
 103.  39.        0.1525027966        0.0462020662
 103.  40.       -0.0783674337        0.3276387050
 103.  41.       -0.5044332597        0.2389413093
 103.  42.       -0.5808134148        0.0360467023
 103.  43.       -0.2727910850       -0.4351181848
 103.  44.        0.0349878941       -0.1462248701
 103.  45.       -0.1969631832       -0.2749438479
 103.  46.       -0.3236871520       -0.7656170146
 103.  47.        0.3157031291       -0.3461547812
 103.  48.        0.0967263573        0.4090561568
 103.  49.        0.1086517558       -0.4039602765
 103.  50.       -0.4058373728        0.0636114408
 103.  51.       -0.4726175758       -0.1858312522
 103.  52.       -0.5493328343        0.0743976664
 103.  53.       -0.4243201255        0.1440141550
 103.  54.       -0.7028984719       -0.2688946457
 103.  55.        0.3542998769       -0.0893200521
 103.  56.        0.3828547255       -0.5369783275
 103.  57.        0.7769807199        0.0818722259
 103.  58.       -0.0787252829        0.0705748160
 103.  59.       -0.1902943076        0.9609763278
 103.  60.       -0.4322521547        0.0736828397
 103.  61.       -0.7722830757        0.1897135878
 103.  62.       -0.5426372807        0.2172117297
 103.  63.       -0.5210953571       -0.6522386091
 103.  64.       -0.5540013733       -0.9320222849
 103.  65.        0.4232397822       -0.5945976170
 103.  66.       -0.3330631847       -0.3420630077
 103.  67.        0.4263660260       -0.3167322998
 103.  68.        0.4204246592        0.3950219318
 103.  69.       -0.6946366523        0.3189432919
 103.  70.        0.2075699261        0.6920965313
 103.  71.       -0.0455928910        0.9437414483
 103.  72.       -0.5418851455        0.0019509857
 103.  73.       -0.4360029914       -0.4180450991
 103.  74.       -0.5411166071       -0.5930866587
 103.  75.       -0.1697598150       -0.0686706205
 103.  76.       -0.0210039381       -0.2598662573
 103.  77.        1.2268705103       -0.2281156642
 103.  78.       -0.2027673766       -0.1868816558
 103.  79.       -0.3241677396       -0.1708953021
 103.  80.        0.2090095350        0.4517373645
 103.  81.        0.2776160987        0.1760069341
 103.  82.       -0.0121757370        0.4726047208
 103.  83.        0.3655589680       -0.0279423560
 103.  84.        0.2763676390        0.2614728467
 103.  85.       -0.4679370917        0.7352254013
 103.  86.        0.3730106769        0.9727688141
 103.  87.       -0.0428653040       -0.4898608312
 103.  88.        0.4325642192        0.3122796555
 103.  89.       -0.2523099095        0.2569154672
 103.  90.       -1.0810794134       -0.5121166657
 103.  91.       -0.9850626934        0.5928464443
 103.  92.        0.1731733419       -0.1174507098
 103.  93.       -0.1616836035       -0.1031571484
 103.  94.       -0.2754119425       -0.1395175565
 103.  95.        0.4503341524       -0.2727946213
 103.  96.        0.2052177879       -0.5630012884
 103.  97.       -0.6115112885        0.0962719801
 103.  98.        0.1858933195       -0.0348694325
 103.  99.        1.9412941095        0.2343312348
 103. 100.        0.2717180661       -0.7305849719
 103. 101.       -0.8629667008       -0.0059315480
 103. 102.        0.4996513152        0.0036555517
 103. 103.       -0.3470307742        0.4812180683
 104.   0.        0.0147574596        0.0000000000
 104.   1.       -0.3181784737        0.0439874425
 104.   2.       -0.2986491562        0.1783814585
 104.   3.        0.2598222164       -0.4283953469
 104.   4.        0.3642332487       -0.2290359958
 104.   5.        0.0615471372        0.0698442383
 104.   6.        0.1530204005       -0.1780975833
 104.   7.        0.8049586320        0.6047416160
 104.   8.       -0.2058835814       -0.2766143235
 104.   9.        0.2400841429        0.2115055089
 104.  10.        0.5186097594        0.0518473370
 104.  11.       -0.3887289041        0.0223453993
 104.  12.       -0.0921578114        0.6126405885
 104.  13.        0.0417065768       -0.1568099596
 104.  14.       -0.2284027244        0.2115362924
 104.  15.        0.1150665508       -0.2864153309
 104.  16.       -0.6037633682       -0.0164092231
 104.  17.        0.1372755701        0.5271416632
 104.  18.        0.5222147757       -0.1528635663
 104.  19.       -0.4246334064       -0.1262991833
 104.  20.        0.4652707213        0.4570125215
 104.  21.       -0.5270439120       -0.7527907507
 104.  22.        0.0229159795        0.4621664012
 104.  23.        0.1831792396       -0.3032970123
 104.  24.       -0.7990255967       -0.5957898774
 104.  25.        0.5496433414        0.1323904731
 104.  26.        0.2027491400       -0.4610520927
 104.  27.       -0.0523219010        0.3413071602
 104.  28.        0.5430228871        0.0833671694
 104.  29.       -0.9225104928       -0.5133577964
 104.  30.       -0.2213179500        0.7172985332
 104.  31.       -0.2653025352       -0.0325324568
 104.  32.       -0.5215849128       -0.3683986084
 104.  33.        0.1903178167        0.1927794098
 104.  34.        0.2184965111       -0.4646394830
 104.  35.       -0.3768428599       -0.2025010442
 104.  36.        0.1807419909        0.1573329142
 104.  37.        0.1554781226       -0.2043088688
 104.  38.       -0.2791085669        0.8209225563
 104.  39.        0.5698833518       -0.5910868917
 104.  40.       -0.1797763093       -0.2399842550
 104.  41.       -0.1470085409       -0.3096728678
 104.  42.        0.2342858894       -0.8348500455
 104.  43.        0.4153234766       -0.1399555055
 104.  44.        0.7609988601        0.4784598111
 104.  45.        0.5050786239        0.0054757076
 104.  46.       -0.2182884736       -0.0314486425
 104.  47.       -0.1145852889        0.1003450164
 104.  48.       -0.4712898403       -0.1267297842
 104.  49.       -0.5760374205        0.7816340132
 104.  50.       -0.1363276899       -0.5685764995
 104.  51.       -0.4144134025       -0.4195218334
 104.  52.        0.3577013437        0.0985407994
 104.  53.        0.4262116720       -0.4996473034
 104.  54.        0.5968865055        0.0625036981
 104.  55.        0.5730229520        0.1641890749
 104.  56.        0.5143983613        0.6533594301
 104.  57.       -0.5354709371        0.1078312900
 104.  58.       -0.4843075707        0.1958650507
 104.  59.       -0.1753797533       -0.5154534693
 104.  60.       -0.6322152821       -0.8207487381
 104.  61.       -0.0473336862       -0.2457050845
 104.  62.        0.6652707087       -0.7517597247
 104.  63.        0.2982413470       -0.2099766943
 104.  64.        0.4091015896        0.4052978668
 104.  65.        0.5711904188        0.1503316884
 104.  66.       -0.3956181893        0.2398160729
 104.  67.       -0.3672972252        0.5484337595
 104.  68.       -0.9054920732        0.7469357756
 104.  69.       -1.0997187805        0.7411387821
 104.  70.       -0.3633917098       -0.5419559565
 104.  71.       -0.2732721162       -0.1040396264
 104.  72.       -0.3929520139        0.2195942758
 104.  73.        0.2126937911       -0.4270853773
 104.  74.        1.0295055057       -0.7415766233
 104.  75.        0.0759440099        0.2272165429
 104.  76.        0.3008068273        0.0460640827
 104.  77.       -0.1190384145       -0.2994567733
 104.  78.       -0.2138903023        1.0087763436
 104.  79.       -0.0899152369        0.0573280205
 104.  80.       -1.1078025490       -0.1356661823
 104.  81.       -0.4797385313        0.5661792019
 104.  82.        0.2596897635       -0.0766243392
 104.  83.       -0.2446487509       -0.4002913914
 104.  84.        0.5756334887        0.3462606727
 104.  85.        0.5257469922        0.7570390982
 104.  86.       -0.6870781629       -0.7070765814
 104.  87.       -0.2341984720       -0.1801320704
 104.  88.        0.0350104463       -0.1487246259
 104.  89.        0.4098587945       -0.4753403036
 104.  90.       -0.5675196332        0.2039618700
 104.  91.        0.2059179746       -0.2697078414
 104.  92.        0.3801647885       -0.2405814606
 104.  93.       -0.0913507373        0.2161743281
 104.  94.        0.7369515154        0.5030135232
 104.  95.       -0.0744548722       -0.0858818964
 104.  96.       -0.1509176253        0.5196141449
 104.  97.        0.0643450302        0.9177819717
 104.  98.       -0.2037604071        0.6314320455
 104.  99.       -0.6133819526       -0.4422861978
 104. 100.       -0.6352896750        0.2619876987
 104. 101.       -1.1101410705        0.2075496197
 104. 102.        0.0694022846       -0.3082266641
 104. 103.       -0.4346608718       -0.1105830081
 104. 104.       -0.5831034765        0.3936319225
 105.   0.       -0.4233072909        0.0000000000
 105.   1.        0.0407264387        0.0952001039
 105.   2.       -0.3059732723       -0.6083130219
 105.   3.        0.1456772301        0.3711441317
 105.   4.        0.0937782536       -0.0300166662
 105.   5.       -0.1294628628        0.2130115908
 105.   6.        0.3555875952        0.3937507047
 105.   7.       -0.1303032639       -0.5631090688
 105.   8.       -0.2379249235        0.0214186649
 105.   9.       -0.1296708551        0.3190606124
 105.  10.       -0.2749158781       -0.0863438065
 105.  11.        0.4111328915        0.3259656300
 105.  12.       -0.1836257301       -0.7737667638
 105.  13.        0.1848708561       -0.1849120837
 105.  14.        0.1024438569        0.1269891029
 105.  15.       -0.2091435166       -0.4041744869
 105.  16.       -0.2208813839        0.2913935592
 105.  17.       -0.0146771388       -0.0327613187
 105.  18.       -0.6667242087        0.0408261526
 105.  19.        0.0709952501        0.5031061948
 105.  20.        0.5027776764        0.0977719116
 105.  21.       -0.3567997968        0.3346311412
 105.  22.        0.3261267408       -0.6574676470
 105.  23.        0.1595752740       -0.2531188605
 105.  24.        0.2712182380        0.3262874716
 105.  25.        0.0846508979       -0.5224403264
 105.  26.       -0.3526685946        0.3284450024
 105.  27.        0.4233545853        0.0842348842
 105.  28.       -0.0635958169       -0.6829966752
 105.  29.       -0.7070768738        0.5123859207
 105.  30.        0.5344564813        0.0746625766
 105.  31.       -0.2258083276       -0.0038172664
 105.  32.        0.0986739542        0.3158015626
 105.  33.        0.4757425386       -0.1582440788
 105.  34.       -0.6309262519        0.8077402752
 105.  35.        0.1133629974        0.7291909542
 105.  36.       -0.4685843931       -0.2708933456
 105.  37.       -0.4764889431        0.1390480194
 105.  38.        0.2910652606       -0.2306965041
 105.  39.       -0.2996717771       -0.0811352030
 105.  40.        0.3789785822       -0.3896320248
 105.  41.        0.8017366920       -0.3299158653
 105.  42.        0.2225106837        0.3435634070
 105.  43.        0.4795875190        0.5125842033
 105.  44.        0.5063405695       -0.1525706537
 105.  45.       -0.2861394502        0.2903800291
 105.  46.       -0.1143345838        0.5389924053
 105.  47.       -0.4440147369       -0.2444790715
 105.  48.        0.1764166269       -0.3151279127
 105.  49.        0.3523498292       -0.3355036695
 105.  50.       -0.1001184901       -0.4573442356
 105.  51.        0.2839104802        0.2410695434
 105.  52.        0.2747837579        0.3822927087
 105.  53.        0.4506396555        0.3391787319
 105.  54.        0.2150773463        0.9514823863
 105.  55.       -0.7699377845        0.1222459040
 105.  56.       -0.2419896822       -0.3086637963
 105.  57.        0.0642946328       -0.1071516098
 105.  58.       -0.0344920944        0.0577753644
 105.  59.        0.7538539181       -0.7593615276
 105.  60.        0.6523621191        0.0427748929
 105.  61.        0.6689992384       -0.6752966278
 105.  62.        0.5134776574       -0.0695317599
 105.  63.        0.3424765281        0.2149866672
 105.  64.       -0.1382446116        0.1454285394
 105.  65.       -0.8639650649        0.1377918315
 105.  66.       -0.1949048143        0.7792823085
 105.  67.       -0.3896543247       -0.6984555881
 105.  68.       -0.8014909597       -0.3941372768
 105.  69.        0.0525111909        0.0695329185
 105.  70.        0.3721657704       -0.7687051840
 105.  71.       -0.0802645884       -0.4509513182
 105.  72.        0.6497295158        0.2886853354
 105.  73.        0.8036346673        0.3123631950
 105.  74.        0.0857741801        0.1839120106
 105.  75.       -0.3189053011        0.4643917301
 105.  76.       -0.4863209882       -0.0910667354
 105.  77.       -0.7716517165        0.3145084391
 105.  78.        0.6865301743        0.3570144819
 105.  79.       -0.1010910370       -0.1524937035
 105.  80.       -0.4541029889       -0.2125912955
 105.  81.        0.5651385584        0.0914429476
 105.  82.       -0.1514933067        0.2131479003
 105.  83.       -0.0292036843       -0.5839166764
 105.  84.        0.6138591986        0.0526121367
 105.  85.        0.2885344289       -0.1862039302
 105.  86.       -0.6714481450       -0.0508725713
 105.  87.       -0.1005435478       -0.5857500733
 105.  88.        0.0998046803       -0.4401062566
 105.  89.       -0.3690179814        0.4343218270
 105.  90.        0.2683175255        0.6371231460
 105.  91.        0.1051428081       -0.5398940837
 105.  92.       -0.3788065063        0.6080219827
 105.  93.       -0.3000652139        0.0746057731
 105.  94.        0.3829581239        0.0332278922
 105.  95.       -0.8522310033        0.5329859204
 105.  96.        0.1022206028        1.1742893358
 105.  97.        0.3551352548       -0.4930932974
 105.  98.       -0.7368189868       -0.4348505443
 105.  99.       -0.8620001167       -0.2671664592
 105. 100.        0.3775235821       -0.4781937071
 105. 101.       -0.0695777688       -0.4907786371
 105. 102.       -0.3847879970        0.1020950289
 105. 103.        0.6284295866        0.1084211830
 105. 104.       -0.0630829233       -0.1775412594
 105. 105.       -0.1392450145        0.2441656024
 106.   0.        0.2930326535        0.0000000000
 106.   1.        0.0325765437       -0.3309786596
 106.   2.        0.2341394921       -0.0671206345
 106.   3.       -0.0318218169        0.2683954163
 106.   4.       -0.1328734339        0.1910225918
 106.   5.        0.4860460768       -0.0522839203
 106.   6.       -0.2746399870       -0.3507825656
 106.   7.       -0.6410294688       -0.0478608123
 106.   8.        0.2003336464        0.1538100712
 106.   9.       -0.1559336676       -0.2903089808
 106.  10.       -0.0108586051        0.3249237912
 106.  11.        0.3347271169       -0.1692341435
 106.  12.        0.0928356867       -0.0043457816
 106.  13.       -0.1452918051        0.0680009390
 106.  14.        0.3863006593        0.0054619016
 106.  15.       -0.1487467479        0.2791951903
 106.  16.        0.3290536707       -0.1462543839
 106.  17.       -0.4260757934       -0.4595252403
 106.  18.       -0.4292145535        0.2976211488
 106.  19.        0.4186667952       -0.1550101738
 106.  20.       -0.3582150761       -0.2757146560
 106.  21.        0.3972969188        0.5159662168
 106.  22.       -0.2238421002       -0.4745982358
 106.  23.       -0.1307466996        0.5911088512
 106.  24.        0.6397552140        0.0771122810
 106.  25.       -0.3645781288       -0.2600065639
 106.  26.       -0.1512909309        0.3775819224
 106.  27.        0.2765084040       -0.7198762688
 106.  28.       -0.1765147720       -0.2442157666
 106.  29.        0.6605076868        0.5426119723
 106.  30.       -0.1305120079       -0.6427515165
 106.  31.       -0.2419141933        0.3370649979
 106.  32.        0.0156143172        0.1767416387
 106.  33.       -0.5208814429        0.0348568199
 106.  34.       -0.7652206252        0.3481162194
 106.  35.        0.2804359917       -0.0965828883
 106.  36.       -0.4695158455        0.1947503886
 106.  37.        0.2411554443        0.1339672904
 106.  38.        0.5322045717       -0.3718849954
 106.  39.       -0.0680099891        0.5616418246
 106.  40.        0.2466880381        0.1297562349
 106.  41.       -0.1498541868        0.2296924622
 106.  42.       -0.4552599883        0.6534250816
 106.  43.       -0.0621019876       -0.4442900921
 106.  44.       -0.8959301084       -0.5068861750
 106.  45.        0.2581413859       -0.0279816685
 106.  46.        0.2184841838        0.1409266532
 106.  47.        0.0342425656       -0.4413777523
 106.  48.        0.2872829279       -0.3883459500
 106.  49.        0.0248442995       -0.4162728462
 106.  50.        0.1585130384        1.3122954943
 106.  51.        0.5630717627        0.7322519685
 106.  52.       -0.0829395315        0.2424476786
 106.  53.       -0.6377570964        0.0271518914
 106.  54.       -0.1413731921        0.0334757730
 106.  55.       -0.1600274894        0.0863636250
 106.  56.       -0.0958865291       -0.4045140120
 106.  57.        0.5069911033       -0.2422094154
 106.  58.        0.3638680385        0.0131060696
 106.  59.        0.3528871131        0.6122933787
 106.  60.        0.5804530005        0.8914818904
 106.  61.        0.1208887863       -0.1547794921
 106.  62.       -0.3071439882        0.9170490159
 106.  63.       -0.6092183806       -0.2807898380
 106.  64.       -0.7024588228        0.0190526199
 106.  65.       -0.0631816279       -0.1542785962
 106.  66.        0.7396190283       -0.5008431246
 106.  67.        0.4594258357        0.2099856018
 106.  68.        0.9892043097       -0.4450815040
 106.  69.        1.0295288907       -0.5808676581
 106.  70.       -0.1387553618        0.9275337096
 106.  71.        0.1499737987        0.2654556104
 106.  72.        0.0338701891        0.0984787221
 106.  73.       -0.9491418525        0.1120738064
 106.  74.       -0.4618290376       -0.4747020625
 106.  75.       -0.1057194606        0.0266432716
 106.  76.       -0.7887963239       -0.2344121927
 106.  77.       -0.0505641749       -0.4678641379
 106.  78.        0.3803373286       -0.7786615734
 106.  79.        0.2167924029        0.3834671188
 106.  80.       -0.0003150714        0.2842223066
 106.  81.        0.5474769568       -0.4355926057
 106.  82.        0.1047407238        0.1562156038
 106.  83.       -0.0042993575        0.9184310523
 106.  84.       -0.4353267628       -0.0500164356
 106.  85.        0.3415722512       -0.2263705240
 106.  86.        0.2589027772        0.8521612664
 106.  87.        0.0907648443       -0.0541617607
 106.  88.       -0.3964039263        0.2645414000
 106.  89.        0.1217228290        0.7492356497
 106.  90.       -0.5643169890       -0.5592757146
 106.  91.       -1.1373621960       -0.1477112690
 106.  92.        0.0043593200       -0.1097957434
 106.  93.        0.0576460275       -0.7263624441
 106.  94.       -0.8789991118       -0.5821427987
 106.  95.        0.1157129112        0.0927305885
 106.  96.        0.4082952268       -0.7449273579
 106.  97.       -0.5590159034       -0.1752632116
 106.  98.        0.5469249352        0.9479773173
 106.  99.        0.3862034122       -0.0855330677
 106. 100.        0.5050915249       -0.4737875643
 106. 101.        0.3269997904        0.2276416308
 106. 102.        0.5741595534       -0.0623274107
 106. 103.        0.2703461099        0.2020347660
 106. 104.       -0.4263521338        0.1168621687
 106. 105.       -0.7659357728       -0.1562315863
 106. 106.       -0.2889436918       -0.1766747456
 107.   0.        0.1769670280        0.0000000000
 107.   1.        0.0815222644       -0.0016260022
 107.   2.        0.4862282970        0.1673894341
 107.   3.       -0.3842641036        0.0510348438
 107.   4.        0.3438044006        0.2024586510
 107.   5.        0.2275645229        0.1467915981
 107.   6.       -0.2018927231       -0.5803205698
 107.   7.        0.3431019211        0.3605033800
 107.   8.        0.2703289779       -0.2559877881
 107.   9.       -0.3316333144       -0.0433687259
 107.  10.        0.7221186341       -0.0890713664
 107.  11.       -0.3946058447       -0.0395290984
 107.  12.        0.0238767715        0.8916288547
 107.  13.        0.0415316387       -0.2431796302
 107.  14.       -0.6551764032       -0.2910244790
 107.  15.        0.2439967098       -0.0679529612
 107.  16.        0.2939725060       -0.5604042421
 107.  17.        0.1655267709        0.3040264091
 107.  18.        0.9519105783        0.0855329799
 107.  19.       -0.5764908198       -0.5642173367
 107.  20.       -0.1212672574        0.1861099782
 107.  21.        0.6862466769       -0.3790797414
 107.  22.       -0.3715940005        0.4196142973
 107.  23.       -0.0637951190        0.2585081350
 107.  24.       -0.1520657411       -0.4239932743
 107.  25.       -0.0383525656        0.5803818275
 107.  26.        0.3302170640       -0.3499557312
 107.  27.        0.0993871098        0.0220682029
 107.  28.        0.3640969054        0.1439788191
 107.  29.        0.4469523289       -0.4405782151
 107.  30.        0.1526315132        0.2929831932
 107.  31.        0.1461961136        0.0580946442
 107.  32.       -0.2282656332        0.1100249135
 107.  33.       -0.4247402120       -0.0157502140
 107.  34.        0.7980715561       -0.5202436758
 107.  35.       -0.5801554769       -0.3791765770
 107.  36.        0.7724129322        0.5716639992
 107.  37.       -0.0181291362       -0.0144504948
 107.  38.       -0.9839006071        0.2677520507
 107.  39.        0.4275009959        0.5115600227
 107.  40.       -0.2540185364       -0.2300781705
 107.  41.       -0.5122515025       -0.0337580423
 107.  42.       -0.1938270484       -0.1627462620
 107.  43.       -0.4233314098       -0.2236130252
 107.  44.        0.2019024491        0.2285463474
 107.  45.        0.5449102301       -0.2998448582
 107.  46.        0.2004822797        0.1964954339
 107.  47.        0.1293295528        0.5298375147
 107.  48.       -0.0130476678       -0.1258927130
 107.  49.        0.0480496723        0.3490812230
 107.  50.       -0.0123043688        0.4206325948
 107.  51.       -0.9992973602       -0.1976217268
 107.  52.        0.0160770856       -0.3619147897
 107.  53.       -0.2312086139       -0.5408443230
 107.  54.        0.2708460435        0.0081185390
 107.  55.        0.4329431385       -0.2283266606
 107.  56.        0.1314845728        0.2568930543
 107.  57.        0.1159182818       -0.1552123948
 107.  58.        0.0002996257        0.6010673878
 107.  59.       -0.3121689101        0.3583029455
 107.  60.       -0.1483560851       -0.2922203020
 107.  61.       -0.2366786353       -0.0055455955
 107.  62.       -0.1287900170       -0.3050852751
 107.  63.        0.0444508330       -0.6117429953
 107.  64.        0.1716792959       -0.2856620012
 107.  65.        0.3735938686       -0.1307555993
 107.  66.        0.4192146960       -0.4434338161
 107.  67.        0.1968309809        1.2939225267
 107.  68.        0.2984407728        0.2151614053
 107.  69.       -0.0248916526        0.2684292690
 107.  70.        0.0249004860        0.6577502745
 107.  71.       -0.2557228125       -1.1239009261
 107.  72.       -0.0378517106       -0.2923954461
 107.  73.       -0.5506217176        0.0219824803
 107.  74.       -0.4068184482       -1.3770481965
 107.  75.       -0.1402216349       -0.5407897417
 107.  76.        0.7036721699       -0.1194829117
 107.  77.        0.1390330789        0.3020432717
 107.  78.        0.1732189263        0.1750898699
 107.  79.        0.3046798119        0.6638348984
 107.  80.       -0.7407250314        0.2739232064
 107.  81.       -0.5702667278        0.2591465687
 107.  82.        0.2629297217        0.7105226097
 107.  83.        0.0622700281        0.8834295455
 107.  84.       -0.2620658538        0.0452897843
 107.  85.        0.5163710402        0.3733529030
 107.  86.        0.4979826557       -0.1259518088
 107.  87.       -0.2788155788       -0.0133023041
 107.  88.        0.3339557389        0.0744773738
 107.  89.       -0.0741199017        0.0980198904
 107.  90.       -0.1558150312       -0.5524836985
 107.  91.        0.0396057415       -0.5852741976
 107.  92.        0.4219451669       -0.5723274017
 107.  93.        0.1677413097       -0.5790498720
 107.  94.        0.5950264595        0.2753324836
 107.  95.        0.0820767629       -0.5086745915
 107.  96.        0.3838155326       -0.6133663100
 107.  97.        0.2787564951        0.7759260919
 107.  98.       -0.1426987793        0.2645038062
 107.  99.       -0.8568025829        0.3756684818
 107. 100.       -0.2734910475        0.6285373294
 107. 101.        0.1320173409        0.1050838248
 107. 102.       -0.8138717546       -0.0129380001
 107. 103.       -0.5707468222        0.1968242901
 107. 104.       -0.3606335347        0.1716028353
 107. 105.       -0.1040863161        0.3011052676
 107. 106.        0.5185587768       -0.3246668866
 107. 107.        0.0523822993       -0.1596288180
 108.   0.       -0.2915484393        0.0000000000
 108.   1.        0.2586039871        0.1632404870
 108.   2.       -0.0357794054       -0.2867164210
 108.   3.       -0.2968339451        0.1731337439
 108.   4.       -0.1143724580       -0.2531840199
 108.   5.       -0.5122047069       -0.5649486509
 108.   6.        0.1952179433        0.4003367295
 108.   7.        0.1814601940       -0.0012401704
 108.   8.       -0.1039827436       -0.1920242955
 108.   9.        0.3451697358        0.2290149106
 108.  10.       -0.0470212336       -0.4420822546
 108.  11.       -0.0989418189       -0.1179288911
 108.  12.        0.2502416433        0.0261159547
 108.  13.       -0.1279671621       -0.0650432182
 108.  14.       -0.0707612249       -0.1728550828
 108.  15.        0.0306945560       -0.4249665475
 108.  16.       -0.1308559709        0.1475226440
 108.  17.        0.7321268821        0.5210114629
 108.  18.        0.1689338915       -0.2632892476
 108.  19.       -0.1328768455        0.3448438789
 108.  20.       -0.0830473526       -0.1469191195
 108.  21.       -0.5042179364       -0.0984738250
 108.  22.       -0.1296172893        0.1096026282
 108.  23.       -0.1468219311       -0.7558237101
 108.  24.       -0.4299431333        0.6562027848
 108.  25.        0.4197725638        0.2765886496
 108.  26.        0.1506044350       -0.5928868033
 108.  27.       -0.1365393485        0.6557971954
 108.  28.       -0.0022901503        0.0023286799
 108.  29.       -0.6197393153       -0.8156829143
 108.  30.        0.0525177700       -0.1875851842
 108.  31.        0.4753676861       -0.5801292555
 108.  32.       -0.0546158751        0.2406251004
 108.  33.        0.4890196402        0.0840846649
 108.  34.        0.2596715742       -0.3897368940
 108.  35.        0.0531207100        0.5103150890
 108.  36.        0.2819364099       -0.4424681410
 108.  37.       -0.5234757272        0.1518236461
 108.  38.        0.1230375584        0.1793466506
 108.  39.       -0.1113626297       -0.5249934167
 108.  40.       -0.3035288974        0.3755783256
 108.  41.        0.4154858530        0.2801182832
 108.  42.        0.1869538230       -0.7501917555
 108.  43.        0.0524591594        0.2843019936
 108.  44.        0.4886098197        0.3246223283
 108.  45.       -0.0822789814        0.2556744744
 108.  46.       -0.2135198769        0.0539626971
 108.  47.       -0.2653461374        0.2996967723
 108.  48.       -0.4176619467        0.1656519903
 108.  49.       -0.2547573198       -0.6221037082
 108.  50.        0.0479819986       -0.7727554668
 108.  51.       -0.2412352216       -0.2595830478
 108.  52.        0.2445636970       -0.2148690822
 108.  53.        0.2534990386       -0.0437069004
 108.  54.        0.2631344161        0.3846582291
 108.  55.        0.0488902758       -0.4979428278
 108.  56.        0.0000688528        0.4242748629
 108.  57.       -0.4969179267        0.0939661683
 108.  58.       -0.3166977855        0.3319100931
 108.  59.       -0.3901265330       -0.2630771971
 108.  60.       -0.2496731095       -0.7709671897
 108.  61.        0.0357019555        0.0832477525
 108.  62.        0.4948363358       -0.4374390006
 108.  63.        0.6369363197        0.4489599910
 108.  64.        0.3653322507        0.2413796667
 108.  65.        0.2838242152       -0.0292008169
 108.  66.       -0.4295292883        0.7992232001
 108.  67.        0.1164950033       -0.1021714586
 108.  68.       -0.3638032030       -0.0828547409
 108.  69.       -0.1681042859        0.1593723878
 108.  70.        0.1591083761       -0.7424340084
 108.  71.       -0.3858261707       -1.0138755996
 108.  72.        0.9141168785       -0.5734965551
 108.  73.        0.8221719429       -0.0189965596
 108.  74.       -0.1557444951        0.2953227917
 108.  75.        0.3487149840       -0.3329582120
 108.  76.        1.0416999136       -0.3066661693
 108.  77.       -0.6558625926        0.0763575536
 108.  78.       -0.0061816744        0.2665770686
 108.  79.       -0.3197967206       -0.2752775480
 108.  80.       -0.4701017670        0.0020408952
 108.  81.       -0.7357996023       -0.0854751279
 108.  82.        0.0255877058       -0.7670168483
 108.  83.       -0.0023696666       -0.1655417288
 108.  84.        0.1301570866       -0.0940611482
 108.  85.        0.1161897009       -1.0282375038
 108.  86.       -0.5923263353       -0.6765165839
 108.  87.       -0.0486621648        0.5203617250
 108.  88.        0.0588571359       -0.4100538995
 108.  89.       -0.1264949464        0.5576493196
 108.  90.        0.2062562446        0.5876469805
 108.  91.        0.3957176243        0.0284239326
 108.  92.       -0.4528702766       -0.1422076712
 108.  93.       -0.0962374183        0.0262175270
 108.  94.        0.6861097644       -0.1837028771
 108.  95.       -0.6987976082        0.8707427635
 108.  96.       -0.1373944872        0.6271369834
 108.  97.        0.2859842501       -0.7033952531
 108.  98.       -0.0476733907       -0.4786752362
 108.  99.       -0.3975010464        0.1174460125
 108. 100.        0.1934492413       -0.5390268433
 108. 101.       -0.3149977689       -0.6297327322
 108. 102.       -0.0109485535        0.0109363161
 108. 103.        0.4159087435       -0.7695822090
 108. 104.        0.5949714908       -0.3281024163
 108. 105.        0.1810193138       -0.2234720149
 108. 106.        0.0932176809        0.0113267267
 108. 107.        0.1170361924       -0.3311705869
 108. 108.        0.2976669334       -0.1431357488
 109.   0.       -0.1706409011        0.0000000000
 109.   1.        0.0210986107       -0.2770467452
 109.   2.       -0.2784978323        0.0893127240
 109.   3.        0.2507883844       -0.0184386615
 109.   4.       -0.4446701029       -0.3807081506
 109.   5.       -0.3017882417       -0.1943957039
 109.   6.        0.2906908464        0.3384068506
 109.   7.       -0.4559095349       -0.0279504553
 109.   8.        0.0265932543        0.4213186829
 109.   9.        0.4007447793       -0.4300983003
 109.  10.       -0.6066385042        0.1020406000
 109.  11.        0.2265812130       -0.1882877680
 109.  12.       -0.1554260055       -0.7045596121
 109.  13.        0.1224256480        0.2568412888
 109.  14.        0.4731674403        0.1499226740
 109.  15.       -0.3982925134        0.0125661682
 109.  16.       -0.0836861720        0.2199650496
 109.  17.        0.0138101774       -0.4530261874
 109.  18.       -0.7698956003        0.0115921449
 109.  19.        0.5577683240        0.1937878555
 109.  20.        0.2082406940       -0.8594299858
 109.  21.       -0.3722623733        0.1405085309
 109.  22.        0.0665648328       -0.0057909275
 109.  23.       -0.4031889090       -0.2184702221
 109.  24.        0.2613467071        0.6231333195
 109.  25.        0.0336364885       -0.3392531042
 109.  26.       -0.2599024579        0.4321272464
 109.  27.        0.4368087099       -0.1642143861
 109.  28.       -0.7343568549        0.2196661963
 109.  29.       -0.3931576711        0.2655282361
 109.  30.        0.3445716664       -0.3253310790
 109.  31.       -0.0721662047       -0.0203231231
 109.  32.        0.4439466356        0.0306651469
 109.  33.        0.2916517253       -0.2388122349
 109.  34.       -0.5002013066        0.2252594138
 109.  35.        0.6706371042        0.0526313017
 109.  36.       -0.2384351598       -0.3922008200
 109.  37.       -0.0789484110       -0.4201833672
 109.  38.        0.0766240471       -0.6754661131
 109.  39.       -0.3824761865       -0.3351361859
 109.  40.        0.0184206570        0.6282515039
 109.  41.       -0.2021387240        0.1696510568
 109.  42.       -0.1565260666        0.0675962066
 109.  43.        0.2291625158        0.8142331015
 109.  44.       -0.3162650836       -0.2927161405
 109.  45.       -0.3868625510        0.2881269597
 109.  46.       -0.1440580553       -0.0696568295
 109.  47.       -0.1329786369       -0.5056395578
 109.  48.        0.2386383453        0.0161352215
 109.  49.        0.2002950681       -0.7345700663
 109.  50.        0.6061139736       -0.1459967585
 109.  51.        0.8930039789        0.3017101979
 109.  52.       -0.1690008374       -0.0283800910
 109.  53.       -0.1218338215        0.2874630390
 109.  54.       -0.7747650245       -0.0843726408
 109.  55.       -0.3009036249       -0.2107482507
 109.  56.       -0.4585121542       -0.0217851701
 109.  57.       -0.6947395210       -0.1082608828
 109.  58.        0.1873932541       -0.5658428596
 109.  59.       -0.2832192610        0.3352289336
 109.  60.        0.2561361789        0.1477660577
 109.  61.        0.4793317795        0.5377321134
 109.  62.       -0.0905944638        1.0351470514
 109.  63.        0.1065442427        0.5279742802
 109.  64.       -0.1250002573       -0.2058877638
 109.  65.       -0.3630143490        0.1530446364
 109.  66.       -0.3486483364       -0.0926791963
 109.  67.        0.2405369735       -0.8071686389
 109.  68.       -0.3549912169        0.0731712060
 109.  69.        0.0008333837        0.2228548054
 109.  70.        0.9225156509       -0.2789372343
 109.  71.        0.3941174154        0.7968901307
 109.  72.        0.5307922203       -0.2312024931
 109.  73.       -0.1826514305        0.4328881848
 109.  74.        0.3365728645        1.5169402864
 109.  75.       -0.4103755684       -0.2104471943
 109.  76.       -0.1985807780       -0.3443420324
 109.  77.       -0.0408518786        0.2521946305
 109.  78.        0.0811218782       -0.6157476733
 109.  79.       -0.5107183602       -0.3187832009
 109.  80.        0.6064288373        0.0482599153
 109.  81.       -0.0757931746       -0.3803358678
 109.  82.       -0.2188361389       -0.7811228647
 109.  83.        0.6828542627        0.5451804123
 109.  84.        0.2113715071       -0.3159946112
 109.  85.       -0.2876939481       -0.3509886049
 109.  86.       -0.4243069161       -0.1259733203
 109.  87.       -0.2055075582       -0.0215004839
 109.  88.       -0.8156323944        0.4096805949
 109.  89.        0.4896161269        0.5234226435
 109.  90.        0.5439241189        0.4436874732
 109.  91.        0.0576171508       -0.0851302916
 109.  92.       -0.6679658180        0.5546664957
 109.  93.       -0.0801809596       -0.5583162494
 109.  94.        0.0425630088       -0.4575418167
 109.  95.       -0.1641501802        0.6369853175
 109.  96.        0.8254056463       -0.1311558583
 109.  97.       -0.4578277700       -0.3100520448
 109.  98.        0.6684922520       -0.3780573219
 109.  99.        0.6376192314       -0.5572690360
 109. 100.        0.4933465259       -0.3202905275
 109. 101.        0.3286925293        0.5615979522
 109. 102.        0.5655024329        0.3759947984
 109. 103.        0.2281410495        0.0331631223
 109. 104.        0.5943713974       -0.0116983228
 109. 105.       -0.2572381443        1.0615408697
 109. 106.        0.1482889489        0.1300382396
 109. 107.        0.0428103093       -0.1089846285
 109. 108.       -0.1071547705        0.3637746161
 109. 109.       -0.4950480086       -0.2161262241
 110.   0.        0.2126674849        0.0000000000
 110.   1.       -0.2425325542       -0.1913191198
 110.   2.       -0.2156334790        0.1024843719
 110.   3.        0.1655018678       -0.1956558444
 110.   4.       -0.1540112387        0.3907837816
 110.   5.       -0.0154572620        0.4293640717
 110.   6.       -0.3701691387       -0.6465815666
 110.   7.       -0.1679483478        0.1571008234
 110.   8.        0.0352529608        0.1765887558
 110.   9.       -0.1963554674       -0.2419910052
 110.  10.        0.4245695057        0.4205242180
 110.  11.        0.0786865611        0.1603583754
 110.  12.       -0.5443301822       -0.2210089056
 110.  13.        0.3401370604        0.3280751184
 110.  14.       -0.4454567105        0.0563569010
 110.  15.        0.1312796654        0.6165052271
 110.  16.        0.0600488523        0.0560492168
 110.  17.       -0.6267087502       -0.1600711761
 110.  18.        0.3130220373        0.0887532015
 110.  19.       -0.4739882190       -0.3521055289
 110.  20.       -0.1150056401        0.2422645007
 110.  21.        0.3556527147       -0.1919767726
 110.  22.       -0.0606059609        0.0755187065
 110.  23.       -0.3599203837        0.6401124463
 110.  24.        0.2867329457       -0.5091420018
 110.  25.       -0.2474408975       -0.5761549299
 110.  26.       -0.2860067380        0.0001565958
 110.  27.        0.1688774046       -0.7332349006
 110.  28.        0.0003942365        0.4149682344
 110.  29.        0.7914895867        0.3215306302
 110.  30.       -0.1011958662        0.1530770729
 110.  31.       -0.3585814627        0.2406830545
 110.  32.        0.1744134503        0.0245976103
 110.  33.       -0.5929299743        0.3580651616
 110.  34.       -0.1891646937        0.0059301491
 110.  35.        0.0573466201       -0.3785920317
 110.  36.        0.5120430690        0.4178771883
 110.  37.        0.7288610341       -0.2752433963
 110.  38.       -0.6079894234       -0.0188970495
 110.  39.        0.6919295090        0.5726043505
 110.  40.        0.3270376465       -0.3157949171
 110.  41.       -0.0689011084        0.1206704728
 110.  42.       -0.3174183865        0.1145360678
 110.  43.       -0.3315448932       -0.3487237372
 110.  44.       -0.6474617874       -0.0866237717
 110.  45.        0.2526021408       -0.3001625189
 110.  46.       -0.2070540773       -0.5786568324
 110.  47.        0.1603633293        0.3722651219
 110.  48.        0.7602006124        0.2318011552
 110.  49.        0.2363316082        0.2137499587
 110.  50.        0.1893076303       -0.1857210086
 110.  51.        0.2691034289        0.0730231163
 110.  52.       -0.5173777859       -0.1870937401
 110.  53.        0.3830804151       -0.3169466058
 110.  54.       -0.0131458344       -0.1283903598
 110.  55.       -0.3686223688        0.0994104705
 110.  56.        0.2447887457       -0.5057387918
 110.  57.        0.2297061442        0.2197713368
 110.  58.       -0.1831958447       -0.4917438695
 110.  59.        0.3253613040        0.5977379860
 110.  60.       -0.1475405559        0.3866956058
 110.  61.       -0.2884165606        0.0140206061
 110.  62.       -0.3560370075        0.2402615012
 110.  63.       -0.0750722601       -0.3507875158
 110.  64.       -0.0897879549       -0.2294827173
 110.  65.        0.1890792506        0.0504220246
 110.  66.       -0.0327565504       -0.4041066883
 110.  67.        0.4207667239        0.1590646923
 110.  68.        0.7393348152        0.1010162269
 110.  69.       -0.4528184397        0.2169847516
 110.  70.       -0.2133619173        0.8175703473
 110.  71.        0.1453330121        0.6991466841
 110.  72.       -1.0992964958       -0.2893995212
 110.  73.       -0.1450359755       -0.1582777160
 110.  74.        0.2141131283        0.3384834327
 110.  75.       -1.1385642528        0.0408861589
 110.  76.       -0.2406328205       -0.2401843285
 110.  77.        0.9466335393       -0.0077042525
 110.  78.       -0.1029274461       -0.2860691305
 110.  79.        0.5550675343        0.1394782796
 110.  80.        0.2451321468        0.2877552864
 110.  81.       -0.0084720989       -0.0841019113
 110.  82.       -0.0922745278       -0.0363008268
 110.  83.        0.2788936690       -0.1174515254
 110.  84.       -0.4277762959        0.6934077249
 110.  85.       -0.2834991098       -0.0088268098
 110.  86.       -0.1556015784        0.0231911735
 110.  87.        0.0211103314        0.0673683132
 110.  88.       -0.4060252568        0.0734706283
 110.  89.       -0.3377464624       -0.3766012331
 110.  90.        0.0797703499       -0.1510988447
 110.  91.       -0.5928636240        0.8238397713
 110.  92.        0.2727781876       -0.6752569124
 110.  93.        0.1627942481       -0.4740376192
 110.  94.        0.4828492250       -0.2934381268
 110.  95.        0.4992934586       -0.1187999213
 110.  96.        1.0066496705        0.5373393695
 110.  97.       -0.0300217647        0.4350607451
 110.  98.        0.2109195590       -0.2217275344
 110.  99.        0.2061656824        0.0584869667
 110. 100.        0.0114215669        0.2406710032
 110. 101.       -0.3133113034        0.0268183549
 110. 102.       -0.7200129067       -0.3019490005
 110. 103.       -0.9561295072        0.5610555903
 110. 104.       -0.2953446266        0.0671347841
 110. 105.        0.1360459413        0.2260052026
 110. 106.       -0.2933013854       -0.3040108636
 110. 107.       -0.9465338192        0.0208789010
 110. 108.       -0.3897182604        0.4421644094
 110. 109.       -0.2203791180       -0.0177708067
 110. 110.       -0.2631205555       -0.1675725352
 111.   0.        0.1856724430        0.0000000000
 111.   1.       -0.0024762453        0.2962912072
 111.   2.        0.4295173600        0.2254347681
 111.   3.       -0.0505762261       -0.1693702487
 111.   4.        0.5757319895        0.3703117397
 111.   5.        0.1302350112       -0.2236420847
 111.   6.       -0.3554012991       -0.0990077008
 111.   7.        0.3059783908       -0.1078180973
 111.   8.       -0.2008180218       -0.8018325791
 111.   9.       -0.4274186738        0.4403354765
 111.  10.        0.4532074953        0.1012377734
 111.  11.       -0.1618015061        0.2215501702
 111.  12.        0.1471609673        0.4059891872
 111.  13.       -0.2196638528        0.2098616484
 111.  14.       -0.1142376499       -0.0381894808
 111.  15.        0.2387429416       -0.0478639217
 111.  16.       -0.1191462890       -0.0391340465
 111.  17.       -0.1077989158        0.0610004499
 111.  18.        0.7248605644       -0.5242047268
 111.  19.       -0.0790183204        0.0062586569
 111.  20.       -0.3503998047        0.6138343880
 111.  21.       -0.4297215547       -0.5061880846
 111.  22.       -0.4011786073       -0.0723904569
 111.  23.        0.6876199047        0.1816443033
 111.  24.       -0.1982091307       -0.5862446431
 111.  25.       -0.1036753330        0.2331368091
 111.  26.        0.2415576629       -0.0207688940
 111.  27.       -0.6517964115        0.3585790446
 111.  28.        0.5101433505        0.4658585985
 111.  29.       -0.1763620522        0.0269958647
 111.  30.       -0.6118875318        0.4243658065
 111.  31.       -0.1321429685       -0.3834931661
 111.  32.       -0.5588722814       -0.1150791797
 111.  33.       -0.1203981998        0.2761668361
 111.  34.        0.4649199597       -0.4871522741
 111.  35.       -0.1027026736       -0.0082929775
 111.  36.        0.2267401058        0.3570305243
 111.  37.        0.4480154527        0.3868631590
 111.  38.        0.1180138842        0.5665847284
 111.  39.        0.0672019163        0.0265798014
 111.  40.       -0.4020008047       -0.8173265343
 111.  41.        0.1447607324        0.3837704397
 111.  42.        0.3701366082       -0.0675988673
 111.  43.        0.0739357033       -0.1663685158
 111.  44.        0.1596573726        0.4554466492
 111.  45.       -0.0724901307       -0.3706504628
 111.  46.        0.0892822805        0.1794268066
 111.  47.        0.1956539315        0.4243804669
 111.  48.        0.0456762013       -0.4588089653
 111.  49.       -0.4921211500        0.4813254024
 111.  50.       -0.3127001032       -0.5505828003
 111.  51.       -0.1519240781       -0.4114508845
 111.  52.        0.2461373029        0.6430041812
 111.  53.        0.3585195900       -0.0853082788
 111.  54.        0.3952342610       -0.2266545145
 111.  55.        0.2639733888        0.3523377525
 111.  56.        0.4081855079        0.1858440565
 111.  57.        0.2433184647        0.4490059066
 111.  58.       -0.2663749370        0.2758877943
 111.  59.        0.0750228813       -0.0253355805
 111.  60.       -0.7361681992        0.1709625891
 111.  61.       -0.2157024475       -0.4414728014
 111.  62.       -0.1260134851       -0.7505368270
 111.  63.       -0.0077901070       -0.3837701145
 111.  64.        0.5593246508        0.1365062339
 111.  65.        0.0758611133       -0.4242542908
 111.  66.       -0.1133401667        0.3776441211
 111.  67.        0.0111981488        0.8693239407
 111.  68.       -0.0607062050       -0.0285221654
 111.  69.       -0.3805504036        0.1303470142
 111.  70.       -0.0546957744        0.2845873983
 111.  71.        0.1343616198       -0.4738961674
 111.  72.       -0.4845536392        0.7452697428
 111.  73.        0.1945716552       -0.1639124694
 111.  74.        0.4172641015       -0.4749990502
 111.  75.        0.1768938832        0.6570726337
 111.  76.        0.2420800228        0.3903900379
 111.  77.       -0.0691571687       -0.4575177226
 111.  78.        0.2952461624        1.0252942740
 111.  79.        0.7208299622        0.2081255724
 111.  80.       -0.6903298717       -0.2300797359
 111.  81.       -0.2388906476        1.0207422491
 111.  82.       -0.0015057659       -0.4204623851
 111.  83.       -0.2678509530       -0.5808972354
 111.  84.        0.5581638647        0.4456983808
 111.  85.       -0.1360394755        0.3553429451
 111.  86.        0.0094807922       -0.4375792395
 111.  87.       -0.1961298801        0.5197453100
 111.  88.        0.4353675123       -0.1275686963
 111.  89.       -0.0156454372       -0.8861217808
 111.  90.        0.5798636607       -0.5586504595
 111.  91.        0.5511315255        0.7358170020
 111.  92.       -0.1876718810       -0.3363012367
 111.  93.        0.0905695810       -0.0133408043
 111.  94.        0.3861382823       -0.2538771917
 111.  95.       -1.0725885775        0.1554285232
 111.  96.       -0.0778065805       -0.1977766583
 111.  97.       -0.4451028328        0.0610672682
 111.  98.       -0.7416345778        0.2564172433
 111.  99.       -0.8302589311       -0.4144272645
 111. 100.       -0.4090775407       -0.1742525649
 111. 101.       -0.3387179850        0.0114228599
 111. 102.       -0.3942338206       -0.3684798867
 111. 103.        0.2140907725       -0.0609123737
 111. 104.        0.0459957663       -0.6517520422
 111. 105.        0.4875153244       -0.6669065789
 111. 106.        0.3554496741        0.2853489089
 111. 107.       -0.1208748577       -0.2840713380
 111. 108.        0.1369345137       -0.5245446020
 111. 109.        0.0205595750        0.0568795562
 111. 110.        0.1365756995       -0.3285725648
 111. 111.        0.4996933167       -0.0947939675
 112.   0.       -0.3928471426        0.0000000000
 112.   1.        0.2114890453        0.2641079220
 112.   2.        0.1118106821       -0.1597005889
 112.   3.        0.0750183246       -0.1041972299
 112.   4.        0.0166001736       -0.5348993202
 112.   5.        0.0206621857        0.1529434143
 112.   6.        0.5370574477        0.6360128086
 112.   7.        0.4140124573       -0.1825152880
 112.   8.       -0.0086485661        0.3111325363
 112.   9.       -0.1646629576        0.0581635596
 112.  10.       -0.5850396369       -0.2365806197
 112.  11.       -0.0482634249        0.4582207827
 112.  12.        0.4236309710       -0.1752052742
 112.  13.        0.1580568620       -0.0256395614
 112.  14.        0.3418550058        0.1141827941
 112.  15.        0.1896717996       -0.4813892187
 112.  16.        0.1621170129        0.1362042588
 112.  17.        0.3324641075       -0.0058152389
 112.  18.       -0.5132846159        0.0095503169
 112.  19.        0.3397303050        0.4338839342
 112.  20.        0.5116941344       -0.2584752698
 112.  21.       -0.1756703434        0.2558517761
 112.  22.        0.6979198943        0.1725222967
 112.  23.        0.1966044892       -0.1382540267
 112.  24.        0.1538428168        0.3619987614
 112.  25.        0.3652125779        0.0290839205
 112.  26.       -0.0680101059        0.0060620335
 112.  27.       -0.1622228685        0.4985961894
 112.  28.        0.1849677718       -0.5148969680
 112.  29.       -0.4594515039        0.6113515748
 112.  30.       -0.1614178666       -0.2380858961
 112.  31.       -0.2159288074       -0.1175378381
 112.  32.        0.0532148138       -0.2225202775
 112.  33.        0.4818576549       -0.5924732211
 112.  34.       -0.1465902161        0.0254298244
 112.  35.        0.2014307432        0.8472150232
 112.  36.       -0.4841482131       -0.4960658583
 112.  37.       -0.6852798014        0.1873127925
 112.  38.        0.7624031551        0.3570753451
 112.  39.       -0.5952524671       -0.3726453307
 112.  40.        0.0843672858       -0.3294521913
 112.  41.        0.3273092086       -0.5958549046
 112.  42.        0.2288757336        0.3739945623
 112.  43.        0.2894192005        0.2988400849
 112.  44.        0.2191399797       -0.6215142613
 112.  45.       -0.0973057768        0.2355979557
 112.  46.        0.0682461998        0.3255505700
 112.  47.       -0.2044952817       -0.3729051001
 112.  48.       -0.1984090220       -0.1596305335
 112.  49.       -0.2262239136       -0.0671777577
 112.  50.       -0.3289901287       -0.0064197075
 112.  51.        0.3291083939       -0.2112307909
 112.  52.        0.4586639370        0.1458914022
 112.  53.        0.1360588479        0.0254751395
 112.  54.        0.1315829362       -0.0190973534
 112.  55.       -0.4156264382        0.6758331206
 112.  56.       -1.1928527601        0.0633429810
 112.  57.       -0.0329659650       -0.0788765674
 112.  58.        0.0823090676        0.1109408940
 112.  59.       -0.0951440099       -0.5905769020
 112.  60.        0.6405937143       -0.2431182852
 112.  61.        0.2071921610       -0.1937747811
 112.  62.       -0.2626869875       -0.3016015153
 112.  63.        0.5590136284        0.8443306732
 112.  64.        0.2741998132        0.4142751830
 112.  65.       -0.5019797560        0.0709067091
 112.  66.       -0.0254127738        0.5133783551
 112.  67.       -0.4410439336       -0.3315305795
 112.  68.       -0.3115942123       -0.3400009924
 112.  69.        0.3965961211       -0.2564048415
 112.  70.        0.0856554044       -1.2104135420
 112.  71.        0.0522075825        0.1784281994
 112.  72.        0.4244492355        0.4966565098
 112.  73.        0.2715261163       -0.1160561706
 112.  74.        0.2631150752        0.3938826916
 112.  75.        0.5099364614        0.6313726758
 112.  76.       -0.3509416183        0.5073865805
 112.  77.       -0.6624332848        0.4417274778
 112.  78.        0.1358935102       -0.2637588670
 112.  79.       -0.0171849116       -0.1163920875
 112.  80.        0.0314672526        0.7971192257
 112.  81.        0.6199152960       -0.0376547866
 112.  82.       -0.0797289087        0.1667071120
 112.  83.        0.4249280613       -0.1513516196
 112.  84.        0.5490652021       -0.0305281293
 112.  85.        0.0736186954        0.2542226887
 112.  86.       -0.2072921078       -0.0050181930
 112.  87.        0.1548310862       -0.3892646037
 112.  88.        0.0505947457        0.3062814724
 112.  89.       -0.1790387550        0.2659431036
 112.  90.        0.6980647727       -0.8124650793
 112.  91.       -0.2597170932       -0.4703250751
 112.  92.       -0.5438988796        0.8544592965
 112.  93.       -0.8265520242       -0.7090407889
 112.  94.       -0.8596275684       -0.1916662159
 112.  95.       -0.2278535085        0.4398634174
 112.  96.       -0.4082858814       -0.5481458533
 112.  97.        0.2069345051       -0.8908098404
 112.  98.       -0.2774292674       -0.4180210621
 112.  99.        0.3387133862       -0.3912873382
 112. 100.        0.3497764219       -0.4048123850
 112. 101.        0.2027744126        0.4700767710
 112. 102.        0.9467951503        0.3815509458
 112. 103.        0.4231783412       -0.9832422249
 112. 104.       -0.3525155632        0.1241749785
 112. 105.       -0.4436284836        0.8497498818
 112. 106.       -0.2349162926       -0.0547781903
 112. 107.       -0.0021160574        0.0734010889
 112. 108.       -1.0777215977        0.4718510192
 112. 109.       -0.0209640115        0.1160734800
 112. 110.        0.2319295849       -0.4432579627
 112. 111.        0.2832301442       -0.2081972634
 112. 112.        0.9117618245       -0.1634079956
 113.   0.       -0.2848445261        0.0000000000
 113.   1.       -0.0263392930       -0.2636726408
 113.   2.       -0.5988273307       -0.1256548094
 113.   3.        0.4921449484       -0.0032609598
 113.   4.       -0.4422937671       -0.1230604838
 113.   5.        0.3246834240        0.3768318343
 113.   6.        0.2696918478        0.0287123130
 113.   7.       -0.0104368737        0.3124331108
 113.   8.        0.2543617548        0.2822248795
 113.   9.        0.2096732441       -0.1928594674
 113.  10.       -0.5654249224        0.0868197064
 113.  11.        0.5512813046       -0.2973094194
 113.  12.       -0.3784393838        0.2312990888
 113.  13.        0.0041278428       -0.2167587526
 113.  14.        0.2969098046       -0.0468763404
 113.  15.       -0.0717146739        0.4178523312
 113.  16.        0.5279078196        0.3846158201
 113.  17.       -0.4156493683       -0.2906043091
 113.  18.       -0.3355846632        0.1959324162
 113.  19.       -0.2683481059       -0.2299683694
 113.  20.        0.0889140400       -0.1196562745
 113.  21.        0.4434457775        0.7034424405
 113.  22.        0.6808566309       -0.0882932550
 113.  23.       -0.1591625138        0.1062420378
 113.  24.       -0.1256497508        0.5181179907
 113.  25.       -0.3748849650       -0.3595136343
 113.  26.       -0.1442469645        0.3501043113
 113.  27.       -0.0224625682       -0.4580531490
 113.  28.       -0.7018040098       -0.3279478054
 113.  29.        0.3988312739        0.1805264857
 113.  30.        0.2717274476       -0.4491733575
 113.  31.        0.3947003712        0.4794511639
 113.  32.        0.3991368443       -0.0487419489
 113.  33.       -0.2309659347       -0.3906612977
 113.  34.       -0.0950586061        0.5150306150
 113.  35.        0.0513567949       -0.1979552135
 113.  36.       -0.8875417258       -0.0722521667
 113.  37.        0.3870394268        0.1342153509
 113.  38.        0.0579973534       -0.7700313597
 113.  39.       -0.0091006508        0.3510074293
 113.  40.        0.3134845137        0.1632827122
 113.  41.        0.0536522748        0.0052648825
 113.  42.       -0.3935681667        0.1577949365
 113.  43.        0.1636639763        0.0642850513
 113.  44.       -0.4870436776       -0.5105607436
 113.  45.       -0.0805820949       -0.1319448334
 113.  46.        0.1593474561       -0.4838296593
 113.  47.       -0.2026490429       -0.1657774502
 113.  48.        0.0416875285        0.2991857770
 113.  49.        0.4087132274        0.1765474724
 113.  50.       -0.3700182655        0.6153768216
 113.  51.        0.0097905360        0.2983024709
 113.  52.        0.1695888149       -0.1842812067
 113.  53.       -0.0774615003        0.1248892107
 113.  54.       -0.3846818940       -0.0813596776
 113.  55.       -0.1566769502       -0.1184596047
 113.  56.       -0.2562432919        0.1347355290
 113.  57.       -0.4138167719       -0.2276702117
 113.  58.        0.5741229235        0.1518771604
 113.  59.        0.1068056822        0.2091634072
 113.  60.        0.3566797763       -0.0040935848
 113.  61.       -0.2800343553        0.8600572167
 113.  62.       -0.5682599890        0.3372910680
 113.  63.       -0.2967080675        0.2913193188
 113.  64.       -0.4177016863       -0.0362249683
 113.  65.        0.0373851364       -0.1178168135
 113.  66.       -0.0964230594       -0.1610674746
 113.  67.        0.0229066628       -0.4289573086
 113.  68.        0.5996334083        0.6899341286
 113.  69.        0.6216667148        0.1301671793
 113.  70.       -0.1423627760        0.4964051566
 113.  71.        0.4425787096       -0.0274208594
 113.  72.        0.3208043562       -0.8599704838
 113.  73.       -0.6443347974        0.4453811193
 113.  74.       -0.1144042455       -0.3421535893
 113.  75.       -0.3735368942       -0.0612810947
 113.  76.       -0.6766048177        0.2123571237
 113.  77.       -0.0702789745        0.1178254664
 113.  78.        0.0598622882       -0.7436420741
 113.  79.       -0.0801421038       -0.1111227226
 113.  80.        0.6302832781       -0.2140416973
 113.  81.       -0.0255692278        0.1729087995
 113.  82.       -0.2509082848        0.4269578038
 113.  83.       -0.2099412871        0.0487871305
 113.  84.       -0.5354464796       -0.5476537952
 113.  85.       -0.2667499375        0.5360770970
 113.  86.        0.1919836110        0.3745288728
 113.  87.       -0.0303568474        0.0583257557
 113.  88.        0.7056880867        0.3573378167
 113.  89.       -0.5494423011        0.1188196772
 113.  90.       -0.8003299583        0.2550209690
 113.  91.        0.2822035112       -0.0608676907
 113.  92.        0.6380075158       -0.1818215772
 113.  93.       -0.2047630626       -1.0470218760
 113.  94.        0.6307438705       -0.1850461981
 113.  95.        0.6433438035       -0.1976497866
 113.  96.        0.6851311771        0.4279688684
 113.  97.       -0.3018107228        0.0386675352
 113.  98.        0.7228768924        0.0325718358
 113.  99.       -0.0105342815        0.1199524761
 113. 100.        0.0544091445        0.6299034424
 113. 101.        0.0527090957        0.6061409818
 113. 102.       -0.2701970356        0.3249551352
 113. 103.       -0.4891801319        0.2683493863
 113. 104.       -0.3002138677       -0.0184829962
 113. 105.       -0.3175234491        0.2012694675
 113. 106.       -0.1836151511       -0.5348963390
 113. 107.       -0.1572153849       -0.3066267117
 113. 108.       -0.4296836779        0.0741919448
 113. 109.       -0.6702804166       -0.7996674892
 113. 110.       -0.5021054327       -0.3180860796
 113. 111.        0.1043588005       -0.4428467300
 113. 112.        0.4260408466        0.4676276649
 113. 113.       -0.2371301932       -0.3097227318
 114.   0.        0.2449244780        0.0000000000
 114.   1.       -0.0384818451        0.0536183951
 114.   2.        0.2065748785        0.1325939412
 114.   3.       -0.1177947264        0.1340433543
 114.   4.        0.1904291850        0.1213861260
 114.   5.        0.0711007468       -0.1703667917
 114.   6.       -0.4633617580       -0.0266706285
 114.   7.       -0.1473845784       -0.0686328754
 114.   8.        0.1879533267       -0.3739595039
 114.   9.        0.0233406082        0.0673058832
 114.  10.        0.2544492182        0.0500006132
 114.  11.       -0.1989185903       -0.6240193899
 114.  12.       -0.3520535071        0.2018580384
 114.  13.       -0.4115657123        0.0008313626
 114.  14.       -0.4311690976       -0.0560615892
 114.  15.       -0.2175484325        0.1622568214
 114.  16.       -0.0852954786       -0.1700509863
 114.  17.        0.0371591215        0.0250712468
 114.  18.        0.2449676818        0.1271984256
 114.  19.       -0.2581637682       -0.5843391124
 114.  20.       -0.3599138495        0.4286838425
 114.  21.        0.5711779903       -0.4542451499
 114.  22.       -0.8257236245       -0.1529748839
 114.  23.        0.0146361582       -0.0591840046
 114.  24.       -0.0962555706       -0.5569856566
 114.  25.       -0.5163421372        0.1014755328
 114.  26.        0.6404998213       -0.1869548585
 114.  27.       -0.0162291140        0.0632192408
 114.  28.        0.4175637924        0.1610554132
 114.  29.        0.4800934305       -0.1389184339
 114.  30.        0.0072806663        0.3867287299
 114.  31.        0.2736450868        0.3243713022
 114.  32.        0.1465081226       -0.5143266307
 114.  33.       -0.5013250815        0.7385563994
 114.  34.        0.6294431058       -0.4588713787
 114.  35.       -0.2170116230       -0.8940834332
 114.  36.        0.2071093452        0.0565346436
 114.  37.        0.3136013621       -0.5796389095
 114.  38.       -0.3536771285        0.3411710781
 114.  39.        0.1528557012        0.2858814119
 114.  40.       -0.3348727649       -0.0135495299
 114.  41.       -0.3182393269        0.2193462182
 114.  42.       -0.0719029916       -0.0776763624
 114.  43.       -0.3397676678       -0.5263791547
 114.  44.        0.2338866280        0.4761034765
 114.  45.        0.2697683433       -0.2307137369
 114.  46.        0.2476359319       -0.0444913044
 114.  47.        0.4990525633        0.4815360944
 114.  48.       -0.0574325994        0.2765062757
 114.  49.       -0.1968598370       -0.2565820895
 114.  50.        0.0045804863        0.1736585905
 114.  51.       -0.4704072645       -0.2900810729
 114.  52.        0.1051129830        0.0825844797
 114.  53.        0.1139653936       -0.2064559659
 114.  54.       -0.1396305237       -0.2318310013
 114.  55.        0.8163215960       -0.4262568529
 114.  56.        0.4040381913        0.4181377693
 114.  57.       -0.2819792185        0.0382106992
 114.  58.        0.1004127172       -0.2692131741
 114.  59.        0.2436190841        0.3230842944
 114.  60.       -0.6655680029        0.5206904907
 114.  61.        0.0578531279        0.0015915807
 114.  62.        0.1587420448       -0.1647867926
 114.  63.       -0.1967630965       -0.6088853013
 114.  64.       -0.6211648402       -0.0996791833
 114.  65.        0.7902654487       -0.5742165221
 114.  66.        0.5444302388       -0.3009419458
 114.  67.        0.1018155618        0.6320559618
 114.  68.       -0.2782205934       -0.3774066972
 114.  69.        0.0107542881        0.8454526995
 114.  70.       -0.5293424690        1.0061354788
 114.  71.       -0.0443080968       -0.4568270682
 114.  72.       -0.8615617851        0.1030595867
 114.  73.       -0.1274117249        0.2281517970
 114.  74.       -0.2144636859       -0.9049786958
 114.  75.        0.3200245771       -0.2692224965
 114.  76.        0.8112124695       -0.0857619398
 114.  77.        0.0957302385       -0.6770963838
 114.  78.       -0.1046380629        0.4371345253
 114.  79.        0.1765977294        0.2941804107
 114.  80.       -1.0782679470       -0.4393807552
 114.  81.       -0.3494549996        0.5418240386
 114.  82.        0.1754634311        0.1826541055
 114.  83.       -0.8180644456       -0.1593130853
 114.  84.       -0.2687685290       -0.1834161561
 114.  85.        0.0079104427       -0.0122932495
 114.  86.       -0.6080432365       -0.1618629473
 114.  87.       -0.4297110044       -0.0198098086
 114.  88.        0.3183362327        0.0146525628
 114.  89.       -0.1818484965       -0.3917092715
 114.  90.       -0.1676586370        0.2020003582
 114.  91.        0.1584086905        0.1803737295
 114.  92.        0.4910633544       -0.1112446630
 114.  93.        0.2077678925        0.5671167137
 114.  94.        0.5042574599       -0.1997263332
 114.  95.        0.5037069194       -0.0026045904
 114.  96.        0.1117464730        0.4571565686
 114.  97.        0.1463787199        0.7429147672
 114.  98.       -0.2083449178        0.0500505252
 114.  99.       -0.8396186832        0.1796346274
 114. 100.       -0.5239925946       -0.1763014309
 114. 101.       -0.4598118631       -0.6662203002
 114. 102.        0.1312446774       -0.1879134139
 114. 103.        0.1157671138       -0.5782545474
 114. 104.        0.6926689813       -0.1211019553
 114. 105.        0.7545235821       -0.6581543195
 114. 106.        0.8421625042       -0.1451172580
 114. 107.        1.1557241698       -0.2780895554
 114. 108.        0.5266432101       -0.0001398558
 114. 109.        0.3289621779        0.2462603678
 114. 110.        0.3396826889       -0.6346680322
 114. 111.        0.5821168189        0.5131578188
 114. 112.        0.2618910769        0.0034627382
 114. 113.       -0.3093653300       -0.2421741394
 114. 114.        0.2606954023        0.1151499620
 115.   0.        0.0277651977        0.0000000000
 115.   1.       -0.2248043008        0.0045884410
 115.   2.        0.4034284447       -0.2021835869
 115.   3.       -0.7900132596        0.1650600023
 115.   4.        0.1650238278        0.0122655610
 115.   5.       -0.2717025160       -0.5091918784
 115.   6.       -0.0046908125        0.1817427804
 115.   7.        0.2758567966       -0.4513923957
 115.   8.       -0.0745536250        0.2810890406
 115.   9.        0.1664381613        0.1085688039
 115.  10.        0.4215307890       -0.3600219362
 115.  11.       -0.3710292878        0.2649210204
 115.  12.        0.4421589726       -0.2783564750
 115.  13.       -0.3919058505       -0.4139936635
 115.  14.       -0.2907348251        0.2871936296
 115.  15.        0.1694435341       -0.3507767669
 115.  16.       -0.5983795137       -0.6680095707
 115.  17.        0.7640517211        0.3959503720
 115.  18.       -0.0822533433        0.0960584536
 115.  19.        0.0351030772        0.5683137215
 115.  20.        0.0499538723       -0.1632338939
 115.  21.       -0.3791641830       -0.4175144434
 115.  22.       -0.4665420010       -0.0450918687
 115.  23.        0.0581794286       -0.4913067204
 115.  24.        0.0638635871       -0.3777482360
 115.  25.        0.6769591779        0.1428102354
 115.  26.        0.1622414839       -0.4367133949
 115.  27.        0.0454823234        0.9212801380
 115.  28.        0.2549930465        0.1085551040
 115.  29.       -0.5492883863       -0.4308320563
 115.  30.       -0.1463028676        0.2506149657
 115.  31.        0.1496848120       -0.4284335727
 115.  32.       -0.3572053271        0.0616893677
 115.  33.        0.3056961265       -0.1347896951
 115.  34.       -0.1883780762       -0.4080097630
 115.  35.       -0.3006816111        0.4039043459
 115.  36.        0.4142346822        0.2772496384
 115.  37.       -0.5994170088       -0.0163977619
 115.  38.       -0.2623480317        0.3810878475
 115.  39.        0.1231518001       -0.3412734234
 115.  40.       -0.3440696229       -0.2936673980
 115.  41.       -0.0074178673       -0.5035463659
 115.  42.        0.3824092850       -0.4691432255
 115.  43.        0.2364597618        0.3857940677
 115.  44.        0.0904679309        0.3627381626
 115.  45.       -0.1497294761        0.6257843382
 115.  46.       -0.1474109079        0.7985713224
 115.  47.        0.1473535578       -0.3956795715
 115.  48.       -0.7821516794       -0.1768949696
 115.  49.       -0.1313798171       -0.1925459483
 115.  50.        0.1805976815       -0.3403637860
 115.  51.        0.3457125560       -0.4123538596
 115.  52.       -0.0430814724       -0.3429628091
 115.  53.        0.2121925054       -0.3160605505
 115.  54.        0.3733931359        0.4196168186
 115.  55.        0.0192389602       -0.2051897261
 115.  56.        0.0816068226        0.5385604430
 115.  57.        0.1640431455        0.0080066095
 115.  58.       -0.3398339810        0.0092182931
 115.  59.        0.1279006179       -0.0629121674
 115.  60.       -0.4358242595       -0.0604531865
 115.  61.        0.3921458258       -0.0167365889
 115.  62.        0.3617053181       -0.1495589712
 115.  63.        0.0753793945        0.1069823058
 115.  64.        0.2761228804       -0.4078157335
 115.  65.       -0.3564845914        0.3184428827
 115.  66.       -0.1109544225        0.9633652116
 115.  67.       -0.1382274275        0.3961145544
 115.  68.       -0.4109352491       -0.2022260245
 115.  69.       -0.2170309088       -0.1146200830
 115.  70.       -0.1857977202       -1.0085128663
 115.  71.       -0.1651886295        0.2883345930
 115.  72.        0.0931311349       -0.3991706399
 115.  73.        0.3042434950       -0.3965921499
 115.  74.       -0.2740035745        0.0646429949
 115.  75.        0.4355881922        0.1528512577
 115.  76.        0.3631639786        1.0082877805
 115.  77.       -0.2730271041        0.5227471420
 115.  78.        0.3289291832        0.0812916104
 115.  79.       -0.1492247620        0.2301384372
 115.  80.       -0.6270795189       -0.2534384256
 115.  81.        0.4773678115       -0.5875861695
 115.  82.        0.2631865181       -0.5515015752
 115.  83.        0.1124144282        0.2981579201
 115.  84.        0.7828915621       -0.4851686454
 115.  85.       -0.4048617434       -0.3430789439
 115.  86.       -0.5534965765        0.4364512007
 115.  87.        0.6254378828        0.1469176160
 115.  88.       -0.2537768841       -0.4534007848
 115.  89.       -0.1983451526        0.4775013530
 115.  90.        0.5391125812       -0.1749303938
 115.  91.       -0.2147114952       -0.4912583339
 115.  92.       -0.3039621836        0.6323839845
 115.  93.       -0.2736048021        0.8054186757
 115.  94.       -0.2308288346        0.1686693115
 115.  95.       -0.2679057922        0.1728017026
 115.  96.        0.0906807812        0.6749849459
 115.  97.       -0.5969804158       -0.4468452816
 115.  98.       -0.4532501478       -0.7208455012
 115.  99.        0.3785695347       -0.1984848382
 115. 100.        0.2666233261        0.0297723049
 115. 101.        0.1646948468        0.0277044409
 115. 102.        0.5318692871        0.3693285301
 115. 103.        0.8649005971        0.3948030778
 115. 104.        0.3745257640        0.2826271265
 115. 105.        1.1021494043        0.4097551681
 115. 106.       -0.2368087453       -0.1716807456
 115. 107.       -0.0812489069        0.6106748749
 115. 108.       -0.5071482910        0.4043928564
 115. 109.        0.5263303996        0.7294552998
 115. 110.       -0.3126050867        0.2861870825
 115. 111.       -0.1541866931       -0.4428021925
 115. 112.       -0.7329361019       -0.0875673688
 115. 113.       -1.0857158766        0.3241776054
 115. 114.       -0.7680570108        0.1937319432
 115. 115.       -0.0450202091        0.4597669248
 116.   0.        0.1043563167        0.0000000000
 116.   1.       -0.0037903944       -0.0708056734
 116.   2.       -0.2151145328        0.0924118376
 116.   3.        0.2783199978        0.2950723147
 116.   4.       -0.1191131850        0.1778594136
 116.   5.        0.0709479140       -0.0379015434
 116.   6.        0.3959732314       -0.1788660568
 116.   7.       -0.3341121446        0.2033110659
 116.   8.       -0.1879868451       -0.0766054572
 116.   9.       -0.0261495002       -0.0199208513
 116.  10.       -0.0484544869        0.1896021133
 116.  11.        0.1977188181        0.1603244796
 116.  12.        0.2636368302        0.0537549408
 116.  13.       -0.0292001964       -0.3441059803
 116.  14.        0.4951698872       -0.2182863762
 116.  15.       -0.0071223043        0.0950377970
 116.  16.       -0.1625586517        0.1971781382
 116.  17.       -0.1434829348       -0.1371296221
 116.  18.       -0.1359928396        0.0124726766
 116.  19.        0.2591928762        0.3260330258
 116.  20.       -0.0624500040       -0.2912261800
 116.  21.       -0.6401518016        0.3142112757
 116.  22.        0.1794686802       -0.3805603139
 116.  23.        0.0846563845       -0.0043379898
 116.  24.       -0.0686251272        0.2503961928
 116.  25.        0.1977597583       -0.1651336460
 116.  26.       -0.4850827369        0.5220241697
 116.  27.        0.5061880198       -0.3625188600
 116.  28.       -0.3066545960       -0.5359218473
 116.  29.       -0.2569823174       -0.2452153702
 116.  30.        0.6145150055       -0.1412006597
 116.  31.       -0.3278979116       -0.1734658761
 116.  32.        0.1187813604        0.5928318415
 116.  33.        0.2898753357       -0.1824918624
 116.  34.       -0.4393428578        0.7849500013
 116.  35.        0.2046234302        0.2580837799
 116.  36.       -0.3518911653       -0.1167940220
 116.  37.        0.0803576903        0.4455709004
 116.  38.        0.3379229922       -0.6578115308
 116.  39.        0.0590555336       -0.2222510853
 116.  40.        0.5994702812        0.7476132701
 116.  41.        0.4897423967        0.1869888776
 116.  42.       -0.3238262338       -0.1787945645
 116.  43.        0.0999511420        0.2358810773
 116.  44.       -0.8616549430       -0.0370617738
 116.  45.       -0.4213199612       -0.1090114887
 116.  46.       -0.2945374662       -0.4290014788
 116.  47.       -0.3608366562       -0.3277771398
 116.  48.        0.2050633346        0.2620354289
 116.  49.        0.0991715305       -0.5055452576
 116.  50.        0.1610487185        0.0784423963
 116.  51.        0.2586833910        0.3142747862
 116.  52.        0.1181469915        0.2264238612
 116.  53.       -0.0717641476       -0.2035918664
 116.  54.        0.3114484014       -0.1611253116
 116.  55.       -0.7035505317       -0.2866798944
 116.  56.        0.1657529523       -0.3297803926
 116.  57.       -0.0899579663        0.2180050450
 116.  58.       -0.4031835159       -0.0804966848
 116.  59.        0.3010627263       -0.3858481779
 116.  60.        0.2264033810        0.0229230602
 116.  61.        0.3706953482        0.0174647087
 116.  62.        0.2003967947        0.2559559684
 116.  63.        0.3438325371        0.3369241778
 116.  64.        0.5059347438       -0.1384775362
 116.  65.       -0.7833208032        0.3330774768
 116.  66.       -0.3115694612       -0.2005159467
 116.  67.       -0.2334593225       -0.4671144634
 116.  68.        0.1521141417        0.1932301465
 116.  69.        0.6956586230       -0.1211113876
 116.  70.        0.5186425923       -0.6156867514
 116.  71.        0.2580187242        0.5233249950
 116.  72.        0.1987193964       -0.3341426811
 116.  73.       -0.1445218489       -0.0575931062
 116.  74.        0.1409145602        1.0319079306
 116.  75.       -0.2892943788        0.1386197165
 116.  76.       -0.4407351492        0.1471190099
 116.  77.        0.4469066309        0.3743277224
 116.  78.       -0.5063454248       -0.5653199388
 116.  79.       -0.4118385627        0.0185488428
 116.  80.        0.8890916978        0.0470223125
 116.  81.        0.1608890233       -0.5542243369
 116.  82.        0.7316152631       -0.2546007246
 116.  83.        0.7384003258        0.1554088733
 116.  84.       -0.1123819484        0.0268385385
 116.  85.        0.4321226165       -0.1443388569
 116.  86.        0.3125308175        0.8328055336
 116.  87.       -0.0093625704       -0.0950883731
 116.  88.        0.0653169444        0.0204268659
 116.  89.        0.0965380823        0.2829341155
 116.  90.       -0.3515035625       -0.2344265237
 116.  91.       -0.2439544614       -0.1247428368
 116.  92.        0.1628448398       -0.2087209736
 116.  93.       -0.2156971789       -0.0139271127
 116.  94.        0.0375343306        0.0475965409
 116.  95.       -0.1036448295        0.3969978315
 116.  96.        0.6362570909       -0.4493221900
 116.  97.        0.1135046805       -0.1139856498
 116.  98.        0.6602666062       -0.1699205904
 116.  99.        0.2914655399       -0.1140822286
 116. 100.       -0.0344764980        0.7621630456
 116. 101.        0.0950719371        0.8182648405
 116. 102.        0.0448847475        0.6180515137
 116. 103.       -0.6806540920        0.2759348902
 116. 104.       -0.1682205894        0.5795003449
 116. 105.       -0.3324822850        0.1465961603
 116. 106.       -0.0136987183       -0.0498259717
 116. 107.       -0.0029371304        0.1053254472
 116. 108.       -0.5767574732       -0.3963386234
 116. 109.       -0.8271677643       -0.9003944621
 116. 110.        0.1205132172       -0.4578792528
 116. 111.       -0.4053798089       -0.1003889599
 116. 112.        0.9305041647        0.2436661294
 116. 113.       -0.1766934766        0.1489110671
 116. 114.       -0.4324015209       -0.7005288592
 116. 115.        0.1029205876       -0.7569206022
 116. 116.        0.2386190953       -0.7476605329
 117.   0.        0.5610925459        0.0000000000
 117.   1.        0.3710824249       -0.1016594603
 117.   2.       -0.1734384762        0.0852298762
 117.   3.        0.2843527497       -0.1844093466
 117.   4.        0.0457031191        0.0404948188
 117.   5.        0.1577433803        0.6705429423
 117.   6.       -0.3743481048       -0.2974887272
 117.   7.       -0.4468925528        0.2864918839
 117.   8.       -0.2000322188        0.1701908806
 117.   9.       -0.4014229295       -0.2316889568
 117.  10.        0.0088098041        0.4400137538
 117.  11.       -0.2686119128       -0.1949129906
 117.  12.        0.0896788696        0.2679440434
 117.  13.        0.6654129738        0.5281206128
 117.  14.        0.1532400066       -0.4373826992
 117.  15.       -0.0605208947        0.1852845437
 117.  16.        0.1349529239        0.1338069434
 117.  17.       -0.4746637264       -0.3099129444
 117.  18.       -0.0244405495        0.1880853972
 117.  19.        0.0766678496       -0.5610217301
 117.  20.        0.1367056014        0.3839862882
 117.  21.        0.5246724882        0.1054802408
 117.  22.        0.0225877488        0.0312179467
 117.  23.        0.0437853702        0.7376830859
 117.  24.        0.1270813966        0.1582669171
 117.  25.       -0.9416373627        0.1895642523
 117.  26.        0.2061221105        0.1815077730
 117.  27.        0.2562525549       -1.1846740234
 117.  28.       -0.4230382564       -0.0267516786
 117.  29.        0.6023471021        0.1799236058
 117.  30.       -0.1099108398       -0.3525634060
 117.  31.       -0.3538681963        0.4122173672
 117.  32.        0.1054720778       -0.4264588694
 117.  33.       -0.7194444658        0.2922731836
 117.  34.        0.0027468910       -0.0300880842
 117.  35.        0.2886262564       -0.2109373121
 117.  36.       -0.2212678857       -0.0102252487
 117.  37.        0.4427805066       -0.2685317362
 117.  38.       -0.1687255677       -0.5040255631
 117.  39.       -0.0317056041        0.0594096662
 117.  40.        0.0836717586        0.0496737729
 117.  41.       -0.5022542460        0.1222891880
 117.  42.       -0.0471378918        0.3244929382
 117.  43.        0.0303994966       -0.4096738877
 117.  44.       -0.0636284596       -0.3486384194
 117.  45.       -0.0126696207        0.0144585514
 117.  46.       -0.1647907641       -0.4099422501
 117.  47.       -0.0842046130        0.2003964800
 117.  48.        0.7581826482       -0.1280134165
 117.  49.       -0.2650015193       -0.2198460553
 117.  50.        0.2038445463        0.1054928799
 117.  51.       -0.4077911170        0.4761172101
 117.  52.       -0.2597652549        0.6519699159
 117.  53.        0.1523271085       -0.1559706532
 117.  54.       -0.1720950625       -0.2830341805
 117.  55.       -0.0354360668        0.2063055274
 117.  56.        0.0546631471       -0.2271534816
 117.  57.        0.1590028681        0.1401359023
 117.  58.       -0.1308665617        0.4370654738
 117.  59.        0.0308668632        0.6402439817
 117.  60.        0.3590010953        0.0268410768
 117.  61.       -0.4162731471        0.0416395838
 117.  62.        0.0804765834       -0.2488154961
 117.  63.       -0.4691370840       -0.2186943163
 117.  64.       -0.3678328160       -0.4591237988
 117.  65.       -0.0148120460       -0.1139291780
 117.  66.        0.0982732347       -0.7611852718
 117.  67.        0.0773258422        0.1258748294
 117.  68.        0.2351904697        0.1392783413
 117.  69.        0.1617120677       -0.2154933155
 117.  70.       -0.1004156688        0.5268751978
 117.  71.        0.6310824072        0.4841797210
 117.  72.       -0.5875251952        0.2418383257
 117.  73.       -0.0356849990        0.0519797297
 117.  74.        0.3917659817       -0.2325092489
 117.  75.       -0.8066323517       -0.3746186658
 117.  76.        0.3115819720        0.1413299176
 117.  77.        0.6444625570       -0.2281276083
 117.  78.       -0.4192215028        0.0310419614
 117.  79.       -0.1046839508        0.2499800531
 117.  80.        0.5563006105       -0.4067446966
 117.  81.       -0.7855714966        0.9957714987
 117.  82.        0.6167677258        0.0158382971
 117.  83.        0.3991886085        0.4155723369
 117.  84.        0.1076559524        0.3067721845
 117.  85.        0.1616280895        0.0633139982
 117.  86.        0.0876349156       -0.4081138025
 117.  87.       -0.4850330370        0.6942013194
 117.  88.       -0.0262758758       -0.8625944607
 117.  89.        0.1576671565       -0.2274777378
 117.  90.       -0.1091311675        0.4863610382
 117.  91.        0.3830901735       -0.0375331041
 117.  92.       -0.2664406609       -0.3808193919
 117.  93.        0.3714718764       -0.1620602370
 117.  94.        0.0906199359        0.4959536850
 117.  95.        0.3291757998       -0.2212612670
 117.  96.        0.1843872550        0.5822043693
 117.  97.        0.6621450841        0.6070294134
 117.  98.        0.0366294391        0.4403556281
 117.  99.       -0.5000625426        0.1471702357
 117. 100.       -0.1257613221        0.1287167233
 117. 101.       -0.4860097793       -0.2803438465
 117. 102.       -0.8991014686       -0.2417394430
 117. 103.       -0.4830638339       -0.0858490529
 117. 104.        0.2353315306       -0.1088785074
 117. 105.       -0.1973363008       -0.7567627306
 117. 106.        0.7202856274       -0.1236934186
 117. 107.        0.5466274024       -0.5168833627
 117. 108.        0.1382474345        0.2384674813
 117. 109.        0.4190256993       -0.3145184738
 117. 110.        0.2161672888        0.3795470213
 117. 111.        0.6016357574       -0.0394350049
 117. 112.       -0.3506275667        0.2911002502
 117. 113.        0.1723223592        0.5264142021
 117. 114.       -0.0119104365        0.1966703028
 117. 115.        0.5599976376        0.1963431300
 117. 116.       -0.1101231671       -0.1476947076
 117. 117.        0.0369730754        0.2841531522
 118.   0.        0.0231438594        0.0000000000
 118.   1.       -0.2868189949       -0.1011315521
 118.   2.        0.0844227685        0.2127091904
 118.   3.       -0.2778668750       -0.1710567189
 118.   4.        0.2097765724        0.0360647760
 118.   5.       -0.0107907677       -0.3114919616
 118.   6.       -0.4288447568        0.1328698032
 118.   7.        0.4917762367        0.0137237802
 118.   8.        0.0829837830       -0.2406733178
 118.   9.        0.1097078235       -0.0099699923
 118.  10.        0.4682352028       -0.4130767785
 118.  11.       -0.1142639449       -0.1552964339
 118.  12.       -0.0949829747        0.2178314319
 118.  13.       -0.0470311830       -0.2255209202
 118.  14.       -0.3201698371        0.1003397263
 118.  15.        0.1761034290       -0.1632272780
 118.  16.       -0.2272816478       -0.3901264164
 118.  17.        0.2502324989        0.2756303364
 118.  18.        0.2658191104       -0.3521424077
 118.  19.       -0.2319453765       -0.2638958108
 118.  20.        0.4240647894        0.4457539748
 118.  21.        0.1028885141       -0.0191642065
 118.  22.       -0.2467623571        0.7140531472
 118.  23.        0.3608565724       -0.0794090122
 118.  24.       -0.1502635259       -0.4523723069
 118.  25.        0.1579498877        0.2412963188
 118.  26.       -0.0273666605       -0.4874103230
 118.  27.       -0.6728309881       -0.2169352290
 118.  28.        0.3148117042        0.4109363931
 118.  29.        0.1043185192       -0.0112806093
 118.  30.       -0.3894788768        0.3158702111
 118.  31.       -0.0296165245       -0.6011169066
 118.  32.       -0.4979143249        0.0040154710
 118.  33.       -0.2291214860        0.2158342365
 118.  34.       -0.0745230564       -1.0391807061
 118.  35.       -0.2859824851        0.1477945603
 118.  36.        0.6506309853        0.4329533820
 118.  37.       -0.4058011810       -0.0233521043
 118.  38.       -0.2233649987        0.5793579404
 118.  39.        0.0398235545        0.2628834956
 118.  40.       -0.6468315304       -0.4007985280
 118.  41.       -0.0728599669       -0.0281254598
 118.  42.        0.3746364929       -0.0626164202
 118.  43.        0.0512837844        0.2864116897
 118.  44.        0.4419530590        0.1478380802
 118.  45.        0.1805355322       -0.5086496368
 118.  46.        0.2915476088        0.1165781826
 118.  47.       -0.0162922974        0.1424068428
 118.  48.       -0.3012579892       -0.1824234377
 118.  49.       -0.0167101102        0.5480463983
 118.  50.       -0.1917381074       -0.1596263234
 118.  51.       -0.2832480408       -0.1898740801
 118.  52.        0.3062675850       -0.0983778990
 118.  53.       -0.4176744399        0.4207456773
 118.  54.        0.0513035806       -0.0016189348
 118.  55.       -0.0319623038        0.4745464405
 118.  56.        0.1394548458       -0.1251419992
 118.  57.        0.0164001315       -0.1285998927
 118.  58.       -0.3157197519        0.1979395120
 118.  59.       -0.5356927794       -0.1825803475
 118.  60.        0.1224558289       -0.2616310387
 118.  61.       -0.0341601159       -0.1572316230
 118.  62.        0.0810990014       -0.2330129680
 118.  63.       -0.1433139979       -0.3317808427
 118.  64.        0.0812422558        0.1774833747
 118.  65.        0.2347898215       -0.4539243719
 118.  66.       -0.3453788996       -0.0202388154
 118.  67.        0.1853298054        0.1121682122
 118.  68.        0.1612983348       -0.2933149889
 118.  69.       -0.9472563508        0.8103066505
 118.  70.       -0.1039431565       -0.1018389841
 118.  71.       -0.2520270490       -0.4818172248
 118.  72.       -0.2250260108        0.1396797475
 118.  73.        0.1514051588       -0.5650229952
 118.  74.        0.0393862321       -0.3547234543
 118.  75.        0.5233965258        0.1631471583
 118.  76.        0.0416539567       -0.6238479229
 118.  77.       -0.2853393551        0.2692529412
 118.  78.        0.0270341334        0.5551739578
 118.  79.       -0.0126078855       -0.3774887754
 118.  80.       -0.1740060283        0.1058634175
 118.  81.        0.1242808478        0.4484965490
 118.  82.       -0.0188148699       -0.2220614511
 118.  83.       -0.0405102225        0.2137420792
 118.  84.        0.7031982382        0.2445231661
 118.  85.       -0.5830730395       -0.2432882160
 118.  86.        0.4229096705       -0.0491064513
 118.  87.        0.1588252211        0.4758813385
 118.  88.       -0.2315468914       -0.6817757171
 118.  89.        0.3367925354       -0.0167635370
 118.  90.        0.3179436959        0.7146063571
 118.  91.       -0.5075545920       -0.1082152649
 118.  92.        0.2262621213        0.1279136056
 118.  93.        0.0964869833        0.7182246161
 118.  94.       -0.2758913028        0.2386041459
 118.  95.       -0.6963558298        0.2206733456
 118.  96.        0.0888306304        0.2777256904
 118.  97.        0.4506586811        0.0655937420
 118.  98.       -0.3298239870       -0.2282708630
 118.  99.       -0.2841620364        0.0893424028
 118. 100.        0.2659485564       -0.9734427414
 118. 101.        0.0067267363        0.0162948996
 118. 102.        0.1304406489       -0.6694159278
 118. 103.        0.2938364066       -0.2289880854
 118. 104.       -0.0839832525        0.0607066166
 118. 105.       -0.1531854246        0.6292781453
 118. 106.        0.2163600018       -0.0399953518
 118. 107.       -0.4509113777        0.3878860891
 118. 108.       -0.2041925124        1.3033285275
 118. 109.        0.1835870810        0.3518786157
 118. 110.        0.2131772442        0.2451477280
 118. 111.       -0.9075144936       -0.2689878884
 118. 112.       -0.3913973481        0.2514478352
 118. 113.       -0.1452483019       -0.6858640534
 118. 114.       -0.7824584267       -0.5354399724
 118. 115.       -0.1674917645       -0.3624047083
 118. 116.       -0.4004361935        0.1286770085
 118. 117.       -0.2701784378        0.0956582084
 118. 118.        0.3486052338        0.3868730022
 119.   0.       -0.5277627389        0.0000000000
 119.   1.       -0.4195248430        0.5209730870
 119.   2.       -0.1941950247       -0.2215741174
 119.   3.        0.2151824698        0.0141329809
 119.   4.       -0.0964847639       -0.1837331725
 119.   5.       -0.0272779643       -0.4726147687
 119.   6.        0.2680833898        0.1623329494
 119.   7.        0.1573971317        0.1024848518
 119.   8.        0.2263141262       -0.2107404017
 119.   9.        0.2885988700        0.4503599156
 119.  10.       -0.1778825291       -0.1768054987
 119.  11.        0.3093668210       -0.0421671416
 119.  12.       -0.1398014308       -0.3764372749
 119.  13.       -0.0849006358       -0.2468689312
 119.  14.       -0.0446957742        0.3642182689
 119.  15.        0.4672027223       -0.5459775068
 119.  16.        0.0529281849        0.7434762647
 119.  17.        0.0163486223        0.0825341549
 119.  18.       -0.0328319724       -0.5617442201
 119.  19.       -0.0830470815        0.2455056481
 119.  20.       -0.1898307060       -0.5201913946
 119.  21.       -0.6200399424        0.2547963068
 119.  22.        0.2610235522        0.2087379010
 119.  23.        0.0885083834       -0.6119858350
 119.  24.       -0.3584636496        0.4049395206
 119.  25.        0.8741793619       -0.0097149617
 119.  26.       -0.6835257116        0.4055287868
 119.  27.       -0.1090466475        0.8496685288
 119.  28.        0.4842966509        0.0660996320
 119.  29.       -0.8535009171        0.1193901251
 119.  30.        0.3680584630        0.2025742365
 119.  31.        0.0322566350       -0.2383607726
 119.  32.        0.1746604655        0.0378176735
 119.  33.        0.4615130213       -0.6317287028
 119.  34.       -0.0831984129        0.1720098895
 119.  35.       -0.2254159045        0.2510768252
 119.  36.        0.4464274054       -0.0237875543
 119.  37.       -0.5386093402        0.7365638864
 119.  38.        0.4928725830        0.0103366567
 119.  39.        0.0039938673       -0.6191328607
 119.  40.       -0.1499470127        0.2172337476
 119.  41.        0.3577406976       -0.0641756569
 119.  42.       -0.3923104181       -0.1860070697
 119.  43.        0.3483986168        0.2242029603
 119.  44.        0.0430946149       -0.3857971424
 119.  45.       -0.2773828645       -0.1605197741
 119.  46.        0.1053247329       -0.0789314809
 119.  47.       -0.3673871434       -0.3109655875
 119.  48.       -0.0594461245       -0.0865244919
 119.  49.        0.0945299922       -0.3010514129
 119.  50.       -0.2796282224        0.1810365902
 119.  51.       -0.0200606942        0.1098007924
 119.  52.        0.2623815977       -0.4108877366
 119.  53.       -0.1185552424        0.2178095903
 119.  54.        0.0691529984        0.5134916752
 119.  55.       -0.0374700506        0.3895873264
 119.  56.       -0.2724170034        0.1472815553
 119.  57.       -0.3630853549       -0.1419278463
 119.  58.        0.0304035578        0.1094970977
 119.  59.       -0.4662558368       -0.5570859610
 119.  60.       -0.0174809973       -0.6396823995
 119.  61.        0.2143272268        0.1144319629
 119.  62.       -0.0212197086       -0.5632517975
 119.  63.        0.4968692318        0.4112678906
 119.  64.        0.0935640310       -0.0606501212
 119.  65.       -0.2815140325        0.1654657645
 119.  66.        0.1744442573        0.5449430241
 119.  67.       -0.1889477450       -0.3403931243
 119.  68.       -0.1212621654       -0.0127861531
 119.  69.       -0.0107608111        0.1181641062
 119.  70.        0.2772313749       -0.4195111793
 119.  71.        0.0638553615       -0.2605660812
 119.  72.        0.3800717786        0.0029665870
 119.  73.       -0.4666694249       -0.1286835438
 119.  74.       -0.1261029410        0.7412590712
 119.  75.        0.5054374825        0.6156344833
 119.  76.       -0.6401418437       -0.2741064210
 119.  77.       -0.3266968991        0.3163783513
 119.  78.        0.3095138515       -0.1136151737
 119.  79.       -0.9195107355       -0.6400646200
 119.  80.        0.0371071013        0.1646551621
 119.  81.        0.3930278130       -0.7378303434
 119.  82.       -0.6706492237       -0.4097779970
 119.  83.       -0.1584100638       -0.5015335243
 119.  84.        0.2407991363        0.2083536407
 119.  85.       -0.2155162358        0.8883161625
 119.  86.        0.3022588399       -0.2690159947
 119.  87.        0.4821760169       -0.2766006330
 119.  88.       -0.6754286647        0.3055678844
 119.  89.        0.1471426649        0.2116219278
 119.  90.        0.2047840727        0.2123716220
 119.  91.       -0.1451698989        0.1806900545
 119.  92.       -0.1276797830        0.2612462488
 119.  93.       -0.0164190883       -0.1757208494
 119.  94.       -0.5690692489       -0.2458061322
 119.  95.        0.0621683743       -0.1995415662
 119.  96.       -0.0094536003       -0.6351687948
 119.  97.        0.5487423078       -0.8648931535
 119.  98.        0.1773792570        0.4606504259
 119.  99.        0.5344461356       -0.1435294919
 119. 100.        0.2144598227        0.0106857918
 119. 101.        0.3569986285        0.5156389079
 119. 102.       -0.2966479654        0.1919214299
 119. 103.        0.5311908409        0.3172516943
 119. 104.       -0.0340753367        0.4016070489
 119. 105.       -0.6714194666        0.2672374532
 119. 106.       -0.3849491254       -0.0450418640
 119. 107.       -0.8097773127        0.6792106342
 119. 108.        0.1003169692       -0.1202100570
 119. 109.       -0.4930656269       -0.5877375054
 119. 110.       -0.7059153797       -0.7013235463
 119. 111.       -0.3150910395       -0.0363479774
 119. 112.       -0.0286455445       -1.0923543336
 119. 113.        0.6952288088       -0.5839335775
 119. 114.        0.2434957546       -0.6727354828
 119. 115.        0.7634173672       -0.2188095587
 119. 116.        1.2100875152       -0.4305405452
 119. 117.        0.3886818379       -0.5322285376
 119. 118.        0.3279026057       -0.2395287078
 119. 119.       -0.4742025240        0.0507481942
 120.   0.       -0.2081640557        0.0000000000
 120.   1.        0.2886748967        0.0694327874
 120.   2.       -0.2302191879       -0.2442130535
 120.   3.        0.1394786394       -0.3568456764
 120.   4.       -0.1502710039        0.2942378354
 120.   5.       -0.1280263855        0.5306863350
 120.   6.        0.4525029164       -0.3658847181
 120.   7.       -0.1978151760       -0.1853570763
 120.   8.       -0.1586459801        0.2077568826
 120.   9.       -0.1640721424       -0.0548084016
 120.  10.       -0.4489796106        0.2697978801
 120.  11.        0.1645236667       -0.0607968002
 120.  12.       -0.3473726517       -0.2342353416
 120.  13.        0.3995580902        0.6682186053
 120.  14.        0.2785596774        0.1197701149
 120.  15.       -0.4338734838        0.1483212740
 120.  16.        0.2141256476        0.4246134944
 120.  17.       -0.2891694879       -0.4700526917
 120.  18.       -0.4950699897        0.1478024489
 120.  19.        0.1837311353        0.0029066722
 120.  20.       -0.2813213161       -0.5839608855
 120.  21.        0.2936230976        0.2427488225
 120.  22.        0.1525652733       -0.5512543933
 120.  23.       -0.3842631777        0.2361904003
 120.  24.        0.3437743855        0.7205314083
 120.  25.       -0.2773800018       -0.0854388773
 120.  26.        0.4277300296        0.1324058995
 120.  27.        0.1616790617        0.2816662719
 120.  28.       -0.2641454252       -0.0923741598
 120.  29.        0.1212940697        0.0489489139
 120.  30.        0.2974481572       -0.4076683362
 120.  31.       -0.1221968692        0.3163835066
 120.  32.        0.5668404106        0.2983445995
 120.  33.        0.1703254656       -0.2961336865
 120.  34.       -0.2064159382        0.4675483201
 120.  35.        0.2306454758        0.0166866058
 120.  36.        0.3644050811       -0.6091844894
 120.  37.        0.5224236746        0.2661105237
 120.  38.        0.1786834589       -0.5728195596
 120.  39.       -0.5247743421        0.1409274011
 120.  40.        0.0087551947        0.0733036197
 120.  41.        0.3846897918        0.0183406870
 120.  42.        0.0457311743        0.4410833615
 120.  43.       -0.0112723798        0.2097379350
 120.  44.       -0.2170776928       -0.2458159083
 120.  45.        0.0897515006        0.6178048144
 120.  46.        0.5696696168       -0.0986333423
 120.  47.        0.0108853767       -0.3514204054
 120.  48.        0.6898895096       -0.0097049442
 120.  49.        0.0621037017        0.0957070976
 120.  50.        0.3449219131       -0.2397964197
 120.  51.        0.0898852678        0.2986485146
 120.  52.       -0.1255575461        0.0013870012
 120.  53.        0.1233010709       -0.1503468117
 120.  54.       -0.2117757898        0.3854960615
 120.  55.       -0.0414105647       -0.1455338631
 120.  56.       -0.0851277373        0.2869598830
 120.  57.       -0.1916718819        0.0492600141
 120.  58.        0.6544235427       -0.0992418471
 120.  59.        0.3173607368        0.1209164554
 120.  60.        0.3470066264        0.2403698968
 120.  61.        0.0702371796        0.2826607883
 120.  62.       -0.0337112602        0.7077152396
 120.  63.        0.3880810765       -0.0861461268
 120.  64.       -0.2489918124        0.3188336575
 120.  65.       -0.3253072961       -0.2107801056
 120.  66.        0.3610324352       -0.4159245234
 120.  67.       -0.2970618881        0.1856744737
 120.  68.        0.3334312163       -0.0048105953
 120.  69.        0.6121566900       -0.4855329655
 120.  70.        0.0710977836        0.3330739012
 120.  71.        0.3581528895        0.3254165436
 120.  72.        0.3049645346       -0.0868402364
 120.  73.       -0.1419065687        0.5360290622
 120.  74.        0.4431056663        0.3213562644
 120.  75.       -0.0727631025        0.0786220637
 120.  76.       -1.0355779160        0.1523828437
 120.  77.        0.1771041541       -0.4168232387
 120.  78.        0.0152940652       -0.4763660441
 120.  79.        0.4464113331        0.2361857598
 120.  80.        0.2989122407       -0.7818016513
 120.  81.        0.2981946033       -0.2801686599
 120.  82.       -0.1135706727        0.3933151297
 120.  83.        0.5716381691       -0.1674538155
 120.  84.       -1.1976885871       -0.0130542903
 120.  85.        0.2529760824        0.7100370883
 120.  86.       -0.2114905349       -0.4314981779
 120.  87.       -0.4996153691       -0.5604969563
 120.  88.        0.0407066992        0.8223181679
 120.  89.       -0.3037356865       -0.5376687873
 120.  90.       -0.5429771550       -0.6948109794
 120.  91.        0.5325213455        0.3881947291
 120.  92.       -0.0604112565       -0.3218532051
 120.  93.       -0.0824361329       -0.0992990222
 120.  94.        0.5665764157       -0.2918054448
 120.  95.        0.1578929696        0.1556236466
 120.  96.       -0.2061469447        0.1451412431
 120.  97.        0.0053316531       -0.3939393855
 120.  98.        0.4893199488       -0.0971370800
 120.  99.       -0.1560519021        0.3484112613
 120. 100.       -0.5190286811        0.2705553934
 120. 101.       -0.1145924096       -0.2047580979
 120. 102.       -0.7482560090       -0.5112268720
 120. 103.       -1.1711454336       -0.0710998938
 120. 104.        0.2230939514        0.0770623429
 120. 105.       -0.3789306761       -0.1909136335
 120. 106.        0.0222572098        0.1867713683
 120. 107.        0.0462522317       -0.2889353989
 120. 108.        0.2096708648       -0.6190295843
 120. 109.        0.3349129668        0.2350207397
 120. 110.       -0.1252282482        0.3051146841
 120. 111.        0.3336911453        0.2343039705
 120. 112.        0.2548970455        0.1194814695
 120. 113.        0.2441346074       -0.1479942233
 120. 114.        0.5213224736        0.3915782903
 120. 115.       -0.9083243451       -0.2239792199
 120. 116.       -0.2942310782       -0.0079898484
 120. 117.       -0.0411938662        0.6436718950
 120. 118.        0.2539450680        0.6804164466
 120. 119.        0.7187012918        1.0405066449
 120. 120.       -0.0753896391        0.2058069117
 121.   0.        0.0219823568        0.0000000000
 121.   1.        0.2931484154       -0.5507692153
 121.   2.        0.2051266240        0.5271157924
 121.   3.       -0.1862361128        0.0052372842
 121.   4.       -0.2540267127        0.0191627634
 121.   5.       -0.2423446358        0.1383978829
 121.   6.       -0.1848474619       -0.1042601790
 121.   7.        0.0065169364       -0.1005747524
 121.   8.        0.1126333132       -0.3510338452
 121.   9.       -0.5349018139       -0.3544256152
 121.  10.        0.3347303606        0.0916705302
 121.  11.        0.1844389524       -0.1851477311
 121.  12.       -0.4514675357        0.2166960540
 121.  13.       -0.1355493816        0.2424967745
 121.  14.       -0.2418443980       -0.2279006450
 121.  15.       -0.3715412632        0.7322933559
 121.  16.        0.2568657832       -0.7578252150
 121.  17.        0.0605430644        0.1085917881
 121.  18.        0.3738594272        0.3858564382
 121.  19.        0.1309139946       -0.2376232578
 121.  20.       -0.0183441898        0.3655644608
 121.  21.        0.7769561663       -0.3142008509
 121.  22.       -0.0996681472       -0.0479709067
 121.  23.       -0.1251540847        0.3136287001
 121.  24.        0.1009518141       -0.5731638653
 121.  25.       -0.4313320944       -0.0521991930
 121.  26.        0.4352173786       -0.6545915028
 121.  27.       -0.0583246994       -0.2293973550
 121.  28.       -0.2529695019        0.0537423476
 121.  29.        0.5846512990       -0.1618920361
 121.  30.       -0.5666387652        0.1710748051
 121.  31.        0.4652665675        0.1849708065
 121.  32.       -0.0996234419       -0.1549220794
 121.  33.       -0.3143166698        0.0115980114
 121.  34.        0.4180230295       -0.1707610022
 121.  35.       -0.1208870266       -0.0696652716
 121.  36.       -0.1856765936       -0.0508892788
 121.  37.        0.9187804533       -0.6098872649
 121.  38.       -0.4073549798        0.2715179543
 121.  39.       -0.0962643852        0.4094424876
 121.  40.       -0.1105138416       -0.2644264832
 121.  41.       -0.3583199840        0.4033871197
 121.  42.        0.4470824345       -0.0778772176
 121.  43.       -0.0749113415       -0.4068494545
 121.  44.       -0.2550628148        0.2012716909
 121.  45.        0.4245574106        0.1949962574
 121.  46.        0.1319488096        0.0367819269
 121.  47.        0.3215904336        0.6960250066
 121.  48.       -0.2521595489       -0.1611475587
 121.  49.        0.0326756925        0.6769658177
 121.  50.       -0.2660282013        0.0416599553
 121.  51.       -0.0054503839        0.0949863938
 121.  52.        0.1314831382        0.2877989062
 121.  53.        0.3406856829       -0.0253025547
 121.  54.        0.0395266118       -0.3963571883
 121.  55.        0.0230013875        0.3000995422
 121.  56.        0.7174238087       -0.0952969060
 121.  57.        0.3257774807        0.1546521512
 121.  58.        0.2961535220       -0.0198064093
 121.  59.        0.1396483164        0.0777503707
 121.  60.       -0.3976078768        0.5985712949
 121.  61.       -0.2536249546        0.0659425393
 121.  62.       -0.3509507168        0.3494087934
 121.  63.       -0.3517308597       -0.1919055638
 121.  64.       -0.1195362725        0.2183897230
 121.  65.        0.2445172332       -0.2376093372
 121.  66.        0.5136093619       -0.0912195877
 121.  67.       -0.1268250077        0.5841192357
 121.  68.       -0.0059264201        0.0031191183
 121.  69.       -0.3181929354       -0.2412924932
 121.  70.        0.1256307327        0.8842732128
 121.  71.       -0.2221206880       -0.1968885905
 121.  72.       -0.4530920320        0.1174337472
 121.  73.        0.7263381134        0.3790034674
 121.  74.       -0.1981619542       -0.4395249969
 121.  75.       -0.8016136846       -0.2066412550
 121.  76.        0.4583087062       -0.4207799141
 121.  77.        0.0425218261       -0.3745653956
 121.  78.       -0.2636837408        0.5375557073
 121.  79.        0.2074342120        0.0844984612
 121.  80.       -0.2398982512       -0.3657705010
 121.  81.       -0.1010052087        0.7474189034
 121.  82.        0.2918545742        0.0710733724
 121.  83.       -0.0489340265        0.1175358122
 121.  84.       -0.3857939916        0.6528111401
 121.  85.        0.0154248498       -0.2408955664
 121.  86.       -0.3501135736       -0.0191729144
 121.  87.       -0.4184822697       -0.5980681849
 121.  88.        0.6193299613       -0.3908889614
 121.  89.       -0.1597213369       -0.3675304374
 121.  90.        0.0100241176       -0.3633689646
 121.  91.        0.2307092105       -0.1716346754
 121.  92.       -0.2570898052       -0.1420720551
 121.  93.        0.2053748953       -0.0137364405
 121.  94.        0.5350752230       -0.1226251535
 121.  95.       -0.1459047561        0.1568074377
 121.  96.       -0.3592951301        0.7317196566
 121.  97.        0.0087424832       -0.4719039942
 121.  98.       -0.1687786923        0.1717390784
 121.  99.        0.3239490745       -0.0393514148
 121. 100.       -0.0285622919       -0.2106576075
 121. 101.       -0.1261442776       -0.1918981077
 121. 102.        0.3867253685       -0.1301374705
 121. 103.        0.2239375396        0.0482169128
 121. 104.        0.1994033915       -0.3614480729
 121. 105.        0.2778838703        0.8129692791
 121. 106.        0.4605126055       -0.2300155310
 121. 107.        0.2236807467        0.4752058589
 121. 108.       -0.7582218938        0.8339533064
 121. 109.        0.2942328110        0.1000960826
 121. 110.       -0.1227911848       -0.1615705943
 121. 111.        0.2300872964        0.5983321623
 121. 112.       -0.1458949153        0.1278524707
 121. 113.        0.4127970105       -0.6845596924
 121. 114.       -0.2665315367       -0.3641022235
 121. 115.       -0.2531005863       -0.3468364427
 121. 116.       -0.1268192287       -0.3593579392
 121. 117.        0.6742757250       -0.6078224180
 121. 118.       -0.3912999430       -0.3639807005
 121. 119.       -0.2098387772       -0.4107461877
 121. 120.       -0.0208206637       -0.3785506928
 121. 121.       -0.2555326509        0.0261174248
 122.   0.       -0.1714227464        0.0000000000
 122.   1.       -0.0389568721       -0.1074285191
 122.   2.        0.4742583659       -0.0848412819
 122.   3.       -0.4421999661        0.2366644925
 122.   4.       -0.0585915998       -0.4297976359
 122.   5.        0.1791572940       -0.1210097827
 122.   6.       -0.2594090549        0.4184986937
 122.   7.       -0.0004291363        0.1174391498
 122.   8.        0.0434262295        0.0549756212
 122.   9.        0.1113799484        0.3988134833
 122.  10.       -0.0568366805        0.1259058917
 122.  11.       -0.0392386560        0.1546802569
 122.  12.        0.2474173740        0.0775307434
 122.  13.       -0.5843619472       -0.2672231977
 122.  14.       -0.0312677289       -0.1130642076
 122.  15.        0.6496922647       -0.0932241267
 122.  16.       -0.2227233693       -0.3016343888
 122.  17.        0.0783596661        0.6316329083
 122.  18.        0.3787513759       -0.1237726811
 122.  19.       -0.2472371136        0.3469429595
 122.  20.       -0.1766485143        0.5034121309
 122.  21.       -0.3822288510       -0.4751065421
 122.  22.        0.2397111283        0.4055302321
 122.  23.        0.0091961077       -0.1727082647
 122.  24.       -0.4083813900       -0.1661292885
 122.  25.        0.4489372348        0.2310419111
 122.  26.       -0.0222312901       -0.1455777130
 122.  27.       -0.0269709726        0.0874671144
 122.  28.        0.1921074954        0.0354400086
 122.  29.       -0.4607415461       -0.6064642319
 122.  30.       -0.0950435737       -0.1210943714
 122.  31.        0.1892403965       -0.1816878932
 122.  32.       -0.2983474685       -0.2584795629
 122.  33.        0.3333411852        0.2776687828
 122.  34.        0.5011737240       -0.0479136822
 122.  35.       -0.0420750270        0.1099255310
 122.  36.       -0.1085696214        0.1927611550
 122.  37.       -0.3073281835       -0.1349037783
 122.  38.        0.3385193867        0.7167329034
 122.  39.        0.3275159388        0.0884042180
 122.  40.        0.2205915852        0.1117218096
 122.  41.       -0.0404597982       -0.0781957846
 122.  42.       -0.2207029612       -0.5825359172
 122.  43.        0.0625743365       -0.1645905573
 122.  44.        0.2220398421        0.3251383986
 122.  45.        0.1352967477        0.0336859333
 122.  46.       -0.3579950834        0.1406411253
 122.  47.        0.2137581310        0.3674816019
 122.  48.       -0.0845855932        0.2922879177
 122.  49.       -0.0218219544        0.4101340684
 122.  50.        0.1326154004       -0.1459153931
 122.  51.        0.0218488307       -0.5383577666
 122.  52.        0.1368411919       -0.0540265990
 122.  53.        0.0174261398       -0.2277191512
 122.  54.        0.1898997710       -0.0283277314
 122.  55.        0.1264801191        0.0097156014
 122.  56.        0.0209403370        0.0427518606
 122.  57.       -0.2940644073       -0.2465254262
 122.  58.       -0.2150961513       -0.2663970607
 122.  59.       -0.0688772926        0.0398681102
 122.  60.       -0.2999126495       -0.1064578561
 122.  61.        0.4297988406       -0.3647787551
 122.  62.        0.0019476957       -0.5142077914
 122.  63.       -0.3286604869        0.1630917341
 122.  64.        0.2194421629       -0.0772377347
 122.  65.        0.4866432996        0.1100833981
 122.  66.       -0.2033556285        0.3445431459
 122.  67.        0.1323265560        0.1416531068
 122.  68.       -0.5562519345        0.1345850629
 122.  69.       -0.3811482959       -0.0565193878
 122.  70.        0.4243259297       -0.5907904907
 122.  71.       -0.5816088873       -0.0638695890
 122.  72.        0.0114073821        0.0537265363
 122.  73.        0.4514812324       -0.6273456520
 122.  74.       -0.1986080225       -0.0229893824
 122.  75.        0.4039514407        0.2596638469
 122.  76.        0.1170439884       -0.5488722669
 122.  77.       -0.4247612118        0.7187054360
 122.  78.        0.5482048905       -0.0343626738
 122.  79.       -0.0733970934       -0.0004464955
 122.  80.       -0.6961780065        0.3610504924
 122.  81.       -0.2984279168        0.3049849054
 122.  82.       -0.0361359577       -0.5016019135
 122.  83.       -0.3308353643        0.2462730934
 122.  84.        0.5314180433       -0.3006302029
 122.  85.        0.3646800560       -0.0415629031
 122.  86.        0.4429555247        0.3430935441
 122.  87.        0.1118907273       -0.0122481638
 122.  88.        0.2018633964       -0.4869215965
 122.  89.        0.0715351018        0.5637963723
 122.  90.        0.0065707362        0.1801597860
 122.  91.       -0.4949043952        0.0130694189
 122.  92.       -0.1235081674        0.6207156858
 122.  93.       -0.1913732859       -0.2175823676
 122.  94.       -0.4212200486       -0.2354674924
 122.  95.       -0.0495871987        0.1270322159
 122.  96.       -0.2029107589       -0.1931619655
 122.  97.       -0.2087592916       -0.4410066252
 122.  98.        0.2434980999       -0.6447583524
 122.  99.        0.1352989517       -0.1007905025
 122. 100.       -0.0294833698        0.1180264993
 122. 101.        0.1212427724        0.1823458458
 122. 102.        0.5013604714        0.4039961144
 122. 103.       -0.2110491869        0.9787963787
 122. 104.       -0.1635222632        0.2294563679
 122. 105.        0.1623385943        0.2339580673
 122. 106.       -0.2271840758       -0.1981151742
 122. 107.       -0.2129073286        0.3009182017
 122. 108.       -0.4837007388       -0.3414527054
 122. 109.       -0.4893938569       -0.7385820791
 122. 110.       -0.4284120316       -0.4906977885
 122. 111.       -0.0774165310       -0.0682636128
 122. 112.       -0.1707131832       -0.4561625086
 122. 113.       -0.2788878133       -0.4611834956
 122. 114.        0.2226602025        0.2582581083
 122. 115.       -0.0897644143        0.2067069802
 122. 116.       -0.0115754052       -0.2732399174
 122. 117.        0.1763146732       -0.3602568320
 122. 118.        0.1684061748        0.2238564807
 122. 119.        0.4675879582        0.1251481067
 122. 120.       -0.2831882407        0.0461903588
 122. 121.        0.0168532437       -0.0545075335
 122. 122.        0.3671017471        0.1494133587
 123.   0.        0.0991108495        0.0000000000
 123.   1.        0.0377064096        0.3918111425
 123.   2.        0.0688794115       -0.4587366383
 123.   3.        0.0407171988        0.4273938312
 123.   4.        0.4477017906        0.0549480623
 123.   5.        0.1086213168       -0.0607028001
 123.   6.        0.3019340325        0.1169902420
 123.   7.       -0.0004522140       -0.1119119240
 123.   8.       -0.1361115281        0.2662700313
 123.   9.        0.4795171384        0.2420229014
 123.  10.       -0.1457132455       -0.2718662811
 123.  11.       -0.1910645837        0.0930555079
 123.  12.        0.2370607729        0.0654336512
 123.  13.       -0.1215661320       -0.2943307364
 123.  14.        0.0579417930       -0.1618453710
 123.  15.       -0.0127116962       -0.4215665248
 123.  16.       -0.1475840639        0.2816296086
 123.  17.        0.0232218957       -0.2093134271
 123.  18.       -0.4050937569        0.0232013493
 123.  19.        0.0076379011        0.2126100723
 123.  20.        0.1486641428       -0.2942609438
 123.  21.       -0.7351867663        0.0407730263
 123.  22.        0.2347420427       -0.3562919505
 123.  23.       -0.1558406662       -0.1989183105
 123.  24.        0.3736159836        0.4962674669
 123.  25.        0.2366836868       -0.0660114275
 123.  26.       -0.3265599347        0.3873462165
 123.  27.        0.3615600368        0.0209559276
 123.  28.       -0.1268284100       -0.3120676317
 123.  29.       -0.1531095268        0.1378145389
 123.  30.        0.3249834179       -0.3764858414
 123.  31.       -0.4282538616       -0.3229858016
 123.  32.        0.0434884970        0.0845792456
 123.  33.        0.0004433017       -0.0261605696
 123.  34.       -0.4748489445        0.0354139682
 123.  35.        0.3225878192        0.3112624400
 123.  36.       -0.7988142537       -0.0244215372
 123.  37.       -0.7793707013        0.3142473186
 123.  38.        0.4870705479       -0.0117687465
 123.  39.       -0.2517052436       -0.2253257004
 123.  40.        0.3722194809        0.3443841369
 123.  41.       -0.1034800024       -0.0290253068
 123.  42.       -0.6230978774       -0.0424716635
 123.  43.       -0.0072514034        0.2321426705
 123.  44.        0.0084891319       -0.0349584572
 123.  45.       -0.6695896488        0.0829829458
 123.  46.       -0.1371462148       -0.1831845305
 123.  47.       -0.1383254856       -0.3977821072
 123.  48.       -0.2318081523        0.1674060381
 123.  49.       -0.2847087565       -0.1839805539
 123.  50.        0.5389002243        0.2337976950
 123.  51.        0.3634768317        0.2213514282
 123.  52.        0.1149548759       -0.0204712005
 123.  53.        0.1133109716       -0.0373545676
 123.  54.       -0.4520805735        0.1721653481
 123.  55.       -0.3727973351       -0.2924335611
 123.  56.       -0.4251605526       -0.2124073355
 123.  57.        0.3255120840       -0.3861674971
 123.  58.        0.1482052834       -0.5684436458
 123.  59.        0.1797261209       -0.1790838559
 123.  60.        0.2495171813       -0.1684261797
 123.  61.       -0.0734205256       -0.2999256301
 123.  62.        0.0167244247       -0.0523856096
 123.  63.        0.2890922768        0.1577705427
 123.  64.       -0.0551627723       -0.0409223616
 123.  65.       -0.2476940412        0.5094416984
 123.  66.       -0.0430165303       -0.0647164244
 123.  67.        0.0277611231       -0.4970082292
 123.  68.       -0.2229885556       -0.1091423119
 123.  69.        0.0015576881       -0.0740174411
 123.  70.        0.0699789028       -0.8341701977
 123.  71.        0.1021708288        0.8683822840
 123.  72.        0.0211759456       -0.7377671868
 123.  73.       -0.6598800381        0.0791042088
 123.  74.        0.3912657094        0.4293006369
 123.  75.       -0.0138549489        0.1972465649
 123.  76.       -0.1496705449        0.0680718268
 123.  77.        0.2670087334        0.2366945832
 123.  78.        0.1243290655       -0.3761114314
 123.  79.       -0.3370272826        0.1433338515
 123.  80.        0.5999405062        0.0019329252
 123.  81.        0.2220742620       -0.8181027898
 123.  82.        0.2531563786       -0.1200203608
 123.  83.        0.6552691369        0.0619617774
 123.  84.        0.6105446694       -0.1489911031
 123.  85.        0.2036265989        0.3861530088
 123.  86.        0.7263323550       -0.1076266425
 123.  87.       -0.6637888040        0.0528069143
 123.  88.       -0.0514612048        0.0778220874
 123.  89.        0.3494831986        0.6740883090
 123.  90.       -0.2581504810       -0.1933344436
 123.  91.        0.0924268467       -0.2517920813
 123.  92.        0.7966884635       -0.1878313732
 123.  93.       -0.6426608137       -0.6706802625
 123.  94.        0.5371965029       -0.3590086298
 123.  95.        0.8675482530       -0.8315917556
 123.  96.        0.0628504765        0.0450458531
 123.  97.        0.3215296925       -0.1237869314
 123.  98.        0.3879087647        0.0127253204
 123.  99.        0.1118115720        0.0946436833
 123. 100.       -0.1042595270        0.5226513974
 123. 101.        0.3621063747        0.0873826456
 123. 102.       -0.4537188761       -0.2069831571
 123. 103.       -0.5441171239        0.7098332192
 123. 104.       -0.7348275067       -0.2135578854
 123. 105.       -0.6588704667       -0.5651722980
 123. 106.        0.5401099913        0.3207255141
 123. 107.       -0.1843286085       -0.5858105371
 123. 108.        0.3253548190       -0.3899291706
 123. 109.        0.3023173410       -0.3006885000
 123. 110.        0.3333208600        0.5674512677
 123. 111.        0.4870363494       -0.4705399754
 123. 112.        0.6433007022        0.0705550675
 123. 113.       -0.0654673800        0.8200625767
 123. 114.        0.2197066150       -0.2026247031
 123. 115.        0.3494053177        0.0423462651
 123. 116.       -0.2907047396        0.5178663778
 123. 117.        0.3444295878        1.0797701955
 123. 118.        0.0601432177        0.3164013653
 123. 119.       -0.8218329659        0.5738596526
 123. 120.       -0.2563919417       -0.0155562806
 123. 121.        0.0735851131        0.6254502834
 123. 122.        0.5617678767       -0.0889965639
 123. 123.       -0.0930080410        0.1977237167
 124.   0.        0.3432878331        0.0000000000
 124.   1.        0.4774748571        0.1491719626
 124.   2.       -0.2552788323       -0.1720281731
 124.   3.        0.4899087414        0.0087179252
 124.   4.       -0.0315373915        0.0146695398
 124.   5.       -0.0887065651       -0.0327204360
 124.   6.       -0.2017426963       -0.0995546851
 124.   7.       -0.2756610762        0.0240653374
 124.   8.        0.2450023974        0.0722460283
 124.   9.       -0.2010209519       -0.2791417296
 124.  10.        0.4271920570        0.1468849766
 124.  11.       -0.0234850641       -0.0805760786
 124.  12.        0.1832219821       -0.0089457057
 124.  13.        0.6451855237        0.0451077824
 124.  14.       -0.2686437790       -0.0569847748
 124.  15.       -0.2170780681        0.0933079715
 124.  16.        0.1910920219        0.2086517991
 124.  17.       -0.1805085565       -0.1733968620
 124.  18.        0.0365569629        0.1145291349
 124.  19.        0.1371856233       -0.5595212662
 124.  20.        0.0454025020       -0.0521434768
 124.  21.        0.4962492223        0.2459669140
 124.  22.       -0.2134387843       -0.3163751151
 124.  23.       -0.2466453484        0.4337773036
 124.  24.        0.3631646508       -0.3873826968
 124.  25.       -0.4181407977       -0.4361860335
 124.  26.       -0.0485393905       -0.0669711995
 124.  27.        0.0321932822       -0.3164791636
 124.  28.       -0.3713331304        0.0518491446
 124.  29.        0.5007991363        0.6703629779
 124.  30.        0.0381610130        0.2082383428
 124.  31.       -0.0095895517        0.5958836725
 124.  32.        0.3101782225       -0.1145996458
 124.  33.       -0.3552082036        0.1414381884
 124.  34.       -0.4635780935        0.0334048540
 124.  35.        0.0045334210       -0.6545238035
 124.  36.       -0.1059013992        0.0616424253
 124.  37.        0.2997979788       -0.2784444246
 124.  38.       -0.1911486580       -0.4171950221
 124.  39.        0.0662464867        0.0955719830
 124.  40.        0.3800851450       -0.2586893529
 124.  41.       -0.1729656529        0.2060261233
 124.  42.        0.6281663510        0.1028403149
 124.  43.       -0.1002033086       -0.5359814112
 124.  44.       -0.1932910216       -0.0974769709
 124.  45.        0.1885166599       -0.3322651607
 124.  46.        0.2819684611       -0.1573705699
 124.  47.       -0.4762946706       -0.2188918889
 124.  48.        0.1035871259       -0.0801101646
 124.  49.        0.2885727295       -0.3955015768
 124.  50.       -0.5233721282        0.6551196719
 124.  51.       -0.2888825919       -0.3701071238
 124.  52.       -0.3884908898       -0.2617254747
 124.  53.        0.0408532691        0.3332449368
 124.  54.       -0.2996701836        0.0146265453
 124.  55.       -0.1074192401        0.3062762461
 124.  56.       -0.1610214076        0.0781670569
 124.  57.        0.3867134085        0.0744886184
 124.  58.       -0.0169348166        0.0932805394
 124.  59.        0.0469581202        0.1783747495
 124.  60.        0.3937140253        0.6446738525
 124.  61.       -0.0803648410       -0.1094282704
 124.  62.       -0.2546003512        0.5272118966
 124.  63.        0.3147932055        0.0568956098
 124.  64.       -0.5475553405       -0.2923641039
 124.  65.        0.1177667503        0.0562453172
 124.  66.       -0.0702889954       -0.6595271726
 124.  67.       -0.1147980961       -0.1218787604
 124.  68.        0.5157420040       -0.2315329010
 124.  69.        0.0036481428       -0.0940709551
 124.  70.       -0.3668684435        0.4570342077
 124.  71.        0.3880532745       -0.0052598399
 124.  72.       -0.3280387332        0.1562370752
 124.  73.        0.0587184835        0.5936991528
 124.  74.        0.0641592040       -0.2159997005
 124.  75.       -0.7438027819        0.0723512916
 124.  76.       -0.1566629011        0.3726667849
 124.  77.       -0.0340865783       -0.4857015896
 124.  78.       -0.5265902793       -0.3426585367
 124.  79.        0.0191845477       -0.3082860878
 124.  80.        0.0722817913       -0.2577790176
 124.  81.        0.2298346464        0.2725433057
 124.  82.        0.0908643171        0.5461959797
 124.  83.        0.2615322381       -0.5774955891
 124.  84.       -0.3695348027        0.4807942122
 124.  85.        0.2920273679       -0.1131701676
 124.  86.       -0.5890130881       -0.3895639536
 124.  87.       -0.1961501192        0.0459919377
 124.  88.        0.3569249849       -0.4099852561
 124.  89.       -0.0497113625        0.1574479932
 124.  90.        0.6422777010        0.2045225431
 124.  91.       -0.0115233935       -0.5094762977
 124.  92.       -0.3543972137       -0.5658282671
 124.  93.        0.1891078343        0.2385716757
 124.  94.        0.0569039717       -0.0674504539
 124.  95.        0.0916254204        0.1917732785
 124.  96.        0.3118723816        0.4892000485
 124.  97.        0.0173301149        0.3015456334
 124.  98.        0.0083263786       -0.2587376722
 124.  99.       -0.2149714901        0.4044923604
 124. 100.        0.3901626930        0.1943372975
 124. 101.       -0.3208088166        0.1251190966
 124. 102.        0.1552408040       -0.4977091193
 124. 103.        0.0189125355       -0.2622351920
 124. 104.       -0.2309879143       -0.1862439862
 124. 105.       -0.2139140080       -0.0153225831
 124. 106.        0.2277410570       -0.2706584915
 124. 107.        0.4280536786        0.3277674191
 124. 108.        0.3314125924        0.7314269082
 124. 109.        0.4638519909        1.0431060949
 124. 110.       -0.4460068502        0.3818147847
 124. 111.       -0.2988988334       -0.1515246840
 124. 112.       -0.1748004524        0.8199414327
 124. 113.       -0.2354901823        0.3726949976
 124. 114.       -0.4796049400        0.2097591180
 124. 115.       -0.6720925806        0.4403739805
 124. 116.       -0.0953499764       -0.0060343492
 124. 117.       -0.2016590609       -0.5024065548
 124. 118.       -0.4654003216       -0.8169568907
 124. 119.       -0.0141797881        0.2133108412
 124. 120.       -0.0479084598       -0.5301867510
 124. 121.       -0.3868984969       -1.4864173319
 124. 122.       -0.2845224186       -0.3928600321
 124. 123.        0.0479880413        0.0642005363
 124. 124.       -0.4736047102       -0.1147992801
 125.   0.       -0.0028295077        0.0000000000
 125.   1.       -0.2574788353       -0.1047027284
 125.   2.        0.0823114435        0.3163718184
 125.   3.        0.1127180572       -0.5209045717
 125.   4.       -0.2357028241        0.2030258836
 125.   5.        0.0248002658       -0.0092102039
 125.   6.       -0.1133639169       -0.0606157211
 125.   7.        0.2594118833        0.1514572190
 125.   8.       -0.0531343001       -0.2317955513
 125.   9.       -0.2273274839       -0.2391214310
 125.  10.        0.1345624453        0.0733115480
 125.  11.       -0.2548774842        0.1188662186
 125.  12.       -0.2037121998        0.1965105913
 125.  13.        0.0900978708       -0.0715329057
 125.  14.        0.0523889251        0.2630813110
 125.  15.       -0.0161895999       -0.1151379583
 125.  16.       -0.2731807046       -0.1729004403
 125.  17.       -0.0798101781        0.2752655704
 125.  18.        0.4290236916       -0.3329197601
 125.  19.       -0.1806201121       -0.0002435696
 125.  20.        0.0734095276        0.3301614124
 125.  21.        0.2081742637        0.0001792561
 125.  22.       -0.4260907720        0.2444317343
 125.  23.        0.1628666500        0.2116608952
 125.  24.       -0.5720978565       -0.6562036007
 125.  25.       -0.1639801346        0.4594541400
 125.  26.        0.4854463315       -0.0110376848
 125.  27.       -0.3902252992       -0.2623610463
 125.  28.        0.0992149502        0.4115214460
 125.  29.        0.3723784655        0.1175178750
 125.  30.       -0.3329083699        0.5171779554
 125.  31.        0.4011344792        0.2519326400
 125.  32.       -0.2716428201       -0.4409707393
 125.  33.        0.1533811795        0.0459492397
 125.  34.        0.4047742232       -0.1786774648
 125.  35.       -0.2622818275       -0.5079094755
 125.  36.        0.4198339378        0.2008145296
 125.  37.        0.0175048537        0.0361579804
 125.  38.       -0.4700628995        0.0388571977
 125.  39.        0.5497652703        0.0445663093
 125.  40.       -0.4390899236       -0.1736829931
 125.  41.        0.1083487117       -0.0167001206
 125.  42.        0.0990294522       -0.0892094213
 125.  43.       -0.3654409972        0.1544452903
 125.  44.        0.4211503657        0.0055768335
 125.  45.        0.0143847061        0.1402239349
 125.  46.       -0.2066411204        0.1367143010
 125.  47.        0.4933361934        0.2628103554
 125.  48.       -0.0113902443        0.0655614177
 125.  49.       -0.0553896936       -0.2120056019
 125.  50.       -0.0191927374        0.1034262766
 125.  51.       -0.0165447045       -0.3478928058
 125.  52.       -0.2554925791       -0.0557529341
 125.  53.       -0.0163445072       -0.3408612800
 125.  54.        0.1325864672        0.0652652519
 125.  55.        0.1769519871        0.5620367439
 125.  56.       -0.0020547622        0.2789851346
 125.  57.       -0.1492163877       -0.0942933667
 125.  58.       -0.0979141288       -0.0150483207
 125.  59.        0.2195995678        0.1616000635
 125.  60.       -0.5520343674        0.2018648037
 125.  61.       -0.1369265173        0.3523284281
 125.  62.       -0.0661497105       -0.2275150238
 125.  63.       -0.2791590618       -0.2313356309
 125.  64.       -0.0299287307        0.1270997050
 125.  65.       -0.3686933040       -0.5279159837
 125.  66.        0.1991215957        0.1199005725
 125.  67.        0.0970207867        0.3085439916
 125.  68.        0.2154958926        0.3188165798
 125.  69.        0.1883239671        0.1252086258
 125.  70.        0.4897517552        0.2718779815
 125.  71.        0.1950393143       -0.7134360789
 125.  72.       -0.4552876209        0.3965444637
 125.  73.        0.5118678848        0.0363303999
 125.  74.        0.0457892450       -0.7635283918
 125.  75.       -0.0808659972        0.6753631421
 125.  76.       -0.1351837857       -0.6171819979
 125.  77.       -0.1775198312       -0.4844356839
 125.  78.       -0.1115538006        0.5049262800
 125.  79.        0.2433110066       -0.5737317737
 125.  80.       -0.3151302440        0.0588995270
 125.  81.        0.0166920998        0.6630882626
 125.  82.       -0.0326926746       -0.3456044373
 125.  83.       -0.0838978061        0.0689645720
 125.  84.       -0.2598401603       -0.3567046509
 125.  85.       -0.6061036026       -0.3937106606
 125.  86.        0.0717597583        0.1977532118
 125.  87.        0.6257374807       -0.1662178318
 125.  88.       -0.2597322623       -0.0646949104
 125.  89.        0.0761825297        0.0766511360
 125.  90.        0.3904968108        0.1768734325
 125.  91.       -0.3818811238       -0.0772925629
 125.  92.        0.0660643277        0.1780012035
 125.  93.        0.2773344609        0.6482497988
 125.  94.       -0.2702702430        0.1389069152
 125.  95.       -0.0206209856       -0.3555944150
 125.  96.       -0.3104841199       -0.3605728016
 125.  97.       -0.0287241213       -0.2149780932
 125.  98.        0.0448523724       -0.1796313785
 125.  99.        0.1236771763       -0.5531916128
 125. 100.        0.2800072913       -0.0214107170
 125. 101.       -0.2789520815       -0.1371958069
 125. 102.       -0.0147641914        0.7926088174
 125. 103.        0.5676234379       -0.2680410456
 125. 104.        0.0627908825        0.9788227067
 125. 105.       -0.2679442243        0.4158636051
 125. 106.       -0.4733478396       -0.2538309643
 125. 107.       -0.2917726427       -0.4066755310
 125. 108.       -0.2296743454        0.6163052508
 125. 109.       -0.0947660109       -0.0481387111
 125. 110.       -0.2834358830       -0.0635287907
 125. 111.       -0.1089205608       -0.0732992168
 125. 112.       -0.0661534470       -1.1973937276
 125. 113.       -0.2528883695       -0.5024826273
 125. 114.        0.3358679648        0.0536702086
 125. 115.        0.8604076641       -0.6850519011
 125. 116.        0.0741002220       -0.5030885847
 125. 117.       -0.0230704898        0.2561919777
 125. 118.        0.6930453500       -0.0262416900
 125. 119.        0.3100156129        0.1264481893
 125. 120.       -0.4388914104        0.5219863783
 125. 121.        0.1414784239        0.1050406712
 125. 122.        0.4773380877        0.4045563374
 125. 123.        0.4090952867        0.1394460193
 125. 124.        0.1536815047        0.0856719483
 125. 125.        0.1049305604        0.1139217241
 126.   0.        0.1585738666        0.0000000000
 126.   1.       -0.7320049613       -0.1053504995
 126.   2.       -0.1215736732        0.3437421229
 126.   3.       -0.0131771461        0.1436988743
 126.   4.        0.3191363776        0.0516743861
 126.   5.       -0.1350863343       -0.1157977616
 126.   6.        0.2803224527       -0.0721463988
 126.   7.        0.5944354191        0.0644482641
 126.   8.       -0.0194719193        0.2900363288
 126.   9.        0.0995022477       -0.1678473378
 126.  10.       -0.3172338854       -0.3675502571
 126.  11.       -0.0277735370       -0.0486522102
 126.  12.       -0.0016945428        0.1982807179
 126.  13.       -0.3506989891       -0.2016203736
 126.  14.        0.3476061486        0.2436611829
 126.  15.        0.1932518415       -0.1842489016
 126.  16.       -0.1741659803        0.1631415838
 126.  17.        0.3840172131       -0.0035657986
 126.  18.       -0.1441564907       -0.2038297710
 126.  19.       -0.3662540319        0.3707397807
 126.  20.        0.1040577269       -0.1720697186
 126.  21.       -0.5429718395       -0.1680307095
 126.  22.       -0.0790405908        0.1639663527
 126.  23.        0.4142239853       -0.7360821664
 126.  24.        0.0554020536        0.3643322032
 126.  25.        0.2416691312       -0.0683847703
 126.  26.       -0.3758243283        0.4010574911
 126.  27.       -0.1375565719        0.6004918523
 126.  28.        0.3992437815       -0.2283645160
 126.  29.       -0.1987562620        0.0183924367
 126.  30.        0.3315217241       -0.2100728351
 126.  31.        0.0298157122       -0.6553718657
 126.  32.        0.1195192191        0.4425065131
 126.  33.        0.3320664015       -0.1798135006
 126.  34.        0.1305232563       -0.0181706127
 126.  35.        0.2435013938        0.5808626361
 126.  36.        0.1113676261       -0.4933819525
 126.  37.       -0.4861218123        0.1871611965
 126.  38.       -0.1640838301        0.5138659388
 126.  39.       -0.2851639726       -0.2979932259
 126.  40.       -0.3525498418       -0.0701308791
 126.  41.        0.3945961526       -0.2743587741
 126.  42.       -0.3200001290        0.1308575311
 126.  43.        0.1880480976        0.2186159921
 126.  44.        0.0061773365       -0.0425363403
 126.  45.       -0.0815952057        0.0774302043
 126.  46.       -0.1840404864        0.1576440319
 126.  47.       -0.1107615938       -0.2555133000
 126.  48.        0.1350668756       -0.1396374405
 126.  49.        0.0740916623        0.1842631266
 126.  50.        0.3902189539       -0.2539932865
 126.  51.       -0.0731125195        0.1360606454
 126.  52.        0.5646265508       -0.0039835170
 126.  53.       -0.2558735360       -0.0506360846
 126.  54.        0.2784732560        0.0622889702
 126.  55.        0.2907543134       -0.0161373886
 126.  56.       -0.0106401553       -0.4361189515
 126.  57.       -0.4002601062       -0.2152477962
 126.  58.        0.1224558971       -0.1281380937
 126.  59.        0.0095320670       -0.2314781765
 126.  60.        0.0976689917       -0.1047286480
 126.  61.        0.0514389034       -0.3240271176
 126.  62.        0.3447366430       -0.1941940458
 126.  63.       -0.0241931619       -0.1171703591
 126.  64.        0.4104062116        0.0478913344
 126.  65.       -0.3328643633       -0.0279352959
 126.  66.        0.2279695855        0.3726622148
 126.  67.        0.0814070440        0.0554831297
 126.  68.       -0.1751385932       -0.1615685008
 126.  69.        0.2707804850        0.4891187938
 126.  70.        0.0245848029       -0.7061668991
 126.  71.        0.0298408651        0.0672504881
 126.  72.        0.4915918222        0.2778050953
 126.  73.       -0.1772386808       -0.1903712660
 126.  74.       -0.2350314462        0.0074204192
 126.  75.        0.6105587207        0.2261818725
 126.  76.       -0.6892943426       -0.1585475267
 126.  77.        0.0855068927        0.5293467571
 126.  78.       -0.0131551723        0.3143395392
 126.  79.       -0.4375687781       -0.0388542546
 126.  80.        0.1601641432        0.5824130740
 126.  81.        0.3160235513       -0.1033533978
 126.  82.       -0.5966851928       -0.1893651524
 126.  83.        0.5269501485        0.1437959244
 126.  84.        0.4241669746       -0.3691332363
 126.  85.       -0.2028817366        0.1594678259
 126.  86.        0.1689154675       -0.0433659529
 126.  87.        0.0002304196       -0.0753994893
 126.  88.       -0.7613438825        0.2636871488
 126.  89.        0.8682110188       -0.1817025922
 126.  90.        0.0310492665       -0.1657192943
 126.  91.       -0.0386805154        0.3895001333
 126.  92.        0.0865576494       -0.0081948016
 126.  93.       -0.3267002431       -0.4863664650
 126.  94.       -0.9143249002       -0.3784727865
 126.  95.       -0.2300253546       -0.8802786848
 126.  96.        0.4983837519       -0.6014706330
 126.  97.        0.1735752447        0.3372301519
 126.  98.        0.0194775761        0.5203188579
 126.  99.        0.6410459304       -0.3937909100
 126. 100.        0.2791706067        0.9625136241
 126. 101.        0.1512030975        0.8006970575
 126. 102.       -0.9305391816        0.3214960580
 126. 103.        0.1517375982        0.4455873163
 126. 104.        0.2360899539        0.2604831285
 126. 105.       -0.2792131164       -0.0305622509
 126. 106.       -0.6574024415       -0.6278858881
 126. 107.        0.2903391995       -0.1417092957
 126. 108.        0.3457171130       -0.6849828956
 126. 109.       -0.1961696221       -0.3051865089
 126. 110.        0.0901838540        0.1584113002
 126. 111.       -0.2128314185       -0.2857452445
 126. 112.        0.1032895370        0.0580814043
 126. 113.        0.4303705504        0.3956466025
 126. 114.        0.1162391255        0.0805341028
 126. 115.        0.1811571217        0.2760639785
 126. 116.        0.1158991378       -0.0140696088
 126. 117.        0.3750213756        0.8917192958
 126. 118.       -0.5433867985        0.5166967330
 126. 119.       -0.5370196454        0.1092172858
 126. 120.        0.2565972887        0.1585471799
 126. 121.       -0.1860811306        0.2687542981
 126. 122.       -0.4552699293       -0.9515198361
 126. 123.       -1.2439124312       -0.1226065663
 126. 124.       -0.8969553242        0.1419429982
 126. 125.       -0.3408685412        0.3691621398
 126. 126.       -0.0573529801        0.1279553950
 127.   0.        0.0272937983        0.0000000000
 127.   1.        0.3087308072       -0.1519109449
 127.   2.       -0.3302655405       -0.2674157311
 127.   3.       -0.1316154249        0.1020974821
 127.   4.        0.1302120887        0.0482166722
 127.   5.        0.0582646930        0.1947921063
 127.   6.        0.0966415437        0.0361600606
 127.   7.       -0.4538887083       -0.0120493590
 127.   8.       -0.0273084656        0.4994832987
 127.   9.        0.0480481824        0.2396742398
 127.  10.       -0.1976407247        0.1883459310
 127.  11.        0.4472534762       -0.1008202167
 127.  12.        0.0993695675       -0.3631936089
 127.  13.       -0.1665537023        0.4641192365
 127.  14.        0.2500036100       -0.0732867524
 127.  15.       -0.2012248820        0.3662410207
 127.  16.        0.2304552977        0.4177230314
 127.  17.       -0.1064128263       -0.0128723023
 127.  18.       -0.4282516605        0.0646607298
 127.  19.        0.3117918280       -0.0918444326
 127.  20.        0.0353678534       -0.4395569697
 127.  21.       -0.1203718883       -0.0894600965
 127.  22.        0.2603211324       -0.1907324754
 127.  23.        0.0831106617       -0.1276822109
 127.  24.        0.5050122012        0.5608435722
 127.  25.       -0.1470503391        0.0670327522
 127.  26.       -0.5782851180        0.1432670029
 127.  27.       -0.0244678615        0.0440341760
 127.  28.       -0.4481566836       -0.1187682517
 127.  29.       -0.0700603754       -0.0774181978
 127.  30.        0.3407460003       -0.5658906691
 127.  31.       -0.0386977263       -0.1504908751
 127.  32.        0.0512047902        0.7297912952
 127.  33.       -0.3300406186       -0.1685321044
 127.  34.       -0.1182435034        0.2866422398
 127.  35.        0.1538523611        0.4631364364
 127.  36.       -0.3079931859       -0.0870346594
 127.  37.        0.0713440944       -0.0258646204
 127.  38.        0.3572630366       -0.9687751539
 127.  39.       -0.1216532687       -0.0074647910
 127.  40.        0.5563358943        0.1101678166
 127.  41.       -0.0048806810       -0.2527435226
 127.  42.       -0.0698433552        0.0001496020
 127.  43.        0.1028773759        0.1307971057
 127.  44.       -0.5215192241       -0.5405298781
 127.  45.       -0.1449915263       -0.0457127195
 127.  46.        0.3750049648        0.1278099858
 127.  47.       -0.7564904854       -0.4131894234
 127.  48.        0.3450537513        0.1258709672
 127.  49.        0.1736337445        0.1585519804
 127.  50.       -0.2352827913       -0.0190837580
 127.  51.       -0.0698605566        0.3737441078
 127.  52.        0.4067228275       -0.1169386718
 127.  53.       -0.2173714428        0.2534441657
 127.  54.       -0.0649982915        0.2149898620
 127.  55.       -0.3229970372       -0.7159228707
 127.  56.        0.1678617801        0.1412763240
 127.  57.       -0.2583432726       -0.0387084746
 127.  58.       -0.0517369560       -0.1283839943
 127.  59.        0.3097820722       -0.0464644329
 127.  60.        0.1117876695       -0.1362685260
 127.  61.       -0.3589697892        0.0732678538
 127.  62.       -0.2175503082       -0.0365356190
 127.  63.       -0.0754286164        0.5692202957
 127.  64.       -0.1585100622       -0.3403666678
 127.  65.       -0.1270969773        0.4030800188
 127.  66.       -0.4568316937       -0.1320015784
 127.  67.       -0.1282856373       -0.5888345723
 127.  68.       -0.0863524444        0.4282067602
 127.  69.        0.2274525191       -0.3924085907
 127.  70.       -0.3477922571        0.0150162357
 127.  71.        0.2538112199       -0.0336293359
 127.  72.        0.0151611141        0.3073699740
 127.  73.       -0.6671762973        0.7464397953
 127.  74.        0.1991970773        0.0905812477
 127.  75.        0.3251805543       -0.5512282728
 127.  76.       -0.0631483016        0.5645012055
 127.  77.        0.2975007005        0.0282461806
 127.  78.       -0.0871712160       -0.2509572934
 127.  79.       -0.7428231171        0.7822711919
 127.  80.        0.1577838241       -0.4471291784
 127.  81.       -0.2600716658       -0.6395510907
 127.  82.        0.0659290949        1.0527620126
 127.  83.       -0.0311190615       -0.2592737974
 127.  84.       -0.2033888547       -0.4200164506
 127.  85.       -0.0232590917        0.4411655626
 127.  86.       -0.2571337357       -0.5559371454
 127.  87.       -0.6257061669        0.0193439926
 127.  88.        0.6804428955        0.5096954160
 127.  89.       -0.1633920362       -0.4242656206
 127.  90.       -0.1057222198       -0.0684526276
 127.  91.        0.6396468179        0.0270664638
 127.  92.        0.2282578560       -0.2190660130
 127.  93.        0.6875947699        0.0898337081
 127.  94.        0.4302480714       -0.1357358394
 127.  95.        0.0147494142        0.0341945091
 127.  96.        0.5491272652        0.0710288243
 127.  97.        0.9658436706       -0.0601541366
 127.  98.       -0.6575999549        0.1650072075
 127.  99.       -0.1498820845        0.2596022580
 127. 100.        0.3363081527        0.1983962591
 127. 101.       -0.3681200247       -0.6537436469
 127. 102.       -0.3471021144       -0.0515198486
 127. 103.       -0.4404380889       -0.3347632210
 127. 104.       -0.5485312353       -1.0843998601
 127. 105.        0.3137983910        0.1925794488
 127. 106.        0.4042106838        0.2061729445
 127. 107.       -0.0617778725       -0.2623767661
 127. 108.        0.2350474555        0.2851215640
 127. 109.        0.4050659644        0.8035176785
 127. 110.       -0.0288966862        0.7279793252
 127. 111.       -0.1852020237        0.2311588677
 127. 112.       -0.3150958884        0.4362430161
 127. 113.       -0.1702220104       -0.2025448790
 127. 114.       -0.3950853550        0.1766823338
 127. 115.       -0.5997230975        0.2571751417
 127. 116.        0.1498136687       -0.2536614603
 127. 117.       -0.8336291404       -0.6110908512
 127. 118.       -0.0439968667       -0.0363564616
 127. 119.        0.4020860248        0.1624841151
 127. 120.        0.2723851790       -0.2373826836
 127. 121.        0.3066562720       -0.4883908201
 127. 122.       -0.0059509781       -0.4056392343
 127. 123.        1.5348260664       -0.4213402921
 127. 124.        0.0885011527       -0.7538937253
 127. 125.        0.1882556974       -0.3741118314
 127. 126.        0.1909910528       -0.3848145669
 127. 127.        0.1291140162        0.3013603425
 128.   0.       -0.2372117522        0.0000000000
 128.   1.        0.1061658305        0.0397019326
 128.   2.        0.1758936159        0.0049817050
 128.   3.        0.0381988042       -0.2320187610
 128.   4.       -0.6239189707        0.1207044928
 128.   5.        0.3462837446        0.0986776359
 128.   6.        0.0742073527       -0.1591454256
 128.   7.       -0.3177215088       -0.0719253929
 128.   8.       -0.0298334928       -0.4790907930
 128.   9.       -0.0918788828        0.1365827660
 128.  10.        0.3556454464        0.2281898919
 128.  11.       -0.0759437759        0.1591978866
 128.  12.       -0.4044133771       -0.2685009843
 128.  13.       -0.1321719991        0.3244525594
 128.  14.       -0.5085841153       -0.3488872174
 128.  15.       -0.1823259570        0.3580220933
 128.  16.        0.1191910855       -0.6336416861
 128.  17.       -0.2857744473       -0.0604518383
 128.  18.        0.0308192009        0.2772187745
 128.  19.        0.2222246382       -0.3608632716
 128.  20.        0.1037255638        0.3504846142
 128.  21.        0.5253435279        0.1862394298
 128.  22.       -0.0898200065        0.0851196770
 128.  23.       -0.1208697319        0.5396251333
 128.  24.       -0.0514920240       -0.3829333873
 128.  25.       -0.0809828969        0.0805065830
 128.  26.        0.6129185297       -0.5560485320
 128.  27.        0.0866736127       -0.4871997239
 128.  28.       -0.0695242385       -0.1754270010
 128.  29.        0.3927524639       -0.1799240310
 128.  30.       -0.2251852723        0.2657190469
 128.  31.        0.2588680914        0.3555682056
 128.  32.       -0.1798598078       -0.3585925339
 128.  33.       -0.4938303429        0.1445956494
 128.  34.        0.0774582130       -0.0337128414
 128.  35.        0.2764665840       -0.6268692411
 128.  36.        0.0794452441        0.3550212993
 128.  37.        0.6970511720       -0.2453646762
 128.  38.        0.2147897102       -0.2806808846
 128.  39.        0.2845002281       -0.0106935855
 128.  40.       -0.1384008487       -0.0437048142
 128.  41.       -0.4367619014       -0.1463374243
 128.  42.       -0.2573619530       -0.3854152382
 128.  43.       -0.3585828212        0.1415453155
 128.  44.       -0.1983056915        0.0888137394
 128.  45.        0.2620727992       -0.1766669969
 128.  46.        0.0522728791        0.0528774594
 128.  47.        0.2923211991        0.0712848914
 128.  48.       -0.0789172689       -0.1591328618
 128.  49.        0.0362978848        0.2021792545
 128.  50.        0.0688012468        0.1358034456
 128.  51.        0.2150608744        0.1018579861
 128.  52.       -0.2204849263        0.0082291770
 128.  53.       -0.0529553744        0.0788789569
 128.  54.       -0.3487607244       -0.2298763380
 128.  55.       -0.1140408078       -0.2843391451
 128.  56.        0.3356165923        0.2176533071
 128.  57.        0.0747745415        0.1746464996
 128.  58.       -0.1268937548        0.1392690361
 128.  59.        0.2674024586        0.3339689958
 128.  60.       -0.2581057294       -0.3456565654
 128.  61.       -0.1835491594       -0.0180648744
 128.  62.        0.1269233392       -0.5675749432
 128.  63.        0.0691036174       -0.0872977628
 128.  64.       -0.0223346056        0.2129481650
 128.  65.        0.1897532254        0.1266382083
 128.  66.       -0.5757152234       -0.0734464749
 128.  67.        0.0256957388        0.1542711410
 128.  68.        0.1265753760       -0.0477040569
 128.  69.       -0.1197618878       -0.1622553885
 128.  70.        0.0379447877        0.6750847314
 128.  71.       -0.0128368068        0.0908007421
 128.  72.       -0.1482526233       -0.3100045049
 128.  73.        0.3298581361        0.6414446988
 128.  74.       -0.0212426115        0.0688600675
 128.  75.       -0.1906244745       -0.2226581323
 128.  76.        0.9909511763        0.0344843637
 128.  77.       -0.1309676619       -0.5402674096
 128.  78.       -0.6816351171        0.0718493421
 128.  79.        0.5403287102        0.1363889139
 128.  80.       -0.4350765865       -0.1902205200
 128.  81.        0.0139058710        0.1370292018
 128.  82.        0.5107970044        0.1734612792
 128.  83.       -0.7251286590        0.3343048340
 128.  84.        0.1209297003       -0.2229915532
 128.  85.        0.5872191631        0.1854830836
 128.  86.       -0.5539252688       -0.1317204247
 128.  87.        0.3234072984        0.1891047152
 128.  88.       -0.0224070566       -0.4046042974
 128.  89.        0.1292456866       -0.4023939793
 128.  90.        0.3628427430       -0.2176966668
 128.  91.        0.3162156584       -0.4628771129
 128.  92.       -0.1028842620       -0.0813642789
 128.  93.        0.3108312016        0.1609314812
 128.  94.        0.2283154958        0.2625749567
 128.  95.       -0.0956704277        0.5607330842
 128.  96.       -0.1693500341       -0.4480847074
 128.  97.       -0.6138992351       -0.0391735733
 128.  98.       -0.2722141182        0.2524308983
 128.  99.        0.0151272297       -0.6874426541
 128. 100.       -0.0649056987       -0.3419526445
 128. 101.       -0.0986435942       -0.3401315933
 128. 102.       -0.1057191247        0.4762923031
 128. 103.        0.0710502028        0.2078461628
 128. 104.        0.7158621830        0.1172803041
 128. 105.        0.2336100902        0.7802351249
 128. 106.       -0.2135179869        0.4643014134
 128. 107.       -0.1447847485        0.4783994899
 128. 108.       -0.0569561317        0.3858893557
 128. 109.       -0.0829342472        0.3236453369
 128. 110.       -0.4432973456       -0.3423802729
 128. 111.       -0.8267292886        0.4078347939
 128. 112.       -0.5473861738       -0.3483284933
 128. 113.       -0.4547062348       -1.0545187377
 128. 114.        0.0187598169       -0.3535305648
 128. 115.        0.3985045090       -0.0177627142
 128. 116.        0.1625968176       -0.0708282015
 128. 117.        0.2247061088       -0.1040026941
 128. 118.        0.3926724619       -0.1181692803
 128. 119.        0.6425782992       -0.1588784536
 128. 120.       -0.2596472423        0.2871949901
 128. 121.        0.4063130141        0.3263552690
 128. 122.        0.4442396853        0.2961002879
 128. 123.       -0.1825966135       -0.2138170760
 128. 124.       -0.2757247067        0.4000865413
 128. 125.       -0.0153211395        0.4480302137
 128. 126.        0.5230195666        1.0462154702
 128. 127.        0.3682686163       -0.2118794420
 128. 128.       -0.2847488374       -0.0359188184
 129.   0.        0.0211381702        0.0000000000
 129.   1.       -0.2379604144        0.1713668374
 129.   2.        0.3363248201        0.3177754458
 129.   3.       -0.1921466092       -0.0613393633
 129.   4.       -0.0486939295       -0.3833601550
 129.   5.       -0.1303623194       -0.1023278099
 129.   6.       -0.3821682316       -0.1630577866
 129.   7.        0.3251683536       -0.0937257302
 129.   8.        0.2470004608       -0.4169638432
 129.   9.       -0.0686674732       -0.1968042563
 129.  10.        0.2796830757        0.0606695646
 129.  11.       -0.3900639169        0.1167526282
 129.  12.        0.3346952593        0.2697555205
 129.  13.        0.1398122861       -0.5341368007
 129.  14.       -0.1622398872       -0.1266451662
 129.  15.        0.6327120205       -0.3372635850
 129.  16.       -0.0837486297       -0.4575122132
 129.  17.        0.3896138335       -0.1657005106
 129.  18.        0.4241873808        0.1055927143
 129.  19.       -0.3854367566        0.0405622306
 129.  20.        0.1201843706        0.5250188330
 129.  21.       -0.2460604587        0.0253257086
 129.  22.       -0.3032768511        0.3098671222
 129.  23.       -0.0829838460       -0.1029548694
 129.  24.       -0.3765833377       -0.3620039058
 129.  25.        0.4752528092       -0.4432196834
 129.  26.        0.3211132615       -0.1771783334
 129.  27.        0.0395825622        0.5783896568
 129.  28.        0.3159727849        0.1024049829
 129.  29.       -0.4824044529       -0.2514536697
 129.  30.       -0.2724497055        0.6445395898
 129.  31.       -0.7184002790        0.0961693753
 129.  32.       -0.4185232491       -0.4974345236
 129.  33.        0.2870123090       -0.0539599267
 129.  34.        0.1886042649       -0.1694925980
 129.  35.        0.0478556848       -0.1336363262
 129.  36.        0.3366424887        0.2385927785
 129.  37.       -0.2367831175        0.0384595082
 129.  38.       -0.1521619395        0.4796802895
 129.  39.       -0.1282662307       -0.1733999687
 129.  40.       -0.5121314559       -0.1420861012
 129.  41.        0.0637845691        0.4462188839
 129.  42.        0.1451217921       -0.2267611138
 129.  43.       -0.0812452119        0.0122331204
 129.  44.        0.3756637867        0.4218954039
 129.  45.       -0.0217102196       -0.0989592064
 129.  46.       -0.0874997505        0.3932628375
 129.  47.        0.3151683558        0.0885843392
 129.  48.       -0.0804810700       -0.0819668002
 129.  49.       -0.0490308782       -0.0074004038
 129.  50.       -0.1173566751       -0.3783185844
 129.  51.       -0.0915452710       -0.0324660072
 129.  52.        0.1162601155        0.4036388234
 129.  53.        0.1610327297        0.1673624017
 129.  54.        0.2708141078        0.2859141138
 129.  55.       -0.2813993471       -0.0223254221
 129.  56.        0.0743249693       -0.1937040642
 129.  57.        0.1269722921        0.0320230056
 129.  58.       -0.3383924458       -0.0977358377
 129.  59.       -0.2677231254       -0.1819225635
 129.  60.       -0.1021347917        0.0501980772
 129.  61.        0.1617784656        0.1018699914
 129.  62.       -0.2853193935        0.1651822370
 129.  63.       -0.3495085956        0.0537872470
 129.  64.        0.1943687229       -0.1021218532
 129.  65.       -0.0108890943        0.0476459475
 129.  66.        0.2542718947        0.1576211351
 129.  67.        0.2311733720        0.2354718804
 129.  68.       -0.4005368994       -0.2033457896
 129.  69.        0.1619673482       -0.0657853251
 129.  70.        0.0967902574        0.1328576554
 129.  71.       -0.5480278260        0.1709619636
 129.  72.        0.5984105373        0.1429580737
 129.  73.        0.4657094455       -0.8366868129
 129.  74.       -0.2480611023        0.5507674273
 129.  75.        0.1104156766        0.0122076219
 129.  76.        0.3390151953       -0.5123596246
 129.  77.       -0.1039886653        0.4044719774
 129.  78.        0.2260440900        0.4002822002
 129.  79.        0.3522814998       -0.3148061913
 129.  80.       -0.6274990530        0.4107119377
 129.  81.       -0.0385853867       -0.1276158332
 129.  82.        0.1462477904       -0.2537656709
 129.  83.        0.0389688529        0.0338237151
 129.  84.       -0.0025178211        0.0089164042
 129.  85.       -0.2833090075        0.3056828007
 129.  86.        0.0210847961        0.1531246969
 129.  87.        0.8915455391       -0.2915345566
 129.  88.        0.2444517189        0.1262171518
 129.  89.       -0.0584657431        0.4096124500
 129.  90.       -0.3091653010       -0.2443598387
 129.  91.       -0.1610371273        0.4745152000
 129.  92.       -0.0926659597        0.6742539786
 129.  93.       -0.1754614989       -0.1261796618
 129.  94.       -0.4837285315        0.2355149497
 129.  95.        0.2106498740        0.2722913778
 129.  96.       -0.1051520784       -0.4696226782
 129.  97.        0.4658000893       -0.0229202143
 129.  98.        0.1515185439        0.2396685493
 129.  99.        0.0668136953        0.1843028195
 129. 100.       -0.0701892758       -0.1437563297
 129. 101.        0.6520824187        0.3374199614
 129. 102.        0.1420570455        0.0767507010
 129. 103.       -0.2940418816        0.2651223005
 129. 104.       -0.3291183681       -0.0772035001
 129. 105.        0.0142032112       -0.3263157752
 129. 106.       -0.3460102492        0.0241347645
 129. 107.       -0.5939039216       -0.1434590629
 129. 108.       -0.0103576327       -0.0057721586
 129. 109.       -0.2634916242       -0.4602911068
 129. 110.        0.1145469288        0.3908002328
 129. 111.       -0.2124233450       -0.4322620494
 129. 112.       -0.2795100513       -0.4804078818
 129. 113.       -0.3341701759        0.1061051909
 129. 114.        0.7045041165       -0.3932698381
 129. 115.        0.2439292292        0.3441793409
 129. 116.       -0.5720560841        0.5196688671
 129. 117.        0.0284598918        0.3754558793
 129. 118.       -0.3221569397        0.0310067673
 129. 119.       -0.8879435594        0.5720097059
 129. 120.        0.1376392474       -0.2448605212
 129. 121.        0.3742459908        0.1677810090
 129. 122.       -0.6384065198       -0.4773190920
 129. 123.       -0.1790712687       -0.0859574837
 129. 124.       -0.1883469535       -0.4797192790
 129. 125.       -0.6136713756        0.0619974112
 129. 126.       -0.3919652734       -0.3633105523
 129. 127.       -0.1609377056       -0.1211006769
 129. 128.       -0.3008570411       -0.2420591851
 129. 129.       -0.4254815514        0.4160370123
 130.   0.       -0.3260003144        0.0000000000
 130.   1.        0.0835223546        0.0946105509
 130.   2.       -0.1888342348       -0.2947071459
 130.   3.       -0.2464512433        0.0239753702
 130.   4.        0.6122617907       -0.2764458656
 130.   5.       -0.1687137236       -0.1283639211
 130.   6.       -0.0615125227        0.2531640570
 130.   7.        0.0064415913       -0.0057760307
 130.   8.       -0.3335414817       -0.0582540157
 130.   9.        0.0793914697        0.1809473169
 130.  10.       -0.3424978563       -0.2243844238
 130.  11.        0.0581020403       -0.0957326734
 130.  12.       -0.0937731395        0.1703364173
 130.  13.        0.2712763566       -0.2446895869
 130.  14.        0.5737127445        0.1775853001
 130.  15.        0.0176272600       -0.3825098399
 130.  16.        0.2175601784        0.7648323082
 130.  17.        0.1706358252        0.1304700335
 130.  18.        0.1781921417       -0.1296243709
 130.  19.        0.1958095464        0.4534417676
 130.  20.       -0.2408007023       -0.3928064216
 130.  21.       -0.2001246665       -0.0980771913
 130.  22.       -0.1559368045       -0.2297216046
 130.  23.        0.0121101352       -0.5098399101
 130.  24.       -0.0529569358        0.3244785603
 130.  25.       -0.0281907597        0.3795585648
 130.  26.       -0.4075916868        0.2844327448
 130.  27.        0.1050303491        0.1543852576
 130.  28.       -0.0822060333        0.1673283444
 130.  29.       -0.5917938818       -0.1542167693
 130.  30.        0.1691008010       -0.5278589299
 130.  31.       -0.2728020786       -0.0350964776
 130.  32.        0.3475715994        0.0124266873
 130.  33.        0.4313164951       -0.3029274143
 130.  34.       -0.1014900349        0.3622543428
 130.  35.       -0.2567113012        0.4498330690
 130.  36.       -0.0134017435       -0.1118031175
 130.  37.       -0.5877087640        0.2094043378
 130.  38.        0.0825625618        0.0226080639
 130.  39.        0.0295849424        0.0551198747
 130.  40.        0.5393780013        0.1322744651
 130.  41.        0.4448675931        0.0894158528
 130.  42.        0.0452776941       -0.0963442316
 130.  43.        0.4759083373        0.0778771299
 130.  44.        0.5505489816       -0.0586989347
 130.  45.       -0.1699066626        0.3137632605
 130.  46.        0.1107302112       -0.3399031201
 130.  47.       -0.3513956829        0.0624442642
 130.  48.        0.0515342498        0.2660090683
 130.  49.        0.1013064375       -0.0114993783
 130.  50.       -0.1496389957       -0.0254415575
 130.  51.        0.0434276959        0.0804028078
 130.  52.        0.1100816813       -0.1433844039
 130.  53.       -0.0072099890       -0.2198048087
 130.  54.        0.2566554657        0.3796179189
 130.  55.        0.0535817889        0.3915777502
 130.  56.       -0.3678053162       -0.1878880905
 130.  57.        0.1336394461       -0.2689281605
 130.  58.        0.0442065886       -0.2661141344
 130.  59.       -0.2676743708       -0.6160726211
 130.  60.        0.4664276087       -0.1105919374
 130.  61.        0.1087214863        0.1264090611
 130.  62.        0.2172137489       -0.1826831376
 130.  63.        0.0543889265        0.3466795703
 130.  64.        0.1899998062       -0.0161941877
 130.  65.       -0.2084452745       -0.0584382722
 130.  66.        0.2233327561        0.3548939318
 130.  67.       -0.3908754743       -0.2911278430
 130.  68.        0.1179862604        0.2021645585
 130.  69.       -0.0056395344       -0.0912285750
 130.  70.        0.2606042030       -0.7124900844
 130.  71.        0.2643685867        0.5433026930
 130.  72.       -0.0322942384       -0.1456017857
 130.  73.       -0.1466667327        0.0184457198
 130.  74.        0.0767996964        0.8639065552
 130.  75.        0.1554228272       -0.0652336856
 130.  76.       -1.0723290382        0.3655785943
 130.  77.       -0.1223118234        0.2528601116
 130.  78.        0.1041844058       -0.3703160449
 130.  79.       -0.2992595672        0.1212952383
 130.  80.        0.5821630272        0.3367191795
 130.  81.        0.0759421695       -1.0941100038
 130.  82.        0.2386196881        0.0716184509
 130.  83.        0.3607688915       -0.2227550916
 130.  84.       -0.3595725351       -0.4248925931
 130.  85.       -0.1603889977        0.5685622639
 130.  86.        0.1929566444       -0.0046850478
 130.  87.       -0.1268480279       -0.2488075409
 130.  88.       -0.0798331530        0.3957073430
 130.  89.       -0.4945714632       -0.0363520069
 130.  90.       -0.7779791225       -0.0317891798
 130.  91.        0.0573766858        0.4684364479
 130.  92.        0.5968574572       -0.1535181487
 130.  93.        0.0312112145        0.0842831959
 130.  94.        0.5083459417       -0.2362820635
 130.  95.        0.8206637805       -0.4234921017
 130.  96.       -0.1581614205       -0.1508409437
 130.  97.        0.1905721524        0.1690012284
 130.  98.        0.7832415112       -0.1778158110
 130.  99.        0.2741483681        0.6439765895
 130. 100.       -0.0051079791        0.0362149095
 130. 101.        0.0674723563        0.1744810255
 130. 102.       -0.2415036917        0.0515874144
 130. 103.       -0.5881942243       -0.2521248921
 130. 104.       -0.4877796731       -0.8391982320
 130. 105.       -0.3253784066       -0.2310821881
 130. 106.       -0.0726774323        0.2936743854
 130. 107.        0.6629756799       -0.2041198356
 130. 108.        0.4268550696       -0.3230100663
 130. 109.        0.1497587778        0.2464423866
 130. 110.        0.2437473643        0.9008551540
 130. 111.       -0.0094540417        0.5155592068
 130. 112.       -0.3619131306       -0.0455037747
 130. 113.       -0.2636346922       -0.0201994630
 130. 114.       -0.0964896342       -0.4704045376
 130. 115.       -0.1027749628        0.6613397026
 130. 116.       -0.5831458652        0.3202717003
 130. 117.       -0.8305419986       -0.3889648815
 130. 118.       -0.6319237794        0.2931241537
 130. 119.        0.5579703768       -0.0517033604
 130. 120.        0.2356314380       -0.4060504187
 130. 121.        0.3320890686       -0.7806687676
 130. 122.       -0.0346471409        0.0329242336
 130. 123.        0.1846383087       -0.5566855322
 130. 124.        0.1942988633       -0.4287914429
 130. 125.       -0.5239817536        0.3790259550
 130. 126.        1.0132961431       -0.1381755319
 130. 127.        0.9323964272       -0.9841432514
 130. 128.        0.4100773181       -0.8816612587
 130. 129.        0.1076095680       -0.2856040050
 130. 130.       -0.1121271937        0.0754689491
 131.   0.       -0.1290210429        0.0000000000
 131.   1.        0.0235226394       -0.2976451409
 131.   2.       -0.1422765796       -0.2995542349
 131.   3.        0.2844251316        0.2279819378
 131.   4.       -0.0875772091        0.1559354799
 131.   5.        0.1835465406        0.0154705495
 131.   6.        0.2496544875        0.2170928766
 131.   7.       -0.0482941391        0.1322438352
 131.   8.       -0.2461076182       -0.1221112519
 131.   9.        0.1102405196       -0.0146631124
 131.  10.       -0.2215856443        0.0142152000
 131.  11.        0.4367214355       -0.2105272143
 131.  12.       -0.3718755573       -0.0330433601
 131.  13.        0.2326540636        0.4050647815
 131.  14.       -0.0137372216        0.1146112841
 131.  15.       -0.3195145164        0.2033530030
 131.  16.        0.0638347343        0.1459061482
 131.  17.       -0.5905846623       -0.1036869546
 131.  18.       -0.0884973623       -0.1736683948
 131.  19.        0.1500600100       -0.4202810580
 131.  20.       -0.2385052401       -0.2783147360
 131.  21.        0.3410408120       -0.0523450942
 131.  22.        0.4500503118       -0.0285157197
 131.  23.       -0.0527215288        0.1703204234
 131.  24.       -0.0090315797        0.3504128958
 131.  25.       -0.5570804554        0.0070011428
 131.  26.       -0.2590223427        0.2373574556
 131.  27.        0.3126265618       -0.3812665901
 131.  28.       -0.1801943964       -0.1626903951
 131.  29.        0.1344308248        0.2867595342
 131.  30.        0.1362263032       -0.2990565071
 131.  31.        0.5843335292        0.1885270301
 131.  32.        0.5322862062        0.2248109485
 131.  33.       -0.3715090001       -0.1043772311
 131.  34.       -0.2222077076       -0.3040562489
 131.  35.        0.0771026955        0.1368932463
 131.  36.       -0.3236436215       -0.0772390433
 131.  37.        0.0316984015        0.1707754735
 131.  38.       -0.0294579131        0.0010580660
 131.  39.       -0.0364098934        0.2759418864
 131.  40.        0.3772686429        0.1904665655
 131.  41.       -0.1057767070        0.0624110340
 131.  42.       -0.1925637690        0.1979998063
 131.  43.        0.0126557021       -0.2555898514
 131.  44.       -0.3130703088       -0.0035286826
 131.  45.       -0.3152670803        0.1419569653
 131.  46.        0.0922010614       -0.6176718323
 131.  47.       -0.0518898066        0.0279809693
 131.  48.        0.1785847555       -0.2057442534
 131.  49.        0.2367015425        0.1147987417
 131.  50.        0.0967362385        0.4507435119
 131.  51.        0.1426959321        0.2415888753
 131.  52.       -0.1733203033       -0.3654731559
 131.  53.        0.0070776520       -0.1931990293
 131.  54.       -0.1868495690       -0.3557299837
 131.  55.        0.4044870354        0.0148372116
 131.  56.       -0.0603903031        0.3907717673
 131.  57.        0.2698242224       -0.0734707684
 131.  58.        0.3244306843       -0.1003470744
 131.  59.       -0.0873181843       -0.1287325158
 131.  60.        0.1435754782        0.0789194705
 131.  61.       -0.2110194853       -0.1002719781
 131.  62.        0.1558212959       -0.0430209282
 131.  63.        0.1890238395       -0.1897725276
 131.  64.       -0.3810647054        0.0732531556
 131.  65.        0.1880959547       -0.1059751100
 131.  66.        0.2562442682       -0.4219081419
 131.  67.       -0.3299190252        0.1926655753
 131.  68.        0.5493933159       -0.0905781310
 131.  69.       -0.2417788569       -0.1230728426
 131.  70.       -0.1143645517       -0.0452907985
 131.  71.        0.0511291077       -0.1651413743
 131.  72.       -0.4357356984        0.0844577421
 131.  73.       -0.3957552177        0.3322796059
 131.  74.        0.2727370128       -0.0456209846
 131.  75.       -0.4744258611        0.0972408699
 131.  76.       -0.6635205431       -0.0803450745
 131.  77.       -0.1383664149       -0.6671759531
 131.  78.       -0.6780095179       -0.2187635819
 131.  79.       -0.2313390637        0.1421405350
 131.  80.        0.2160995176       -0.1631311183
 131.  81.       -0.4121444698       -0.1171430080
 131.  82.       -0.1959647355        0.3342212942
 131.  83.        0.1910278008       -0.0486144778
 131.  84.       -0.4435260056        0.3259847460
 131.  85.       -0.1270319219        0.3085895399
 131.  86.       -0.2044918024        0.1430691148
 131.  87.       -0.2742916736        0.2154515869
 131.  88.        0.3409948671       -0.8731277443
 131.  89.       -0.0074575916       -0.5459652277
 131.  90.        0.2348018111        0.1015356820
 131.  91.        0.1021868773        0.2855116055
 131.  92.       -0.0283173013        0.1584755802
 131.  93.        0.1456796152        0.3783345529
 131.  94.        0.5457103738       -0.0697072163
 131.  95.       -0.1254639229        0.2034666687
 131.  96.       -0.3021392113        0.3190093616
 131.  97.       -0.5735313964       -0.4107126342
 131.  98.       -0.1210112950        0.1133130858
 131.  99.       -0.1537893849        0.2295347218
 131. 100.       -0.1570667732       -0.7146195574
 131. 101.       -0.2616417479        0.2147028700
 131. 102.        0.1943671102        0.0221784797
 131. 103.       -0.0264617931       -0.3842144705
 131. 104.       -0.1147510809        0.0323359814
 131. 105.        0.3501427661        0.3782180493
 131. 106.        0.2775874545        0.1369105008
 131. 107.        0.3543949679        0.4282485504
 131. 108.        0.2476700973       -0.1597942574
 131. 109.       -0.0266997532        0.5815689528
 131. 110.       -0.4922766000        0.4878918936
 131. 111.       -0.7400481532       -0.0070104065
 131. 112.       -0.0315502122       -0.7477963788
 131. 113.       -0.4448289674       -0.4052277465
 131. 114.        0.0204842235       -0.1727088774
 131. 115.        0.3189412642       -0.1729514219
 131. 116.        0.2087432802       -0.4026413587
 131. 117.       -0.0136902747       -0.3103351285
 131. 118.        0.0719322798       -0.5525351442
 131. 119.        0.0821996135       -0.3022645530
 131. 120.       -0.4490856422        0.1520259625
 131. 121.        0.5686518186        0.4569581293
 131. 122.        0.0947916135       -0.0326943510
 131. 123.       -0.5482133768        0.3982171491
 131. 124.       -0.4445245789       -0.0832845940
 131. 125.        0.0240337698        0.2242506682
 131. 126.       -0.3734766553       -0.1363765506
 131. 127.       -0.2421538420        0.1086500883
 131. 128.       -0.7503783233        0.6027283413
 131. 129.       -0.5476506664        0.5442447564
 131. 130.        0.1767906403        0.2519597504
 131. 131.        0.2487683014       -0.3821513454
 132.   0.        0.4886824012        0.0000000000
 132.   1.        0.0681657191       -0.0994410289
 132.   2.       -0.0004139636        0.3006350701
 132.   3.        0.0029556819        0.2006230453
 132.   4.       -0.2540252404        0.2738559646
 132.   5.       -0.1139228780        0.0060009993
 132.   6.       -0.3029315818       -0.1850229431
 132.   7.       -0.0921485936        0.0758203300
 132.   8.        0.3885940215        0.0251744617
 132.   9.        0.0114284981       -0.1454354999
 132.  10.        0.2764843901        0.0848937526
 132.  11.        0.3020165968       -0.1350117973
 132.  12.        0.2729358811        0.2161790511
 132.  13.       -0.0878780312        0.0340710169
 132.  14.       -0.4530227261       -0.2300198767
 132.  15.        0.2077864208       -0.0034797431
 132.  16.       -0.2133340906       -0.3614675901
 132.  17.       -0.2239272038       -0.0861556758
 132.  18.        0.0240740712       -0.3671834671
 132.  19.       -0.2987687854       -0.2305696926
 132.  20.        0.3075237127        0.6713380538
 132.  21.        0.0367140000       -0.1427713593
 132.  22.       -0.1249759849        0.1934140935
 132.  23.        0.0747666464        0.2522242992
 132.  24.       -0.3692675606       -0.0475929658
 132.  25.       -0.1504377411       -0.3897458673
 132.  26.        0.4585578078       -0.1801684225
 132.  27.       -0.2447094737       -0.3136408271
 132.  28.        0.0490955120        0.2122691490
 132.  29.        0.5003502181        0.0631432595
 132.  30.       -0.3705577596        0.3054549225
 132.  31.        0.3744473151        0.1412169755
 132.  32.       -0.5759573955        0.1150246082
 132.  33.       -0.0437304061        0.3178966726
 132.  34.        0.2486904402       -0.4157085332
 132.  35.       -0.0536869190       -0.0597969769
 132.  36.        0.2123140557        0.0801259974
 132.  37.        0.4633173778        0.1842849736
 132.  38.       -0.2938669691        0.1367104368
 132.  39.        0.0393595973        0.3675848609
 132.  40.       -0.5271096476        0.0423944680
 132.  41.       -0.2034546954        0.1319711539
 132.  42.        0.2664451248        0.1616004117
 132.  43.       -0.5004266855       -0.3225416020
 132.  44.        0.3415321961        0.2063219266
 132.  45.        0.3083172247       -0.2432298279
 132.  46.        0.1031106007        0.4775495557
 132.  47.        0.2896874389        0.0115552285
 132.  48.       -0.1900950972       -0.0532904168
 132.  49.       -0.1468496665        0.0461106058
 132.  50.        0.1065215075       -0.0484796499
 132.  51.       -0.1474962390       -0.5181001196
 132.  52.       -0.2355145271       -0.1024466097
 132.  53.        0.1539514257        0.0299178822
 132.  54.       -0.2720579440       -0.1094863823
 132.  55.        0.0410804469       -0.0616706436
 132.  56.        0.0632530227        0.1500208581
 132.  57.       -0.1323035124       -0.1450935431
 132.  58.        0.0130449714        0.2863786328
 132.  59.        0.3224819611        0.2062240220
 132.  60.       -0.1544275740        0.1853702959
 132.  61.       -0.0274725819        0.1476817916
 132.  62.        0.0856532744        0.2384370317
 132.  63.       -0.2960556980       -0.5504667874
 132.  64.       -0.2128059353        0.3127847162
 132.  65.        0.1600742013       -0.3542972756
 132.  66.        0.1736984710       -0.0948264962
 132.  67.        0.0390094315        0.3199229926
 132.  68.        0.2566372313       -0.1454430177
 132.  69.        0.0167597059        0.1419449439
 132.  70.       -0.2442503192        0.3253870469
 132.  71.       -0.0070179360       -0.4969724884
 132.  72.       -0.0565437115        0.3803351026
 132.  73.       -0.0340630628        0.0918081719
 132.  74.       -0.1001435547       -0.9351094691
 132.  75.        0.0077196782        0.2021055512
 132.  76.        0.1289858999       -0.3078840612
 132.  77.       -0.1936837444       -0.2407257174
 132.  78.        0.3464273140        0.3319409682
 132.  79.        0.2338735052        0.2879803088
 132.  80.       -0.3478502247        0.3082995402
 132.  81.       -0.4626563099        0.5278772042
 132.  82.       -0.3761171738       -0.8490311604
 132.  83.       -0.5358848074        0.1726104249
 132.  84.        0.0610862880        0.1505030852
 132.  85.       -0.6492620365       -0.8174054963
 132.  86.       -0.5479653888       -0.3190145453
 132.  87.        0.3951526517        0.7143678311
 132.  88.        0.2356487186       -0.7407774698
 132.  89.        0.4903220119        0.4331915933
 132.  90.        0.4745731262        0.2535267566
 132.  91.        0.0732749767       -0.2707280295
 132.  92.        0.1915539365        0.0318370508
 132.  93.        0.1520188059        0.3829162462
 132.  94.       -0.6454396173        0.6092693915
 132.  95.       -0.1868894228        0.4617687580
 132.  96.        0.3488280383       -0.0616787156
 132.  97.       -0.1585490151        0.0114618047
 132.  98.       -0.0445520059       -0.4043211078
 132.  99.       -0.0938181917       -0.1147470028
 132. 100.        0.1629006488        0.0080161144
 132. 101.        0.3335101589       -0.0144027256
 132. 102.        0.2298938555       -0.2288790378
 132. 103.        0.5013214148        0.4787821326
 132. 104.        0.0906299287        0.0140597605
 132. 105.       -0.0973253610        0.4036050341
 132. 106.       -0.5499112567       -0.2670327771
 132. 107.       -0.2818424092        0.3095973822
 132. 108.       -0.0185032503       -0.1038344624
 132. 109.       -0.3015459871       -0.3097103590
 132. 110.       -0.2568619268        0.0410554437
 132. 111.        0.3832523609        0.1300499616
 132. 112.        0.1557472809        0.2672701779
 132. 113.        0.1010672973       -0.1569559918
 132. 114.        0.2944874079       -0.1649022705
 132. 115.        0.7193459318        0.1266369288
 132. 116.       -0.1780194137        0.2446203728
 132. 117.        0.5378412987        0.2097057297
 132. 118.        0.0663237587       -0.2424519329
 132. 119.       -0.3195621444        0.2395855081
 132. 120.       -0.0790167624        0.6095611271
 132. 121.       -0.4186659301        0.1409014854
 132. 122.       -0.1201734498       -0.2281990269
 132. 123.       -0.2511042787       -0.2083942913
 132. 124.        0.2740690429       -0.2971551135
 132. 125.       -0.6024010054       -0.7854898458
 132. 126.        0.2213898091       -0.0488773761
 132. 127.        0.1942921026        0.1594974569
 132. 128.        0.6252164048       -0.9017341430
 132. 129.        0.1618102140       -0.5353602802
 132. 130.       -0.2305459782       -0.5579870470
 132. 131.       -0.1544468463       -0.0826074311
 132. 132.       -0.2533337455        0.1493002914
 133.   0.        0.1143210323        0.0000000000
 133.   1.        0.1006608291        0.3084099452
 133.   2.        0.0285779502        0.1187438156
 133.   3.       -0.0875359950       -0.0673885254
 133.   4.        0.0000008062        0.0280566556
 133.   5.        0.0350948230       -0.2835419956
 133.   6.       -0.0156339483       -0.0782753452
 133.   7.        0.0320664640       -0.0705088736
 133.   8.        0.1684733641        0.4549129069
 133.   9.       -0.1412141984        0.2420864113
 133.  10.        0.0090973054       -0.1884622062
 133.  11.       -0.4101446047        0.0729957077
 133.  12.        0.0769125106       -0.0255908645
 133.  13.       -0.3230401951       -0.1115695906
 133.  14.        0.0361681354        0.0759097874
 133.  15.        0.1131750055       -0.2433481358
 133.  16.       -0.1649162981        0.0259456800
 133.  17.        0.3636795040        0.1089597007
 133.  18.       -0.0826442069       -0.0887966686
 133.  19.       -0.2050835012        0.5440608862
 133.  20.        0.1100251516       -0.0548169939
 133.  21.       -0.2415572098        0.1421313967
 133.  22.       -0.0782000828       -0.2254147556
 133.  23.        0.0913741019       -0.3891482192
 133.  24.        0.1648306223       -0.0358146312
 133.  25.        0.4069931598        0.0167421387
 133.  26.        0.0102337252       -0.2073977682
 133.  27.       -0.4548065981        0.3196271281
 133.  28.       -0.0132826172       -0.1720015226
 133.  29.       -0.1846492057       -0.0051972238
 133.  30.       -0.3526392248        0.0845119222
 133.  31.       -0.1626714556       -0.4653884510
 133.  32.        0.1757221310       -0.0854579116
 133.  33.        0.3213044965        0.2452480123
 133.  34.        0.0825238881       -0.0810533312
 133.  35.       -0.0831119331        0.2831791705
 133.  36.       -0.0776536661       -0.2151046918
 133.  37.       -0.2720879595       -0.1271635617
 133.  38.       -0.3273959809        0.2049706746
 133.  39.        0.1847839956       -0.4668666175
 133.  40.       -0.2378924057       -0.1092941205
 133.  41.        0.0177132188       -0.1895024640
 133.  42.        0.0174311746       -0.2138485925
 133.  43.       -0.0621173578        0.1119450554
 133.  44.        0.1556744743       -0.0727172099
 133.  45.        0.0904091853        0.2575172032
 133.  46.       -0.0890926713        0.3795378665
 133.  47.       -0.3832695760       -0.5678936655
 133.  48.       -0.1447138957       -0.2133970377
 133.  49.       -0.3389404642        0.0660682139
 133.  50.        0.1216565303       -0.4957977363
 133.  51.        0.0001194997       -0.2056206077
 133.  52.        0.0042995663        0.1679110162
 133.  53.       -0.3993466208       -0.0741287776
 133.  54.       -0.0314247752        0.1446852817
 133.  55.       -0.1493872400       -0.0111337133
 133.  56.        0.0816626143        0.1633902354
 133.  57.       -0.3866850084        0.0817873001
 133.  58.        0.1519489424       -0.2895294832
 133.  59.       -0.2958951684        0.4576179049
 133.  60.       -0.0256584052       -0.1385887260
 133.  61.        0.3192290590       -0.3007367453
 133.  62.       -0.3728020836       -0.0886619893
 133.  63.       -0.0541326419        0.3814378056
 133.  64.        0.2328488427       -0.0850389350
 133.  65.       -0.3915354296        0.0502502807
 133.  66.       -0.0989343395        0.2377177699
 133.  67.        0.1835709786       -0.1544806541
 133.  68.       -0.2972400511        0.1175553397
 133.  69.       -0.0307122669        0.2407985721
 133.  70.       -0.1242102300       -0.3228929443
 133.  71.       -0.2567508071       -0.1362805410
 133.  72.        0.5057864827       -0.2884488023
 133.  73.        0.3152678615       -0.3017519596
 133.  74.       -0.2193465712       -0.1791514948
 133.  75.        0.2284719093       -0.1403129092
 133.  76.        0.0058845943        0.1785042190
 133.  77.        0.1814032387        0.4157308463
 133.  78.        0.7815120511       -0.2128992793
 133.  79.       -0.4135633125        0.1295798232
 133.  80.       -0.2054274235        0.4442808093
 133.  81.        0.1103429070       -0.2127748307
 133.  82.       -0.6108372276       -0.3966209241
 133.  83.        0.1310201521       -0.3091564044
 133.  84.        0.2246239357       -0.3052877223
 133.  85.        0.1729192872       -0.1508730843
 133.  86.        0.8363276606       -0.0374215414
 133.  87.        0.0073212176       -0.2226520352
 133.  88.       -0.2254828499        0.2958346979
 133.  89.        0.0010441520       -0.0686086114
 133.  90.        0.1637556726        0.5153186934
 133.  91.       -0.4038527766        0.1783157819
 133.  92.       -0.1909695039       -0.1272061557
 133.  93.       -0.0340806191        0.0044046913
 133.  94.       -0.1403347460       -0.0046754334
 133.  95.        0.1104103207       -0.2703021025
 133.  96.        0.4605230398        0.1115128246
 133.  97.       -0.0171719813        0.5024470526
 133.  98.        0.2822155064       -0.3379643009
 133.  99.        0.2623418620       -0.1613512088
 133. 100.        0.0035138085        0.1528297331
 133. 101.       -0.6176831520        0.6925741832
 133. 102.        0.2959254756        0.5239119793
 133. 103.       -0.0548075906       -0.2929525506
 133. 104.       -0.2719602745       -0.1060704130
 133. 105.       -0.4761159135        0.0128300381
 133. 106.       -0.3546326516       -0.1435713526
 133. 107.        0.1017852969       -0.1438449476
 133. 108.        0.0795221979       -0.4148044375
 133. 109.        0.0655797910       -0.1644440746
 133. 110.        0.8969268023       -0.1254717999
 133. 111.       -0.1362088124        0.0203346017
 133. 112.       -0.4129945167        0.5022919532
 133. 113.        0.1616351038        0.2303214914
 133. 114.       -0.0502068194       -0.0953022234
 133. 115.       -0.1038917348        0.2689108614
 133. 116.       -0.1270354059       -0.1434977190
 133. 117.        0.0105349736       -0.7954924350
 133. 118.       -0.3047022754        0.1700827341
 133. 119.       -0.3677570950       -0.5163155073
 133. 120.        0.7131748888       -0.3275551481
 133. 121.       -0.4089388994       -0.5523261499
 133. 122.       -0.2240136668        0.2846730399
 133. 123.        1.0514918276       -0.2414512706
 133. 124.       -0.2897290169        0.4460484406
 133. 125.        0.5059113671        0.4167338486
 133. 126.        0.8432036279       -0.3177874350
 133. 127.        0.2402325820       -0.2877906712
 133. 128.       -0.1018705604        0.1903909758
 133. 129.        0.2949798655        1.0050475206
 133. 130.        0.7676367246        0.2420259693
 133. 131.        0.0922078153       -0.3057564875
 133. 132.       -0.0010676990       -0.0494230814
 133. 133.        0.2524742115        0.1485436195
 134.   0.       -0.0656499969        0.0000000000
 134.   1.        0.1722798928       -0.0373454296
 134.   2.        0.1834669249       -0.2661530832
 134.   3.        0.3314133766       -0.2691833577
 134.   4.        0.1093962670        0.0545911939
 134.   5.        0.0740702305        0.2130035099
 134.   6.        0.2852437508        0.2435016873
 134.   7.        0.2554902632       -0.0272585339
 134.   8.       -0.1910122489        0.2322857347
 134.   9.       -0.2058064636       -0.0669826962
 134.  10.       -0.1352642614        0.2179953005
 134.  11.       -0.1768934943       -0.1556072532
 134.  12.        0.0916865481       -0.5253095924
 134.  13.        0.2165623752        0.2332904521
 134.  14.        0.1714548876        0.2675157047
 134.  15.       -0.2621677394        0.3073630282
 134.  16.       -0.0741762473        0.2045564509
 134.  17.        0.2323885544       -0.0110330121
 134.  18.       -0.4394623252        0.1761564378
 134.  19.       -0.0178754403       -0.1085358639
 134.  20.       -0.4146933622       -0.5637582214
 134.  21.        0.0563798970        0.3258074259
 134.  22.        0.5553447882       -0.0025815365
 134.  23.        0.0426485462        0.3678625569
 134.  24.        0.5815771640        0.0708684437
 134.  25.       -0.0832147077        0.1090558633
 134.  26.       -0.2529913283        0.2748260932
 134.  27.        0.0223991493        0.3105633239
 134.  28.       -0.4291306829       -0.5084567274
 134.  29.       -0.1003120589       -0.0396950593
 134.  30.        0.7758261668        0.0534469483
 134.  31.       -0.1247737226       -0.1540663551
 134.  32.        0.5540211104       -0.1202936864
 134.  33.        0.2648720228        0.0904348641
 134.  34.       -0.1829730376        0.3885200399
 134.  35.        0.2035171767       -0.1769768887
 134.  36.       -0.2407710575       -0.1841594836
 134.  37.        0.0013912275       -0.2151656727
 134.  38.        0.5427346018       -0.1430726225
 134.  39.       -0.2917186575       -0.3605399002
 134.  40.        0.4431525636       -0.3362666163
 134.  41.        0.1198180480       -0.3626231033
 134.  42.        0.0358134554        0.0092168497
 134.  43.        0.2052259889        0.2053037908
 134.  44.       -0.4352792062       -0.2885135570
 134.  45.       -0.1018534535        0.0644234291
 134.  46.       -0.2081058325       -0.1499317018
 134.  47.       -0.2337694959       -0.1483875149
 134.  48.        0.1758064284        0.3159060068
 134.  49.        0.2552831035       -0.1274448719
 134.  50.        0.0705768468       -0.1649574204
 134.  51.       -0.2101303745        0.2209616277
 134.  52.        0.0044070865        0.0130720400
 134.  53.        0.1571408708       -0.0212837968
 134.  54.        0.3241737663       -0.0360990531
 134.  55.       -0.4039687926       -0.2644268704
 134.  56.        0.0173544000       -0.2934384994
 134.  57.        0.1134960611        0.0785835757
 134.  58.        0.1064720769       -0.0661929638
 134.  59.       -0.0313528896        0.2982414801
 134.  60.       -0.2766220424       -0.2032153370
 134.  61.        0.4680812674       -0.1903685191
 134.  62.       -0.0935286098        0.0914538993
 134.  63.        0.1455951482        0.3231301042
 134.  64.        0.1153640582       -0.4571824152
 134.  65.       -0.1666663115        0.4045647861
 134.  66.       -0.1029411490        0.0241789472
 134.  67.       -0.1745522773       -0.1841901863
 134.  68.        0.0274355017        0.4430648949
 134.  69.        0.3050167190       -0.0546492752
 134.  70.       -0.0031280504        0.2320465501
 134.  71.        0.4001324401        0.0383324021
 134.  72.       -0.2361415963       -0.6177781283
 134.  73.       -0.4725327928        0.3288754961
 134.  74.        0.1464791237        0.3908863935
 134.  75.       -0.0373172067       -0.2403659593
 134.  76.        0.0948232112        0.2318428758
 134.  77.       -0.3369957378        0.4513847508
 134.  78.       -0.1993650534       -0.4060684089
 134.  79.       -0.2170501434       -0.1639111216
 134.  80.        0.5774866441       -0.1915226706
 134.  81.        0.3388671434       -0.1783467803
 134.  82.        0.1008526353        0.1303058487
 134.  83.        0.4346931662       -0.4883453054
 134.  84.        0.2133761315       -0.3009459881
 134.  85.       -0.1027844909        1.0001566267
 134.  86.       -0.0358683061       -0.1559007795
 134.  87.       -0.6388353371       -0.2726835183
 134.  88.       -0.3133601556        0.3979340065
 134.  89.       -0.4512705426       -0.5152750152
 134.  90.       -0.4798006590       -0.1026927546
 134.  91.        0.5094668565        0.2671412433
 134.  92.       -0.1462660552       -0.4183780508
 134.  93.       -0.2481546084        0.2432110856
 134.  94.       -0.2073893849        0.0913202526
 134.  95.       -0.2901172792        0.2739016264
 134.  96.       -0.0391624515        0.4689420279
 134.  97.        0.4443235709        0.0684175004
 134.  98.       -0.5228069888        0.0025026694
 134.  99.       -0.2112231429        0.3570775983
 134. 100.       -0.1008779839        0.3203993947
 134. 101.       -0.6048544157       -0.1781007299
 134. 102.       -0.4772896242       -0.3296266766
 134. 103.        0.5619818616       -0.2539250588
 134. 104.       -0.2787008962       -0.0468432787
 134. 105.       -0.1321304424       -0.5485986257
 134. 106.        0.1694375592       -0.0881925367
 134. 107.       -0.1770599445        0.0612594756
 134. 108.       -0.1054115407        0.2641050977
 134. 109.       -0.0256655926        0.4503292286
 134. 110.       -0.5479037267        0.1067086965
 134. 111.        0.3053191350        0.1303785993
 134. 112.        0.1777132141        0.7713125203
 134. 113.       -0.4507817173       -0.3343145742
 134. 114.        0.0142073318       -0.1490719655
 134. 115.        0.0142709054       -0.0116994425
 134. 116.        0.1216145668       -0.6363051600
 134. 117.       -0.0985018334        0.1016154860
 134. 118.        0.0070383638       -0.0845758856
 134. 119.        0.2263267335       -0.2854783386
 134. 120.        0.2717204715        0.1087518627
 134. 121.       -0.4083339920        0.4312852775
 134. 122.        0.2178306023       -0.3967652881
 134. 123.        0.0569477117        0.4100346652
 134. 124.       -0.2487080914        0.9560686960
 134. 125.       -0.1336643726        0.4658707119
 134. 126.       -0.3139448664       -0.4277118926
 134. 127.       -0.5029201550        0.3739167748
 134. 128.        0.2139585474        0.5144349896
 134. 129.        0.2758154329       -0.2447343156
 134. 130.       -1.0708185028        0.1949710624
 134. 131.       -0.5546312590        0.3631524940
 134. 132.        0.2416904514        0.7280899394
 134. 133.       -0.3265678053        0.3409321067
 134. 134.        0.3597748857        0.1216468377
 135.   0.       -0.0258154081        0.0000000000
 135.   1.        0.2038397858       -0.2006983149
 135.   2.       -0.0841525709        0.2073719422
 135.   3.        0.2233142277       -0.0391493853
 135.   4.       -0.0689920669        0.1604113042
 135.   5.       -0.0735310672        0.3053159869
 135.   6.        0.0767636533        0.0465955603
 135.   7.       -0.1136732682        0.1151635787
 135.   8.       -0.0326905811       -0.3639818755
 135.   9.       -0.1239940261       -0.2369912178
 135.  10.        0.2325606372       -0.0458926315
 135.  11.        0.1641693095       -0.2034946102
 135.  12.        0.0546913409        0.1786262648
 135.  13.        0.3052355247        0.0615664357
 135.  14.       -0.3941505000       -0.2281680755
 135.  15.       -0.0336942693        0.5200479750
 135.  16.        0.0603751489       -0.2173277319
 135.  17.       -0.1168413328        0.0036643660
 135.  18.       -0.0024702785        0.1120864474
 135.  19.        0.1996663631       -0.1915720900
 135.  20.        0.1559680387        0.3542014872
 135.  21.        0.3931504701       -0.0673991432
 135.  22.       -0.4141084235        0.1622025188
 135.  23.       -0.0770200080        0.3974207860
 135.  24.       -0.1109988122       -0.4622429518
 135.  25.       -0.1772465750        0.1289823594
 135.  26.        0.1598878542       -0.0901210459
 135.  27.        0.4130850028       -0.6025938304
 135.  28.        0.0683762051        0.1991036917
 135.  29.        0.0268776263       -0.0947256394
 135.  30.        0.0417048732       -0.0074287581
 135.  31.       -0.0577299459        0.5334654175
 135.  32.       -0.3481514315       -0.1547910149
 135.  33.       -0.4454623002       -0.0814030642
 135.  34.       -0.1226715289        0.1582903906
 135.  35.       -0.0463471073       -0.2186001072
 135.  36.        0.2296790855        0.3566964149
 135.  37.        0.4242795552       -0.2849937587
 135.  38.       -0.0645025870       -0.0418376983
 135.  39.        0.1530484154        0.3900109920
 135.  40.        0.1451261260        0.0052187686
 135.  41.       -0.4739514335       -0.1185791705
 135.  42.        0.0273926483        0.1332674081
 135.  43.       -0.1766390455       -0.3074431280
 135.  44.       -0.1876812384        0.1736659163
 135.  45.        0.2474001038       -0.5249806689
 135.  46.       -0.1175437320        0.1101590952
 135.  47.       -0.1712282515        0.5620453000
 135.  48.        0.2103744261        0.0168343522
 135.  49.        0.3442579475       -0.1034003786
 135.  50.        0.0519490302        0.1715131622
 135.  51.       -0.0759613139       -0.2975709109
 135.  52.       -0.0058834702        0.3239963942
 135.  53.        0.2298867856        0.3177179221
 135.  54.        0.3723911752        0.1946791446
 135.  55.       -0.1760875076       -0.2403336367
 135.  56.        0.0489789000       -0.0718605911
 135.  57.        0.4510611553       -0.1639910470
 135.  58.       -0.5645325103        0.1112896259
 135.  59.        0.0692721128        0.0291995486
 135.  60.        0.0045585543        0.1432342308
 135.  61.       -0.1261965600       -0.4406037004
 135.  62.        0.0149130881        0.3224774047
 135.  63.       -0.1036007967        0.1271340795
 135.  64.       -0.3295055088        0.2795781863
 135.  65.        0.2926789494       -0.2871184172
 135.  66.       -0.0084507729       -0.2813285562
 135.  67.        0.1518935390        0.2949910448
 135.  68.        0.1150948390        0.3187754563
 135.  69.        0.0574840205       -0.2985706542
 135.  70.        0.1167864115        0.6199309119
 135.  71.       -0.4127489180       -0.1170715946
 135.  72.       -0.1736898374       -0.1160768528
 135.  73.        0.4238298901        0.3621193747
 135.  74.       -0.0275694771       -0.3457003530
 135.  75.       -0.2199427974        0.0008313443
 135.  76.        0.2386924848        0.0216296557
 135.  77.        0.2462458897       -0.1412233766
 135.  78.       -0.2119967610       -0.2405883677
 135.  79.        0.9365894625       -0.2825917722
 135.  80.        0.0968441065       -0.6217733797
 135.  81.        0.0417143006        0.2137951966
 135.  82.        0.6475896395        0.2583847921
 135.  83.       -0.5019244871       -0.1914171057
 135.  84.        0.3441834216        0.1187093409
 135.  85.        0.4150707772       -0.0127399832
 135.  86.       -0.6047598910        0.0456092293
 135.  87.        0.0675131324       -0.0215353595
 135.  88.        0.2750970454        0.4500907579
 135.  89.       -0.3621443687       -0.2984813966
 135.  90.        0.7522740149       -0.1031356651
 135.  91.        0.3013601879       -0.0741675806
 135.  92.       -0.1911383738        0.6533817632
 135.  93.       -0.4655647002        0.3614282079
 135.  94.       -0.1066275380        0.3034533747
 135.  95.       -0.6142962740        0.3729777307
 135.  96.       -0.0314060736        0.0098530242
 135.  97.       -0.4913189628        0.0253524652
 135.  98.       -0.7179807007        0.1228356648
 135.  99.       -0.1491764079       -0.4412430020
 135. 100.       -0.3338053193       -0.3807174025
 135. 101.        0.4030754089        0.3387692566
 135. 102.        0.5454149644       -0.4484093058
 135. 103.        0.1345305380        0.0493735870
 135. 104.        0.1991201714        0.3082687785
 135. 105.        0.4053670258        0.0024158130
 135. 106.       -0.2479166089       -0.0829290288
 135. 107.       -0.1307278607        0.0189408314
 135. 108.       -0.0584381507       -0.0951320149
 135. 109.       -0.1813633867       -0.3333536317
 135. 110.       -0.5327608607       -0.2935472657
 135. 111.        0.0650303918        0.0584657776
 135. 112.        0.3346073126        0.2653786424
 135. 113.       -0.4561042873       -0.1905491474
 135. 114.       -0.0978211814       -0.2989364612
 135. 115.        0.8917738263       -0.6625320022
 135. 116.       -0.2780678898        0.3765431169
 135. 117.       -0.0990379633        0.3817253193
 135. 118.        0.0546891733        0.1558635290
 135. 119.       -0.6399322346        0.1995236087
 135. 120.       -0.2414067489        0.2076337442
 135. 121.        0.2901727366       -0.3386204352
 135. 122.       -0.2872592569       -0.0413873129
 135. 123.       -0.2157044143        0.7430368404
 135. 124.        0.0806569898        0.1229671964
 135. 125.       -0.6996850656       -0.3639235102
 135. 126.       -0.2029301858        0.2176065282
 135. 127.        0.3973988469        0.0449378866
 135. 128.        0.1416773918       -0.2688316264
 135. 129.       -0.0487780545        0.2652794557
 135. 130.        0.3459770287        0.5565916917
 135. 131.        0.7047385982        0.1370268184
 135. 132.        0.5062438001       -0.6337003546
 135. 133.        0.3502821863       -0.1075509219
 135. 134.       -0.1203985110       -0.0655232502
 135. 135.       -0.3034573014       -0.1616409515
 136.   0.       -0.1116766363        0.0000000000
 136.   1.       -0.2670944920        0.0979537944
 136.   2.        0.0698596919        0.2213530938
 136.   3.       -0.3989295928        0.2444205392
 136.   4.       -0.1728123107       -0.0162663956
 136.   5.       -0.1527091407       -0.2152112742
 136.   6.       -0.1373226156       -0.2732888682
 136.   7.       -0.1311387534       -0.0341122357
 136.   8.        0.1568609982       -0.1416330116
 136.   9.        0.2276267213        0.2212061435
 136.  10.        0.1034021731       -0.0779177902
 136.  11.       -0.2325977548        0.0279848627
 136.  12.       -0.1202007658        0.4111046243
 136.  13.       -0.3397452712       -0.5985941249
 136.  14.       -0.0995707956        0.0443315348
 136.  15.        0.2493756980       -0.1690911436
 136.  16.       -0.2431357009       -0.4203807085
 136.  17.        0.0093119518        0.1515235391
 136.  18.        0.3548098528        0.0449196886
 136.  19.       -0.0413113392        0.1220702050
 136.  20.        0.3488214136        0.3509197742
 136.  21.       -0.5174804280       -0.1082476950
 136.  22.       -0.7290628515        0.0819006371
 136.  23.        0.1022195404       -0.2816643456
 136.  24.       -0.1454819784       -0.2657602763
 136.  25.        0.5032452559       -0.1849401013
 136.  26.        0.3274382278       -0.0311737854
 136.  27.       -0.1345035146        0.1247552369
 136.  28.        0.4464708029        0.2749545174
 136.  29.        0.1107009145        0.0613116706
 136.  30.       -0.3779775239       -0.0477417257
 136.  31.        0.1477650956       -0.1100728160
 136.  32.       -0.3056931583       -0.1627264427
 136.  33.        0.1150323716       -0.0213047474
 136.  34.       -0.0763152149       -0.6386464949
 136.  35.        0.0406555311        0.1831219955
 136.  36.        0.3005129921       -0.1098815336
 136.  37.       -0.2919666134        0.0460097199
 136.  38.       -0.1501210620       -0.0393766737
 136.  39.        0.0978893437        0.3381242441
 136.  40.       -0.4070216606        0.0621010499
 136.  41.        0.3028083912        0.2273307385
 136.  42.        0.1651790802       -0.2496165689
 136.  43.       -0.0640458482        0.0732850627
 136.  44.        0.1905077790        0.0391735287
 136.  45.       -0.0514061410       -0.1871243397
 136.  46.        0.2591653491        0.0625619209
 136.  47.        0.2158325770        0.0561708779
 136.  48.       -0.3634402745       -0.0859015935
 136.  49.       -0.2090942140        0.1438626412
 136.  50.        0.1270385093        0.0297222179
 136.  51.       -0.3569058135        0.0295408770
 136.  52.        0.1043126896       -0.0883157836
 136.  53.       -0.3700629299       -0.1229342176
 136.  54.       -0.2330599778        0.0074334328
 136.  55.        0.0443332308        0.2069695001
 136.  56.        0.2089948756       -0.1417581540
 136.  57.       -0.3317465003        0.4816772594
 136.  58.        0.1665530870       -0.0701583584
 136.  59.       -0.0497428261       -0.2785076310
 136.  60.        0.1810612046       -0.0828474083
 136.  61.       -0.2296931241       -0.0020608159
 136.  62.        0.4138133088       -0.4002402638
 136.  63.       -0.1910015614       -0.1371151753
 136.  64.       -0.1253329365       -0.0248586206
 136.  65.        0.1920582705       -0.3735633844
 136.  66.        0.2472400233       -0.2163296483
 136.  67.        0.3088841306        0.1580419153
 136.  68.        0.2405136025       -0.1737135471
 136.  69.       -0.1796600781        0.2445138025
 136.  70.        0.4560331612       -0.1442216427
 136.  71.       -0.2876215810       -0.2625788392
 136.  72.        0.0657920103       -0.0213021240
 136.  73.        0.2259085439        0.0348050644
 136.  74.       -0.3514064600        0.1775020678
 136.  75.        0.2414062809       -0.1055640565
 136.  76.        0.0120674588       -0.2642195727
 136.  77.       -0.0446211064        0.0440403196
 136.  78.       -0.0621506529        0.2197033269
 136.  79.       -0.0034487676       -0.6444375748
 136.  80.       -0.2796950276        0.1969852049
 136.  81.        0.3788332184        0.1089905777
 136.  82.       -0.1623669580       -0.4672348057
 136.  83.       -0.5852037376        0.6209904245
 136.  84.        0.0360230004       -0.6077666748
 136.  85.        0.0622549336       -0.6464074955
 136.  86.        0.0721803946        0.6616269876
 136.  87.        0.6791679569       -0.4073825118
 136.  88.       -0.1069244613       -0.1447251524
 136.  89.        0.6838609743        0.6081005082
 136.  90.       -0.1105846884       -0.0859994499
 136.  91.       -0.1430577594       -0.1458320180
 136.  92.       -0.1039147439        0.3783645318
 136.  93.       -0.3558889301       -0.5566384545
 136.  94.       -0.3551042476        0.1244688882
 136.  95.       -0.2773512878       -0.0826408199
 136.  96.       -0.1515131385        0.1525779123
 136.  97.        0.1425264023        0.6301311291
 136.  98.        0.2594000589       -0.0048105890
 136.  99.        0.3563087393       -0.5901262166
 136. 100.        0.1406186566        0.3109681883
 136. 101.        0.2858541015        0.3348626559
 136. 102.       -0.2202096978       -0.3531737413
 136. 103.        0.0830150612        0.2334762235
 136. 104.        0.3245833259        0.4036037503
 136. 105.        0.3507671516        0.1306961445
 136. 106.       -0.2485152305       -0.3968195725
 136. 107.       -0.0963921887       -0.0896171674
 136. 108.        0.2473688312       -0.3701616732
 136. 109.       -0.1081113709       -0.5180804878
 136. 110.       -0.0360707653       -0.4939273628
 136. 111.        0.3270077584       -0.0143894813
 136. 112.        0.0568228209        0.6037653199
 136. 113.       -0.0165270314        0.1008719878
 136. 114.       -0.3823859558       -0.2112402167
 136. 115.       -0.0813890017        0.3287122617
 136. 116.        0.1356633923       -0.1446516700
 136. 117.       -0.4589636533       -0.2462732884
 136. 118.       -0.2917749845       -0.2697574076
 136. 119.       -0.1403309385        0.1920646194
 136. 120.        0.1437503244       -0.5907194087
 136. 121.       -0.1202915078        0.1195703862
 136. 122.        0.0759840225        0.1616481155
 136. 123.        0.1598814768       -0.3264362417
 136. 124.        0.0909998935       -0.0561005443
 136. 125.        0.0147938411        0.3118413308
 136. 126.        0.0827991839        0.1380881289
 136. 127.        0.1844677752       -0.3769170475
 136. 128.       -0.2641881359        0.1198302478
 136. 129.        0.3859601677        0.2991028655
 136. 130.        0.2496731279       -0.0072619450
 136. 131.       -0.8919912836        0.4322965817
 136. 132.       -0.5253079189        1.3014780348
 136. 133.        0.0228637050        0.8024932696
 136. 134.        0.2917503761        0.2627181017
 136. 135.        0.3056635502       -0.4870283811
 136. 136.        0.1488613019        0.0688629601
 137.   0.       -0.1091569761        0.0000000000
 137.   1.       -0.4975268595        0.2099575092
 137.   2.       -0.0259476255       -0.3501031436
 137.   3.       -0.2803174221       -0.1343467465
 137.   4.        0.3356480511       -0.2403851578
 137.   5.       -0.0592360114       -0.1206417009
 137.   6.       -0.1748563212       -0.0445726872
 137.   7.        0.2057086529       -0.1051119427
 137.   8.       -0.1147949926        0.2106406040
 137.   9.        0.1143195096        0.3894951423
 137.  10.       -0.1701629824        0.2207070077
 137.  11.       -0.0550238998        0.1692871203
 137.  12.       -0.1354323636       -0.3492580820
 137.  13.       -0.1873064821       -0.3153868366
 137.  14.        0.4327657158       -0.0138898093
 137.  15.        0.1394643430       -0.4051590198
 137.  16.        0.1731196916        0.5252029664
 137.  17.        0.2466961635        0.2522672678
 137.  18.       -0.0859783931        0.0104860080
 137.  19.       -0.0608644320        0.1517338498
 137.  20.       -0.2595010821       -0.6137018837
 137.  21.       -0.4483392388       -0.0901556947
 137.  22.        0.3604167863       -0.1189144736
 137.  23.        0.0693968035       -0.2435443205
 137.  24.        0.1478470825        0.3307416406
 137.  25.        0.2468986669        0.1777541619
 137.  26.       -0.3114446623        0.3464513250
 137.  27.       -0.2651906287        0.5348834593
 137.  28.       -0.0956196825       -0.0101782775
 137.  29.        0.0690903790        0.4516870811
 137.  30.        0.1371473465       -0.2388471077
 137.  31.        0.1299744760       -0.4215665836
 137.  32.        0.0517436395        0.0584545246
 137.  33.        0.3931988925        0.0359289079
 137.  34.        0.1713158597        0.1681986506
 137.  35.        0.0826790090       -0.2119570602
 137.  36.       -0.4962797379       -0.1321563360
 137.  37.       -0.3688121881        0.3093932684
 137.  38.        0.0746484945       -0.2112025364
 137.  39.       -0.3001394427       -0.1548003766
 137.  40.       -0.1706191520        0.0978393891
 137.  41.        0.4553438165        0.1760512377
 137.  42.        0.1546036131       -0.0424181544
 137.  43.        0.6244981046        0.0802817505
 137.  44.        0.2922517743       -0.2883686474
 137.  45.       -0.4548775441        0.3277431562
 137.  46.        0.1822253843       -0.2216397236
 137.  47.        0.2334701597       -0.2228742417
 137.  48.       -0.3934642001        0.2051746888
 137.  49.        0.1711092156       -0.4635833129
 137.  50.       -0.1829573592       -0.1814723033
 137.  51.       -0.3306521489        0.1354402576
 137.  52.        0.1343771940       -0.1651481019
 137.  53.       -0.3402370999        0.3114989654
 137.  54.        0.0046719481       -0.0326427431
 137.  55.        0.0252958624       -0.0607095535
 137.  56.       -0.3784613208       -0.0660624423
 137.  57.       -0.2144516499       -0.0262837468
 137.  58.        0.0505580681       -0.0282992693
 137.  59.       -0.1369443575        0.0502560915
 137.  60.        0.3132643249        0.1391405566
 137.  61.        0.0065715703        0.3978287637
 137.  62.       -0.0525703759       -0.3891059021
 137.  63.        0.5418956745        0.1652282073
 137.  64.        0.0511520153       -0.1480909161
 137.  65.        0.0706262918       -0.0681443072
 137.  66.        0.0454570437        0.2432711114
 137.  67.       -0.0682212332       -0.2760335353
 137.  68.        0.1236166853        0.2380477418
 137.  69.       -0.1406446072        0.4073819305
 137.  70.       -0.2532237369       -0.4477573822
 137.  71.        0.2033983965        0.4342422697
 137.  72.       -0.1403743607       -0.1128054011
 137.  73.       -0.0682915016       -0.3792711720
 137.  74.        0.0253087670        0.2151616333
 137.  75.        0.3186358391       -0.0288242282
 137.  76.        0.0290325457       -0.1494025623
 137.  77.        0.2028799128        0.5797343792
 137.  78.        0.0016224597        0.1817547790
 137.  79.       -0.7632452860       -0.3475264642
 137.  80.       -0.2179395542       -0.0894193401
 137.  81.        0.0552664728       -0.6704664648
 137.  82.       -0.1253927003       -0.1673831916
 137.  83.        0.3603823361        0.1635661886
 137.  84.        0.0249718707       -0.2259497764
 137.  85.        0.2944658307        0.1914074122
 137.  86.        0.5933446058        0.1806532705
 137.  87.       -0.3347567354        0.0142529630
 137.  88.       -0.0351653895        0.2076307288
 137.  89.        0.3791386503        0.2626860187
 137.  90.       -0.7853884293       -0.4813115692
 137.  91.       -0.0539905814        0.3067006555
 137.  92.        0.1082914084       -0.2409149358
 137.  93.       -0.0301907030       -0.0055997633
 137.  94.        0.6425580106       -0.0518527436
 137.  95.        0.5199736235       -0.6437661968
 137.  96.        0.0099668490       -0.1791289864
 137.  97.        0.4127397776        0.4524516160
 137.  98.        0.3321256190        0.3287349980
 137.  99.        0.0383853366        0.3570001252
 137. 100.       -0.2915441917        0.1968923438
 137. 101.        0.1367070436       -0.2356004087
 137. 102.       -0.5230577235        0.3209881313
 137. 103.       -0.2073813195       -0.1997491833
 137. 104.        0.3991626937       -0.4516961147
 137. 105.       -0.2436118172       -0.0191198037
 137. 106.        0.4957389652       -0.2240228896
 137. 107.        0.1797303260       -0.1272054059
 137. 108.        0.3322387001        0.2975293541
 137. 109.        0.1464083684        0.4275987950
 137. 110.        0.0758837612       -0.0971301943
 137. 111.       -0.1983523741        0.3527020008
 137. 112.        0.1908198576        0.1330468404
 137. 113.       -0.0766359717       -0.5831365363
 137. 114.       -0.4662944698        0.1695797759
 137. 115.       -0.3534367279        0.0680350880
 137. 116.        0.2324007849       -0.2945949449
 137. 117.       -0.2031716887       -0.1369571788
 137. 118.        0.0566030846       -0.1224652973
 137. 119.        0.3341730889       -0.1569499999
 137. 120.        0.2001679921       -0.3150026306
 137. 121.        0.0338447683       -0.2427468308
 137. 122.        0.2358402197        0.1860778072
 137. 123.       -0.2001721701       -0.0879836018
 137. 124.        0.1164738211        0.3012812973
 137. 125.        0.2655160844       -0.5168417152
 137. 126.        0.3666840077       -0.5349138539
 137. 127.       -0.4217189112        0.0009654426
 137. 128.       -0.0810750148        0.2952368978
 137. 129.        0.2343897403       -0.3699955586
 137. 130.       -0.5482994471       -0.3182359934
 137. 131.        0.0973216890        0.3088505752
 137. 132.       -0.0992586114       -0.8820425441
 137. 133.       -0.0462239664       -0.9947867718
 137. 134.       -0.9785289045       -0.1364044647
 137. 135.       -0.3818036586        0.3398440003
 137. 136.       -0.1011248776        0.0079223753
 137. 137.       -0.4738194771        0.4540760575
 138.   0.       -0.0530635089        0.0000000000
 138.   1.        0.2194261154       -0.1636865198
 138.   2.       -0.2732156123       -0.1129941897
 138.   3.        0.0701704385       -0.1051361232
 138.   4.        0.1433709252       -0.3101911904
 138.   5.        0.3125483747        0.2553731637
 138.   6.        0.1145462801        0.2902325415
 138.   7.        0.0565743181        0.1089243511
 138.   8.       -0.0247843491        0.0270134185
 138.   9.       -0.0976275838       -0.2385691031
 138.  10.        0.0393513502       -0.2437138873
 138.  11.        0.3315035952        0.2629207156
 138.  12.       -0.1844850800       -0.0292702191
 138.  13.       -0.0360489095        0.5585377485
 138.  14.        0.2156241963       -0.2451771294
 138.  15.       -0.1111884127       -0.1633937956
 138.  16.        0.0364895571        0.1784399763
 138.  17.       -0.3300662738        0.0839026238
 138.  18.       -0.2282390886       -0.0745909489
 138.  19.        0.0017287317       -0.3441128261
 138.  20.        0.0853679876        0.0328995798
 138.  21.        0.5511866062       -0.1954604074
 138.  22.        0.3751691034       -0.1699283679
 138.  23.       -0.0966767111        0.1713576871
 138.  24.       -0.0788443517        0.3124928813
 138.  25.       -0.5878252053        0.1386948097
 138.  26.       -0.1516479804       -0.2826304255
 138.  27.        0.0415017183       -0.3159132800
 138.  28.       -0.1519766879       -0.2045572084
 138.  29.        0.2597256847       -0.0546888796
 138.  30.        0.1190618982       -0.1736527101
 138.  31.       -0.1197577683        0.3172860623
 138.  32.        0.1238917665        0.4302986368
 138.  33.       -0.4506769538        0.2229202867
 138.  34.        0.1133290632        0.5660992379
 138.  35.       -0.0823329450       -0.2577798811
 138.  36.       -0.3551973910        0.0137006635
 138.  37.        0.4487785637        0.0098805862
 138.  38.        0.0512012794        0.1578206787
 138.  39.        0.1419485604       -0.2067414342
 138.  40.        0.1392573427        0.3864515145
 138.  41.        0.0206930111        0.0938618611
 138.  42.       -0.3526836076        0.1551230756
 138.  43.       -0.0163865679       -0.0675857548
 138.  44.       -0.1808773890        0.1469916400
 138.  45.       -0.0865972443        0.2327127220
 138.  46.       -0.0139240100       -0.0301280186
 138.  47.        0.3693399628        0.1785921691
 138.  48.        0.2545795464        0.1578879995
 138.  49.       -0.1692170321       -0.3834341794
 138.  50.        0.1975438531       -0.1226052340
 138.  51.        0.1366865927       -0.0511515342
 138.  52.       -0.2667647288       -0.5515252518
 138.  53.       -0.1113115445        0.0974201877
 138.  54.       -0.2097185771        0.0321464952
 138.  55.        0.2606760155       -0.3724948461
 138.  56.       -0.2572431307        0.0799082901
 138.  57.        0.2503661171       -0.4091900095
 138.  58.       -0.6103800519        0.3393083654
 138.  59.       -0.2400729882       -0.0724011626
 138.  60.        0.3130854109       -0.0055659721
 138.  61.       -0.0526362241        0.2870595656
 138.  62.        0.0318951626        0.3344381412
 138.  63.        0.2094669855       -0.3793261175
 138.  64.       -0.1442026898        0.2691777656
 138.  65.        0.1824642439        0.3780279126
 138.  66.       -0.0508895624       -0.2279677990
 138.  67.       -0.3455784586       -0.5197936122
 138.  68.       -0.0413672882        0.1145890119
 138.  69.        0.0805228455        0.0230177643
 138.  70.       -0.2679630372       -0.1532129918
 138.  71.        0.4828556156        0.4167420637
 138.  72.       -0.2045819508       -0.1918425294
 138.  73.       -0.2245122718        0.2360324914
 138.  74.        0.4624911969       -0.0796957461
 138.  75.       -0.1423366545       -0.0930802988
 138.  76.       -0.3207870755        0.4757952625
 138.  77.        0.1199228375       -0.1961020513
 138.  78.        0.0442744529       -0.0233349423
 138.  79.        0.1182116575        0.2194533649
 138.  80.        0.4002536245       -0.6802995953
 138.  81.       -0.0535849867       -0.2463984301
 138.  82.        0.4961243362        0.3649304686
 138.  83.        0.4483434866       -0.1519061254
 138.  84.       -0.3825684968        0.6891246064
 138.  85.        0.2574330563       -0.0325879864
 138.  86.        0.0853534658       -0.3188818251
 138.  87.       -0.2837042167        0.2316106155
 138.  88.       -0.0083820071       -0.2814721962
 138.  89.       -0.4330415094       -0.2300469422
 138.  90.        0.1189588805        0.3230555717
 138.  91.        0.1972336975       -0.3925064577
 138.  92.       -0.0180682404       -0.3062906532
 138.  93.        0.0727694056        0.8009968879
 138.  94.        0.2672536709       -0.0397046531
 138.  95.       -0.2925486148        0.3515715519
 138.  96.       -0.5420547776        0.2665661097
 138.  97.        0.0787452655       -0.9470749760
 138.  98.        0.0224138536       -0.1822101611
 138.  99.       -0.0232354441        0.1235969762
 138. 100.       -0.0499809165       -0.4984350386
 138. 101.        0.1770856421       -0.1766301477
 138. 102.        0.1492923178       -0.1291542585
 138. 103.       -0.2380034551       -0.3189348657
 138. 104.       -0.3966754711        0.1206654660
 138. 105.        0.6756520894        0.3576750462
 138. 106.       -0.1658021787        0.2430370274
 138. 107.       -0.1125997247        0.1735463021
 138. 108.        0.1624035042       -0.0016866579
 138. 109.       -0.0479142882        0.5741441284
 138. 110.       -0.1229210500       -0.5004220233
 138. 111.       -0.4301254681        0.0443070551
 138. 112.       -0.1633464696       -0.0167504290
 138. 113.       -0.2455896459       -0.0162914610
 138. 114.       -0.0426360337       -0.3419795424
 138. 115.        0.5898381424       -0.2541380233
 138. 116.        0.2647779293       -0.1910714634
 138. 117.       -0.0039783657        0.3532465006
 138. 118.       -0.2649337057       -0.2284313704
 138. 119.       -0.4619444579       -0.1229807581
 138. 120.        0.2903737315        0.4567261568
 138. 121.       -0.4487312912        0.3045788636
 138. 122.       -0.1141720624        0.0942866733
 138. 123.       -0.4148044762       -0.2127084636
 138. 124.        0.2377404386        0.1627848626
 138. 125.       -0.6292469308       -0.4777183036
 138. 126.       -0.6149877634       -0.1091442850
 138. 127.       -0.0002370808        0.2446458897
 138. 128.       -0.3841483080       -0.0552550788
 138. 129.       -0.1323006776       -0.6008895892
 138. 130.        0.2288393495        0.2266855662
 138. 131.        0.6817534937       -0.4458735363
 138. 132.       -0.2037271009       -0.4330510800
 138. 133.        0.0916817322        0.3265322166
 138. 134.        0.8070307295       -0.0798774852
 138. 135.        0.6357534558       -0.2938982588
 138. 136.        0.2115630909       -0.0315353326
 138. 137.        0.7589233097       -0.2723174638
 138. 138.        0.0868099412        0.1732030513
 139.   0.        0.2244733955        0.0000000000
 139.   1.        0.2624495183       -0.1073103784
 139.   2.        0.0632071654        0.0463144228
 139.   3.       -0.0129042450        0.2522162843
 139.   4.       -0.3305814244       -0.0103778332
 139.   5.        0.0560791112        0.0281632702
 139.   6.       -0.1670506499       -0.1349448312
 139.   7.       -0.1591400606       -0.0438399096
 139.   8.        0.2198190221       -0.1606652929
 139.   9.        0.1697915238       -0.3080463505
 139.  10.        0.1748084040        0.0453118636
 139.  11.        0.3164350406       -0.0745326776
 139.  12.       -0.2115195154        0.4456295012
 139.  13.       -0.3544697003        0.1700475973
 139.  14.       -0.2245704965        0.1140159631
 139.  15.       -0.1492152127        0.0323699647
 139.  16.       -0.2710647913       -0.5682004247
 139.  17.       -0.3930502110       -0.2526087992
 139.  18.        0.0903113565       -0.2147707603
 139.  19.        0.0713023666       -0.1201736250
 139.  20.        0.4330787115        0.7037439366
 139.  21.        0.0762460376        0.1557730538
 139.  22.       -0.2518563868       -0.0516245588
 139.  23.        0.0561745702        0.0770018770
 139.  24.       -0.1744245043       -0.1135648159
 139.  25.       -0.1698547931       -0.2126488406
 139.  26.        0.3312569687       -0.2534102164
 139.  27.        0.2431021117       -0.3135739402
 139.  28.       -0.1233829553        0.0365648215
 139.  29.       -0.0834419163       -0.4060596719
 139.  30.       -0.1464788348        0.3779328558
 139.  31.       -0.2950055035        0.2780647544
 139.  32.       -0.0962708148        0.0542924833
 139.  33.       -0.4311813816       -0.0331970984
 139.  34.        0.0387478565       -0.2572381377
 139.  35.       -0.1271001386        0.0239042097
 139.  36.        0.2267811362        0.2700850980
 139.  37.        0.2678267770       -0.1222507411
 139.  38.        0.0618166366       -0.0271309361
 139.  39.        0.1536037664        0.0734525279
 139.  40.       -0.1745980364       -0.3715550841
 139.  41.       -0.2799079554       -0.2579796396
 139.  42.       -0.0760456071       -0.2297941141
 139.  43.       -0.0900727891       -0.1295766289
 139.  44.       -0.2167049929        0.0897065079
 139.  45.        0.3443488971       -0.0724604855
 139.  46.       -0.0697748551        0.0415609850
 139.  47.       -0.1173845542       -0.1120922545
 139.  48.        0.3846311780        0.0981258887
 139.  49.       -0.2195145560        0.2226018328
 139.  50.       -0.1413535312        0.0062220642
 139.  51.        0.1314390308       -0.0150161004
 139.  52.        0.0754605118        0.1868566021
 139.  53.        0.0310015761       -0.2051909821
 139.  54.        0.0661111772       -0.0725348266
 139.  55.       -0.0779849367       -0.1583641013
 139.  56.        0.2130765470        0.5338825355
 139.  57.       -0.0082037644        0.0783776532
 139.  58.        0.0378142883       -0.1422302617
 139.  59.        0.0995191894       -0.2331413979
 139.  60.       -0.1443430906        0.1623162100
 139.  61.        0.0851351020       -0.2276219357
 139.  62.       -0.2335934696        0.1011714035
 139.  63.        0.2719579984        0.2259405809
 139.  64.        0.3661563295       -0.0272992117
 139.  65.       -0.0269894583        0.0010146882
 139.  66.       -0.0428883600        0.1207819093
 139.  67.        0.0706643579        0.4947358698
 139.  68.       -0.3303107978       -0.3523313557
 139.  69.       -0.1712594869       -0.4548060698
 139.  70.        0.2466976160        0.1450955262
 139.  71.       -0.2338122093       -0.5786701627
 139.  72.        0.1225773954        0.1177272835
 139.  73.       -0.4287134238       -0.0132315059
 139.  74.       -0.3977669455       -0.0726881551
 139.  75.       -0.4014227535        0.1211155366
 139.  76.        0.0001886583       -0.1507531997
 139.  77.       -0.0247851910       -0.0292291358
 139.  78.        0.3782289556        0.1978596180
 139.  79.        0.1025143566        0.2042704920
 139.  80.       -0.0140935563       -0.1130308638
 139.  81.        0.1507152764        0.3901875649
 139.  82.        0.0891997205       -0.0585426944
 139.  83.       -0.1931411399       -0.1251470125
 139.  84.       -0.0575912429        0.0682311369
 139.  85.       -0.6017444523       -0.7423013861
 139.  86.       -0.2088167370       -0.0416746827
 139.  87.        0.4283558801        0.5257922953
 139.  88.       -0.1659637506       -0.3054325383
 139.  89.        0.1801341737       -0.1622996896
 139.  90.        0.7100867403        0.9431994409
 139.  91.       -0.1601812367       -0.0858683150
 139.  92.       -0.4490468559        0.3565002756
 139.  93.        0.2872283896        0.3291125611
 139.  94.       -0.3800036853       -0.0028133726
 139.  95.        0.2403241035        0.1248333511
 139.  96.       -0.1929332081       -0.4181951511
 139.  97.       -0.4961106698       -0.6679223175
 139.  98.       -0.0936772297       -0.1304304321
 139.  99.        0.2326909125        0.0291007458
 139. 100.        0.4039698876        0.0511962128
 139. 101.        0.1057032602       -0.2130431278
 139. 102.        0.3657752501       -0.2146328615
 139. 103.       -0.1565976778        0.1576249063
 139. 104.        0.4251901463       -0.0686807839
 139. 105.       -0.3028443356        0.1457833253
 139. 106.       -0.3018434607        0.1043155401
 139. 107.        0.0333734487       -0.4708797361
 139. 108.       -0.0268266968        0.5083224000
 139. 109.       -0.0659707080       -0.0040482221
 139. 110.       -0.1518201196        0.2384937784
 139. 111.        0.0734575470       -0.4738035642
 139. 112.       -0.0623506844       -0.0717070386
 139. 113.        0.0696005903        0.4132057356
 139. 114.       -0.1296146187        0.1345164854
 139. 115.        0.4246143953       -0.0190143204
 139. 116.        0.2445734966        0.2380405225
 139. 117.       -0.2206362657        0.6386841383
 139. 118.       -0.2732137728        0.4238684530
 139. 119.       -0.0834769034        0.0473492789
 139. 120.       -0.2453701737       -0.0563983200
 139. 121.        0.3471419684        0.2138131378
 139. 122.       -0.3138094379       -0.2361625091
 139. 123.       -0.1050303360       -0.3127576650
 139. 124.       -0.0358855159       -0.5269818657
 139. 125.        0.1591750030       -0.2839086371
 139. 126.        0.1264156207        0.1556278065
 139. 127.       -0.0939732135       -0.4554430076
 139. 128.        0.0651435251       -0.2802754444
 139. 129.        0.2135422985        0.2658152628
 139. 130.        0.2131522208       -0.2335101425
 139. 131.       -0.3834620044        0.1199145748
 139. 132.       -0.2591043633        0.5562616067
 139. 133.        0.0651669322       -0.0735410407
 139. 134.       -0.6079108886        0.0767812144
 139. 135.       -0.7245841692        0.3795254539
 139. 136.        0.2713137090        0.9388994948
 139. 137.        0.1001811406        0.9059970013
 139. 138.        0.2300527792        0.1076300211
 139. 139.       -0.0968053031        0.4582079347
 140.   0.       -0.0111263365        0.0000000000
 140.   1.       -0.3489863932        0.2096675708
 140.   2.        0.1841336943        0.1342820750
 140.   3.        0.0594704672       -0.0665998002
 140.   4.       -0.1203211927        0.1889813422
 140.   5.       -0.0771072993       -0.3225226015
 140.   6.        0.0345909788       -0.1034745130
 140.   7.       -0.0195631390       -0.1286656404
 140.   8.       -0.0215729749        0.0244457246
 140.   9.       -0.2930476862        0.3421763952
 140.  10.       -0.1950568892        0.4510712137
 140.  11.       -0.3689939444       -0.2389946264
 140.  12.        0.0918594554        0.1972032486
 140.  13.        0.0429424477       -0.1260178060
 140.  14.       -0.0884240553       -0.0735459245
 140.  15.        0.2495772153        0.1604192546
 140.  16.        0.3792592556        0.2884594841
 140.  17.        0.1959607979       -0.1126853918
 140.  18.        0.3156061245        0.0106553033
 140.  19.       -0.1157661450        0.6643268286
 140.  20.       -0.3014169374       -0.1291430505
 140.  21.       -0.1828043664        0.0206050911
 140.  22.       -0.1454732105        0.0795770959
 140.  23.        0.0684253998       -0.5983097064
 140.  24.        0.1425402477       -0.2684338395
 140.  25.        0.3895802208        0.1671376930
 140.  26.        0.0980268444        0.0887622041
 140.  27.       -0.0764808224        0.2957090016
 140.  28.        0.1507540091        0.3252882716
 140.  29.       -0.3785234577       -0.1625068849
 140.  30.        0.1461631730        0.0712237775
 140.  31.       -0.0761861416       -0.4665362744
 140.  32.        0.1184618173       -0.4613109656
 140.  33.        0.4192013607       -0.3364448736
 140.  34.        0.0320835472       -0.2462490291
 140.  35.        0.0869862304        0.4176008411
 140.  36.        0.2342542018        0.1632142132
 140.  37.       -0.1338134021        0.1731734114
 140.  38.       -0.1288165149        0.1851501870
 140.  39.        0.0141348399       -0.1611862721
 140.  40.       -0.0673189553       -0.3243898233
 140.  41.       -0.0508377060       -0.2573237479
 140.  42.       -0.1060758071       -0.2884129649
 140.  43.        0.0307099542        0.1881728158
 140.  44.        0.3695292600        0.1493436006
 140.  45.       -0.0590031728        0.0298181544
 140.  46.        0.0538291810        0.0241531151
 140.  47.       -0.4246760005       -0.2545429279
 140.  48.       -0.3815374527       -0.1230976868
 140.  49.        0.3557020778        0.3643678019
 140.  50.       -0.2358444976        0.1577923728
 140.  51.        0.2795115752       -0.0683867136
 140.  52.        0.3423475391        0.2120604246
 140.  53.        0.1873229202       -0.2000036437
 140.  54.        0.1308622732        0.3187399240
 140.  55.        0.0338610198        0.1007024218
 140.  56.        0.2495374442       -0.2417621737
 140.  57.       -0.0723743560       -0.0561815448
 140.  58.        0.3527587928        0.0411890585
 140.  59.        0.3180888158       -0.0935953161
 140.  60.       -0.3479185545       -0.2322278441
 140.  61.        0.2040030010       -0.1351559153
 140.  62.        0.0640544577       -0.0409988588
 140.  63.       -0.5180036481        0.2124954083
 140.  64.        0.4085037370       -0.1295773990
 140.  65.       -0.0791710339        0.3169261252
 140.  66.       -0.0956143429        0.1464214529
 140.  67.        0.0550833109        0.0183756098
 140.  68.        0.0463280032        0.0961822516
 140.  69.        0.0649116916        0.1397090996
 140.  70.       -0.0366116443        0.0334681841
 140.  71.       -0.3250701025       -0.1457107552
 140.  72.        0.1914382456       -0.0694640230
 140.  73.        0.0068427007       -0.3786755865
 140.  74.       -0.0467300594       -0.1022843736
 140.  75.        0.4489022990       -0.0954578906
 140.  76.       -0.0168994651        0.0397782863
 140.  77.       -0.0612956849        0.3278067859
 140.  78.        0.0859651708        0.2355670715
 140.  79.        0.0715667976        0.1861058154
 140.  80.       -0.0347128705        0.4660217123
 140.  81.        0.2591134163       -0.0082563511
 140.  82.       -0.1546170338       -0.3180962879
 140.  83.       -0.0785917068       -0.0447018096
 140.  84.        0.3275652179       -0.4397661140
 140.  85.       -0.0869467170        0.0659213686
 140.  86.        0.1467341285       -0.0188287695
 140.  87.        0.4789891590        0.0377379026
 140.  88.       -0.2262786352        0.8151226917
 140.  89.        0.2004837193       -0.0347318073
 140.  90.        0.1409461597        0.0171015114
 140.  91.       -0.3434107078        0.1765676684
 140.  92.       -0.0454347004        0.2553228804
 140.  93.       -0.0524801034       -0.0094582161
 140.  94.       -0.4043143184       -0.0799048073
 140.  95.        0.0896627342       -0.2700282516
 140.  96.       -0.0457764484        0.0140926905
 140.  97.       -0.0662731923        0.3354278748
 140.  98.        0.0655604224       -0.1586651986
 140.  99.       -0.1092787102        0.0301075234
 140. 100.        0.1904319350        0.5160862973
 140. 101.       -0.2045264614       -0.2288912453
 140. 102.       -0.0371249505        0.3352455424
 140. 103.       -0.1204953501        0.1040087012
 140. 104.       -0.0872695436       -0.0936273741
 140. 105.       -0.6582772003       -0.3360299839
 140. 106.       -0.2635542058       -0.2857182010
 140. 107.       -0.2772102892       -0.0502494491
 140. 108.       -0.2732816247        0.0329815094
 140. 109.        0.4089362637       -0.1622065295
 140. 110.        0.1226244268       -0.0267554415
 140. 111.       -0.4810952516       -0.0053258807
 140. 112.        0.2653090902       -0.0414134572
 140. 113.       -0.1828214062       -0.1499644175
 140. 114.       -0.2790121901       -0.0375468918
 140. 115.       -0.2539119895       -0.4814558952
 140. 116.        0.0695031229        0.3596830691
 140. 117.       -0.1280346977       -0.1978670228
 140. 118.       -0.1955749325        0.3981105483
 140. 119.       -0.6260792332       -0.3782916101
 140. 120.        0.5068790062       -0.6820018583
 140. 121.        0.1807673723        0.0996138773
 140. 122.        0.2348753999        0.3589133970
 140. 123.        0.1127633040       -0.4603569520
 140. 124.        0.1252790061        0.4471738301
 140. 125.        0.2938819061       -0.1192275745
 140. 126.        0.1057736943       -0.2911792104
 140. 127.       -0.1151916374        0.4973275647
 140. 128.        0.0213812248        0.0285385620
 140. 129.        0.1285113363       -0.7402425651
 140. 130.       -0.8534093360       -0.3547664108
 140. 131.       -0.2707642395        0.6001593424
 140. 132.        0.6479038902        0.0089518116
 140. 133.       -0.3902757223       -0.4596524182
 140. 134.       -0.1833435805        0.1185885092
 140. 135.        0.3924815528        0.1699946936
 140. 136.       -0.0669661590       -0.8121976234
 140. 137.       -0.2548326210       -0.0528263865
 140. 138.       -0.3710531422        0.1914558448
 140. 139.       -0.3572212938        0.1999220368
 140. 140.        0.3399306324       -0.0634839640
 141.   0.       -0.1444941484        0.0000000000
 141.   1.        0.2066231431        0.2503419954
 141.   2.       -0.0655760956       -0.0135982751
 141.   3.        0.1311592548       -0.2420017367
 141.   4.        0.3372544368        0.1401126515
 141.   5.       -0.1390114885        0.1447542523
 141.   6.        0.5469205621        0.1778795680
 141.   7.        0.0027531154        0.2163970478
 141.   8.       -0.3660263143       -0.0163390006
 141.   9.       -0.3238570347       -0.1837127205
 141.  10.       -0.1334568986       -0.1064770905
 141.  11.       -0.4141199682        0.0018337303
 141.  12.        0.2757407731       -0.2759488885
 141.  13.        0.4282801713        0.1051362386
 141.  14.        0.1824180445        0.0258037260
 141.  15.        0.0077345788        0.0012335866
 141.  16.        0.1690558163        0.4255539067
 141.  17.        0.0093488737        0.2643299767
 141.  18.        0.0094170275       -0.1124767377
 141.  19.       -0.1954954215       -0.2873227341
 141.  20.       -0.2929798152       -0.3684731776
 141.  21.        0.1103671031       -0.1372360028
 141.  22.        0.4553561117        0.0265021633
 141.  23.       -0.0574540207       -0.1507589605
 141.  24.        0.1177357004        0.2185782586
 141.  25.        0.1419631822        0.2735993996
 141.  26.       -0.3928423839        0.2968055902
 141.  27.        0.0444164537        0.3111386764
 141.  28.       -0.1111135151       -0.0841152003
 141.  29.        0.0562868312       -0.0874692299
 141.  30.        0.1303440531       -0.3742880313
 141.  31.        0.2482231446       -0.1621834116
 141.  32.        0.2567583474        0.0205607087
 141.  33.        0.2063304794       -0.2144308999
 141.  34.       -0.3199100483        0.2176949338
 141.  35.        0.0867946504        0.2139472948
 141.  36.       -0.2999112068       -0.2419405855
 141.  37.       -0.1370863360       -0.1306688490
 141.  38.       -0.0471998879       -0.0035435464
 141.  39.       -0.1377907492       -0.0903415467
 141.  40.        0.5698254395        0.3131102694
 141.  41.        0.0441657488        0.0910189883
 141.  42.        0.0423693235        0.2275241547
 141.  43.       -0.2017083951        0.0313594381
 141.  44.       -0.1107743351        0.0669452058
 141.  45.       -0.0746806352        0.1291550226
 141.  46.        0.2527882170       -0.1154004653
 141.  47.       -0.2086617746       -0.2653721254
 141.  48.        0.1335611176        0.0625689538
 141.  49.       -0.0454946009        0.2137573839
 141.  50.       -0.1761933972        0.0633080344
 141.  51.        0.0574020446        0.2755685456
 141.  52.        0.0258855254       -0.0035634370
 141.  53.        0.2425813477       -0.0337760408
 141.  54.        0.4419584383        0.0418490628
 141.  55.       -0.1288917308        0.3340003584
 141.  56.       -0.0264378018       -0.4299618379
 141.  57.        0.2215024822       -0.1009500707
 141.  58.        0.2050369354       -0.1185677146
 141.  59.       -0.1676196841       -0.0115858714
 141.  60.        0.0994525185       -0.3545442817
 141.  61.        0.1190517383       -0.2096494231
 141.  62.       -0.0865614434       -0.1410772180
 141.  63.       -0.1066762678        0.0435050723
 141.  64.        0.0030329551       -0.1953003417
 141.  65.        0.0111586116        0.0495659331
 141.  66.        0.0431556907        0.2328059821
 141.  67.        0.0408806323       -0.4339926481
 141.  68.        0.0480038955        0.1906162712
 141.  69.        0.0617412053       -0.1896922670
 141.  70.       -0.2400231917       -0.1597931329
 141.  71.        0.2646060221        0.0711039187
 141.  72.        0.0147241708       -0.1450928394
 141.  73.        0.1792568938       -0.3864494810
 141.  74.        0.0172107016        0.3954245828
 141.  75.        0.1540621444        0.0996689353
 141.  76.        0.0326167775       -0.0369015381
 141.  77.       -0.0476524751       -0.0823717413
 141.  78.        0.1474787461        0.0802889836
 141.  79.       -0.4867956421        0.2399684028
 141.  80.        0.0145295501       -0.0268912993
 141.  81.        0.0351335955       -0.8710488996
 141.  82.        0.2008676701        0.2947938197
 141.  83.       -0.0592126954       -0.1633832661
 141.  84.       -0.5429634457        0.0692381866
 141.  85.        0.0260520500        0.3326317212
 141.  86.        0.1761740168       -0.2317376972
 141.  87.       -0.4485429390       -0.2922213621
 141.  88.        0.2365363447       -0.0560159862
 141.  89.       -0.5716130966       -0.1704224654
 141.  90.       -0.1989323091       -0.1040623192
 141.  91.        0.2102197040        0.2313732358
 141.  92.       -0.0504732429       -0.0765055680
 141.  93.       -0.0935853040       -0.2935646155
 141.  94.        0.4100276255        0.2309263619
 141.  95.       -0.2468050322       -0.2706608767
 141.  96.        0.1271630145        0.6726709314
 141.  97.        0.1246509820        0.2071976945
 141.  98.       -0.1222603754       -0.0802067025
 141.  99.       -0.0105018286        0.1765714883
 141. 100.        0.1862758886       -0.3640174569
 141. 101.       -0.5479008104        0.1389836480
 141. 102.        0.3795241039        0.0163586967
 141. 103.       -0.1019989959       -0.4203071501
 141. 104.       -0.3466945138        0.1103657672
 141. 105.       -0.1205573648       -0.2204799787
 141. 106.        0.3029936256       -0.0640923592
 141. 107.       -0.0533972484        0.4868006779
 141. 108.       -0.2099770497        0.1464914240
 141. 109.        0.4154667761       -0.6040469123
 141. 110.       -0.6410993881        0.1410790280
 141. 111.       -0.1143215159        0.1705212342
 141. 112.        0.1212579357       -0.1833188102
 141. 113.       -0.2470713646       -0.3187742530
 141. 114.        0.0846420153       -0.0056010816
 141. 115.        0.0660011536       -0.5154317202
 141. 116.        0.5423275100       -0.8925185108
 141. 117.       -0.0076797200        0.2757421107
 141. 118.        0.1240799916       -0.3021076373
 141. 119.       -0.2501512293       -0.0762544970
 141. 120.       -0.3472526156       -0.0730773569
 141. 121.       -0.2085456782        0.3419534520
 141. 122.        0.2536014123       -0.1132790198
 141. 123.       -0.4039901387        0.3592156515
 141. 124.        0.1261758056        0.4859246718
 141. 125.        0.2849454809       -0.0382523555
 141. 126.       -0.5503054534       -0.0525566179
 141. 127.       -0.0931096143       -0.0253752015
 141. 128.        0.1835363244        0.0973498157
 141. 129.       -0.5031147854        0.0277722841
 141. 130.        0.4805159914        0.3750622198
 141. 131.        0.3609320641       -0.3825783810
 141. 132.       -0.3932179976       -0.2264771504
 141. 133.        0.3591805120        0.5236907586
 141. 134.        0.1985734134       -0.0677933793
 141. 135.        0.1102278202       -0.3909672207
 141. 136.       -0.2017567090        0.5639842332
 141. 137.        0.5588977088        0.8765141182
 141. 138.        0.7285972089       -0.1614094195
 141. 139.        0.0298375335       -0.2885377763
 141. 140.        0.2389146775       -0.0131258580
 141. 141.       -0.0163890407       -0.0571705991
 142.   0.        0.0571182530        0.0000000000
 142.   1.        0.3310739483       -0.2024363899
 142.   2.       -0.0124718423       -0.1049488465
 142.   3.        0.2294297972        0.1167818880
 142.   4.        0.0150216625        0.0813523333
 142.   5.        0.0310312016        0.1690917260
 142.   6.       -0.2205866707       -0.3187631050
 142.   7.       -0.2302943528        0.0085977218
 142.   8.       -0.1937544733        0.0321149009
 142.   9.        0.2726904589       -0.4293879094
 142.  10.        0.2242710586       -0.3208912534
 142.  11.        0.2633241777        0.0706203158
 142.  12.        0.0880465198       -0.1021986946
 142.  13.        0.2566017517       -0.0450515058
 142.  14.       -0.0797050105        0.2792649397
 142.  15.       -0.1425858086        0.2994838962
 142.  16.       -0.4447098220       -0.1979775645
 142.  17.       -0.1163298508       -0.1433573871
 142.  18.       -0.0644895815       -0.1686852815
 142.  19.        0.3305456248       -0.5342904798
 142.  20.        0.1228249248        0.1497633009
 142.  21.        0.0494947987        0.2654874261
 142.  22.       -0.0358114162        0.2246303643
 142.  23.       -0.1977253350        0.5688851947
 142.  24.       -0.2310692948        0.1194943750
 142.  25.       -0.2661539835       -0.0772274955
 142.  26.       -0.1882574616        0.0100026189
 142.  27.        0.1785384349       -0.5676692323
 142.  28.       -0.2087415468       -0.1292064287
 142.  29.        0.1936961147        0.0435167358
 142.  30.       -0.0885383253        0.0542911372
 142.  31.        0.2899609012        0.4224213584
 142.  32.       -0.2716389641        0.2213461336
 142.  33.       -0.3681990891        0.2719678665
 142.  34.        0.1181955629       -0.1159641723
 142.  35.       -0.1718411913       -0.2795551722
 142.  36.       -0.0300621405       -0.0090652041
 142.  37.        0.0074913786       -0.0353463731
 142.  38.       -0.1569011235       -0.2478184738
 142.  39.       -0.1260480847        0.2615555924
 142.  40.       -0.0214195921       -0.0050750650
 142.  41.       -0.1590533380        0.5405522874
 142.  42.        0.3710682188        0.3896809908
 142.  43.       -0.0605448762       -0.1035373812
 142.  44.       -0.1813629374        0.0112396450
 142.  45.        0.3198670560       -0.2343385867
 142.  46.        0.1239241401       -0.2992973168
 142.  47.        0.1293442063        0.0847075759
 142.  48.        0.2024699982        0.2482444242
 142.  49.       -0.0185753325       -0.0230911570
 142.  50.       -0.2368137911       -0.0380506112
 142.  51.       -0.1572122317       -0.2046630145
 142.  52.       -0.1657162312        0.1310764873
 142.  53.       -0.0341198761       -0.0328847657
 142.  54.        0.2757158332        0.1225269306
 142.  55.       -0.1053282541        0.0618528836
 142.  56.       -0.1006130801        0.2338878511
 142.  57.        0.0331266295        0.0531672704
 142.  58.       -0.0174608774        0.2326364071
 142.  59.       -0.2092622366       -0.0761702052
 142.  60.        0.1175180090        0.0679302692
 142.  61.        0.1132257485        0.0175382817
 142.  62.        0.0997091760        0.1507697763
 142.  63.        0.4350790607        0.0621637275
 142.  64.       -0.4591390308        0.0817507408
 142.  65.        0.1770379884        0.2385077763
 142.  66.       -0.2064916008       -0.2890469051
 142.  67.       -0.0213920224       -0.0884088497
 142.  68.        0.1854537151        0.1947150247
 142.  69.       -0.5996193266       -0.0988678492
 142.  70.       -0.2159301987        0.3074556367
 142.  71.        0.4812201459       -0.2633551937
 142.  72.       -0.4533960432       -0.0781447044
 142.  73.        0.0800601239       -0.0764845005
 142.  74.       -0.0663155151        0.2987819885
 142.  75.       -0.5604455414        0.2751494386
 142.  76.        0.1070783181        0.0637567538
 142.  77.       -0.1617655885       -0.5081217027
 142.  78.        0.0510054297       -0.0817801284
 142.  79.        0.1560539029        0.0038361314
 142.  80.        0.0402881594       -0.0465713130
 142.  81.       -0.0366001462        0.0996606228
 142.  82.        0.5609361323        0.0345050526
 142.  83.       -0.2012522636       -0.0191434685
 142.  84.       -0.4090609871        0.4525373442
 142.  85.        0.4424614087       -0.0847964342
 142.  86.       -0.2664110900        0.2132292740
 142.  87.        0.1241857577       -0.0481542621
 142.  88.        0.1120070763       -0.6027300184
 142.  89.        0.2460761278       -0.0555432603
 142.  90.        0.2632232686       -0.1449605818
 142.  91.        0.2188376498        0.1639314047
 142.  92.       -0.0224998562        0.0704397355
 142.  93.        0.4323508275       -0.3534340843
 142.  94.        0.1433842208       -0.2342116116
 142.  95.       -0.4932698482        0.1533256067
 142.  96.        0.1129135834       -0.1846420169
 142.  97.       -0.2606128699        0.0326561913
 142.  98.       -0.3076569020        0.6080285504
 142.  99.        0.1321469430       -0.4176232185
 142. 100.        0.0208043966       -0.3341614179
 142. 101.        0.0340142272       -0.1106696360
 142. 102.        0.2494233762       -0.4000087008
 142. 103.        0.2970831745        0.2207937076
 142. 104.       -0.1797608086        0.3295076668
 142. 105.       -0.4394596412       -0.1196612918
 142. 106.        0.0183369331       -0.4209076438
 142. 107.        0.1879057050        0.2148817911
 142. 108.        0.3111586028       -0.1690103050
 142. 109.       -0.1113971325       -0.3402674105
 142. 110.       -0.5368441793       -0.3114695327
 142. 111.        0.1924490019        0.0981158770
 142. 112.       -0.7047183855       -0.5218063891
 142. 113.        0.2514464105       -0.3387381032
 142. 114.        0.4294744415        0.0137871694
 142. 115.       -0.0662054319       -0.0184628341
 142. 116.       -0.0030516347        0.5472029016
 142. 117.        0.6493163889        0.1672915666
 142. 118.       -0.4454105340        0.0414777858
 142. 119.        0.3316272203        0.3594741971
 142. 120.        0.2446390350        0.0569106633
 142. 121.       -0.3094918140        0.0932671748
 142. 122.       -0.1746987262        0.3615621975
 142. 123.       -0.2239795905       -0.2115299040
 142. 124.       -0.2086870639        0.1602680958
 142. 125.       -0.1316574450        0.2128318115
 142. 126.       -0.3330318850        0.1219833181
 142. 127.        0.1843301592       -0.0528888103
 142. 128.        0.0065386229        0.2209750729
 142. 129.        0.0870724995       -0.0256416021
 142. 130.        0.1090934715       -0.1840320196
 142. 131.       -0.4427015880       -0.3321764743
 142. 132.       -0.3123351976       -0.3059489947
 142. 133.       -0.1634055230       -0.0219334701
 142. 134.       -0.7164695288       -0.1322941844
 142. 135.       -0.4184698696        0.3656264194
 142. 136.        0.2768291961        0.1739579914
 142. 137.       -0.0249884338        0.4223967051
 142. 138.       -0.8755681202       -0.3739637097
 142. 139.       -0.5247449675        0.4034867201
 142. 140.       -0.0730673440        0.5030797809
 142. 141.        0.2298417483       -0.0273941559
 142. 142.        0.0174369068        0.1782819831
 143.   0.        0.0274018167        0.0000000000
 143.   1.       -0.3207906153       -0.4087878466
 143.   2.        0.2102768998        0.3851528425
 143.   3.       -0.1611644785        0.1609407401
 143.   4.       -0.3545310295        0.1347495274
 143.   5.        0.1085241357       -0.2147152512
 143.   6.       -0.1948796010       -0.0492482634
 143.   7.        0.0322194361       -0.2180753076
 143.   8.        0.3934110294       -0.0006321652
 143.   9.        0.2129023721        0.4069116298
 143.  10.        0.2354296471       -0.1362468084
 143.  11.        0.2096993854        0.0286666618
 143.  12.       -0.0287953295        0.1775622857
 143.  13.       -0.1042368304       -0.1681555143
 143.  14.       -0.1710873690       -0.0676243001
 143.  15.        0.1668885388        0.0098349528
 143.  16.       -0.0912471375       -0.2484652237
 143.  17.        0.3124871343       -0.1693857465
 143.  18.        0.3807699237        0.0960408699
 143.  19.        0.0221902090        0.5807161255
 143.  20.        0.0893064006        0.3765306810
 143.  21.       -0.2758383818        0.0857226690
 143.  22.       -0.2609698911        0.0538793010
 143.  23.       -0.0052803328        0.0884868404
 143.  24.       -0.3140418825       -0.1856653329
 143.  25.        0.1640942529       -0.2317090154
 143.  26.        0.2404754926       -0.2821357157
 143.  27.       -0.2527145861        0.0507806643
 143.  28.        0.3342802814        0.0368821242
 143.  29.       -0.3182049757        0.3779818219
 143.  30.       -0.3471273073        0.0668109991
 143.  31.        0.0610993884       -0.0072419413
 143.  32.       -0.2974917062        0.0657058631
 143.  33.        0.2690830889        0.0413741625
 143.  34.        0.3241114069       -0.3015306691
 143.  35.        0.0216455632       -0.0096877239
 143.  36.        0.4069194226       -0.1180915554
 143.  37.       -0.2547818127        0.1463959890
 143.  38.        0.1196313805        0.3224178666
 143.  39.        0.2809199265        0.1381950469
 143.  40.       -0.4425872071       -0.1322669262
 143.  41.       -0.1715656074        0.0793924339
 143.  42.       -0.2949065692       -0.1318250554
 143.  43.        0.1189937064        0.0419557242
 143.  44.        0.4287599585        0.0986161973
 143.  45.       -0.1248790561       -0.1013624305
 143.  46.       -0.2290315473        0.1077011973
 143.  47.        0.1820810585       -0.0793794934
 143.  48.        0.0786318687       -0.4075597233
 143.  49.       -0.0251629579       -0.3424834858
 143.  50.       -0.1276925843       -0.1107391672
 143.  51.        0.1320189095       -0.2134769621
 143.  52.        0.0882886625        0.0345249892
 143.  53.       -0.0573069852        0.1826320815
 143.  54.       -0.4144071358       -0.1818201165
 143.  55.        0.3611697184       -0.0382643468
 143.  56.       -0.0846651599        0.1092755215
 143.  57.       -0.1096846367        0.0100927050
 143.  58.        0.2544191313       -0.1005836442
 143.  59.        0.1526397977       -0.2018659147
 143.  60.       -0.0905134276        0.2859846566
 143.  61.       -0.1375824465        0.2592216714
 143.  62.        0.4280742935       -0.1197045168
 143.  63.        0.0181973641       -0.0399868938
 143.  64.       -0.0992315418        0.0089394347
 143.  65.       -0.0555824137       -0.3192014835
 143.  66.       -0.1648847209        0.0294131219
 143.  67.        0.0750266182        0.0001120037
 143.  68.        0.0694135605       -0.2558980484
 143.  69.       -0.1516280774        0.3612706689
 143.  70.       -0.3164337376        0.0487345266
 143.  71.        0.1329896551       -0.0866262165
 143.  72.        0.0394639086        0.6078521482
 143.  73.        0.0575164027        0.0886307907
 143.  74.       -0.2761724269       -0.3114724710
 143.  75.       -0.1508016662        0.0653880950
 143.  76.        0.0130694761        0.0305634524
 143.  77.       -0.3126500844        0.1393644568
 143.  78.        0.1529817781        0.1343630349
 143.  79.        0.5938958694        0.3731284848
 143.  80.       -0.1783362072        0.2016369018
 143.  81.        0.2270142332        0.3548262793
 143.  82.       -0.3062166423       -0.1225572469
 143.  83.        0.1359460458        0.2606954013
 143.  84.        0.0986597823        0.2429034027
 143.  85.        0.0109685625       -0.0708089228
 143.  86.       -0.3422221132        0.1248140794
 143.  87.        0.6411022423        0.3328098401
 143.  88.        0.3131920860       -0.0913675997
 143.  89.        0.5875889782        0.3264033249
 143.  90.        0.0950821661       -0.3558157500
 143.  91.        0.2873752142        0.1658347987
 143.  92.        0.0634752382        0.3899204332
 143.  93.        0.3813941396        0.0525210976
 143.  94.        0.0080741654        0.1343836181
 143.  95.        0.3171406273        0.4319325418
 143.  96.       -0.5658686790       -0.5082896569
 143.  97.        0.0654405166        0.0468153200
 143.  98.        0.0393058893        0.0626781813
 143.  99.       -0.0380680661       -0.0460261840
 143. 100.       -0.0624388161        0.4005201500
 143. 101.        0.0200774661        0.1916437347
 143. 102.       -0.3410860122        0.0061187675
 143. 103.       -0.5280057012        0.2505678227
 143. 104.       -0.2676213405        0.4120059108
 143. 105.       -0.6541798283        0.1781642831
 143. 106.       -0.3551946742       -0.3252802551
 143. 107.        0.5177367471       -0.4380056877
 143. 108.        0.0840648780        0.3106781392
 143. 109.       -0.0633678436       -0.2731219095
 143. 110.        0.3928842301       -0.2095652644
 143. 111.       -0.1859089929       -0.1530214468
 143. 112.       -0.2030784501        0.5699732330
 143. 113.        0.2226034118       -0.2750308315
 143. 114.        0.4892952758        0.3692106608
 143. 115.        0.0180755723       -0.1521741508
 143. 116.        0.1076505266       -0.4021241967
 143. 117.       -0.1086736349        0.2079920217
 143. 118.       -0.4238355880        0.3426656574
 143. 119.       -0.2853057530       -0.0153653705
 143. 120.        0.1747183798        0.1752440260
 143. 121.        0.0359287207       -0.0796189964
 143. 122.       -0.0184503811       -0.4320210551
 143. 123.       -0.2843675844       -0.2714915490
 143. 124.       -0.3184060989       -0.4038886136
 143. 125.        0.3126743314       -0.2767099250
 143. 126.       -0.2811625793        0.3018922341
 143. 127.       -0.3768758403        0.0681229619
 143. 128.        0.3113977180       -0.0872258702
 143. 129.        0.1166894498       -0.0633544037
 143. 130.       -0.5619388639       -0.2107503507
 143. 131.        0.0944045933        0.4488077783
 143. 132.        0.2150923894        0.0183855926
 143. 133.       -0.4166754027       -0.1619028248
 143. 134.       -0.0941601494        0.4850979738
 143. 135.       -0.3386574383        0.1289760477
 143. 136.        0.0813432368       -0.7996766253
 143. 137.       -0.2988976152       -0.0852626792
 143. 138.       -0.1044673653       -0.1913807037
 143. 139.        0.1612739619       -0.4184473610
 143. 140.        0.0744366271       -0.7206491252
 143. 141.       -0.4552444713        0.0186791002
 143. 142.        0.0538441287       -0.1479811518
 143. 143.       -0.0411695979       -0.0322836471
 144.   0.        0.1965581611        0.0000000000
 144.   1.       -0.2032801244        0.2128586739
 144.   2.       -0.0991753929       -0.1492656539
 144.   3.       -0.3484941966       -0.1520005619
 144.   4.        0.1091083323       -0.0646855257
 144.   5.       -0.0724314127       -0.0427939290
 144.   6.        0.0078594198        0.3914925954
 144.   7.        0.4462903202        0.2158217454
 144.   8.        0.3398961434       -0.1991794155
 144.   9.        0.0283100821        0.2606441062
 144.  10.       -0.0398100595        0.1350751101
 144.  11.       -0.1563482997        0.0476237257
 144.  12.       -0.2929227796       -0.1546438534
 144.  13.       -0.2029026142       -0.0512663442
 144.  14.        0.2207159830       -0.2833618410
 144.  15.        0.0849730096       -0.4395089616
 144.  16.        0.2956305465        0.0852124676
 144.  17.        0.1948847175        0.3251837275
 144.  18.       -0.1885079257        0.1199935988
 144.  19.       -0.2650449989        0.0509295327
 144.  20.       -0.0926341398       -0.1640562956
 144.  21.        0.0917660244       -0.2316899851
 144.  22.       -0.0103073664       -0.4812655337
 144.  23.        0.1485325516       -0.2130253895
 144.  24.        0.1374032495        0.0063450592
 144.  25.        0.1375527686        0.0313345574
 144.  26.        0.1723670279        0.1410305021
 144.  27.       -0.2199751057        0.4621502133
 144.  28.       -0.1211629124       -0.0881683387
 144.  29.       -0.1787897907        0.2906635195
 144.  30.       -0.0063416839       -0.0985799799
 144.  31.       -0.0667813870       -0.6539241172
 144.  32.        0.3603535848       -0.0580558134
 144.  33.        0.2314073345        0.0419298506
 144.  34.        0.1073864312        0.0638460628
 144.  35.        0.3491866337        0.0798621020
 144.  36.        0.1457203608        0.0282529968
 144.  37.       -0.2986768282       -0.0002967232
 144.  38.        0.1152081344       -0.0796786545
 144.  39.       -0.0417541716        0.1922956148
 144.  40.       -0.1196947150        0.0349241123
 144.  41.        0.4062613301       -0.3521791643
 144.  42.        0.0305201381        0.0522033377
 144.  43.       -0.1384766455        0.3079148626
 144.  44.       -0.0744715777       -0.3889160055
 144.  45.       -0.3666054462        0.2589571726
 144.  46.       -0.1204037757        0.2289724245
 144.  47.        0.2090658215        0.1992546868
 144.  48.       -0.0484068743        0.1137642745
 144.  49.       -0.1412436397       -0.3138683138
 144.  50.       -0.0291139177        0.0112017768
 144.  51.       -0.0851569656       -0.0083178197
 144.  52.        0.0303536227       -0.0730919252
 144.  53.       -0.1199754691        0.1056099481
 144.  54.       -0.4904646982       -0.0964212184
 144.  55.        0.3022738759        0.1785493559
 144.  56.        0.1430437993        0.2581140097
 144.  57.       -0.0941056491        0.0750200440
 144.  58.        0.3328262070       -0.2139436320
 144.  59.       -0.1387655713        0.4348270386
 144.  60.        0.1087595769        0.1746899409
 144.  61.        0.1525991422       -0.2320414028
 144.  62.       -0.2130021403        0.0210422865
 144.  63.       -0.2147301571        0.0644481620
 144.  64.        0.6289337062       -0.2081740519
 144.  65.       -0.1149129124       -0.0380331380
 144.  66.        0.3354799766       -0.0705011734
 144.  67.       -0.1031611183        0.0877665567
 144.  68.        0.0161818627       -0.2797643348
 144.  69.        0.4625784905        0.1995660188
 144.  70.        0.0944152653        0.2179887569
 144.  71.       -0.1882020115        0.0177188913
 144.  72.        0.0021361127        0.0080475500
 144.  73.        0.1490558286       -0.1781810078
 144.  74.        0.2957684530       -0.0626115802
 144.  75.        0.1449240601       -0.1569478895
 144.  76.       -0.3137341164        0.1984514856
 144.  77.       -0.0812752678        0.4764970998
 144.  78.       -0.3265022355       -0.2921155348
 144.  79.       -0.4893474029        0.2292825201
 144.  80.       -0.1074922142        0.3826495924
 144.  81.       -0.3207314826       -0.4522151966
 144.  82.       -0.1604704530       -0.1783857950
 144.  83.        0.2280366376       -0.1764149844
 144.  84.        0.4465774039       -0.6568671074
 144.  85.        0.2352198354       -0.1257983370
 144.  86.        0.1999979142        0.1612554974
 144.  87.       -0.4337155751       -0.0719750316
 144.  88.       -0.3723368630        0.2571184295
 144.  89.       -0.0807550455        0.2281059505
 144.  90.       -0.4312659314        0.0908512337
 144.  91.       -0.0994990068       -0.0747268512
 144.  92.        0.1996001321       -0.1254099695
 144.  93.       -0.1248281770       -0.1443597327
 144.  94.        0.3643189999       -0.1809058486
 144.  95.        0.3233981871       -0.1294052021
 144.  96.       -0.2989980211        0.5393708461
 144.  97.        0.5721994818        0.2729637917
 144.  98.       -0.0489943027       -0.3814747783
 144.  99.       -0.0495623583        0.1704601509
 144. 100.        0.1209650253       -0.1785665211
 144. 101.       -0.0659034068       -0.1821941995
 144. 102.       -0.0835526046        0.2933996728
 144. 103.       -0.0906697249       -0.2016684400
 144. 104.       -0.2710654248       -0.3151359195
 144. 105.       -0.1580620297        0.0579183165
 144. 106.       -0.5304461832       -0.2154452823
 144. 107.        0.1238536445       -0.2106810888
 144. 108.       -0.0787037632        0.3915821971
 144. 109.        0.2628288518        0.0751131100
 144. 110.       -0.0339587849        0.0805883001
 144. 111.        0.3513414810        0.3541530936
 144. 112.       -0.0996119905       -0.0646970789
 144. 113.       -0.2715686000       -0.1718952730
 144. 114.       -0.0644898410        0.3067681285
 144. 115.        0.0774732728        0.2963068796
 144. 116.       -0.4582912397       -0.2461562725
 144. 117.        0.1781439109       -0.1909552252
 144. 118.        0.0034696927        0.1304663539
 144. 119.       -0.2502888408        0.1645156967
 144. 120.       -0.2901767726        0.3147255879
 144. 121.        0.5831622585        0.2794682013
 144. 122.       -0.3113810397       -0.3855764504
 144. 123.       -0.3390814172        0.1083736184
 144. 124.       -0.0321725739        0.0350090093
 144. 125.        0.2141469434        0.2394222276
 144. 126.       -0.3050774995        0.1495052266
 144. 127.        0.1547166248        0.3673433920
 144. 128.        0.0548375112       -0.3409066900
 144. 129.       -0.3448522716        0.2738594983
 144. 130.        0.0831006629        0.4202407900
 144. 131.        0.2230048074       -0.1811631972
 144. 132.       -0.1601156288       -0.7807615099
 144. 133.        0.0894193448        0.0901121811
 144. 134.        0.4422501790        0.0192870561
 144. 135.       -0.1730568933       -0.2072516544
 144. 136.       -0.0550233112        0.2450278753
 144. 137.        0.2510758845        0.3740537913
 144. 138.        0.0213843243        0.2768937882
 144. 139.       -0.5706761720        0.1280170922
 144. 140.        0.2662205186        0.4948145760
 144. 141.        0.4330221797        0.1292256935
 144. 142.        0.3573207211        0.0800957279
 144. 143.       -0.1115702413       -0.2563989846
 144. 144.        0.3640080670       -0.0933270851
 145.   0.       -0.1708968449        0.0000000000
 145.   1.        0.0423040019        0.0882473431
 145.   2.       -0.0685866842       -0.4046553979
 145.   3.        0.2133323416       -0.0064642481
 145.   4.        0.0540035089       -0.1910890192
 145.   5.        0.0065448798        0.1105642437
 145.   6.       -0.2691475963        0.0316960619
 145.   7.       -0.0764924459        0.1612885355
 145.   8.        0.0064758477        0.1728378987
 145.   9.       -0.1645662014       -0.2464402218
 145.  10.       -0.0588489227       -0.0191247739
 145.  11.       -0.0093377384       -0.1948914115
 145.  12.        0.0016242735       -0.1522248971
 145.  13.        0.1092498547        0.2042370303
 145.  14.        0.1608600397       -0.0054562835
 145.  15.       -0.0590919610        0.0424367275
 145.  16.        0.0000674847        0.1586864448
 145.  17.       -0.2512207884       -0.0122449404
 145.  18.       -0.5236066040        0.0314313285
 145.  19.        0.0207733046       -0.4639869512
 145.  20.        0.0676249904       -0.2751349073
 145.  21.        0.2223203420       -0.1123936311
 145.  22.       -0.0869191204        0.1390583062
 145.  23.        0.0656468281        0.1251386417
 145.  24.        0.2431825293        0.2576789144
 145.  25.       -0.0753041925       -0.0343162309
 145.  26.       -0.2862266338        0.1341397954
 145.  27.        0.1427400693       -0.1255672468
 145.  28.       -0.5760268118        0.0005733153
 145.  29.        0.2253804895       -0.2275255622
 145.  30.        0.2304527952        0.3010340867
 145.  31.       -0.2520483048        0.0358213996
 145.  32.        0.3227556069       -0.1725853218
 145.  33.       -0.3343932997        0.1869108953
 145.  34.       -0.2213589231        0.2700353166
 145.  35.       -0.1151186595       -0.1091375911
 145.  36.       -0.4666206766        0.1167828030
 145.  37.        0.3716647608       -0.3376820532
 145.  38.       -0.3558487582       -0.3261954335
 145.  39.        0.1484961735       -0.2685339102
 145.  40.        0.3085656946        0.2071389913
 145.  41.        0.1518391367       -0.1161774680
 145.  42.        0.0867357768        0.0965717542
 145.  43.        0.1070673189       -0.0525641988
 145.  44.       -0.3302376725       -0.0136906618
 145.  45.       -0.0617809979       -0.0268793077
 145.  46.       -0.1888310030       -0.1719724525
 145.  47.       -0.0444065141       -0.0074633214
 145.  48.       -0.1244323319        0.3907459007
 145.  49.        0.2030339337        0.1137970534
 145.  50.       -0.0068202314        0.3188007538
 145.  51.       -0.0099518864        0.2026833362
 145.  52.       -0.0640898322       -0.2955758145
 145.  53.        0.1770217484        0.2314630741
 145.  54.        0.0430737429       -0.0578781998
 145.  55.       -0.0479929136       -0.2703383090
 145.  56.       -0.0176469385       -0.2009501923
 145.  57.       -0.1926154727        0.1105488717
 145.  58.       -0.2251514880       -0.2487233882
 145.  59.       -0.0642085379       -0.0055483802
 145.  60.       -0.2719889032       -0.1712878801
 145.  61.       -0.0887217413       -0.1827670894
 145.  62.       -0.2620822425        0.4152378195
 145.  63.        0.0913246331       -0.1056878907
 145.  64.       -0.0719460159       -0.1713184143
 145.  65.        0.2690136345        0.1267318212
 145.  66.       -0.0718973787       -0.1273098907
 145.  67.       -0.2540586706        0.0543161376
 145.  68.        0.1199018804       -0.1406301899
 145.  69.        0.1033061708       -0.6977882484
 145.  70.       -0.1180131751       -0.0299147601
 145.  71.       -0.1985678827        0.2947711858
 145.  72.       -0.0192011972       -0.3104875227
 145.  73.       -0.0638006713       -0.0069774748
 145.  74.        0.1707503855       -0.0603730109
 145.  75.       -0.1597639344        0.1786889012
 145.  76.       -0.0824983067        0.5148529183
 145.  77.        0.2979256287       -0.0753458558
 145.  78.        0.0597162972       -0.2553384251
 145.  79.       -0.1655030025       -0.1463232976
 145.  80.        0.2694556318       -0.2450285203
 145.  81.       -0.2393837130       -0.1300697925
 145.  82.        0.6517117051        0.0961317736
 145.  83.        0.0593106099        0.0550346055
 145.  84.       -0.3716531655        0.3621586585
 145.  85.        0.2233402181        0.0494580700
 145.  86.        0.0397989715       -0.0402740858
 145.  87.       -0.6206434481       -0.4262027160
 145.  88.       -0.5319220946       -0.2741242884
 145.  89.       -0.1846949309       -0.1235545530
 145.  90.       -0.0520641529        0.6100588699
 145.  91.        0.4468777500       -0.2878813511
 145.  92.       -0.0369844056       -0.1671893969
 145.  93.       -0.2442849302       -0.1001591037
 145.  94.       -0.0546588301       -0.2197404684
 145.  95.       -0.1646937470        0.3674314176
 145.  96.        0.1193995346        0.2059060743
 145.  97.       -0.5109524071        0.1683266856
 145.  98.       -0.5034947974        0.0702855914
 145.  99.        0.1143763380        0.3115249794
 145. 100.       -0.1231716796       -0.2731887948
 145. 101.        0.4938231880        0.2206857287
 145. 102.        0.2348165405       -0.1307390850
 145. 103.        0.1176625396       -0.5377344746
 145. 104.        0.3576005656        0.2391634616
 145. 105.       -0.1673951238        0.6045862635
 145. 106.       -0.0400661578        0.3350230537
 145. 107.        0.0913766954        0.2928281666
 145. 108.        0.4919073209       -0.2262433578
 145. 109.       -0.2190460052       -0.0505849677
 145. 110.       -0.4032043390       -0.4109981307
 145. 111.        0.0662903709        0.4298503237
 145. 112.        0.3233374700       -0.2359486330
 145. 113.        0.1584343461       -0.1249496063
 145. 114.        0.0352306806        0.1442966542
 145. 115.       -0.0645498311       -0.1806717133
 145. 116.        0.1876298249        0.3032466849
 145. 117.        0.3016897563        0.0322076138
 145. 118.        0.0216402271        0.0891396961
 145. 119.        0.1044108920       -0.4650497859
 145. 120.       -0.0974028597       -0.0024719022
 145. 121.       -0.2319440484        0.0840213840
 145. 122.        0.0868008784        0.4514817065
 145. 123.       -0.3672109828       -0.1992630821
 145. 124.       -0.1122054903       -0.0400318793
 145. 125.        0.0727112574       -0.0572953024
 145. 126.       -0.2677524111       -0.4108531612
 145. 127.        0.4439073901        0.3520986498
 145. 128.       -0.3688213861        0.1180171396
 145. 129.       -0.1068942334       -0.6239360865
 145. 130.        0.0128902903        0.1139273188
 145. 131.       -0.1197418383       -0.5824047021
 145. 132.       -0.2671629125        0.0141953123
 145. 133.       -0.0974719047       -0.4490226354
 145. 134.       -0.1168907027       -0.0348149482
 145. 135.        0.0543756888       -0.3127516997
 145. 136.        0.4114628896       -0.1964956810
 145. 137.        0.2039502265       -0.3094126596
 145. 138.       -0.2842354922        0.1618163037
 145. 139.       -0.1289391453        0.3414937307
 145. 140.       -0.3920743309       -0.5151422183
 145. 141.       -0.4141821620       -0.0335004953
 145. 142.       -0.3231888836       -0.3890133715
 145. 143.       -0.1859221050        0.1123801343
 145. 144.        0.1797047640        0.1469536014
 145. 145.        0.4504113876        0.2433795957
 146.   0.       -0.1404282797        0.0000000000
 146.   1.        0.1460275877       -0.0267759394
 146.   2.        0.0565429832        0.0481649146
 146.   3.        0.3632287495        0.1725040457
 146.   4.       -0.0504721728        0.0135746777
 146.   5.       -0.0982134778        0.0852827016
 146.   6.        0.1451948269       -0.1610944178
 146.   7.       -0.3300420623       -0.1266499802
 146.   8.       -0.2497495311        0.1077896729
 146.   9.       -0.0346622078       -0.1167832358
 146.  10.        0.0054149012       -0.0637904002
 146.  11.        0.3758633877       -0.0809144654
 146.  12.        0.0495165674        0.1217642709
 146.  13.        0.1200060319        0.1674411580
 146.  14.       -0.4332884969        0.2824535037
 146.  15.       -0.0895862364        0.0222251291
 146.  16.       -0.2428790885       -0.2549062724
 146.  17.       -0.0652377628       -0.1848482696
 146.  18.        0.2110444407       -0.2024430497
 146.  19.       -0.2075444781        0.0175967199
 146.  20.        0.2478724468        0.4373271875
 146.  21.        0.0810091001        0.0675287373
 146.  22.       -0.0981532100        0.5469898207
 146.  23.        0.0245718934        0.1151597758
 146.  24.       -0.0153937768        0.0050494768
 146.  25.       -0.2664001947       -0.1759304525
 146.  26.        0.1328572175       -0.1890044859
 146.  27.        0.0226821811       -0.3017879942
 146.  28.        0.3933941489       -0.1132297488
 146.  29.        0.1660941741       -0.2488359216
 146.  30.        0.1267774403        0.2010991111
 146.  31.       -0.1874078827        0.3842038300
 146.  32.       -0.1350328384       -0.1478628555
 146.  33.        0.0719154322       -0.0678546088
 146.  34.       -0.0668111654       -0.1227135150
 146.  35.       -0.1585142940       -0.0461850599
 146.  36.        0.0351831502       -0.1692661382
 146.  37.        0.5292840102       -0.1033984571
 146.  38.        0.0067017528        0.2554544430
 146.  39.       -0.1027224758       -0.3109563367
 146.  40.        0.3152959714        0.0416150677
 146.  41.       -0.2752928085        0.1315934167
 146.  42.        0.0881359185       -0.3594681670
 146.  43.        0.0843310502       -0.1732331564
 146.  44.       -0.0729565488        0.3316568962
 146.  45.        0.1787979176       -0.2322401983
 146.  46.        0.0695251973       -0.0852154530
 146.  47.       -0.0632974978        0.1620667110
 146.  48.       -0.1484647565       -0.1450287805
 146.  49.        0.0317392407        0.1479768863
 146.  50.        0.5183241072        0.0356233656
 146.  51.        0.1184187962        0.0150128390
 146.  52.       -0.0739570457        0.0659083180
 146.  53.        0.1644582322       -0.2328420655
 146.  54.        0.2770207431        0.2328471801
 146.  55.       -0.0324321193        0.0073834032
 146.  56.        0.2281677884       -0.2577069839
 146.  57.       -0.2888985971       -0.0525049724
 146.  58.       -0.3585080265       -0.1177663213
 146.  59.        0.2133417487       -0.4126701838
 146.  60.        0.1783380315       -0.1699524266
 146.  61.       -0.1759571021       -0.0563481951
 146.  62.        0.1814249075       -0.0564967093
 146.  63.       -0.0674134318       -0.2500938982
 146.  64.       -0.3120690376       -0.3683276300
 146.  65.       -0.2808178314       -0.0791911657
 146.  66.       -0.3075560841        0.1083230076
 146.  67.        0.0147024066        0.1660044702
 146.  68.        0.0496196006        0.3264227812
 146.  69.        0.0286765924       -0.1160102638
 146.  70.        0.1548733389        0.1782991539
 146.  71.        0.1052696395        0.0174613380
 146.  72.       -0.2936253037        0.0682079445
 146.  73.        0.2641682312        0.1657550025
 146.  74.       -0.0270564111       -0.2287574775
 146.  75.       -0.0218213898        0.0725659890
 146.  76.        0.2044669793        0.1245305520
 146.  77.       -0.1994088612       -0.0508976140
 146.  78.        0.0950747345        0.1731289954
 146.  79.        0.2803048198        0.0394738690
 146.  80.        0.1561530760        0.0116350043
 146.  81.        0.2200927821        1.0363031698
 146.  82.        0.1375782611        0.0557014374
 146.  83.       -0.3474150380        0.0627004696
 146.  84.       -0.2209338113        0.3774826863
 146.  85.       -0.1337724347       -0.0454930962
 146.  86.        0.0943849097       -0.0203185214
 146.  87.        0.4068754232        0.0912716253
 146.  88.        0.1155616783        0.1235027331
 146.  89.        0.0788530510        0.0559487352
 146.  90.        0.4086610496        0.3060168008
 146.  91.       -0.3745809459        0.1070819092
 146.  92.       -0.2953320378        0.0763177770
 146.  93.        0.3250140690        0.0906180050
 146.  94.       -0.4552314504        0.2110928969
 146.  95.       -0.5597659147        0.0202080734
 146.  96.       -0.0295869839       -0.2171738822
 146.  97.        0.0464971751       -0.3424384985
 146.  98.        0.0376921525        0.2759916644
 146.  99.        0.2153060491       -0.3239239385
 146. 100.       -0.4686908715        0.1721171818
 146. 101.        0.0400689558        0.0097584013
 146. 102.        0.1987563630       -0.5924359594
 146. 103.       -0.0734761628        0.1275670376
 146. 104.       -0.1633307649       -0.0793641051
 146. 105.        0.4559691944        0.4677210451
 146. 106.       -0.1601309213        0.1726535864
 146. 107.        0.1192482423       -0.6586328717
 146. 108.        0.4636146897        0.0470305903
 146. 109.        0.1076245868        0.1142108426
 146. 110.       -0.0688636278       -0.1465746067
 146. 111.        0.1394346235       -0.3925281192
 146. 112.        0.0769501056       -0.1033657975
 146. 113.        0.2385300059        0.0555856505
 146. 114.        0.4379706558        0.0614374414
 146. 115.        0.3929876319        0.1757656309
 146. 116.        0.0893492752        0.1851308282
 146. 117.       -0.9449122449       -0.1694080394
 146. 118.        0.3912066581       -0.0778390668
 146. 119.       -0.0366379680        0.1730819299
 146. 120.        0.0518343522       -0.2915927359
 146. 121.       -0.2290246953       -0.3719014327
 146. 122.       -0.2337534669       -0.0488119295
 146. 123.        0.0615464016        0.0722515221
 146. 124.       -0.2639145171       -0.1733955453
 146. 125.       -0.0272260426        0.1584452061
 146. 126.       -0.0374432824        0.0357273423
 146. 127.       -0.4123206406        0.2708836949
 146. 128.        0.2980711731       -0.0250145871
 146. 129.        0.1116350462       -0.0758441742
 146. 130.       -0.0906724374       -0.4407445243
 146. 131.        0.1884416350        0.0950667645
 146. 132.        0.0149686760       -0.2590041909
 146. 133.       -0.0354022247       -0.4931714472
 146. 134.        0.0857419755        0.0505762980
 146. 135.        0.0580297739        0.1094786166
 146. 136.        0.1061678575       -0.2366985036
 146. 137.       -0.0965348252        0.2749809508
 146. 138.        0.3654571834       -0.0784273426
 146. 139.        0.1047745225       -0.2929805174
 146. 140.       -0.1104251763       -0.0660593519
 146. 141.       -0.1943587436        0.2323489095
 146. 142.        0.2286745479        0.0774785519
 146. 143.        0.3562678409       -0.3012612674
 146. 144.       -0.0015116120        0.0449631372
 146. 145.       -0.2544334307       -0.1979760770
 146. 146.       -0.0270069019       -0.1309112168
 147.   0.        0.3684215852        0.0000000000
 147.   1.        0.0697965352        0.0868220994
 147.   2.        0.0378053977        0.2037204978
 147.   3.       -0.0751081554       -0.1692047279
 147.   4.       -0.0273260266        0.0330088910
 147.   5.        0.1136390562       -0.0328809054
 147.   6.        0.0426388767       -0.2294082530
 147.   7.        0.3480613566       -0.0879082528
 147.   8.       -0.1926376133       -0.1309764994
 147.   9.        0.1602406089        0.1243949737
 147.  10.       -0.1503410010        0.3225960673
 147.  11.       -0.0949809223        0.3026658379
 147.  12.       -0.2492722359        0.2584036842
 147.  13.       -0.1148332461       -0.2462200374
 147.  14.       -0.0681617599       -0.1191626098
 147.  15.        0.1159287505       -0.2008123071
 147.  16.       -0.0126362651       -0.2533047206
 147.  17.        0.1799373722        0.0219683143
 147.  18.        0.2273224202       -0.0009703335
 147.  19.       -0.1157584388        0.1916383843
 147.  20.       -0.0472983417       -0.0441643647
 147.  21.       -0.3685470654       -0.0561647822
 147.  22.       -0.0873003413       -0.2014928319
 147.  23.       -0.0738642674       -0.2312376685
 147.  24.       -0.0291310161       -0.1889337073
 147.  25.        0.1786475563        0.1785450176
 147.  26.        0.1643112044       -0.0742708739
 147.  27.        0.2185510001        0.4931035948
 147.  28.        0.3894326246       -0.0845000458
 147.  29.       -0.0861996369        0.0352038679
 147.  30.       -0.1031051808       -0.0524405140
 147.  31.       -0.0806177639       -0.0429741674
 147.  32.       -0.2803085009        0.0060662082
 147.  33.        0.2884652524       -0.4530827879
 147.  34.       -0.2156648937       -0.1706667537
 147.  35.        0.2773832193        0.0887516300
 147.  36.        0.2679302018        0.1104538193
 147.  37.       -0.3124139090        0.3744297754
 147.  38.        0.4349331282       -0.0007523562
 147.  39.       -0.4725122200       -0.0764553906
 147.  40.        0.0204984703       -0.5895428242
 147.  41.       -0.1161505340        0.0786805689
 147.  42.       -0.0825855641       -0.1003199308
 147.  43.       -0.0386308860       -0.0800445955
 147.  44.        0.1340079379       -0.0451151049
 147.  45.        0.0761665628        0.0686941732
 147.  46.       -0.0344238295        0.1402059631
 147.  47.       -0.1276151536        0.1906883526
 147.  48.       -0.0948988750        0.0210876026
 147.  49.       -0.2083752133       -0.2211070648
 147.  50.       -0.1050952993       -0.0870790572
 147.  51.       -0.1168837895       -0.0547762512
 147.  52.        0.0461751719        0.2420557195
 147.  53.       -0.0839222749       -0.0213353413
 147.  54.        0.1354261316        0.0044879412
 147.  55.       -0.1493900788       -0.1044079396
 147.  56.        0.1764972474        0.0848176655
 147.  57.       -0.0762723327        0.0045343292
 147.  58.        0.2184120840        0.1665788687
 147.  59.       -0.1038776015       -0.0980860178
 147.  60.        0.1203031840       -0.1053495358
 147.  61.       -0.0413014998       -0.1508999923
 147.  62.       -0.2864856229       -0.5117843065
 147.  63.        0.0592687694        0.0303607031
 147.  64.       -0.1759175558        0.0340904751
 147.  65.       -0.3606668495       -0.2041643699
 147.  66.        0.1026457574        0.4505352470
 147.  67.        0.6156429532       -0.2319082603
 147.  68.        0.0223893040        0.1563079512
 147.  69.        0.1625275928        0.2246253646
 147.  70.       -0.1072858929        0.0049731515
 147.  71.       -0.3052757902        0.2295743097
 147.  72.       -0.3106195954       -0.1336403673
 147.  73.       -0.0183562741       -0.3117467910
 147.  74.       -0.2212386167       -0.1508663259
 147.  75.        0.3508289413       -0.0571573900
 147.  76.        0.3062704903        0.0194243999
 147.  77.        0.2580896146       -0.1597850105
 147.  78.       -0.0407299853        0.1336049017
 147.  79.       -0.0204373127       -0.4255217565
 147.  80.       -0.4605773288        0.4414226582
 147.  81.        0.1350051865        0.2590418944
 147.  82.       -0.3698816230        0.0450970749
 147.  83.       -0.1365532019       -0.0407869093
 147.  84.        0.1446466412        0.0037174972
 147.  85.       -0.0497314356       -0.1803100276
 147.  86.        0.1541676063       -0.1156891447
 147.  87.        0.3366860560        0.1186636093
 147.  88.        0.0740132641        0.5101720894
 147.  89.        0.0267736430       -0.0257779530
 147.  90.        0.0842212889        0.0584681717
 147.  91.       -0.1960502066        0.4324115227
 147.  92.       -0.3078852026        0.4335570689
 147.  93.        0.0034722745       -0.5567646224
 147.  94.        0.0905540132        0.1947812107
 147.  95.       -0.0777364445       -0.4482148894
 147.  96.        0.2071613206       -0.6301634689
 147.  97.        0.0422282546        0.1539307715
 147.  98.        0.0380106790        0.1165247983
 147.  99.       -0.3411781429        0.0180145322
 147. 100.        0.3264311723        0.3667606910
 147. 101.       -0.2978329265       -0.3156484160
 147. 102.       -0.2619589057        0.0999765378
 147. 103.       -0.2067717008        0.1302588398
 147. 104.       -0.2465581667       -0.2909073775
 147. 105.       -0.0501946878        0.0595351670
 147. 106.        0.3942780650        0.3521288512
 147. 107.        0.1826637771       -0.0257296671
 147. 108.        0.1757239496        0.1792575081
 147. 109.        0.4705964077       -0.0398454542
 147. 110.        0.1508277800        0.0702334013
 147. 111.       -0.3282747243        0.0958063484
 147. 112.        0.5152266402       -0.1314598264
 147. 113.       -0.3412698382        0.2817011299
 147. 114.       -0.3861440512        0.0843647432
 147. 115.        0.1568816827        0.0166032988
 147. 116.        0.1282164421        0.0786469890
 147. 117.       -0.3091075361       -0.1060204817
 147. 118.       -0.1096603940        0.0236578477
 147. 119.       -0.1879513694       -0.2858004611
 147. 120.       -0.1688422549       -0.2277554857
 147. 121.        0.2592741900       -0.1892769652
 147. 122.       -0.0024903267        0.3180217838
 147. 123.       -0.5325230676       -0.1527913085
 147. 124.       -0.2590318996        0.2770716604
 147. 125.       -0.1674974799        0.0849357654
 147. 126.       -0.2589140741       -0.7582994728
 147. 127.        0.0655378562        0.0314135409
 147. 128.        0.0748934897       -0.1585817733
 147. 129.        0.1406291169       -0.2210551753
 147. 130.       -0.0565190356        0.4105983932
 147. 131.        0.1874283930        0.0313719683
 147. 132.        0.0217556940       -0.1719493532
 147. 133.       -0.2730150619       -0.2096254720
 147. 134.        0.0572607549        0.4446457047
 147. 135.        0.1768004788        0.1051575389
 147. 136.        0.2289907944        0.1264619430
 147. 137.        0.3511476384        0.2921044898
 147. 138.        0.2454736103        0.0794216159
 147. 139.       -0.3929972677        0.0374288766
 147. 140.       -0.1333649380        0.3396903765
 147. 141.       -0.3005991160       -0.1612474221
 147. 142.       -0.2770588304        0.3942704250
 147. 143.       -0.3955881495        0.3091198964
 147. 144.       -0.0100347131        0.1735130375
 147. 145.        0.4311648246        0.1280657855
 147. 146.        0.1762570886        0.1168824385
 147. 147.        0.1772827339        0.1422805329
 148.   0.       -0.1448342535        0.0000000000
 148.   1.       -0.0636701142       -0.1141574326
 148.   2.       -0.0464787761        0.3210013514
 148.   3.       -0.2380723034       -0.0726281716
 148.   4.        0.0270454536       -0.1140841093
 148.   5.        0.0108094552       -0.1059891354
 148.   6.        0.1331953915       -0.0043769047
 148.   7.        0.2350728882        0.0526307846
 148.   8.        0.0359460865       -0.0052559812
 148.   9.       -0.2507773624        0.2265615613
 148.  10.       -0.0745712820       -0.0536998673
 148.  11.       -0.2583189866       -0.1960538225
 148.  12.        0.2570241711       -0.0491886287
 148.  13.       -0.0461817344       -0.3321862154
 148.  14.        0.3633832599       -0.3025788293
 148.  15.        0.1902590888        0.2978381664
 148.  16.        0.1436354589        0.3074112703
 148.  17.       -0.0940395340        0.1109951449
 148.  18.       -0.1782740836        0.0173544622
 148.  19.        0.1800981260        0.2116419627
 148.  20.       -0.1547335904       -0.0915384691
 148.  21.       -0.3075186829       -0.2256657444
 148.  22.        0.1561062290       -0.2857757392
 148.  23.        0.3181086272        0.2099568424
 148.  24.        0.2652267395       -0.0098519651
 148.  25.        0.1982484115        0.4230102002
 148.  26.       -0.1057096984        0.1606406304
 148.  27.        0.0052950395        0.1668442674
 148.  28.       -0.0991639333        0.1785346507
 148.  29.        0.0250941453       -0.1220939496
 148.  30.       -0.0563750185       -0.5767126547
 148.  31.        0.2749422161        0.1295818214
 148.  32.        0.1114571663        0.0780887806
 148.  33.       -0.0813698293        0.0887933534
 148.  34.       -0.0567296415        0.3365387719
 148.  35.       -0.1014006536        0.0821443919
 148.  36.       -0.0008735144        0.1666345216
 148.  37.       -0.0522152944       -0.1423816791
 148.  38.        0.0106197997       -0.0914783148
 148.  39.       -0.0422557928        0.3442982862
 148.  40.       -0.1466865031        0.2205341828
 148.  41.        0.5404563925        0.1205357768
 148.  42.       -0.1087467708        0.2386139896
 148.  43.       -0.0587591048       -0.2337245784
 148.  44.       -0.3121095222       -0.0708525498
 148.  45.        0.0520824367        0.1890413027
 148.  46.        0.3000692034        0.0495438691
 148.  47.       -0.3693219195       -0.3363385808
 148.  48.        0.1337929981        0.0605376255
 148.  49.        0.0645027057        0.2644447981
 148.  50.       -0.0944832281        0.1793736138
 148.  51.        0.1266723494        0.0647367015
 148.  52.       -0.0626078434       -0.1063729228
 148.  53.       -0.0799054266        0.0876134994
 148.  54.       -0.0539495589        0.0999092214
 148.  55.       -0.1725133183        0.0536545256
 148.  56.       -0.0969543084       -0.1610013413
 148.  57.        0.1260120229        0.1290211926
 148.  58.       -0.0325574598       -0.1636553411
 148.  59.       -0.0804462474       -0.0995721304
 148.  60.        0.0305526360        0.2124433701
 148.  61.       -0.0932724963       -0.1455754777
 148.  62.       -0.2066973273        0.2030152598
 148.  63.       -0.1511970889        0.1854438278
 148.  64.        0.0548678912        0.0358811991
 148.  65.       -0.0237121672        0.5235700685
 148.  66.        0.3534885842        0.0242412447
 148.  67.       -0.2163517611       -0.2698125009
 148.  68.       -0.0694212864        0.2594433729
 148.  69.       -0.3430168117       -0.0064091648
 148.  70.       -0.2103782868       -0.2908025910
 148.  71.        0.0593218011       -0.1837630259
 148.  72.        0.0918564774       -0.1090685814
 148.  73.        0.1966074233        0.0683131308
 148.  74.        0.1558416074        0.3269009844
 148.  75.        0.1720003257        0.2079121977
 148.  76.        0.2312253020        0.0325363877
 148.  77.        0.3247485896        0.2750565977
 148.  78.       -0.2745675582       -0.3544763728
 148.  79.        0.0466151712        0.1559534951
 148.  80.        0.0618274362       -0.1479361000
 148.  81.       -0.1004827017       -0.4550857675
 148.  82.       -0.2217580352        0.0675645199
 148.  83.        0.1778757216       -0.2149164116
 148.  84.        0.0090789630       -0.1186181421
 148.  85.        0.3817922179       -0.0550458472
 148.  86.        0.0724057018       -0.0501543641
 148.  87.       -0.3112271895        0.0261515219
 148.  88.       -0.0021944768        0.7638322346
 148.  89.       -0.2673091251       -0.4920238456
 148.  90.       -0.1877814513       -0.1649047767
 148.  91.        0.2096359496        0.3343335483
 148.  92.        0.4602316400       -0.2435643869
 148.  93.        0.0034728720       -0.1866562747
 148.  94.        0.6814525309       -0.2951888458
 148.  95.        0.2063429368       -0.1821140989
 148.  96.       -0.2467382877        0.3512997653
 148.  97.       -0.1203104147       -0.0447196080
 148.  98.       -0.1458541630       -0.1143778092
 148.  99.        0.4136788688       -0.0174434248
 148. 100.        0.2820091614        0.0669593381
 148. 101.       -0.4312930709       -0.0875504575
 148. 102.       -0.2468182359       -0.1235535714
 148. 103.        0.1744031692       -0.3829292340
 148. 104.       -0.1925652039        0.0875118186
 148. 105.        0.3079760880        0.2605607051
 148. 106.        0.4416475595        0.0387973177
 148. 107.        0.2096887258        0.4683816993
 148. 108.        0.1297269002        0.2984992642
 148. 109.        0.4011614257        0.0365264823
 148. 110.        0.2489619824       -0.1412964266
 148. 111.       -0.3563700119       -0.0738909076
 148. 112.       -0.1563681523       -0.0362550925
 148. 113.        0.3462707329        0.2391904992
 148. 114.        0.2557926186        0.0627856887
 148. 115.       -0.2861238865        0.2556882390
 148. 116.        0.2315291030       -0.2281243210
 148. 117.       -0.0449248432        0.1709675417
 148. 118.        0.0707259645       -0.2509312939
 148. 119.        0.3958989296       -0.0004671420
 148. 120.       -0.1260494966        0.2692174541
 148. 121.       -0.5219963469       -0.6504845806
 148. 122.        0.0804315239       -0.2189809610
 148. 123.       -0.1076001446        0.3718584897
 148. 124.        0.3542550816        0.3353843821
 148. 125.        0.0448192850       -0.0116367046
 148. 126.       -0.0624205021        0.1755000325
 148. 127.       -0.0377516081       -0.3237713131
 148. 128.        0.5377071516        0.1972789251
 148. 129.       -0.6458925643        0.3495859967
 148. 130.        0.0889697590        0.3096962895
 148. 131.       -0.1913261152       -0.0083882712
 148. 132.       -0.1344439126        0.0124811121
 148. 133.       -0.1277089648       -0.0498542710
 148. 134.        0.1141466423       -0.0163892878
 148. 135.        0.0762033366        0.1110066064
 148. 136.        0.4225891991        0.3695597711
 148. 137.        0.1856686942       -0.1788759961
 148. 138.       -0.1407509801        0.0839238522
 148. 139.        0.3096744064        0.4042155508
 148. 140.        0.1989689755       -0.0809437614
 148. 141.       -0.5147121097       -0.4378738330
 148. 142.       -0.0641714376       -0.2172762663
 148. 143.        0.1771362859       -0.3317938397
 148. 144.       -0.1597146206       -0.3223541528
 148. 145.       -0.0755682551       -0.6695450006
 148. 146.       -0.6698802891       -0.3396160629
 148. 147.       -0.1279688984        0.0342849151
 148. 148.       -0.1977100534        0.0516060519
 149.   0.       -0.3448129734        0.0000000000
 149.   1.        0.0026472221       -0.1525219224
 149.   2.       -0.2958834753       -0.1536273530
 149.   3.       -0.1077879253        0.1759814869
 149.   4.        0.3015443628       -0.1375710614
 149.   5.       -0.1452752058        0.0597240791
 149.   6.        0.0172098670        0.3569768070
 149.   7.       -0.1819018749        0.1813468963
 149.   8.       -0.0848603425        0.0399906163
 149.   9.       -0.1160505849       -0.0386341159
 149.  10.       -0.0966730342       -0.0542126695
 149.  11.        0.1346281443       -0.3351636023
 149.  12.        0.2703477181       -0.0012925249
 149.  13.        0.1342009516        0.3174251329
 149.  14.       -0.0798599460        0.1395467504
 149.  15.       -0.1035519768        0.2360310077
 149.  16.       -0.0706387860        0.2673208426
 149.  17.       -0.2829859228        0.1236214903
 149.  18.       -0.0122615708       -0.1944721243
 149.  19.        0.1640496791       -0.1882351514
 149.  20.        0.1067562146        0.3465771569
 149.  21.        0.5114597624        0.0994690670
 149.  22.        0.2011969878        0.0686162809
 149.  23.        0.0815978259        0.0763576828
 149.  24.       -0.2017355245       -0.0700852598
 149.  25.       -0.4514429212        0.0281925136
 149.  26.       -0.0103802534       -0.1019894038
 149.  27.       -0.1920126358       -0.5861564963
 149.  28.       -0.0846181661        0.2237793075
 149.  29.        0.2694649635        0.0262026725
 149.  30.       -0.0652352326        0.0702861261
 149.  31.        0.1393763385        0.3245842930
 149.  32.        0.2485380878        0.0249824705
 149.  33.       -0.0113183167        0.0256122863
 149.  34.        0.2723812544       -0.0861007010
 149.  35.       -0.4813651889       -0.1182534782
 149.  36.       -0.1792181203       -0.1550551908
 149.  37.        0.1693843263        0.0350365864
 149.  38.       -0.1429123251        0.0701086853
 149.  39.        0.2047151980        0.1975054092
 149.  40.       -0.2918366970        0.1870761256
 149.  41.       -0.2815259350       -0.1958595464
 149.  42.        0.0652904682        0.2540578629
 149.  43.        0.0415782693       -0.2861875658
 149.  44.        0.0180704641       -0.0881542916
 149.  45.       -0.0388905756        0.1051457277
 149.  46.       -0.0817805305       -0.3063548718
 149.  47.        0.1529629882       -0.2263043428
 149.  48.        0.1975518959       -0.1825526666
 149.  49.        0.0779618678        0.0213064988
 149.  50.       -0.2432553178        0.1102120073
 149.  51.        0.4299608950       -0.0515021771
 149.  52.       -0.2460230026       -0.0939797190
 149.  53.       -0.1139055913       -0.0378078099
 149.  54.       -0.0343159151       -0.0623385189
 149.  55.       -0.1661783348       -0.1347299734
 149.  56.       -0.1873181551        0.1096664964
 149.  57.        0.1736997449       -0.1691380053
 149.  58.       -0.0144974361       -0.0897240025
 149.  59.       -0.1772469147       -0.3211384266
 149.  60.       -0.0818848787        0.1228431878
 149.  61.       -0.1623621197        0.1539435097
 149.  62.        0.1564686298        0.2673434330
 149.  63.       -0.0077176121        0.2484683329
 149.  64.       -0.1748395788       -0.3172142210
 149.  65.        0.1191260952       -0.0829670567
 149.  66.       -0.1441385348       -0.0277727268
 149.  67.       -0.0532614580       -0.1075425272
 149.  68.        0.2345740459       -0.1592795869
 149.  69.       -0.2909139077        0.0887772798
 149.  70.       -0.1884508524       -0.2461398058
 149.  71.        0.3279708277       -0.0177558996
 149.  72.       -0.0514487842       -0.1362157761
 149.  73.        0.0127831895       -0.0163236945
 149.  74.        0.0612909978        0.3098509661
 149.  75.       -0.3972891286       -0.0030929616
 149.  76.        0.2635521638        0.2106239010
 149.  77.       -0.0780282478       -0.0350397408
 149.  78.       -0.1565164215       -0.1087098731
 149.  79.       -0.1605478787       -0.3287432225
 149.  80.        0.1699200492       -0.3320927852
 149.  81.       -0.0354254181       -0.2187224628
 149.  82.        0.1303515341        0.4480175435
 149.  83.       -0.1954270282        0.1776312580
 149.  84.       -0.0127375987       -0.1631777141
 149.  85.       -0.3229650221        0.0876374678
 149.  86.       -0.5270794225        0.0591138976
 149.  87.       -0.0549598476       -0.5310916517
 149.  88.       -0.0609726778       -0.5351102994
 149.  89.       -0.3209804024       -0.1108106916
 149.  90.        0.0930988667       -0.2700868167
 149.  91.        0.3616883763       -0.2803196505
 149.  92.        0.1636850497        0.3959609280
 149.  93.       -0.1305786967        0.0423495972
 149.  94.        0.1441729650        0.0202126899
 149.  95.       -0.1628324686        0.7864542413
 149.  96.       -0.1682120479        0.3908378261
 149.  97.       -0.1511357260       -0.1274598070
 149.  98.       -0.0317959349        0.0440741556
 149.  99.       -0.1258930988       -0.5338314522
 149. 100.        0.4171871713       -0.0533367924
 149. 101.        0.0487255538       -0.1478685102
 149. 102.        0.1842829232       -0.1133072301
 149. 103.       -0.1290510478        0.2434072683
 149. 104.       -0.1078417622        0.2508890876
 149. 105.       -0.2006938412        0.1217225784
 149. 106.       -0.2042050604        0.1015356459
 149. 107.        0.0376339276       -0.0679145521
 149. 108.       -0.5549724208       -0.3250484937
 149. 109.       -0.2639408011        0.2081595429
 149. 110.       -0.2263122643       -0.0960205628
 149. 111.       -0.1601994458       -0.1302286276
 149. 112.       -0.3399736313       -0.4724042456
 149. 113.        0.1898888774        0.1704495739
 149. 114.       -0.1794864093        0.1299016758
 149. 115.       -0.0516258573        0.4760025208
 149. 116.        0.6557238879       -0.0808515857
 149. 117.        0.3057713222        0.4633559272
 149. 118.       -0.4097772827        0.3827892681
 149. 119.        0.3687155851       -0.0887468599
 149. 120.        0.1674637293       -0.0820993869
 149. 121.       -0.2013207277       -0.2704733027
 149. 122.       -0.0768068609       -0.2018420459
 149. 123.        0.1442913807        0.0425608344
 149. 124.       -0.2633890740        0.0608692380
 149. 125.       -0.0062918951        0.0414634084
 149. 126.       -0.1087362910       -0.5955215978
 149. 127.       -0.4290443308        0.0078598331
 149. 128.        0.1638298156        0.2348035405
 149. 129.       -0.1183230877        0.3831863968
 149. 130.       -0.4579990938       -0.5864499700
 149. 131.       -0.3603953325        0.4775401475
 149. 132.        0.2482736967       -0.1572116466
 149. 133.       -0.0212684440       -0.1258480808
 149. 134.        0.0421702668        0.0960496600
 149. 135.        0.3329220511        0.2363045744
 149. 136.        0.1160771817       -0.2593872672
 149. 137.       -0.0748207729        0.3832718055
 149. 138.       -0.2103803312        0.1218516108
 149. 139.       -0.3050138043       -0.0311494312
 149. 140.       -0.1368571286        0.3459233385
 149. 141.        0.6578028464        0.2434697309
 149. 142.        0.1366551226        0.0034805218
 149. 143.        0.1634588711        0.0841249674
 149. 144.        0.0178104081       -0.0062367404
 149. 145.       -0.2591224228        0.3521464113
 149. 146.        0.3351150430        0.1706474605
 149. 147.        0.2049032806       -0.6531206259
 149. 148.       -0.0288614314       -0.0842225554
 149. 149.       -0.4069353825       -0.2766465809
 150.   0.        0.1125330241        0.0000000000
 150.   1.        0.0088868447        0.0075848074
 150.   2.        0.1289725953       -0.0147429012
 150.   3.       -0.0808710366        0.1743445277
 150.   4.       -0.0687051682        0.1385904003
 150.   5.        0.0522955208       -0.1007525961
 150.   6.       -0.3113013767        0.0198701259
 150.   7.       -0.0606938459       -0.1671779446
 150.   8.        0.2402284917       -0.0690015248
 150.   9.        0.3244111771       -0.3583368627
 150.  10.        0.3620763213        0.1634694321
 150.  11.       -0.0306695138        0.1635992720
 150.  12.       -0.3135043238        0.0650164958
 150.  13.       -0.1514768018        0.3959241931
 150.  14.       -0.3620281015        0.2136988301
 150.  15.       -0.1876014197       -0.3928473607
 150.  16.        0.1141248796       -0.1548901030
 150.  17.        0.0576771132        0.0346891429
 150.  18.        0.1787316683       -0.1334385629
 150.  19.        0.0232136458       -0.0738586410
 150.  20.        0.2412318520       -0.0207260412
 150.  21.       -0.2046707310        0.2140785899
 150.  22.       -0.3362088061        0.0380426456
 150.  23.       -0.2608146273       -0.4444075572
 150.  24.       -0.2701542260       -0.0951005302
 150.  25.       -0.2275388464       -0.4700221580
 150.  26.        0.1958256496       -0.1206216774
 150.  27.       -0.1011745758        0.1689103923
 150.  28.        0.1396125953        0.1556678365
 150.  29.        0.0052650086       -0.0517385644
 150.  30.       -0.0436199134        0.5756864507
 150.  31.        0.1944959232       -0.0505412155
 150.  32.       -0.2541710456        0.0482410369
 150.  33.       -0.0478298236        0.0207025521
 150.  34.        0.2355002760       -0.2982264223
 150.  35.        0.1039340494        0.0345777630
 150.  36.        0.0151269267       -0.0655217041
 150.  37.        0.0901394274        0.1602810489
 150.  38.       -0.1060157344        0.1782524890
 150.  39.        0.3522554810       -0.1618904199
 150.  40.       -0.1845492178       -0.1030386206
 150.  41.       -0.5068865113       -0.0973076490
 150.  42.       -0.0066147090       -0.1474305429
 150.  43.        0.1083476274        0.5242723750
 150.  44.        0.4607184630       -0.0390191857
 150.  45.       -0.2120801306       -0.3334740117
 150.  46.       -0.0470664934        0.1429685153
 150.  47.       -0.0352223107        0.0330812957
 150.  48.       -0.0415780891        0.0550944594
 150.  49.        0.0413455083       -0.0818892379
 150.  50.       -0.0410233063       -0.0708614547
 150.  51.       -0.2928707360       -0.2444346609
 150.  52.        0.0162889112       -0.0078325073
 150.  53.       -0.0165609483        0.1496730723
 150.  54.       -0.2140445313        0.0636126570
 150.  55.        0.0440186335       -0.1323165879
 150.  56.       -0.2022007502        0.2300628142
 150.  57.        0.0541797595       -0.4289054449
 150.  58.        0.4797806484        0.5210941499
 150.  59.        0.1605990514       -0.1691329173
 150.  60.        0.2390000511       -0.0552877681
 150.  61.        0.1186200053       -0.1370870656
 150.  62.       -0.2576981863        0.0399077366
 150.  63.        0.0374987559       -0.1696731051
 150.  64.       -0.4020686086        0.4224034198
 150.  65.       -0.0251369638       -0.2136754449
 150.  66.        0.2128652760        0.1495353571
 150.  67.        0.0139497501        0.1478888485
 150.  68.       -0.1672401366       -0.5142347285
 150.  69.        0.0470457852        0.2555340212
 150.  70.        0.3248833099       -0.0166427533
 150.  71.       -0.2372965290        0.0047133738
 150.  72.        0.1197342220        0.4840928834
 150.  73.        0.0832631157       -0.2668693757
 150.  74.       -0.2439184665       -0.0870021598
 150.  75.       -0.0527021661       -0.1611396123
 150.  76.        0.0082726216       -0.2431138945
 150.  77.        0.1483248113        0.1265693874
 150.  78.       -0.0185466224        0.2650998101
 150.  79.        0.5486140156       -0.1328325455
 150.  80.       -0.3307141661       -0.0217680356
 150.  81.        0.0024744282        0.0834560393
 150.  82.       -0.4184000672       -0.3791636723
 150.  83.       -0.0902368170        0.1732270153
 150.  84.       -0.0125891691        0.0171784849
 150.  85.       -0.0716559856        0.0810617805
 150.  86.       -0.3138750707        0.1174186486
 150.  87.        0.2721638850        0.1766491677
 150.  88.        0.4378015530       -0.2120250867
 150.  89.        0.3730248845        0.1936556113
 150.  90.        0.1654151774       -0.0102725999
 150.  91.       -0.0524351492       -0.0280882806
 150.  92.       -0.3892615343        0.3009894855
 150.  93.       -0.3479605423       -0.2827227672
 150.  94.       -0.2719233292       -0.1647604492
 150.  95.        0.1610914439        0.2008628982
 150.  96.       -0.1168671025       -0.2933917920
 150.  97.        0.1086482708        0.1195924043
 150.  98.        0.3782449329       -0.0804650955
 150.  99.       -0.1853577710       -0.5004904110
 150. 100.        0.0019000051        0.2251339689
 150. 101.        0.3369941424       -0.0381698581
 150. 102.       -0.6038318714       -0.1678260760
 150. 103.       -0.3793806450       -0.1943995087
 150. 104.       -0.0652807235       -0.1794581249
 150. 105.       -0.4694420407       -0.4009196266
 150. 106.       -0.0604561715       -0.1162874416
 150. 107.        0.3953434586       -0.2220666488
 150. 108.       -0.5650802791        0.0577445138
 150. 109.       -0.0168818722        0.0813937477
 150. 110.        0.1709184742        0.0417637466
 150. 111.        0.2938765665        0.2935345548
 150. 112.        0.0317199497       -0.1678376005
 150. 113.        0.0027221260       -0.2389603242
 150. 114.        0.1624434205        0.1180300249
 150. 115.        0.2707721554       -0.0505879994
 150. 116.        0.0059399989        0.2102718143
 150. 117.        0.1252773477       -0.2963023040
 150. 118.       -0.1079680124        0.4070891129
 150. 119.       -0.5213695265       -0.0404186869
 150. 120.        0.1208109420       -0.3645456788
 150. 121.       -0.2970465363       -0.0384190498
 150. 122.        0.2954406451        0.2920271475
 150. 123.        0.4521730795        0.0123890938
 150. 124.       -0.3177222134        0.1174930318
 150. 125.        0.2587499103       -0.1312901796
 150. 126.       -0.2078733221        0.2732934027
 150. 127.        0.1567836113       -0.0369890814
 150. 128.        0.5626095435       -0.1807668944
 150. 129.        0.0772544441        0.0836783884
 150. 130.        0.1232505208        0.0399621245
 150. 131.       -0.0435401345        0.0142131238
 150. 132.       -0.0481448742       -0.1511313761
 150. 133.       -0.3264577502        0.0199483146
 150. 134.        0.2814685056       -0.2224809262
 150. 135.       -0.0878788378       -0.1876583235
 150. 136.       -0.0993355711        0.1749860417
 150. 137.       -0.2469430504        0.1108604893
 150. 138.       -0.2206311060        0.0722807682
 150. 139.       -0.6219228992       -0.2188254770
 150. 140.       -0.1213056362        0.8047422445
 150. 141.        0.1000161954       -0.0765914118
 150. 142.        0.0207259635       -0.0079562167
 150. 143.        0.1536838476        0.2696224495
 150. 144.        0.3496074730       -0.1216094406
 150. 145.       -0.3568185187       -0.2059055397
 150. 146.       -1.1226674213        0.0133551858
 150. 147.       -0.3572187174        0.0832263538
 150. 148.       -0.0233613031        0.1990146003
 150. 149.        0.2439374831        0.1581063314
 150. 150.       -0.1447317141        0.1994576296
 151.   0.        0.2233589979        0.0000000000
 151.   1.       -0.0809160980        0.3013431087
 151.   2.        0.1809434664        0.1174073011
 151.   3.        0.1783256045       -0.0164853297
 151.   4.       -0.1403234007        0.0918351839
 151.   5.       -0.0223085008       -0.2005359406
 151.   6.        0.2547789745       -0.1432431961
 151.   7.        0.0139298495       -0.0893286991
 151.   8.        0.2868111751       -0.1155596496
 151.   9.       -0.2291540799        0.1017383062
 151.  10.        0.1101724107        0.0666015946
 151.  11.       -0.1621348255        0.2112270998
 151.  12.       -0.2968184270       -0.1948671253
 151.  13.       -0.1357205883       -0.2173473983
 151.  14.        0.1074168585       -0.3198723755
 151.  15.        0.2168803822        0.0185789601
 151.  16.        0.1365045494       -0.0549722606
 151.  17.        0.1501925869       -0.0688302264
 151.  18.        0.0131061903        0.0667320839
 151.  19.       -0.0672171276        0.3372404660
 151.  20.       -0.1635903055        0.0400253047
 151.  21.       -0.4418454637       -0.1572033718
 151.  22.        0.0195347598       -0.0577104376
 151.  23.        0.0407362428       -0.3031734593
 151.  24.        0.3714472662       -0.0536787143
 151.  25.        0.3700008284       -0.3172067561
 151.  26.       -0.2965834501        0.1021230092
 151.  27.        0.1886746553        0.4114095647
 151.  28.       -0.2452688913       -0.2364377077
 151.  29.       -0.4158862315        0.1681866442
 151.  30.        0.1937444218       -0.2511939710
 151.  31.       -0.1384177004       -0.3187429024
 151.  32.        0.2245830405       -0.0424172841
 151.  33.        0.0547077676        0.0653893970
 151.  34.       -0.0803631029        0.1774679587
 151.  35.        0.3459373884       -0.0137682833
 151.  36.       -0.0164445389       -0.0080524460
 151.  37.       -0.0950150713        0.0531591348
 151.  38.       -0.1223614362        0.1798235459
 151.  39.        0.0104490193       -0.2349377531
 151.  40.        0.3128839886       -0.0538265804
 151.  41.        0.1804780150       -0.2191526782
 151.  42.       -0.2282192232        0.0072258709
 151.  43.       -0.1746299168        0.4476828005
 151.  44.        0.1846086993        0.0061498934
 151.  45.        0.0440348419       -0.1355426483
 151.  46.        0.1520979935        0.0001719564
 151.  47.       -0.2793553080       -0.0662825608
 151.  48.        0.1127042172        0.0250779923
 151.  49.        0.0792159151       -0.0214307323
 151.  50.       -0.0022395755       -0.1826752652
 151.  51.       -0.1468546487        0.1278172380
 151.  52.        0.0181546789       -0.0573581379
 151.  53.        0.2286941780        0.1762821607
 151.  54.       -0.0572170020       -0.2533749846
 151.  55.        0.1439670491        0.0197944531
 151.  56.        0.2136882237       -0.1221782412
 151.  57.       -0.1542018906        0.1812639133
 151.  58.        0.2067543324       -0.0492947216
 151.  59.       -0.0458345479        0.2965359358
 151.  60.       -0.1645633714        0.1295674889
 151.  61.        0.3641522946       -0.1274246081
 151.  62.       -0.0436999177       -0.1905331049
 151.  63.       -0.2397990849       -0.0460205710
 151.  64.       -0.1365186406       -0.1892497972
 151.  65.        0.0436940877        0.1826692619
 151.  66.        0.1819848096        0.0625983250
 151.  67.        0.3082458184        0.3544205842
 151.  68.       -0.1843584563        0.0182370649
 151.  69.        0.0504027526       -0.1885408422
 151.  70.       -0.1741821977        0.2015509620
 151.  71.       -0.2630282668       -0.1461590951
 151.  72.        0.0859143293       -0.0483660409
 151.  73.       -0.0130822550       -0.1269663743
 151.  74.        0.2720271281       -0.3199507808
 151.  75.        0.3052567567        0.0248733428
 151.  76.        0.0870853141       -0.0450162177
 151.  77.        0.3024900024        0.3190960284
 151.  78.        0.3541790209        0.1217831395
 151.  79.       -0.2535198407       -0.0108974150
 151.  80.       -0.0885273549        0.0912057003
 151.  81.       -0.1298370262       -0.0157245483
 151.  82.       -0.3077960722       -0.3228108542
 151.  83.        0.1276925513       -0.0741187511
 151.  84.       -0.1560286570        0.0181466279
 151.  85.        0.0136470229       -0.0649952301
 151.  86.        0.4627996365        0.1387767851
 151.  87.       -0.1661209900        0.3300738169
 151.  88.       -0.0091633433        0.2726011149
 151.  89.       -0.2531778370        0.4216129809
 151.  90.       -0.2897806905        0.4289150082
 151.  91.       -0.0200882148        0.2638772647
 151.  92.        0.0496796181       -0.2718931903
 151.  93.        0.0066691132       -0.2159406025
 151.  94.        0.0214433106       -0.3365670478
 151.  95.        0.2522025693       -0.4756738794
 151.  96.        0.0272150103        0.1109661171
 151.  97.        0.5069449173        0.4550330005
 151.  98.        0.1526164247       -0.0734001233
 151.  99.       -0.1836198614        0.2151187828
 151. 100.       -0.0686090358       -0.0271502700
 151. 101.       -0.5912532303       -0.0270992816
 151. 102.       -0.1937705483        0.3908293905
 151. 103.        0.0042394615       -0.4916020430
 151. 104.        0.1575127922       -0.3714287517
 151. 105.       -0.4545258868       -0.0723695947
 151. 106.        0.2982144017       -0.4001842334
 151. 107.       -0.0314421796        0.0569636418
 151. 108.        0.0984361808        0.5017744554
 151. 109.        0.3072950951       -0.2095362652
 151. 110.        0.0052263562        0.1253163304
 151. 111.       -0.1169972860       -0.1206757009
 151. 112.        0.3703232946       -0.3222255870
 151. 113.        0.2151048879       -0.1540938515
 151. 114.        0.4020980945       -0.1613932515
 151. 115.        0.4847416723       -0.2125070059
 151. 116.       -0.0562609574       -0.0962655936
 151. 117.        0.3404094440       -0.0636589514
 151. 118.       -0.1608461169       -0.0669723938
 151. 119.       -0.2297247259        0.1845944796
 151. 120.       -0.3194057621        0.2758712355
 151. 121.        0.2069412356        0.0947975481
 151. 122.       -0.2736296913       -0.1791893402
 151. 123.       -0.2571068390        0.1406454877
 151. 124.       -0.0379550884        0.2560640307
 151. 125.        0.1221761055       -0.0443047605
 151. 126.       -0.1056958393       -0.1485665325
 151. 127.       -0.0736682200        0.0484085501
 151. 128.       -0.2557878984       -0.1821427342
 151. 129.       -0.1770779870        0.3632648443
 151. 130.       -0.2698107494       -0.2849556719
 151. 131.       -0.2307712500       -0.0880744438
 151. 132.        0.0593430165       -0.0352940863
 151. 133.        0.2430855667       -0.1515431436
 151. 134.       -0.0520290666       -0.1538966846
 151. 135.       -0.0967796820       -0.0852568863
 151. 136.       -0.1443950350        0.1401726217
 151. 137.       -0.1723191427       -0.2130238791
 151. 138.       -0.2086286338       -0.2107094339
 151. 139.       -0.5740762640        0.1465760389
 151. 140.        0.4545254940        0.1613339813
 151. 141.       -0.0831175257       -0.3585855685
 151. 142.        0.1733300383        0.2120725143
 151. 143.        0.6070229902        0.1174953025
 151. 144.       -0.1415204821       -0.1720756430
 151. 145.       -0.0283852315        0.3993882720
 151. 146.        0.1386609229       -0.0154567447
 151. 147.        0.0850330220       -0.2379699314
 151. 148.        0.3377674372       -0.1954278282
 151. 149.       -0.3832928136       -0.0983227058
 151. 150.        0.3783112600        0.1148514708
 151. 151.        0.2921600775       -0.0650399534
 152.   0.       -0.1229904753        0.0000000000
 152.   1.        0.0687460360       -0.0546906910
 152.   2.       -0.1019187214       -0.4848525013
 152.   3.        0.0438439983       -0.4188938917
 152.   4.        0.1192308032        0.0416493948
 152.   5.        0.2040867404        0.1946488739
 152.   6.        0.1347986319        0.0983152873
 152.   7.       -0.1093042475        0.2263397024
 152.   8.       -0.1969661103        0.2464845632
 152.   9.       -0.2488238914        0.4239143174
 152.  10.       -0.4098958762       -0.2028277737
 152.  11.        0.0221920472       -0.0406994401
 152.  12.        0.2995367095        0.0187450450
 152.  13.        0.2454107163       -0.3698703553
 152.  14.        0.4261007945       -0.1259756229
 152.  15.        0.1485483964        0.3931302773
 152.  16.       -0.3712598463        0.1236713129
 152.  17.       -0.1219469519       -0.0046672797
 152.  18.       -0.0451095381        0.1227036858
 152.  19.       -0.2889767177       -0.0975434362
 152.  20.       -0.3390987423        0.0193065454
 152.  21.        0.5491483836       -0.0354959700
 152.  22.        0.2636637948       -0.1229448108
 152.  23.        0.0795168518        0.3436198839
 152.  24.        0.0748874603        0.2058493311
 152.  25.        0.0653678565        0.3262478657
 152.  26.       -0.0955269520        0.3208613879
 152.  27.        0.0688737594       -0.4816462116
 152.  28.       -0.2064504764       -0.4709997064
 152.  29.        0.0145056568        0.0392779339
 152.  30.        0.1427807415       -0.2990392202
 152.  31.       -0.2199345880       -0.0992618133
 152.  32.        0.1237318057       -0.0675352068
 152.  33.       -0.1532607616        0.1181108337
 152.  34.       -0.0723248000        0.1199588076
 152.  35.        0.1496016312       -0.1040419500
 152.  36.       -0.1895769626        0.2519859916
 152.  37.        0.0337677364       -0.1418818282
 152.  38.        0.3743589848       -0.0609775931
 152.  39.       -0.2872040636        0.1985927770
 152.  40.        0.2097095381       -0.0104728461
 152.  41.        0.3199980988       -0.1064261319
 152.  42.        0.0463107968       -0.0067980091
 152.  43.       -0.2838138483       -0.1958819215
 152.  44.       -0.3055526156        0.0540308342
 152.  45.        0.2446428021        0.4784623348
 152.  46.       -0.0829670990        0.0582261407
 152.  47.        0.1803132872        0.2276802960
 152.  48.       -0.2229524092       -0.0070363064
 152.  49.       -0.2510630867        0.0221368929
 152.  50.       -0.1058866866       -0.2633632764
 152.  51.        0.1913978450       -0.0101851822
 152.  52.       -0.3527437902       -0.0991304385
 152.  53.        0.2197104249        0.0146965422
 152.  54.        0.1754242650        0.1947172829
 152.  55.        0.2717456012       -0.1706335819
 152.  56.        0.0495875674        0.0242240341
 152.  57.        0.0638436815        0.1068489975
 152.  58.       -0.4817818891       -0.2360022784
 152.  59.       -0.2868314407        0.3052344405
 152.  60.       -0.0378956392        0.3652375874
 152.  61.        0.1486248261       -0.1995294097
 152.  62.        0.1721624273        0.0325645117
 152.  63.        0.2174029697        0.0896281671
 152.  64.       -0.0020064323       -0.4292709055
 152.  65.        0.2294504334        0.0022563460
 152.  66.        0.0411019795        0.2922561434
 152.  67.       -0.0262864795        0.1181892083
 152.  68.       -0.0737433791        0.2592137594
 152.  69.       -0.0355008456       -0.0401696521
 152.  70.        0.0843996093       -0.1696301845
 152.  71.        0.2494014996       -0.1367053302
 152.  72.        0.1051500556       -0.2275245925
 152.  73.        0.0423254589        0.2383654920
 152.  74.       -0.1503183721        0.1934904162
 152.  75.        0.0449260709        0.5157972735
 152.  76.       -0.2704066718        0.2914553555
 152.  77.       -0.0338516435       -0.1895974756
 152.  78.        0.3515180844       -0.1666945966
 152.  79.       -0.3342675685        0.2200890040
 152.  80.        0.0627905417       -0.5041724138
 152.  81.        0.2188028500       -0.1875437632
 152.  82.        0.2574231193        0.1110990301
 152.  83.        0.1405282232       -0.3497546494
 152.  84.       -0.2020461903        0.0446009945
 152.  85.       -0.1310570290        0.0938238899
 152.  86.        0.2946026644       -0.0834835044
 152.  87.       -0.4515417718        0.3018228452
 152.  88.        0.2829645366       -0.1007385073
 152.  89.        0.0924284428       -0.1845134825
 152.  90.        0.0246071553        0.1364846939
 152.  91.        0.3798634346        0.1207438092
 152.  92.        0.1625189965       -0.3088962200
 152.  93.        0.1497188861        0.0619641766
 152.  94.        0.0816480271       -0.1022635897
 152.  95.       -0.0653198193        0.0618830404
 152.  96.        0.1024387524        0.3844791657
 152.  97.       -0.1890227346       -0.2551529423
 152.  98.       -0.5008461358       -0.2429599730
 152.  99.       -0.0942856486        0.2714163896
 152. 100.       -0.0709512393       -0.5623067090
 152. 101.       -0.3140319469       -0.2394276038
 152. 102.       -0.0048592532       -0.0553995963
 152. 103.        0.0637525534       -0.2375278017
 152. 104.        0.4541284240        0.0550540705
 152. 105.        0.2105036424        0.3378737515
 152. 106.        0.0170350151       -0.1186657032
 152. 107.        0.1587666390        0.2688005263
 152. 108.        0.1632571932        0.2321828487
 152. 109.       -0.0215180633        0.0199477506
 152. 110.        0.0846221671       -0.1005189513
 152. 111.       -0.0181642359        0.3683602935
 152. 112.        0.0789324308       -0.4936392630
 152. 113.        0.1957601683        0.2288526438
 152. 114.       -0.0636315972       -0.0886735316
 152. 115.       -0.1662990250        0.0752050376
 152. 116.        0.2664576174        0.0896970463
 152. 117.        0.3452564481        0.2449905748
 152. 118.       -0.2349302258        0.2242970003
 152. 119.       -0.0325888160        0.3695398706
 152. 120.        0.1534100972        0.0090457956
 152. 121.        0.2228949549       -0.2358752104
 152. 122.        0.1868351190       -0.0525077532
 152. 123.       -0.0799728122       -0.2051641588
 152. 124.        0.1360782522        0.1535752716
 152. 125.       -0.1134389552        0.2071077300
 152. 126.       -0.0120194347        0.0087411587
 152. 127.       -0.0528472806       -0.1753658778
 152. 128.       -0.5184429634        0.2637384230
 152. 129.        0.2305131225       -0.1215138577
 152. 130.       -0.2245551640       -0.1866581640
 152. 131.       -0.1745007871       -0.4362310921
 152. 132.       -0.2570670962       -0.2098773258
 152. 133.        0.1436885098       -0.3067601877
 152. 134.        0.1882951322       -0.0981156085
 152. 135.        0.0673283954        0.1847125431
 152. 136.        0.2212007882       -0.4829012787
 152. 137.        0.0492935277        0.2504107793
 152. 138.        0.0106064115        0.3358322129
 152. 139.        0.1368274187       -0.1133951451
 152. 140.       -0.0444753761       -0.0554561932
 152. 141.        0.3447722518        0.4427451403
 152. 142.       -0.1529789857        0.3501775510
 152. 143.       -0.4772419825        0.0187870781
 152. 144.       -0.0775703231        0.1213744546
 152. 145.        0.0509679386        0.1086415200
 152. 146.       -0.0248387851       -0.3158317027
 152. 147.       -0.2346054108        0.2215427060
 152. 148.       -0.0640971254        0.1559794535
 152. 149.        0.1039663674        0.1871604918
 152. 150.       -0.1892712954        0.0270276290
 152. 151.        0.2149516515       -0.1297112183
 152. 152.       -0.2265141904       -0.0691195167
 153.   0.       -0.0951605456        0.0000000000
 153.   1.        0.2479061398       -0.1111730048
 153.   2.        0.0413381554       -0.1189674508
 153.   3.        0.0054285140        0.0331183369
 153.   4.       -0.0867522824        0.1745637653
 153.   5.        0.1795465359        0.1838848261
 153.   6.       -0.2630940658       -0.1104743810
 153.   7.       -0.3740620048       -0.2130238526
 153.   8.       -0.2852347867       -0.0714430473
 153.   9.        0.3157816273       -0.1483746490
 153.  10.        0.2622514994       -0.3546587333
 153.  11.        0.2228500034       -0.1492533559
 153.  12.        0.1194236208        0.0963856312
 153.  13.       -0.0634869946       -0.0636887296
 153.  14.       -0.2030836690        0.5946010024
 153.  15.       -0.2529222872       -0.0958516413
 153.  16.       -0.1811924461       -0.1708474799
 153.  17.       -0.1334838045       -0.2304955001
 153.  18.        0.1351491261       -0.2096863189
 153.  19.       -0.1416187100       -0.2117631904
 153.  20.        0.3267097444       -0.1434237180
 153.  21.        0.2745190499        0.2641957181
 153.  22.       -0.2636913927        0.2335849115
 153.  23.        0.0404844432        0.4091258771
 153.  24.       -0.4336234183        0.0808315719
 153.  25.        0.1467739276        0.4932033144
 153.  26.        0.1552906019       -0.2553474926
 153.  27.       -0.0968017305       -0.0664973804
 153.  28.        0.0823494391        0.2024779213
 153.  29.        0.1842122344       -0.1430203102
 153.  30.       -0.2053573223        0.0692149680
 153.  31.        0.0065654562        0.0813807653
 153.  32.       -0.5268671615        0.2068996101
 153.  33.       -0.1008725203        0.0029706659
 153.  34.       -0.1767788004       -0.2264254014
 153.  35.       -0.2101660293        0.0537564160
 153.  36.        0.0408488428        0.2335150223
 153.  37.       -0.0952815960       -0.4636216311
 153.  38.        0.2350292787       -0.1227558440
 153.  39.        0.0837288588        0.2944175045
 153.  40.       -0.1725093148       -0.1601269178
 153.  41.       -0.1913871194        0.4690551307
 153.  42.        0.2431351051        0.1454817212
 153.  43.        0.0024438689       -0.2193341009
 153.  44.       -0.4191557925        0.0142881995
 153.  45.       -0.1231981796       -0.0043206248
 153.  46.       -0.2067986479        0.0870959540
 153.  47.        0.1208533648        0.2283219746
 153.  48.       -0.0487329292        0.1561342550
 153.  49.       -0.1607945214        0.0572787306
 153.  50.       -0.1067484400        0.0249570111
 153.  51.        0.1992846443       -0.0558354893
 153.  52.        0.0327331344        0.1108739501
 153.  53.       -0.0600442879       -0.1522369960
 153.  54.        0.1914802446        0.0004749380
 153.  55.       -0.0815442262        0.2768354835
 153.  56.       -0.1386105497       -0.2180565212
 153.  57.       -0.2753170047        0.1080071786
 153.  58.       -0.1213951570        0.0571578233
 153.  59.       -0.1049254395       -0.2089328491
 153.  60.       -0.1399628113       -0.1724730405
 153.  61.       -0.2249782768        0.1470739104
 153.  62.        0.0090671638        0.0566214549
 153.  63.        0.0544011948        0.1736297463
 153.  64.        0.2950374189        0.3565930631
 153.  65.       -0.2499884073       -0.1610607110
 153.  66.       -0.0865583043       -0.1171691420
 153.  67.       -0.2337024149       -0.3116354844
 153.  68.       -0.1943886903       -0.1924331915
 153.  69.        0.0244035069       -0.2644953442
 153.  70.        0.1722305401       -0.1187171198
 153.  71.       -0.1144466250        0.1825144611
 153.  72.        0.0249671158       -0.0713999692
 153.  73.       -0.2039957136        0.0983518215
 153.  74.       -0.1426085763        0.0138489328
 153.  75.       -0.4535826174        0.0359385956
 153.  76.       -0.1927755835       -0.2817069396
 153.  77.       -0.1045112776       -0.2732815953
 153.  78.       -0.1849253862       -0.2618880480
 153.  79.        0.0741770568        0.2413522411
 153.  80.       -0.0525650165       -0.0511768164
 153.  81.       -0.0888085244        0.2108768998
 153.  82.        0.2554108314        0.0337455498
 153.  83.       -0.3076061905       -0.0122235045
 153.  84.        0.0447560985        0.0906268895
 153.  85.        0.0923937853       -0.1033572065
 153.  86.       -0.1079217592        0.1707887089
 153.  87.        0.1170236127       -0.0412223218
 153.  88.       -0.0595002818        0.1443667003
 153.  89.        0.3335460248       -0.0743260443
 153.  90.        0.5533642885        0.5778747717
 153.  91.        0.0282897499        0.2105189274
 153.  92.        0.1207307204        0.4516894680
 153.  93.        0.2229231199        0.4027426281
 153.  94.       -0.4636779441        0.2820124552
 153.  95.       -0.2369958165       -0.3115259761
 153.  96.       -0.0508511005       -0.0708110112
 153.  97.       -0.2665859687       -0.2999224658
 153.  98.        0.0967708210       -0.0071582513
 153.  99.        0.3136130065        0.1472684352
 153. 100.        0.1784744022       -0.0300948906
 153. 101.        0.1104026076       -0.2567792656
 153. 102.        0.4829506449       -0.3138271303
 153. 103.       -0.5726348755        0.3969683264
 153. 104.       -0.0048912915       -0.1137570899
 153. 105.       -0.1719119965       -0.0834147642
 153. 106.       -0.5976466348        0.0093489076
 153. 107.        0.4025771621       -0.4490742928
 153. 108.        0.1099629077       -0.2479892160
 153. 109.        0.0050355105        0.2440318734
 153. 110.        0.1341942860       -0.2127620144
 153. 111.        0.1538894033        0.0781371709
 153. 112.       -0.0292656716        0.2968698203
 153. 113.        0.2286217805       -0.0808562417
 153. 114.        0.0307668082       -0.1184696172
 153. 115.        0.1412653275        0.0585492623
 153. 116.        0.0397813498        0.3786923627
 153. 117.        0.2478482057       -0.1339512142
 153. 118.        0.0926073534       -0.0166292790
 153. 119.        0.1213023622        0.0581165034
 153. 120.       -0.3020978083       -0.1010343413
 153. 121.       -0.1728620200        0.0605695375
 153. 122.        0.1478128792       -0.3595560081
 153. 123.       -0.2052684292       -0.2049798623
 153. 124.       -0.1716154001       -0.1206690538
 153. 125.        0.1599781180       -0.2183885231
 153. 126.       -0.2668113741       -0.0136087049
 153. 127.       -0.0107458419        0.0619578640
 153. 128.       -0.1003986759       -0.2203413288
 153. 129.       -0.2821928318       -0.2045516487
 153. 130.        0.3066115929        0.0545449820
 153. 131.        0.1410625228       -0.0945145546
 153. 132.       -0.1731008702       -0.5410052745
 153. 133.       -0.3017114815       -0.2111342245
 153. 134.        0.0897944516        0.2512915395
 153. 135.        0.4252207066        0.2618477786
 153. 136.        0.3902415947        0.0368629247
 153. 137.        0.2037321853        0.3944710310
 153. 138.       -0.0419153740       -0.2509469129
 153. 139.       -0.0869732758       -0.1228435801
 153. 140.        0.1895544310        0.0486005838
 153. 141.       -0.1117651420        0.1749177287
 153. 142.        0.1021969383       -0.1829498860
 153. 143.       -0.3008359937       -0.0383558566
 153. 144.       -0.0423521496       -0.0388357611
 153. 145.        0.3559992821       -0.2150655325
 153. 146.       -0.3147012746       -0.2822386099
 153. 147.        0.2845121070       -0.1380106094
 153. 148.        0.2250893955        0.2277071344
 153. 149.       -0.1747488761       -0.2435352022
 153. 150.       -0.2844069171        0.0661110697
 153. 151.        0.0289637229        0.0570828856
 153. 152.       -0.1750566907        0.0956876050
 153. 153.        0.0586352733       -0.2840759434
 154.   0.        0.1141666912        0.0000000000
 154.   1.       -0.1699421655        0.1000938312
 154.   2.        0.0739504474        0.4253805300
 154.   3.        0.1151280396        0.1854764367
 154.   4.       -0.2504606785       -0.0055646600
 154.   5.       -0.3119800144        0.1105390968
 154.   6.        0.0180954745       -0.1868311352
 154.   7.        0.2013534956       -0.1204753358
 154.   8.        0.1317306554       -0.2115347736
 154.   9.        0.0862425252       -0.2370010327
 154.  10.        0.1372593445        0.3759898298
 154.  11.        0.0719467960       -0.0668341903
 154.  12.       -0.3419114438        0.1250028604
 154.  13.       -0.4275076506        0.1168401487
 154.  14.       -0.2567251874       -0.0954538378
 154.  15.        0.2053207389       -0.2697568802
 154.  16.        0.1821868289       -0.1712797154
 154.  17.        0.2232490992        0.1113541816
 154.  18.        0.0197508941       -0.0968440586
 154.  19.        0.2803153502        0.1179560530
 154.  20.        0.3221280653        0.0151315885
 154.  21.       -0.3905993020        0.0129017188
 154.  22.       -0.2252634218        0.2559535444
 154.  23.       -0.0118792470       -0.4057641378
 154.  24.       -0.1967115856       -0.0633065162
 154.  25.        0.2053605557       -0.2826854210
 154.  26.        0.2198041525       -0.2916697759
 154.  27.       -0.1644235655        0.3819135956
 154.  28.        0.0681496449        0.3436917418
 154.  29.       -0.1548049831        0.2145934099
 154.  30.        0.1923672239        0.1397058891
 154.  31.        0.1819620845       -0.2179369216
 154.  32.       -0.1875524160       -0.3577586625
 154.  33.        0.2250478130       -0.0054108866
 154.  34.        0.1662786240       -0.1512124548
 154.  35.        0.0862339497        0.0365307488
 154.  36.        0.1597574910       -0.3725773304
 154.  37.       -0.2774629979        0.1830069490
 154.  38.       -0.3736813349        0.1465295095
 154.  39.        0.0682373554        0.0912275237
 154.  40.       -0.1668471371       -0.1226909358
 154.  41.        0.1039628060        0.1801839705
 154.  42.        0.0677565158       -0.0584717390
 154.  43.       -0.0465901341       -0.1198274751
 154.  44.        0.1658335487       -0.1089158424
 154.  45.       -0.0974276838       -0.2752214910
 154.  46.        0.2187706882       -0.1205848305
 154.  47.       -0.0334546880       -0.0590627060
 154.  48.        0.0442485158       -0.2936700412
 154.  49.       -0.0114290086        0.1020963377
 154.  50.        0.0787621421        0.3051472172
 154.  51.        0.0404859717        0.0863731072
 154.  52.        0.1704039204        0.2564838921
 154.  53.       -0.0803724259        0.0215013126
 154.  54.       -0.0892010693        0.0348632083
 154.  55.        0.1879616612        0.4127426745
 154.  56.       -0.0434311250        0.0245432267
 154.  57.        0.0166580888        0.0361729299
 154.  58.        0.1801912323       -0.0075429474
 154.  59.        0.2092594084       -0.2686052699
 154.  60.        0.1786411907        0.1537122591
 154.  61.       -0.2086979528        0.0424942721
 154.  62.       -0.3929841106       -0.2286795996
 154.  63.       -0.2407844025        0.2247087472
 154.  64.        0.0259471883       -0.1582316500
 154.  65.       -0.0941918240       -0.0504892573
 154.  66.       -0.2408989696       -0.1345151418
 154.  67.       -0.0365503587        0.0047703618
 154.  68.        0.0784400114        0.1522678954
 154.  69.        0.1565151769        0.3749064105
 154.  70.        0.1320857945        0.0380714888
 154.  71.       -0.1099496676        0.1382435567
 154.  72.       -0.2055288775       -0.0901108151
 154.  73.       -0.0407042414       -0.0750170612
 154.  74.       -0.0949373814        0.2236510426
 154.  75.       -0.1110235201       -0.3591625904
 154.  76.        0.5721246396       -0.2417473748
 154.  77.        0.1771582502        0.1424898593
 154.  78.        0.0708529491        0.3457841973
 154.  79.        0.2620043714        0.2107716090
 154.  80.        0.1194495918        0.4881851487
 154.  81.       -0.4483602043        0.1694563187
 154.  82.       -0.3933572203       -0.1263950553
 154.  83.       -0.2714154004        0.0739906615
 154.  84.       -0.0494879820       -0.4170246010
 154.  85.        0.1082381778        0.2411889680
 154.  86.       -0.0374414927        0.0592492310
 154.  87.        0.5047647627       -0.1159770252
 154.  88.       -0.2983276921       -0.0297661034
 154.  89.        0.1543596327        0.0061064233
 154.  90.        0.2154370694       -0.2335522302
 154.  91.       -0.2769705196        0.1213670079
 154.  92.        0.0232473785        0.0600933919
 154.  93.       -0.0553284295       -0.2895556936
 154.  94.       -0.0868294219        0.4454504647
 154.  95.        0.2106357598       -0.0569068728
 154.  96.        0.1435856154       -0.5122868117
 154.  97.        0.0381316272        0.2790010407
 154.  98.       -0.0351842505        0.0577972829
 154.  99.        0.2185791919       -0.0222954177
 154. 100.       -0.3788555872       -0.0305948941
 154. 101.        0.0384535805       -0.1411329262
 154. 102.       -0.4988857964       -0.2644346106
 154. 103.       -0.5237755446        0.0370766845
 154. 104.       -0.0358252326       -0.2582581517
 154. 105.        0.0236136423        0.0969148962
 154. 106.       -0.0062732574        0.1079652480
 154. 107.        0.0846231021       -0.2357078379
 154. 108.       -0.0474681684       -0.1162543775
 154. 109.       -0.1636148447        0.0020011155
 154. 110.       -0.3728138793       -0.3593878520
 154. 111.        0.1215247480        0.3624189854
 154. 112.       -0.1878477853        0.1386930699
 154. 113.       -0.2136529069        0.2021841506
 154. 114.       -0.0688230563        0.2952190898
 154. 115.        0.2807380320        0.1563980865
 154. 116.       -0.2870368681       -0.3820756883
 154. 117.       -0.3454187703       -0.2965332919
 154. 118.        0.1545299724        0.1882049996
 154. 119.       -0.2406178217        0.2612515528
 154. 120.        0.2866029346        0.1624503054
 154. 121.        0.3936430468       -0.3683428296
 154. 122.       -0.1481141119        0.1816346993
 154. 123.       -0.5005009033       -0.1788114490
 154. 124.       -0.0060345005       -0.2620616303
 154. 125.        0.0425402955       -0.1294852656
 154. 126.       -0.0180554327       -0.0549078189
 154. 127.        0.0805051429       -0.2315122270
 154. 128.        0.2359337649        0.2058801341
 154. 129.       -0.3251948076        0.2775813038
 154. 130.       -0.4872405251        0.0112093633
 154. 131.       -0.2040972146        0.0663818429
 154. 132.       -0.2179358250        0.0018549289
 154. 133.       -0.5935903964        0.2271967872
 154. 134.        0.2464248658       -0.3004884294
 154. 135.       -0.1774314481        0.1655593240
 154. 136.        0.1023655816       -0.1123317684
 154. 137.       -0.0500750466        0.0317854947
 154. 138.        0.2090898987       -0.0848819184
 154. 139.        0.2268788661       -0.2828116682
 154. 140.        0.1980877699       -0.3718765883
 154. 141.       -0.0318887500       -0.2230979824
 154. 142.        0.0489150535       -0.0179727192
 154. 143.        0.2410527126       -0.0865051323
 154. 144.        0.0343680808        0.1141300253
 154. 145.       -0.1092963289        0.2099970575
 154. 146.        0.5490582766        0.5167271341
 154. 147.        0.1451539808       -0.2788499483
 154. 148.        0.3890472513       -0.0642594630
 154. 149.       -0.0551752214       -0.1621225999
 154. 150.       -0.2781441772       -0.1440719641
 154. 151.       -0.2929076203        0.1388637630
 154. 152.        0.0909925964       -0.2259787973
 154. 153.        0.3476105761        0.0931214839
 154. 154.       -0.0872618153       -0.2886904687
 155.   0.       -0.0251393048        0.0000000000
 155.   1.       -0.1581681325       -0.0193463994
 155.   2.       -0.0060994108        0.1058733951
 155.   3.       -0.2991506881       -0.2413386567
 155.   4.       -0.0783432383       -0.2602203828
 155.   5.       -0.0907167563       -0.0906565448
 155.   6.        0.1218284474        0.1471521834
 155.   7.        0.5267224562        0.3269580285
 155.   8.        0.2671151881        0.2403030840
 155.   9.        0.0164869702       -0.0207424673
 155.  10.       -0.1488521208        0.1197434298
 155.  11.       -0.2192711198       -0.0200229685
 155.  12.        0.2174586448       -0.1718206069
 155.  13.        0.0268033149        0.0038900041
 155.  14.        0.1324959863       -0.5386009086
 155.  15.        0.1475135037       -0.0760257910
 155.  16.        0.0596750306        0.2713535746
 155.  17.        0.2887553119        0.5046458729
 155.  18.       -0.2501277460        0.1024645130
 155.  19.       -0.1359961746        0.0613439155
 155.  20.       -0.1420956132       -0.0975748369
 155.  21.       -0.0245592769       -0.1765052001
 155.  22.        0.1023499506       -0.3773757240
 155.  23.        0.0702577613       -0.2387807391
 155.  24.        0.3373517940        0.1022650632
 155.  25.       -0.0932461545       -0.1610743055
 155.  26.        0.0498813185        0.3328121463
 155.  27.        0.0954981360        0.0601272455
 155.  28.       -0.1857548354       -0.0911060860
 155.  29.       -0.2987847773       -0.1460520733
 155.  30.        0.2206147658       -0.1460220864
 155.  31.       -0.0106137830        0.0417830642
 155.  32.        0.3148154782       -0.1559325186
 155.  33.        0.1565678218       -0.2983103287
 155.  34.       -0.0072125398        0.3620560449
 155.  35.        0.0521135531       -0.0127849604
 155.  36.       -0.0729191737       -0.3774410973
 155.  37.       -0.0344298221        0.1678265630
 155.  38.       -0.0655633404       -0.1186347210
 155.  39.       -0.1582133411       -0.0712069436
 155.  40.       -0.1584071481        0.3835185987
 155.  41.        0.1392568149       -0.3037952924
 155.  42.       -0.2513231388        0.2043575991
 155.  43.        0.1618254035        0.0935108890
 155.  44.        0.2615907495       -0.0296686499
 155.  45.       -0.0154219706        0.1755860904
 155.  46.        0.1780090043       -0.3598288954
 155.  47.        0.2218338860       -0.3486304534
 155.  48.        0.0601571039       -0.0424234158
 155.  49.        0.0410030379       -0.1152503013
 155.  50.       -0.0223359361        0.1509666685
 155.  51.       -0.0853103385        0.0114400180
 155.  52.        0.2003664952       -0.1329690457
 155.  53.       -0.1687786048        0.1362462560
 155.  54.       -0.2919299805       -0.2181257437
 155.  55.        0.3398953100        0.2359330794
 155.  56.       -0.1658399119        0.3444673261
 155.  57.        0.1948486371        0.0671212284
 155.  58.       -0.1632603979       -0.2381135429
 155.  59.       -0.0156182282       -0.1953919395
 155.  60.        0.0120167404        0.0130024875
 155.  61.       -0.3224852010        0.0271220551
 155.  62.       -0.1495249651       -0.2982586732
 155.  63.        0.2701522605       -0.0855877730
 155.  64.       -0.1733632051       -0.2042359409
 155.  65.        0.1872252763        0.3160300665
 155.  66.        0.1254140565        0.1993521056
 155.  67.       -0.0331679563        0.2018830398
 155.  68.       -0.0977209320        0.0208494660
 155.  69.        0.1767100682        0.3291917369
 155.  70.       -0.2574201910       -0.3802096099
 155.  71.        0.2013729965       -0.1218173395
 155.  72.        0.0706869064       -0.3010269540
 155.  73.        0.0051620073       -0.1281266708
 155.  74.        0.0363263069       -0.0757996066
 155.  75.       -0.0270383980        0.1213708889
 155.  76.        0.0678310195        0.2478345775
 155.  77.        0.2156122762        0.3115026754
 155.  78.       -0.0505106070       -0.2672055170
 155.  79.        0.1036339664       -0.0789919144
 155.  80.       -0.0102544284        0.3743213497
 155.  81.       -0.2486661448       -0.1651205096
 155.  82.        0.0142376632       -0.0004463874
 155.  83.        0.1440629028       -0.0330720463
 155.  84.        0.1289384487       -0.1199073801
 155.  85.        0.0105762981        0.1396889987
 155.  86.        0.5772847745        0.1787070166
 155.  87.       -0.1384930759        0.2889149383
 155.  88.       -0.0041341373        0.1011612210
 155.  89.       -0.3062767743       -0.1748109120
 155.  90.       -0.4770257196       -0.3372447655
 155.  91.        0.2330167978        0.1275860530
 155.  92.        0.1084593265       -0.5432358370
 155.  93.        0.2162687485        0.0906955919
 155.  94.        0.1987210986        0.4365042295
 155.  95.       -0.2405834417       -0.2272847027
 155.  96.        0.1185116102        0.1254935020
 155.  97.        0.1668943506       -0.3217545454
 155.  98.       -0.2145055374        0.0233615063
 155.  99.       -0.2826767124        0.0898068688
 155. 100.        0.1404714237       -0.0819035138
 155. 101.       -0.1557279086       -0.0821233258
 155. 102.        0.2271773696        0.0687277931
 155. 103.        0.0854613008       -0.4162937232
 155. 104.        0.1450017168        0.2464504572
 155. 105.        0.0439165091       -0.1289638812
 155. 106.        0.3516161843        0.0283384639
 155. 107.        0.1111820446        0.3196695664
 155. 108.        0.0961614336       -0.0915965401
 155. 109.        0.0937910477       -0.5668869783
 155. 110.       -0.2062922262        0.0388396983
 155. 111.        0.0861559926       -0.0229993391
 155. 112.       -0.1063967637       -0.1361460100
 155. 113.        0.1936693424       -0.1588428470
 155. 114.       -0.0021890089       -0.1148616941
 155. 115.       -0.4802915501       -0.0097073551
 155. 116.       -0.2309719213        0.1083357617
 155. 117.        0.1016731971        0.4117773905
 155. 118.       -0.2404798507       -0.0728757262
 155. 119.       -0.2993788569        0.0243787773
 155. 120.        0.1167879625       -0.0807494538
 155. 121.        0.3702683046       -0.2709214710
 155. 122.        0.0972334997        0.1900801472
 155. 123.       -0.1947693439        0.2356813923
 155. 124.       -0.0276215455       -0.2977805269
 155. 125.       -0.0492600563       -0.0038555527
 155. 126.        0.2521256985        0.2676423660
 155. 127.       -0.0467237378       -0.0010560735
 155. 128.       -0.4585326623       -0.3761758728
 155. 129.       -0.2169508783        0.0000222484
 155. 130.       -0.1409855642       -0.2802803101
 155. 131.       -0.1386402422       -0.8976579475
 155. 132.        0.0339980687        0.0905195317
 155. 133.        0.0581995672        0.1269579914
 155. 134.       -0.1546430822       -0.5665753296
 155. 135.        0.4889841187       -0.1342391618
 155. 136.        0.0217345704       -0.0372688227
 155. 137.       -0.1093459163        0.2113944920
 155. 138.        0.0139859050       -0.0970647503
 155. 139.        0.0081528399        0.0691125314
 155. 140.       -0.1352545969       -0.0103776553
 155. 141.       -0.0386497330        0.3888253896
 155. 142.        0.1812982081        0.2171597802
 155. 143.       -0.3114697609       -0.0325279928
 155. 144.       -0.0209066185        0.0629651896
 155. 145.       -0.1949810722       -0.0432566324
 155. 146.       -0.1796508596       -0.0690896250
 155. 147.       -0.0197859373        0.0751056778
 155. 148.       -0.7478568956        0.1922048981
 155. 149.        0.3129225591       -0.0052872201
 155. 150.       -0.5369421337        0.2894202705
 155. 151.        0.0216598234       -0.2115388594
 155. 152.       -0.0495781732       -0.0926223686
 155. 153.       -0.0218692263        0.0206254996
 155. 154.       -0.0278635324        0.1797627618
 155. 155.       -0.3065796394        0.0328043228
 156.   0.        0.0908977244        0.0000000000
 156.   1.        0.0866715177        0.0528378502
 156.   2.        0.0573452251       -0.2845468376
 156.   3.       -0.0169694050        0.1421289391
 156.   4.        0.2733242573       -0.2202715704
 156.   5.        0.2030612510       -0.1909241886
 156.   6.       -0.1179441757        0.1971335453
 156.   7.       -0.1897823530        0.1030641671
 156.   8.       -0.3073394019       -0.1238417973
 156.   9.       -0.0784399708       -0.0239235645
 156.  10.        0.0635322841       -0.3589933802
 156.  11.       -0.0051325847       -0.0085442174
 156.  12.        0.1734827820        0.0438444991
 156.  13.        0.4794186552        0.1543778723
 156.  14.        0.1146658129        0.1540272944
 156.  15.       -0.2693469656        0.0505911913
 156.  16.       -0.1327663921        0.0709952170
 156.  17.       -0.3313551368       -0.0970243429
 156.  18.       -0.0784422654       -0.0128988921
 156.  19.       -0.0585050240       -0.4083486365
 156.  20.        0.0165422054        0.0078576288
 156.  21.        0.2393827421       -0.0048974145
 156.  22.        0.1231550335       -0.0161043907
 156.  23.        0.0561579044        0.3394799614
 156.  24.        0.1673813505       -0.0180479065
 156.  25.       -0.4825534803        0.2453555312
 156.  26.       -0.1668363363        0.0395750655
 156.  27.       -0.1387971963       -0.2624860567
 156.  28.        0.1100824308       -0.0085851370
 156.  29.        0.2607874301       -0.1107083120
 156.  30.       -0.1341622869       -0.1077315423
 156.  31.       -0.0102673185        0.3407725720
 156.  32.        0.3491537233        0.4267814147
 156.  33.       -0.4061821033        0.0169857651
 156.  34.        0.1313989813        0.0154845874
 156.  35.       -0.2118450616       -0.0372525403
 156.  36.       -0.0682443303        0.1095693413
 156.  37.        0.2057858247        0.0260394624
 156.  38.       -0.0790983425       -0.1210940869
 156.  39.        0.2416910549       -0.0366899985
 156.  40.        0.2061183821        0.0132013660
 156.  41.       -0.3338566974        0.2517805551
 156.  42.       -0.0913206446        0.1776511208
 156.  43.        0.0399072527       -0.1869126433
 156.  44.        0.0979183230        0.1226695151
 156.  45.        0.1233232172        0.1154714457
 156.  46.        0.0380757860        0.1534669685
 156.  47.        0.0186490020        0.0778874380
 156.  48.        0.1816122244        0.1187109296
 156.  49.        0.1096606473       -0.1015083438
 156.  50.        0.0113533245        0.0168610745
 156.  51.       -0.3558412803       -0.1524658911
 156.  52.       -0.1401358818       -0.1519404799
 156.  53.       -0.0346377941        0.1490493725
 156.  54.       -0.0913627733       -0.2858965842
 156.  55.       -0.1065879037        0.0332567173
 156.  56.       -0.0657821723        0.2840729226
 156.  57.       -0.1433753296        0.0954624209
 156.  58.       -0.0606093039        0.1185149255
 156.  59.       -0.2218634891       -0.1535095886
 156.  60.        0.3589411004       -0.1788331363
 156.  61.        0.3059399676        0.0698618887
 156.  62.        0.2042285907        0.2938039405
 156.  63.       -0.0039392258       -0.3714852102
 156.  64.       -0.0111976489        0.0051293123
 156.  65.       -0.0426724993        0.0757603407
 156.  66.       -0.1450849003       -0.1264595077
 156.  67.        0.0108371856        0.0136229942
 156.  68.       -0.2684203296        0.0461024261
 156.  69.       -0.2461694234       -0.1950974424
 156.  70.       -0.1921921508        0.0186033874
 156.  71.        0.1041867692       -0.1077704084
 156.  72.        0.5656021028        0.4123439371
 156.  73.        0.1436197947        0.1023969240
 156.  74.        0.0650437335        0.0355726161
 156.  75.       -0.2362530153       -0.0346462973
 156.  76.       -0.2327271536        0.0574826257
 156.  77.       -0.2416640703       -0.0653595243
 156.  78.        0.0434915543        0.1966841971
 156.  79.       -0.1399573915       -0.4999660382
 156.  80.        0.1954532638       -0.2729287440
 156.  81.        0.2249483723        0.1935089674
 156.  82.        0.1889090414        0.1999182624
 156.  83.        0.3301538976        0.4496407124
 156.  84.       -0.2188514169        0.2792102536
 156.  85.       -0.4284054781       -0.0408196384
 156.  86.        0.0861745826        0.0469937806
 156.  87.       -0.2321772899        0.0384619475
 156.  88.       -0.2108793446       -0.2993966092
 156.  89.        0.0071432339        0.0259643374
 156.  90.        0.1369820875        0.1410193737
 156.  91.        0.4262476420       -0.0249335489
 156.  92.        0.1917581460        0.1352942301
 156.  93.        0.2196822371       -0.0730827270
 156.  94.        0.2243539831       -0.1028418227
 156.  95.       -0.0220222353        0.1309171177
 156.  96.       -0.2430935239       -0.1613166574
 156.  97.       -0.0596324952       -0.3353629284
 156.  98.       -0.1810812429       -0.1618225552
 156.  99.        0.2041679754       -0.4229037348
 156. 100.       -0.1170159480       -0.1087381428
 156. 101.       -0.1312140212        0.3127974178
 156. 102.       -0.0409463384        0.1376550190
 156. 103.        0.2181350716       -0.2426909129
 156. 104.       -0.0125459156        0.2928080540
 156. 105.       -0.1366384651       -0.3615107269
 156. 106.       -0.3177573027       -0.4048960486
 156. 107.        0.1555829304        0.1522227858
 156. 108.        0.0313008839       -0.4219920646
 156. 109.        0.0224486880       -0.3131543313
 156. 110.        0.1483886703        0.0077920752
 156. 111.        0.0025401927       -0.0724465218
 156. 112.       -0.1405119372       -0.1521082980
 156. 113.       -0.0259072301       -0.0598648684
 156. 114.        0.0701915507       -0.2504271053
 156. 115.        0.0348831152       -0.0701229791
 156. 116.        0.2249253117        0.2820008119
 156. 117.       -0.2337346866       -0.1813844963
 156. 118.        0.3804933673       -0.0702885253
 156. 119.        0.1845840612       -0.1245040769
 156. 120.       -0.3275805916       -0.1384658065
 156. 121.       -0.2477082913       -0.0905944588
 156. 122.        0.1720461879        0.2664150076
 156. 123.        0.2768473819        0.1567245817
 156. 124.        0.0325473657        0.2547492708
 156. 125.        0.2099993759       -0.3192549109
 156. 126.        0.1436696168       -0.1539597742
 156. 127.       -0.1772296979       -0.2624901507
 156. 128.        0.0078898337        0.4424040235
 156. 129.        0.2285485889       -0.3440738510
 156. 130.        0.3278308629        0.0003459704
 156. 131.        0.2328370871        0.2232164215
 156. 132.        0.3423648941       -0.3671008204
 156. 133.        0.0402449701        0.2488403588
 156. 134.        0.0100105494       -0.1360436811
 156. 135.       -0.3393466461       -0.3759660376
 156. 136.        0.3261528524        0.0738664646
 156. 137.        0.0245020062        0.1793092855
 156. 138.        0.1019227377        0.0229269573
 156. 139.       -0.1391157549       -0.6223989430
 156. 140.        0.0420317199        0.2640872909
 156. 141.       -0.1961083191       -0.3240299485
 156. 142.       -0.1036937301       -0.3810411279
 156. 143.        0.0499850984        0.3111208365
 156. 144.        0.2860268198        0.0842597270
 156. 145.        0.2026249139       -0.3256213524
 156. 146.       -0.1740676925        0.1075724670
 156. 147.        0.2710480026       -0.1191780402
 156. 148.        0.1558645937       -0.0731717333
 156. 149.       -0.3064085799       -0.2241214861
 156. 150.        0.5750311415       -0.0076568890
 156. 151.       -0.0673045029        0.0205067918
 156. 152.        0.4469042364        0.3695103696
 156. 153.        0.5284851044       -0.0539672006
 156. 154.       -0.6363955999       -0.4121023511
 156. 155.        0.2283464495        0.0894509462
 156. 156.       -0.0255635479        0.0707719334
 157.   0.        0.0270619165        0.0000000000
 157.   1.       -0.0498358648       -0.0606780922
 157.   2.        0.0778571258        0.0109709138
 157.   3.        0.3791779901        0.2886718477
 157.   4.        0.1243518989        0.2072899174
 157.   5.       -0.1443993215        0.1256927979
 157.   6.       -0.0277922415       -0.1195979860
 157.   7.       -0.1819628213       -0.1844392968
 157.   8.       -0.1307135197       -0.0861166846
 157.   9.       -0.1429598672        0.1347220223
 157.  10.        0.2140329355        0.1051456109
 157.  11.        0.0999894182        0.1984803317
 157.  12.       -0.2358373042        0.3607130869
 157.  13.        0.0115887310        0.1820938883
 157.  14.       -0.0942915708        0.3406400838
 157.  15.        0.0322532533        0.0886674507
 157.  16.       -0.0396300365       -0.2313629799
 157.  17.       -0.1610496042       -0.1597303003
 157.  18.        0.2176580817       -0.0849664006
 157.  19.        0.2837637849        0.0210245546
 157.  20.        0.0399697519        0.3219947323
 157.  21.       -0.2620121966        0.1342868641
 157.  22.        0.1181873731        0.3964843865
 157.  23.       -0.1206927821       -0.0232786675
 157.  24.       -0.4486857576       -0.0739703666
 157.  25.        0.0032875821       -0.0257134410
 157.  26.       -0.2924027095       -0.1294452438
 157.  27.        0.0474594833        0.0256118992
 157.  28.        0.2154918874       -0.1078686209
 157.  29.        0.1377561047        0.1960055113
 157.  30.       -0.2033530051        0.3797991056
 157.  31.       -0.0720171873       -0.0126563232
 157.  32.        0.0013152719        0.1389835957
 157.  33.       -0.2043128081        0.2831291002
 157.  34.       -0.0888939202       -0.2428662268
 157.  35.        0.1447043675        0.0746320970
 157.  36.        0.1044064759        0.2644416353
 157.  37.        0.3523200237        0.1244326719
 157.  38.       -0.1016281274        0.2026824513
 157.  39.       -0.0056034725       -0.0091632461
 157.  40.        0.0498504307       -0.0587233817
 157.  41.       -0.1696996714        0.0074098932
 157.  42.       -0.0277942439       -0.4659714102
 157.  43.       -0.1460117021        0.1653663093
 157.  44.        0.1872397284        0.0705759265
 157.  45.        0.1456922176       -0.0458487690
 157.  46.       -0.2410298099        0.2290786346
 157.  47.       -0.2384360878       -0.1518252322
 157.  48.        0.1132875513       -0.1131607892
 157.  49.        0.1373589881        0.2080222176
 157.  50.        0.2238462235       -0.2652675627
 157.  51.        0.1970695873       -0.0370447806
 157.  52.       -0.1907115578        0.0519802118
 157.  53.        0.2680919409       -0.0641096276
 157.  54.       -0.1434940531        0.2174378267
 157.  55.       -0.2266189477       -0.3560994818
 157.  56.        0.1169604654       -0.0318799896
 157.  57.       -0.4223559710       -0.1389817591
 157.  58.        0.2045680647       -0.2501530811
 157.  59.       -0.1979019424        0.2470107729
 157.  60.       -0.0404983343       -0.1098734979
 157.  61.        0.1487573241        0.0255723514
 157.  62.       -0.1541092452        0.3640583988
 157.  63.       -0.0182073855        0.0505088751
 157.  64.        0.0273207171        0.2589826757
 157.  65.       -0.2015262480       -0.1221708372
 157.  66.        0.0376457394       -0.1408392352
 157.  67.       -0.0214129279        0.0763467619
 157.  68.        0.0960167655       -0.2762515688
 157.  69.        0.1036490030        0.0274811320
 157.  70.        0.1207345041        0.1784290208
 157.  71.       -0.1248670656       -0.0105745103
 157.  72.       -0.1479643416        0.2213429919
 157.  73.        0.1049910871        0.2848376956
 157.  74.        0.0511788089        0.0645646171
 157.  75.       -0.1228635580        0.0221069843
 157.  76.        0.0562063444       -0.2140490108
 157.  77.       -0.2061763590       -0.4632501816
 157.  78.       -0.1869525960        0.3680786477
 157.  79.        0.0739153431       -0.1071460123
 157.  80.        0.1983911848        0.0164227546
 157.  81.        0.0936943715        0.3200946659
 157.  82.       -0.1976835097       -0.2339632814
 157.  83.       -0.0736753443        0.1860588880
 157.  84.       -0.0618939635        0.2582306642
 157.  85.        0.0045665434        0.0535010297
 157.  86.       -0.0255993366       -0.2235490460
 157.  87.        0.0692225564       -0.1416726133
 157.  88.        0.0969254267       -0.0059076939
 157.  89.        0.0666415001        0.3863215805
 157.  90.        0.2983623637        0.1057401605
 157.  91.       -0.1468635152        0.0773709812
 157.  92.        0.1224830446        0.6141744370
 157.  93.       -0.1362072319       -0.1781322344
 157.  94.       -0.1314611531        0.1683597740
 157.  95.        0.0953258756       -0.0840348586
 157.  96.       -0.0912363151       -0.4887393602
 157.  97.       -0.0496311929        0.1258772815
 157.  98.        0.2702397580        0.2752249709
 157.  99.        0.0487735134        0.1751915659
 157. 100.       -0.0940274333       -0.4042176686
 157. 101.        0.4782146439       -0.0104341807
 157. 102.       -0.3899592452        0.0060433005
 157. 103.       -0.0309725103        0.0260920595
 157. 104.        0.0592948750       -0.0093867907
 157. 105.        0.0319884939       -0.2981433638
 157. 106.        0.1628472995       -0.3949359114
 157. 107.       -0.0818567645       -0.2089359898
 157. 108.       -0.1410111815        0.1255463350
 157. 109.        0.0339411111       -0.0137948918
 157. 110.        0.1530345906       -0.0121811907
 157. 111.       -0.1605235158       -0.1923414260
 157. 112.        0.1720675662        0.0898825770
 157. 113.        0.2046364581        0.1192555307
 157. 114.       -0.1129009810       -0.4443294906
 157. 115.        0.1571808433        0.4450998085
 157. 116.        0.1753075553       -0.2628153340
 157. 117.        0.1408328855        0.1124673267
 157. 118.        0.3713741676       -0.0858144190
 157. 119.        0.0061522366       -0.1782972662
 157. 120.       -0.2256756801        0.4141961825
 157. 121.       -0.0104876120        0.0954422282
 157. 122.       -0.3555417371       -0.2499044870
 157. 123.        0.2258080858        0.1519223570
 157. 124.       -0.0585289801       -0.0709856043
 157. 125.        0.0024319412       -0.0521196060
 157. 126.        0.0888950777        0.1878999683
 157. 127.        0.3058182746        0.0322295708
 157. 128.        0.4857964613        0.0148351161
 157. 129.        0.1281398348        0.4010663693
 157. 130.        0.2381434372        0.2374486901
 157. 131.        0.4925878319       -0.1179223372
 157. 132.       -0.4828507980        0.1797607621
 157. 133.        0.0239264225        0.3648200737
 157. 134.       -0.1223519228       -0.2026089592
 157. 135.       -0.2206601733       -0.4764480201
 157. 136.       -0.2700902480        0.0508195377
 157. 137.        0.0398103719        0.0022220027
 157. 138.       -0.2720413625       -0.4490255578
 157. 139.        0.2609101355        0.1801300747
 157. 140.        0.1744346150        0.1150523874
 157. 141.       -0.2087383504       -0.4111753490
 157. 142.        0.3827584221        0.0779275227
 157. 143.        0.6210954930        0.1202715367
 157. 144.        0.0998189663        0.1385723684
 157. 145.        0.1239463233        0.0678550506
 157. 146.        0.1658125278       -0.2024442213
 157. 147.        0.1828173512        0.2351072196
 157. 148.       -0.2450826017        0.1812567589
 157. 149.       -0.0092295672        0.1188465788
 157. 150.       -0.2056921794       -0.4719058165
 157. 151.        0.3150337079       -0.1948234956
 157. 152.       -0.0082158899       -0.0035678731
 157. 153.       -0.0413139553       -0.0162066209
 157. 154.       -0.0091903419        0.3018996604
 157. 155.       -0.1677116363       -0.3210621656
 157. 156.        0.2767875539       -0.5606089907
 157. 157.        0.2284564471        0.0955249353
 158.   0.        0.0875566638        0.0000000000
 158.   1.        0.0179256123       -0.0208770573
 158.   2.       -0.1757749958        0.1836154905
 158.   3.       -0.0474187097        0.0219106501
 158.   4.       -0.2504734126        0.1233102136
 158.   5.        0.0169693866       -0.1884019703
 158.   6.        0.0886319746       -0.2570117726
 158.   7.        0.1105024398       -0.1651546247
 158.   8.        0.2308315179        0.0897558012
 158.   9.       -0.0428491776        0.1224863124
 158.  10.        0.0066216750        0.2867998908
 158.  11.       -0.2126129257        0.2986639121
 158.  12.       -0.3309834397       -0.1228216887
 158.  13.       -0.1750010030       -0.1063167032
 158.  14.       -0.0382981476       -0.1887322028
 158.  15.        0.0811297456        0.0107618193
 158.  16.        0.1939616781       -0.0064041446
 158.  17.        0.2491765126       -0.0614986827
 158.  18.        0.0630547326        0.1186149309
 158.  19.       -0.2056115970        0.5265912078
 158.  20.       -0.3175620184        0.2616506303
 158.  21.       -0.1785906914       -0.1019126313
 158.  22.        0.0151773319       -0.1617593146
 158.  23.       -0.0661977604       -0.2032786772
 158.  24.        0.0665342556       -0.1554196726
 158.  25.        0.5453483856       -0.0277549132
 158.  26.        0.0984814970        0.0960733419
 158.  27.        0.2426897434        0.1487993824
 158.  28.       -0.0095000091        0.0048572530
 158.  29.       -0.2894259849       -0.0557492250
 158.  30.       -0.1459293356        0.0927798442
 158.  31.       -0.0892464209       -0.3290936931
 158.  32.       -0.1262983876       -0.2373501150
 158.  33.        0.5007762969        0.0050261206
 158.  34.       -0.0285664836        0.0193800353
 158.  35.        0.1826194261        0.1205164424
 158.  36.        0.1632639941       -0.0006837156
 158.  37.       -0.0282894355        0.0824437435
 158.  38.        0.0924685270        0.0577438610
 158.  39.       -0.3700046017       -0.0549634901
 158.  40.       -0.1443685225        0.2103910796
 158.  41.        0.4153333912       -0.1193602129
 158.  42.       -0.0191954015       -0.2003380284
 158.  43.        0.0093737406        0.3050862084
 158.  44.       -0.0500448734       -0.1830779141
 158.  45.       -0.2442961657       -0.2340048178
 158.  46.       -0.1081142399        0.2996580032
 158.  47.       -0.1802807180        0.0253043001
 158.  48.       -0.2655859401       -0.0002378021
 158.  49.       -0.0984776355        0.2652402592
 158.  50.        0.1056703728       -0.2486278077
 158.  51.        0.0694294606        0.1029200039
 158.  52.        0.1623576889       -0.1404683084
 158.  53.        0.0195265219        0.0295630926
 158.  54.       -0.0564642021        0.1573498871
 158.  55.        0.1008492965       -0.4699730989
 158.  56.        0.3358648171       -0.4088543585
 158.  57.       -0.1109267796        0.0641149135
 158.  58.        0.0765285064       -0.1545569935
 158.  59.        0.1320886271        0.0181203593
 158.  60.       -0.2319377828        0.1030731556
 158.  61.       -0.0165684539       -0.1533382218
 158.  62.       -0.1426174377       -0.1255805081
 158.  63.       -0.0122595069        0.0097475106
 158.  64.        0.0589080977       -0.2054113129
 158.  65.        0.2345949641        0.1342969417
 158.  66.        0.2527668671       -0.0908966880
 158.  67.        0.4147844983       -0.1248334018
 158.  68.        0.0282072824        0.1593091320
 158.  69.        0.2954655858        0.1638133525
 158.  70.       -0.1132882638       -0.1693676828
 158.  71.       -0.2943055740       -0.0621436100
 158.  72.       -0.0534111325       -0.1271738096
 158.  73.        0.0963477494       -0.4070428192
 158.  74.       -0.0511626270       -0.1680170393
 158.  75.       -0.0278746126        0.2156758434
 158.  76.       -0.0459790576        0.1325083143
 158.  77.        0.1574208179       -0.1018088988
 158.  78.        0.3431368162       -0.1086910915
 158.  79.       -0.0055082092        0.1962254137
 158.  80.       -0.2774272951        0.1708562365
 158.  81.        0.0473633717       -0.0542785056
 158.  82.       -0.0549835778       -0.0584436070
 158.  83.       -0.2557653385       -0.4088035742
 158.  84.       -0.0572612781       -0.1480074974
 158.  85.       -0.0026349466       -0.1824734962
 158.  86.        0.4137547867        0.0331718512
 158.  87.        0.0194154285       -0.0722399744
 158.  88.       -0.5536270517        0.2121150174
 158.  89.       -0.0108482915        0.0307329583
 158.  90.       -0.2510695910        0.2110030676
 158.  91.       -0.3363577925        0.0621381625
 158.  92.        0.0156870266       -0.2911844614
 158.  93.       -0.1808356628        0.0833819516
 158.  94.        0.2019904764        0.0745742813
 158.  95.        0.2294410190       -0.0454556668
 158.  96.        0.0672317756        0.1599514789
 158.  97.       -0.1758056788        0.3581079387
 158.  98.        0.1010571183       -0.0384847848
 158.  99.       -0.1437873094        0.3362760188
 158. 100.       -0.0560998272        0.2335796075
 158. 101.       -0.0058333273       -0.2208445983
 158. 102.       -0.4671921216        0.0050016030
 158. 103.       -0.2659894028        0.0449651050
 158. 104.       -0.0153896960       -0.2508059268
 158. 105.        0.1677208281       -0.2162071692
 158. 106.        0.2645864445       -0.2748198314
 158. 107.        0.2909958677        0.0375559095
 158. 108.       -0.0397131149       -0.0812190413
 158. 109.        0.0652247138        0.0085143592
 158. 110.       -0.0072695713        0.0093900677
 158. 111.       -0.0733242371        0.0405530633
 158. 112.        0.3239127012       -0.1066502867
 158. 113.        0.3502556801       -0.2434672077
 158. 114.        0.3999797709        0.2830629175
 158. 115.       -0.1894924152       -0.1030601134
 158. 116.       -0.5221206962        0.1510680994
 158. 117.        0.1983384601        0.4012253225
 158. 118.       -0.1380422068       -0.5846404795
 158. 119.       -0.1994834255       -0.3355246515
 158. 120.        0.0481451720       -0.0235433564
 158. 121.       -0.0667540977        0.0175596255
 158. 122.        0.2344862907       -0.0477433913
 158. 123.        0.0319895314        0.0173689722
 158. 124.        0.0792710198        0.1489484379
 158. 125.        0.1834163883        0.2347220187
 158. 126.        0.1486698071        0.1444201494
 158. 127.        0.0902411400        0.2123009359
 158. 128.        0.2803523988        0.1648878176
 158. 129.       -0.0094640749        0.0261560796
 158. 130.       -0.1103384720        0.0554481309
 158. 131.        0.1587426933       -0.0485883849
 158. 132.        0.5055371594       -0.2102833168
 158. 133.       -0.6862894803       -0.4646070639
 158. 134.       -0.1334538600       -0.1262334565
 158. 135.       -0.0588519241        0.0814399099
 158. 136.        0.1449275455       -0.0739785610
 158. 137.       -0.1545272008       -0.2424651169
 158. 138.        0.0712197826        0.3039947238
 158. 139.       -0.0283868232        0.3778860709
 158. 140.        0.0005298131       -0.0943231787
 158. 141.       -0.0891405662        0.1830555232
 158. 142.        0.2847825561        0.2108744448
 158. 143.        0.3082686784        0.2863967175
 158. 144.       -0.1440848428        0.5053707314
 158. 145.       -0.1914115239        0.3398761493
 158. 146.       -0.0464016209       -0.1227245236
 158. 147.       -0.2166816784        0.1523297623
 158. 148.       -0.1886980375       -0.0407979971
 158. 149.        0.0628817793       -0.2693911653
 158. 150.       -0.1789847345       -0.1692548458
 158. 151.       -0.0140165807       -0.3139894616
 158. 152.        0.0233425835        0.0556009036
 158. 153.        0.3839058135        0.0941523667
 158. 154.        0.2905734056       -0.2012085869
 158. 155.       -0.3723117266        0.0102387007
 158. 156.        0.1282205911        0.0558092508
 158. 157.       -0.3945499704        0.2023143166
 158. 158.        0.1014882103        0.2530650962
 159.   0.       -0.0295948331        0.0000000000
 159.   1.       -0.0873914528        0.0871989661
 159.   2.       -0.1413377699        0.0159488700
 159.   3.       -0.3720812391       -0.2063247407
 159.   4.        0.0700510303       -0.0889558002
 159.   5.        0.1112553761       -0.1268435980
 159.   6.        0.0276829957        0.1204396355
 159.   7.        0.0326064203        0.2023482491
 159.   8.        0.1452779674       -0.0452615230
 159.   9.       -0.2084455726        0.0618390587
 159.  10.       -0.4357011826       -0.0217909140
 159.  11.        0.1871875175       -0.4310649855
 159.  12.        0.0224906859       -0.0434763986
 159.  13.        0.1614560518       -0.1303821906
 159.  14.        0.3723000333       -0.3286354757
 159.  15.        0.2397034765        0.1582045174
 159.  16.        0.2006165022        0.0921431955
 159.  17.       -0.2936083124       -0.0436597606
 159.  18.       -0.0767023685       -0.0204246583
 159.  19.       -0.1028000375       -0.0660042487
 159.  20.       -0.0881442884       -0.1977996210
 159.  21.        0.0645780238       -0.3271842717
 159.  22.        0.0443944820       -0.2634143613
 159.  23.        0.1112256142        0.1423771372
 159.  24.        0.3763994249        0.1301355749
 159.  25.       -0.0959974856        0.1245320104
 159.  26.        0.1269069209        0.0144576250
 159.  27.       -0.0593896885       -0.0207065472
 159.  28.       -0.1539820561        0.0743563678
 159.  29.        0.0401723923        0.0634785893
 159.  30.        0.0771762380       -0.3332082912
 159.  31.        0.1222453641        0.1560408409
 159.  32.        0.2189232281       -0.0472613511
 159.  33.        0.2571967628       -0.0828602158
 159.  34.        0.1222988473        0.1698091698
 159.  35.       -0.2745159353       -0.0370171392
 159.  36.       -0.2459342384       -0.0482515325
 159.  37.       -0.2008483508       -0.0825049073
 159.  38.        0.2579645894       -0.1877609280
 159.  39.        0.0326876301       -0.0053516393
 159.  40.        0.1065098193       -0.1717597937
 159.  41.        0.0726186189       -0.1392606787
 159.  42.        0.1850413879        0.2512952804
 159.  43.       -0.0078119271       -0.1426439978
 159.  44.       -0.2051461730       -0.0518201407
 159.  45.       -0.2794310717       -0.0839192747
 159.  46.        0.1182850482       -0.3649290110
 159.  47.       -0.0273144292       -0.1674291939
 159.  48.        0.1283212345        0.1472750758
 159.  49.       -0.0828762595       -0.2098036683
 159.  50.       -0.5785694206        0.2955807143
 159.  51.        0.0643277713        0.1385499690
 159.  52.       -0.0160204316       -0.1138965834
 159.  53.       -0.1050338726       -0.1506019272
 159.  54.        0.1340574262        0.0558541079
 159.  55.        0.0338657385        0.4037349497
 159.  56.        0.3226644919       -0.2105118136
 159.  57.        0.0912647850        0.3194025358
 159.  58.       -0.1341127345        0.0000341185
 159.  59.       -0.2667564139       -0.0083700211
 159.  60.       -0.0417456154        0.0367106387
 159.  61.       -0.3278321895       -0.4670166982
 159.  62.        0.4869389707       -0.3054675074
 159.  63.       -0.0023886154        0.3267494084
 159.  64.        0.0813592800       -0.1310823719
 159.  65.        0.0874925529       -0.0215829423
 159.  66.       -0.0235682283        0.1401979578
 159.  67.        0.0345233267        0.0188240988
 159.  68.       -0.0273534837        0.1254757753
 159.  69.       -0.3939327222       -0.0350360331
 159.  70.       -0.2564627552        0.0250253011
 159.  71.       -0.0132639934       -0.1759087372
 159.  72.        0.2526895431       -0.2004166605
 159.  73.        0.1041825229       -0.4522177870
 159.  74.       -0.0339457970       -0.2059499916
 159.  75.        0.1228293553        0.0329156979
 159.  76.       -0.3602950133        0.2774449583
 159.  77.        0.0360032430        0.1987528260
 159.  78.       -0.2578633359       -0.0588007675
 159.  79.        0.0967016315        0.2113145334
 159.  80.       -0.4457715670       -0.3125139496
 159.  81.        0.1369307937       -0.2833105401
 159.  82.        0.1682054769        0.2576149982
 159.  83.        0.0114891660       -0.1287554981
 159.  84.        0.2830664111       -0.2051535088
 159.  85.        0.0885741880        0.1524112941
 159.  86.       -0.0855977060       -0.3740312031
 159.  87.        0.1589132628        0.3306444214
 159.  88.       -0.1759594748       -0.1447762545
 159.  89.        0.1269569124       -0.1404306269
 159.  90.        0.0150327977       -0.1107719569
 159.  91.        0.0218365091        0.0320963261
 159.  92.        0.0848636171       -0.4227130652
 159.  93.        0.0424788007        0.3124766844
 159.  94.       -0.1720803963       -0.0705240406
 159.  95.       -0.2486266311        0.2016909378
 159.  96.       -0.1271848045        0.4142134651
 159.  97.       -0.3621678001        0.0673734962
 159.  98.        0.0174538112       -0.0347165795
 159.  99.       -0.0242617108        0.1376357903
 159. 100.       -0.1904412013       -0.1081054066
 159. 101.       -0.3654659639       -0.1513322278
 159. 102.        0.0709387010        0.1814474966
 159. 103.       -0.1610515670        0.0605270822
 159. 104.       -0.2012264257        0.1927894770
 159. 105.       -0.0815455647        0.0578508981
 159. 106.        0.3010821010       -0.1094495561
 159. 107.       -0.3227822434        0.1729213443
 159. 108.        0.6303271915       -0.0092915195
 159. 109.       -0.0587548312       -0.4498948632
 159. 110.       -0.0547525902        0.2917060379
 159. 111.        0.2549748568        0.2345064550
 159. 112.        0.2615001793        0.1270602717
 159. 113.        0.3523412688        0.0538689456
 159. 114.        0.1722304649       -0.0094541712
 159. 115.       -0.3847384427       -0.2730861026
 159. 116.        0.3047386908       -0.1962055786
 159. 117.        0.2604828869        0.0954692178
 159. 118.       -0.1852036819       -0.3633324053
 159. 119.        0.0703266605       -0.0890917583
 159. 120.        0.0933509518       -0.3185582889
 159. 121.       -0.0413951048       -0.1635202887
 159. 122.       -0.0499747627        0.2066482466
 159. 123.        0.0018937036        0.0279608301
 159. 124.       -0.1795545106        0.3749847924
 159. 125.       -0.0995827574        0.2222886129
 159. 126.       -0.0883970630        0.2619421939
 159. 127.       -0.0853513310       -0.0230997047
 159. 128.       -0.3623744122       -0.1180160894
 159. 129.        0.1494122057       -0.1270906552
 159. 130.       -0.5195517888       -0.1557640671
 159. 131.        0.1675105002        0.0380794865
 159. 132.        0.1635398074       -0.0226783799
 159. 133.       -0.0756381684       -0.0478708125
 159. 134.        0.3397880175       -0.0866089871
 159. 135.        0.1183153429        0.1720214547
 159. 136.       -0.1137420429        0.0728239706
 159. 137.        0.2138002100        0.0645699604
 159. 138.       -0.0205009954       -0.1383170507
 159. 139.       -0.2928884911       -0.2364229443
 159. 140.        0.1984656942        0.3191541660
 159. 141.       -0.2109920681        0.2087487681
 159. 142.       -0.1677763396       -0.0573841934
 159. 143.        0.0895795285        0.4961622167
 159. 144.        0.1675950915       -0.1660234314
 159. 145.        0.0191757574       -0.0250648310
 159. 146.       -0.3934039817       -0.0442562421
 159. 147.        0.2507935049       -0.0624356628
 159. 148.        0.2579976613       -0.1396231218
 159. 149.        0.3513117543       -0.1347225425
 159. 150.        0.1001834380        0.1891697610
 159. 151.        0.4267388626        0.2667050370
 159. 152.       -0.0514590274        0.0537298750
 159. 153.        0.3827921893        0.1284962777
 159. 154.       -0.3467399857        0.3360613231
 159. 155.        0.2262294713        0.1755161568
 159. 156.        0.0260826948        0.2124072683
 159. 157.        0.1082802991        0.1104515200
 159. 158.        0.3011939906       -0.2346849932
 159. 159.       -0.2945814773        0.2927891424
 160.   0.       -0.3482534473        0.0000000000
 160.   1.        0.0333213706       -0.2253326360
 160.   2.       -0.0337596024       -0.0371065355
 160.   3.        0.1246839193       -0.1429190392
 160.   4.        0.3574280981        0.0995240527
 160.   5.       -0.2104139174        0.3437378306
 160.   6.       -0.0163631119        0.2158153776
 160.   7.        0.0198179633        0.2857505975
 160.   8.       -0.0324582187        0.0887350512
 160.   9.        0.2159265239       -0.1729172300
 160.  10.       -0.0359366471       -0.4394850898
 160.  11.        0.2475237610       -0.4735923620
 160.  12.        0.5140439182        0.0151076604
 160.  13.        0.0282321423        0.0409303720
 160.  14.       -0.1946800878        0.2481131706
 160.  15.        0.0695169620        0.0249501364
 160.  16.       -0.2771509060        0.1443528788
 160.  17.       -0.0676012527        0.0558972807
 160.  18.        0.0715879649       -0.5471714867
 160.  19.        0.1231689584       -0.2616216932
 160.  20.        0.3291539183        0.0732024173
 160.  21.        0.0387650886        0.0079184635
 160.  22.       -0.2210589273        0.2144849024
 160.  23.        0.0764149891        0.1400606836
 160.  24.       -0.1677232779        0.1240039988
 160.  25.       -0.5022413797        0.1626337970
 160.  26.       -0.0199397703       -0.2086476092
 160.  27.       -0.2391305172       -0.0301414801
 160.  28.        0.0322715954        0.0130059371
 160.  29.        0.1843120882       -0.0223201941
 160.  30.        0.1225242308        0.0692156235
 160.  31.        0.1536345675        0.1376239267
 160.  32.       -0.0645402456       -0.1648897638
 160.  33.       -0.1887471542        0.2193655982
 160.  34.       -0.0182782682       -0.1526414728
 160.  35.        0.0194135527       -0.2741322595
 160.  36.       -0.2057200214        0.1708942085
 160.  37.        0.0885424606       -0.0959059351
 160.  38.        0.1642892526        0.0897652201
 160.  39.        0.1670126687        0.2531379759
 160.  40.        0.1448923939       -0.2609544714
 160.  41.       -0.3416662630        0.0955823387
 160.  42.        0.1924991874       -0.0448259532
 160.  43.       -0.0403649907       -0.1408117028
 160.  44.       -0.1339364502        0.1837146278
 160.  45.       -0.0543273041        0.1054791908
 160.  46.        0.0990109031       -0.3078160234
 160.  47.       -0.0459745933        0.0867696125
 160.  48.        0.0358908940       -0.1137856424
 160.  49.       -0.1221513738       -0.2799375524
 160.  50.       -0.1614842914        0.0153272560
 160.  51.        0.1087807534       -0.1650596351
 160.  52.        0.0186693530        0.2057016602
 160.  53.        0.0324664649       -0.0196153041
 160.  54.        0.1751790863       -0.0790830755
 160.  55.       -0.1320005875        0.4230914592
 160.  56.       -0.4404822297       -0.0334070358
 160.  57.        0.2366241798       -0.2634638031
 160.  58.       -0.0820000589        0.0195475148
 160.  59.       -0.0809231485       -0.2774157022
 160.  60.        0.0123246201       -0.0418527220
 160.  61.       -0.1277187045       -0.0066761653
 160.  62.        0.0584214659       -0.1822746981
 160.  63.       -0.1100638239        0.1926727670
 160.  64.       -0.2233594422        0.0727732080
 160.  65.        0.0521669031       -0.2992453079
 160.  66.       -0.3468025388       -0.0425809726
 160.  67.       -0.4301204569       -0.1593926992
 160.  68.        0.0713555217        0.0503642291
 160.  69.       -0.0611605517       -0.2187377576
 160.  70.        0.2192785621       -0.1671017085
 160.  71.        0.3517228583        0.1470209372
 160.  72.       -0.0971997643        0.0765696130
 160.  73.       -0.1203374252        0.1751873701
 160.  74.        0.2372206901       -0.0410580495
 160.  75.       -0.0231892806        0.1405900079
 160.  76.       -0.0721301531       -0.2479420162
 160.  77.        0.0250054855        0.0668455360
 160.  78.       -0.3453326182       -0.0941688658
 160.  79.        0.2597808610        0.1261278091
 160.  80.        0.4904909646        0.2444678794
 160.  81.        0.2535796547       -0.0262630259
 160.  82.       -0.0511536194        0.0809314382
 160.  83.       -0.1598216158        0.1888485315
 160.  84.       -0.0678016572        0.2678368020
 160.  85.       -0.5301883889       -0.0427088995
 160.  86.       -0.0316835981       -0.1995126080
 160.  87.        0.1524539377       -0.3069610858
 160.  88.       -0.0602643231        0.0798747730
 160.  89.        0.0711174192       -0.2179265302
 160.  90.        0.4345976550        0.1025449194
 160.  91.        0.1836231698        0.4381202483
 160.  92.        0.1780813247       -0.0057046761
 160.  93.       -0.1365055503        0.2319865485
 160.  94.       -0.4380129662       -0.0363565956
 160.  95.       -0.2233618935        0.0591050439
 160.  96.       -0.3154494625       -0.0564365567
 160.  97.       -0.0551086119       -0.3329603325
 160.  98.       -0.0033762103        0.2171227912
 160.  99.        0.2502234641        0.0222959958
 160. 100.        0.1378569053       -0.1385588738
 160. 101.        0.3319103826        0.0903259672
 160. 102.       -0.3940859653       -0.1322285026
 160. 103.       -0.2708605056        0.2440487161
 160. 104.        0.0573687758       -0.1362058988
 160. 105.       -0.0867152232       -0.0383027238
 160. 106.       -0.0927274165        0.3172070238
 160. 107.        0.3663544696       -0.0873313254
 160. 108.       -0.1852407096       -0.0844714206
 160. 109.       -0.1119492260       -0.2096563048
 160. 110.        0.2966847521       -0.2170224808
 160. 111.       -0.0061032015        0.1804630581
 160. 112.        0.2464419430        0.3508620311
 160. 113.        0.1984420869       -0.2744907549
 160. 114.       -0.1675478440       -0.3631188653
 160. 115.       -0.0172729020        0.0233246035
 160. 116.        0.1828399585       -0.1465669293
 160. 117.        0.2331942057       -0.0551035627
 160. 118.        0.3204591484        0.2621471493
 160. 119.       -0.0637520376       -0.0577553997
 160. 120.       -0.1003245443       -0.0362622137
 160. 121.       -0.3936845514        0.0388519968
 160. 122.        0.0043194501       -0.2461031117
 160. 123.        0.0257351513        0.1132623985
 160. 124.        0.2081572386        0.1178166162
 160. 125.        0.0212335286        0.0400634997
 160. 126.        0.2137753120       -0.4691083341
 160. 127.        0.2462434245        0.1680529055
 160. 128.        0.2783435433        0.0465683406
 160. 129.       -0.4246171199       -0.0157153793
 160. 130.        0.0300672044        0.1024906289
 160. 131.       -0.0052748404        0.0895358317
 160. 132.        0.0196973642        0.1134213170
 160. 133.       -0.0648300169        0.3610584701
 160. 134.        0.1556898135        0.1266865552
 160. 135.        0.0307849647       -0.1932236891
 160. 136.        0.3334577115       -0.1321530955
 160. 137.       -0.1589295902       -0.3207579523
 160. 138.       -0.4223162533       -0.3664313155
 160. 139.       -0.1786828302       -0.3155563726
 160. 140.        0.2750954927       -0.4970167109
 160. 141.       -0.2254389435       -0.5344740526
 160. 142.        0.1570651708        0.1027905638
 160. 143.       -0.0971534040        0.1493958213
 160. 144.       -0.0345726494       -0.1688996728
 160. 145.        0.1529871095        0.3142359872
 160. 146.        0.0657171848        0.0897404289
 160. 147.       -0.0182223933       -0.2511678954
 160. 148.       -0.4822474065        0.4318833467
 160. 149.        0.0681292354        0.2091824570
 160. 150.        0.3087357895       -0.2825245400
 160. 151.       -0.1314975092        0.0183103056
 160. 152.       -0.0954298950       -0.0079329284
 160. 153.        0.0610711243       -0.2396534330
 160. 154.       -0.1008495774        0.0771946932
 160. 155.       -0.2034549938       -0.4750830603
 160. 156.       -0.3970110644       -0.4331384827
 160. 157.       -0.3370676546        0.5329820570
 160. 158.       -0.3446522139        0.1060113115
 160. 159.       -0.1173125891       -0.1619527471
 160. 160.       -0.4530284276        0.2087737955
 161.   0.        0.2237223435        0.0000000000
 161.   1.        0.1924219223       -0.1656930173
 161.   2.       -0.0179608789       -0.1221286447
 161.   3.        0.3077985773        0.1470911443
 161.   4.       -0.2818006087        0.1135040443
 161.   5.        0.0175752808        0.0903533074
 161.   6.       -0.1727937488       -0.1721001932
 161.   7.        0.0240768852       -0.2481144684
 161.   8.       -0.1922184437       -0.0329320991
 161.   9.        0.2863006020       -0.2056808601
 161.  10.        0.3398180980        0.2074214193
 161.  11.       -0.2842057801        0.4365091720
 161.  12.       -0.1679679161       -0.1381312813
 161.  13.       -0.2120876911        0.1458979395
 161.  14.       -0.3546800556        0.1424127726
 161.  15.       -0.2717010892       -0.4501477501
 161.  16.       -0.2779624783        0.0536036511
 161.  17.        0.3820993142       -0.1021947549
 161.  18.        0.0552622368       -0.0186588283
 161.  19.       -0.0906253250        0.0476870973
 161.  20.        0.1940638852        0.3302841159
 161.  21.       -0.0636885956        0.2989345302
 161.  22.       -0.1203094213        0.0959153245
 161.  23.       -0.1424968925       -0.3488889843
 161.  24.       -0.1672767102       -0.2832460869
 161.  25.        0.2868086026       -0.2498189574
 161.  26.        0.0422823085       -0.1874994249
 161.  27.        0.0830875164        0.1892565877
 161.  28.        0.1881251361        0.0327048000
 161.  29.       -0.1758219036       -0.1287869044
 161.  30.        0.1214601277        0.2879376328
 161.  31.       -0.0270349352       -0.1681825490
 161.  32.       -0.4282217375       -0.1545119178
 161.  33.        0.0887414100       -0.1987050936
 161.  34.       -0.2565128344       -0.0606320498
 161.  35.        0.1279898831       -0.0662453068
 161.  36.        0.3157826016       -0.1157250519
 161.  37.       -0.1062415643       -0.1674777146
 161.  38.       -0.0282097167        0.0244416457
 161.  39.        0.0579868175       -0.2308870271
 161.  40.       -0.2057409553       -0.0333483616
 161.  41.       -0.1543321181        0.0834264953
 161.  42.        0.0406579087        0.1347833672
 161.  43.        0.1604765481       -0.0466843413
 161.  44.       -0.0217300511        0.0379259968
 161.  45.        0.0631937980       -0.0100782905
 161.  46.        0.0041649721        0.0806923144
 161.  47.        0.0652626067        0.2551008828
 161.  48.       -0.2154787186       -0.1361428369
 161.  49.       -0.1200877875        0.0878354975
 161.  50.        0.2820733244       -0.0743017229
 161.  51.       -0.1231094053       -0.1034847970
 161.  52.       -0.0414852692        0.2980364968
 161.  53.       -0.0309967972        0.2344518418
 161.  54.       -0.1099876905       -0.1182286238
 161.  55.       -0.0297858163        0.1321024400
 161.  56.       -0.1512498627       -0.2278817300
 161.  57.       -0.0243989994       -0.1006595353
 161.  58.        0.1136636230        0.1938123448
 161.  59.       -0.1493568473       -0.1070596450
 161.  60.        0.0547522715        0.0969947966
 161.  61.       -0.1096908766        0.2092682829
 161.  62.       -0.4488541219        0.0581883102
 161.  63.       -0.0781026569       -0.2025607790
 161.  64.       -0.2984159637        0.0859032169
 161.  65.       -0.2009164216       -0.1534247423
 161.  66.        0.2548685791        0.0261799316
 161.  67.       -0.0505018474       -0.1355980385
 161.  68.        0.0690983456       -0.2580582350
 161.  69.       -0.0903358130        0.1193908491
 161.  70.        0.1608111163        0.1760008180
 161.  71.       -0.1448820991        0.1610244338
 161.  72.       -0.1835054264        0.0868254157
 161.  73.        0.1757912423        0.0351677507
 161.  74.       -0.2263283573        0.1420798386
 161.  75.        0.1969485289       -0.1247570877
 161.  76.        0.2286384616       -0.2324123393
 161.  77.        0.1978490821       -0.3030589878
 161.  78.        0.0803650074        0.0718893977
 161.  79.       -0.0851608530       -0.0457898924
 161.  80.        0.3735777231        0.2667203580
 161.  81.       -0.1808916625        0.3547641703
 161.  82.        0.0527818533       -0.0428834721
 161.  83.       -0.4065806694       -0.0284394541
 161.  84.       -0.1054550110       -0.0411981214
 161.  85.        0.2818673932       -0.2430483713
 161.  86.        0.4953557491        0.0300817621
 161.  87.        0.1778552521       -0.3490736100
 161.  88.        0.1820434349       -0.2763700545
 161.  89.        0.0229183336        0.3970851003
 161.  90.        0.1532767710       -0.0269076579
 161.  91.       -0.0443369252        0.0530249943
 161.  92.        0.0231048985       -0.1550103133
 161.  93.        0.0209742195       -0.1272896004
 161.  94.        0.0976054548       -0.0571583921
 161.  95.        0.1518981724       -0.3031955685
 161.  96.        0.2110684865       -0.2165931351
 161.  97.       -0.0276654714        0.0614093388
 161.  98.       -0.1436784008        0.1463741449
 161.  99.       -0.3787463941        0.2369002247
 161. 100.       -0.1604839978        0.3711599707
 161. 101.       -0.0156510336        0.1000801827
 161. 102.        0.0044244881        0.2501005476
 161. 103.       -0.1598781706        0.6279367365
 161. 104.       -0.1950069367       -0.3104697547
 161. 105.       -0.2460523395        0.1242413615
 161. 106.        0.1387131165        0.1287436149
 161. 107.        0.0777680524       -0.2590036400
 161. 108.        0.2103187669       -0.1650966258
 161. 109.        0.0919371360        0.0616563447
 161. 110.       -0.2110930609       -0.2549162990
 161. 111.       -0.0712931697        0.1481714546
 161. 112.        0.1469887940        0.1424787727
 161. 113.       -0.2078366753        0.1624139040
 161. 114.        0.0940951935        0.1533614245
 161. 115.        0.1398928284        0.0857324967
 161. 116.       -0.0177110688       -0.1266509797
 161. 117.        0.3894909747       -0.0917171117
 161. 118.       -0.1973694188        0.1155990907
 161. 119.       -0.3963214460        0.0891681722
 161. 120.        0.4654806572        0.2159382314
 161. 121.        0.2704065730        0.0651777754
 161. 122.        0.1287439604        0.1374235166
 161. 123.        0.0438708239        0.2496962347
 161. 124.       -0.0810578932       -0.1793186222
 161. 125.        0.1690996543       -0.0531413852
 161. 126.       -0.0375766907        0.3347031429
 161. 127.       -0.0421642502        0.0167139698
 161. 128.        0.3546084841        0.3272937031
 161. 129.       -0.0369148190        0.4681767413
 161. 130.       -0.0672980894       -0.1827495236
 161. 131.       -0.4568035657       -0.0520136282
 161. 132.       -0.1291089074       -0.0937350678
 161. 133.       -0.2219987304       -0.3048782083
 161. 134.       -0.0464845557       -0.2334122465
 161. 135.       -0.0576112463       -0.3956393609
 161. 136.        0.4518651421       -0.6848384987
 161. 137.        0.1378870267       -0.3171667032
 161. 138.        0.1863952202       -0.0323781424
 161. 139.        0.4703188986       -0.1109379475
 161. 140.        0.0576513054       -0.2698583188
 161. 141.        0.0037310215        0.4716066756
 161. 142.       -0.0589801785        0.2840140533
 161. 143.       -0.8468547991        0.0404420297
 161. 144.       -0.4769408743        0.2218712171
 161. 145.        0.0591871494       -0.2188175798
 161. 146.        0.2705177826        0.0025010186
 161. 147.       -0.4132914974       -0.2731481619
 161. 148.       -0.1674861915       -0.3642928448
 161. 149.       -0.0150958974        0.2588066648
 161. 150.       -0.2756787311        0.2204934524
 161. 151.       -0.2176058259       -0.0267649934
 161. 152.        0.2948643098       -0.2628332243
 161. 153.       -0.1643704002       -0.0954498797
 161. 154.       -0.0415188662        0.0508293041
 161. 155.       -0.0748383967       -0.2887551226
 161. 156.        0.6477428933       -0.1001299945
 161. 157.        0.2075631834       -0.1966479318
 161. 158.        0.2278390034       -0.0554462850
 161. 159.        0.0712378342       -0.3034565027
 161. 160.       -0.1085758596        0.3149981397
 161. 161.       -0.2237844149        0.0884513287
 162.   0.        0.1302334521        0.0000000000
 162.   1.       -0.0912999331        0.3900009537
 162.   2.        0.2185132338        0.1629439624
 162.   3.       -0.1948193393       -0.0366509987
 162.   4.       -0.3418346274       -0.0664428058
 162.   5.        0.1185850023       -0.2302036731
 162.   6.        0.1195783109       -0.0448561221
 162.   7.        0.0222349125       -0.1022878026
 162.   8.        0.2653388159       -0.0578280332
 162.   9.       -0.2529112486        0.2365590247
 162.  10.       -0.0077063753        0.4422435225
 162.  11.       -0.0441508720        0.2289611273
 162.  12.       -0.3500868928       -0.0201470359
 162.  13.       -0.1195498130       -0.1691697955
 162.  14.        0.2237926244       -0.2283474967
 162.  15.        0.1338935827       -0.0044258225
 162.  16.        0.2630664974       -0.0422358689
 162.  17.       -0.0431865528        0.2378476465
 162.  18.       -0.1079922498        0.3777605900
 162.  19.       -0.1450413338        0.1218948528
 162.  20.       -0.2193285952       -0.3008054102
 162.  21.       -0.0742385339       -0.0087011287
 162.  22.        0.0584769133       -0.1521010792
 162.  23.        0.1209444355        0.0005145067
 162.  24.        0.1366394521        0.0983477582
 162.  25.        0.3092693378       -0.2189905148
 162.  26.        0.2047754593        0.2282342084
 162.  27.        0.0796905115       -0.0518718092
 162.  28.       -0.1048197313       -0.1017181217
 162.  29.       -0.0768185922        0.0983249064
 162.  30.       -0.0813997924       -0.1850251943
 162.  31.       -0.0685503739       -0.0113324396
 162.  32.        0.1623027163        0.2889084267
 162.  33.        0.0746045859       -0.2270985459
 162.  34.        0.1405556146        0.1102668002
 162.  35.       -0.1361049629        0.2077813072
 162.  36.        0.0568766076       -0.1487505415
 162.  37.       -0.0454496226        0.0004121918
 162.  38.       -0.3041939319       -0.2036435047
 162.  39.       -0.0478526698        0.0125844550
 162.  40.       -0.1448677943        0.2761314990
 162.  41.        0.2464211550       -0.1083106862
 162.  42.       -0.1881610569        0.2165802912
 162.  43.       -0.1393068944       -0.1352810867
 162.  44.        0.0878068305        0.0092428921
 162.  45.       -0.0492393456        0.0810723422
 162.  46.        0.1316411714        0.1249750703
 162.  47.        0.0965917942        0.0985523961
 162.  48.        0.2547802236        0.0694075383
 162.  49.        0.0556323290        0.1259567391
 162.  50.        0.0449287797       -0.0540905726
 162.  51.       -0.2414972294        0.1902555545
 162.  52.       -0.2094285858       -0.2504671385
 162.  53.       -0.1360036583        0.1717852455
 162.  54.       -0.1909391991        0.1979133488
 162.  55.        0.0101073625       -0.1473958708
 162.  56.        0.0728352241        0.2867120513
 162.  57.       -0.0607220804        0.0479422419
 162.  58.        0.1721439798        0.1024272687
 162.  59.        0.1505299068        0.1394105076
 162.  60.        0.0025627404        0.3389419453
 162.  61.        0.2017008723       -0.0535017069
 162.  62.       -0.1835746538       -0.2327472251
 162.  63.        0.0911780304       -0.3815463320
 162.  64.        0.1273031876       -0.3249866898
 162.  65.       -0.1201476426       -0.1423061335
 162.  66.        0.1212509700        0.0639511215
 162.  67.        0.2065388735        0.2004625528
 162.  68.        0.0847326374        0.1159041320
 162.  69.        0.0236613889        0.0858719576
 162.  70.       -0.4061711222        0.1339723310
 162.  71.       -0.1476251985       -0.1391837461
 162.  72.        0.0196515630       -0.0873472324
 162.  73.        0.4378969481       -0.1996900227
 162.  74.        0.3832609860        0.0430733069
 162.  75.        0.2309456977       -0.3085098269
 162.  76.        0.0852457762        0.4120667165
 162.  77.       -0.0739546747        0.3987448253
 162.  78.        0.0587227535       -0.0454813368
 162.  79.       -0.4224546096       -0.0383119185
 162.  80.       -0.3635552323       -0.2097274871
 162.  81.       -0.1848646572        0.2451906419
 162.  82.        0.3157644084       -0.0589269423
 162.  83.        0.3571241096       -0.3391895000
 162.  84.        0.1780481037       -0.4196337817
 162.  85.        0.3071271232        0.4607445699
 162.  86.        0.1192798229        0.3505583352
 162.  87.       -0.1027329003        0.2346691345
 162.  88.        0.1906392427        0.0270888587
 162.  89.       -0.0274245429        0.2048155830
 162.  90.        0.0317400832       -0.1869285041
 162.  91.       -0.2066913347       -0.1940963986
 162.  92.        0.0143979141       -0.0652986189
 162.  93.        0.3302773359       -0.2026440267
 162.  94.        0.5000597183        0.0305789203
 162.  95.        0.2411684961        0.0546117579
 162.  96.        0.1882713324        0.0203368639
 162.  97.        0.1303011624        0.3948405762
 162.  98.       -0.0045595632       -0.1641542826
 162.  99.        0.0651919578       -0.2539797602
 162. 100.       -0.3457296558       -0.0610174598
 162. 101.       -0.0486157163       -0.3323437813
 162. 102.        0.0609310762        0.4300332643
 162. 103.       -0.1322282273       -0.3244719573
 162. 104.       -0.0323697342        0.2045579674
 162. 105.       -0.1051376174        0.0108487309
 162. 106.        0.2942447257        0.0885135362
 162. 107.       -0.3497016235        0.1242069778
 162. 108.        0.1231535862       -0.0015296282
 162. 109.       -0.0498451396       -0.0618271581
 162. 110.       -0.1446913012        0.1394194721
 162. 111.        0.2525924755        0.0851754538
 162. 112.        0.0567558814       -0.1503919432
 162. 113.       -0.2936653789        0.2549506455
 162. 114.        0.1222627204        0.0339782491
 162. 115.        0.0257551130       -0.0633091520
 162. 116.       -0.0598865641       -0.0733873297
 162. 117.        0.2621048090       -0.1134825960
 162. 118.        0.1094729479       -0.1192857611
 162. 119.       -0.1109806033        0.6130693303
 162. 120.        0.2194116507       -0.2676587895
 162. 121.       -0.1781837340       -0.3404079824
 162. 122.       -0.0516854807        0.0989049287
 162. 123.       -0.0598676084        0.0733023367
 162. 124.       -0.1757707876        0.4750714695
 162. 125.       -0.0116128544        0.1564827963
 162. 126.        0.1909086407       -0.0690906176
 162. 127.       -0.2754855471        0.3551060034
 162. 128.       -0.1117425743       -0.0612386256
 162. 129.        0.0418889389        0.0131733296
 162. 130.       -0.2334171544       -0.3389030156
 162. 131.        0.1549350502       -0.1762747533
 162. 132.        0.0772861989       -0.1130849807
 162. 133.       -0.0479390462       -0.0072124251
 162. 134.        0.1115679311       -0.1572408959
 162. 135.        0.6263926252       -0.2294456361
 162. 136.        0.1417882933       -0.0737991005
 162. 137.        0.2024576204        0.1139525215
 162. 138.       -0.0361602875       -0.3175083618
 162. 139.       -0.0742912922        0.2230463243
 162. 140.        0.0181730617        0.0667555722
 162. 141.       -0.3263988464        0.1147261534
 162. 142.       -0.1068482355       -0.1080353899
 162. 143.       -0.3771039392        0.0418782958
 162. 144.       -0.1220960798        0.0602962897
 162. 145.       -0.0376262728       -0.1088715443
 162. 146.       -0.0827314152       -0.2090045519
 162. 147.        0.4473834066       -0.0562041140
 162. 148.       -0.1799821179       -0.1349450487
 162. 149.        0.1778049939        0.2436943385
 162. 150.       -0.0114841700        0.0246302801
 162. 151.       -0.0374798568        0.1650065879
 162. 152.       -0.4694910909        0.0531718279
 162. 153.       -0.1329159575       -0.1437602574
 162. 154.       -0.1303778926       -0.3308862155
 162. 155.       -0.2352290787        0.3717985559
 162. 156.        0.0070073941       -0.0268054902
 162. 157.        0.1298419689       -0.1202373055
 162. 158.       -0.4891009441        0.2392543359
 162. 159.       -0.4266688926        0.6034885208
 162. 160.       -0.1934035308        0.0405401120
 162. 161.       -0.1522504957        0.1534982190
 162. 162.        0.0943649523       -0.0154252734
 163.   0.       -0.2506929507        0.0000000000
 163.   1.       -0.1288471566        0.0799677748
 163.   2.        0.1863693633       -0.0880781451
 163.   3.       -0.1568017636       -0.0502030705
 163.   4.        0.3916267318       -0.2442522110
 163.   5.        0.0549484360       -0.1964020354
 163.   6.        0.1477097643        0.1944157922
 163.   7.       -0.0886106934        0.3117056108
 163.   8.       -0.0781146692        0.0074642929
 163.   9.       -0.0589310717        0.0905744861
 163.  10.       -0.1851489783       -0.1767783090
 163.  11.        0.0364436362       -0.3430961296
 163.  12.        0.1425337731       -0.0120346563
 163.  13.        0.3171797722       -0.2035382413
 163.  14.        0.0882594260       -0.0149012942
 163.  15.        0.0689757958        0.3545823514
 163.  16.        0.0433335766       -0.0729645961
 163.  17.       -0.2747069926        0.1184491965
 163.  18.       -0.0530779799       -0.0153875543
 163.  19.       -0.0545913257       -0.1012300373
 163.  20.       -0.0035599651       -0.1992504986
 163.  21.        0.2498674877       -0.2828005437
 163.  22.       -0.0626068188       -0.0130084982
 163.  23.        0.1887034509        0.3814888539
 163.  24.       -0.0015411278        0.2397671945
 163.  25.       -0.1141527756        0.2583118974
 163.  26.       -0.2113894999        0.1224550008
 163.  27.       -0.0657606208       -0.0801039606
 163.  28.       -0.1951438896       -0.1398676914
 163.  29.        0.2294149044        0.0398405669
 163.  30.       -0.0157706201       -0.2378244227
 163.  31.        0.0040499061        0.1601660744
 163.  32.        0.1089135577        0.4328501996
 163.  33.       -0.3102630125        0.2193522091
 163.  34.        0.1467523383        0.0088895219
 163.  35.       -0.0533001867       -0.0658865196
 163.  36.       -0.1114033926        0.1180567236
 163.  37.        0.0221398102        0.1425512542
 163.  38.       -0.0324233576        0.0672694662
 163.  39.       -0.0041582711        0.1342118907
 163.  40.        0.1017077588       -0.1114897269
 163.  41.       -0.1856031768       -0.0176747203
 163.  42.        0.0180765126       -0.0238147632
 163.  43.       -0.0465460403       -0.0415438578
 163.  44.        0.0334735069       -0.2268357606
 163.  45.       -0.0208971014        0.2767806580
 163.  46.       -0.1383420866        0.0355577836
 163.  47.       -0.0952747733       -0.1862675345
 163.  48.        0.1618614320        0.0353458938
 163.  49.       -0.0338659523        0.1375272743
 163.  50.        0.0614392682        0.0933467356
 163.  51.        0.2806803886        0.1111744467
 163.  52.       -0.0011648796       -0.3003032937
 163.  53.        0.2428703128       -0.2166032750
 163.  54.       -0.1363477566        0.1913538067
 163.  55.        0.0330470680       -0.1266289944
 163.  56.        0.0809201054        0.3114267452
 163.  57.       -0.3316436249        0.0752787321
 163.  58.       -0.1238080509       -0.2514832873
 163.  59.        0.0372331217        0.3172948093
 163.  60.        0.0677450764       -0.2129870969
 163.  61.       -0.1818370091       -0.2925526161
 163.  62.        0.1879899501        0.0702654684
 163.  63.       -0.1550227440        0.2417567813
 163.  64.        0.0612957889        0.1266938504
 163.  65.        0.2384806654        0.3294726944
 163.  66.       -0.3460695604       -0.0353763114
 163.  67.        0.0050083940       -0.0780419426
 163.  68.       -0.0524669555       -0.0868049588
 163.  69.        0.1852200184        0.0190169563
 163.  70.       -0.3407160857        0.0718729615
 163.  71.        0.0211454163        0.0393779564
 163.  72.        0.2885380150       -0.1061708855
 163.  73.       -0.1507301438        0.3695272406
 163.  74.       -0.2680399064        0.2121159481
 163.  75.       -0.3314989999        0.2317039721
 163.  76.       -0.3142202377       -0.1196348566
 163.  77.       -0.0827250914       -0.1903911391
 163.  78.       -0.0831245911        0.0029160775
 163.  79.       -0.1464004083       -0.4077932999
 163.  80.        0.1681771122       -0.2476747339
 163.  81.        0.2219525947       -0.2789858831
 163.  82.        0.2050920287        0.0681724120
 163.  83.        0.3726115607        0.2852985878
 163.  84.       -0.0946077947        0.1415594852
 163.  85.       -0.2317630891        0.1165540225
 163.  86.       -0.1395723747       -0.0361834558
 163.  87.       -0.4831538411        0.1247965918
 163.  88.       -0.0279282110       -0.3012538955
 163.  89.       -0.1102976404        0.0011730263
 163.  90.        0.2695649797       -0.2406403648
 163.  91.        0.2208959084       -0.1579513817
 163.  92.       -0.2429564702        0.2972754168
 163.  93.       -0.0035429826       -0.0198019196
 163.  94.        0.2298143053       -0.0584603556
 163.  95.       -0.0976318128       -0.1303443619
 163.  96.       -0.0670318070        0.2301004070
 163.  97.       -0.3497976425       -0.2738341913
 163.  98.       -0.3967582851        0.0782652572
 163.  99.        0.0934892281       -0.1845989185
 163. 100.        0.2704967493       -0.4379697246
 163. 101.       -0.0338846553       -0.0933735746
 163. 102.        0.1760507484       -0.3008241874
 163. 103.        0.0124622402        0.0172558147
 163. 104.       -0.5742384304        0.2641396859
 163. 105.       -0.0721110720       -0.0895316973
 163. 106.       -0.1615278434        0.0010759606
 163. 107.       -0.2488503072        0.0669542849
 163. 108.        0.1963651653       -0.2306295354
 163. 109.        0.0647384143       -0.1578754743
 163. 110.        0.1945859690        0.5524100004
 163. 111.        0.0221443321       -0.1659874346
 163. 112.        0.0510895050       -0.0896463154
 163. 113.        0.5794256843        0.3712344286
 163. 114.       -0.0589423124        0.0333447637
 163. 115.       -0.1384194587       -0.0428916737
 163. 116.        0.4321327439       -0.0918274812
 163. 117.       -0.4178522050        0.0586158111
 163. 118.       -0.1526282354        0.1268289515
 163. 119.       -0.0636469906        0.2296979517
 163. 120.       -0.0145608013       -0.1784679474
 163. 121.        0.2183148475       -0.0370984581
 163. 122.        0.0502175031        0.1185231164
 163. 123.       -0.1787812942        0.0112113518
 163. 124.        0.0785337142        0.0435397008
 163. 125.       -0.1511925927        0.3356143794
 163. 126.       -0.3327922428       -0.0794098070
 163. 127.        0.0500889490       -0.0971041718
 163. 128.        0.1775090300       -0.1660154809
 163. 129.       -0.1307813110       -0.1526125122
 163. 130.        0.3022904901        0.0918405323
 163. 131.        0.3159215258        0.2535573101
 163. 132.       -0.1613894319       -0.1920702382
 163. 133.       -0.3170546456        0.3582603498
 163. 134.        0.2089853632       -0.0696328208
 163. 135.       -0.0671705238        0.2729722581
 163. 136.        0.1122360887       -0.1050803390
 163. 137.        0.1512248593       -0.0186622316
 163. 138.        0.0143817150        0.1504664075
 163. 139.       -0.1579980714       -0.2947634355
 163. 140.       -0.1188337115       -0.2150781863
 163. 141.       -0.0413318791       -0.2079298914
 163. 142.       -0.0118442826       -0.2741653274
 163. 143.        0.5938897204       -0.0537914009
 163. 144.       -0.1918517230       -0.2713831079
 163. 145.       -0.2354135841       -0.0165369542
 163. 146.        0.4749462883        0.0655997977
 163. 147.        0.3045254697       -0.3376343960
 163. 148.       -0.2830847296        0.3041656424
 163. 149.        0.0165552895        0.5678041197
 163. 150.       -0.1788337225        0.1057326537
 163. 151.       -0.3003637335       -0.2478985850
 163. 152.       -0.1417887705        0.2668961473
 163. 153.        0.5030561944       -0.1240371901
 163. 154.       -0.3428934697       -0.1148724822
 163. 155.       -0.1766329212       -0.5285476423
 163. 156.       -0.3632246206       -0.2874143546
 163. 157.        0.3814043507       -0.2428718010
 163. 158.        0.0729660252       -0.1559672765
 163. 159.        0.1433340921       -0.4051471446
 163. 160.       -0.4674765568       -0.0882577590
 163. 161.        0.4554227432        0.0732439178
 163. 162.       -0.0947727523        0.3917048623
 163. 163.        0.0644331775        0.2835579146
 164.   0.        0.0181057132        0.0000000000
 164.   1.        0.0814430181       -0.2954722167
 164.   2.       -0.1448448731       -0.2179708452
 164.   3.        0.2224573103        0.1150354914
 164.   4.        0.1422429239       -0.0249684811
 164.   5.       -0.0237953133        0.2153547087
 164.   6.       -0.1161044909        0.0012215993
 164.   7.       -0.0798108424       -0.2597567466
 164.   8.       -0.3347783230       -0.0075175719
 164.   9.        0.1322861097       -0.1575817780
 164.  10.        0.1534821208       -0.1850239072
 164.  11.        0.1345065007        0.0086484209
 164.  12.        0.0674462135       -0.0258854124
 164.  13.        0.1132681228        0.1811691391
 164.  14.       -0.0580090160        0.1279871450
 164.  15.       -0.1090868612        0.0161085277
 164.  16.       -0.2542826184       -0.2856873389
 164.  17.        0.0739150426       -0.2692962486
 164.  18.        0.0497566411       -0.0934987367
 164.  19.        0.0625617186       -0.0212936233
 164.  20.        0.3861056028        0.3252987229
 164.  21.        0.1121192679        0.1187577475
 164.  22.        0.0239041627        0.1485336331
 164.  23.        0.0177581261       -0.1925202998
 164.  24.       -0.1777474421       -0.0538358464
 164.  25.       -0.2539936376        0.1187512482
 164.  26.        0.0417909861       -0.2643352903
 164.  27.        0.0469033686       -0.1574627658
 164.  28.        0.2751234004        0.0854394778
 164.  29.       -0.0036982952       -0.1983866655
 164.  30.       -0.0974775245        0.1205443749
 164.  31.       -0.0390749452       -0.1862702055
 164.  32.       -0.2764424091       -0.1128108659
 164.  33.       -0.2632664534        0.1749270661
 164.  34.       -0.0860545234       -0.2368744491
 164.  35.        0.2110403042        0.0048862751
 164.  36.        0.1532478124        0.0898501733
 164.  37.        0.1340461449        0.1361869109
 164.  38.        0.1787711910        0.3513761431
 164.  39.       -0.0369889796       -0.0558539052
 164.  40.        0.0737372438       -0.1555548256
 164.  41.       -0.0301795641        0.2007100612
 164.  42.        0.1503461152       -0.4190736383
 164.  43.        0.0140431847        0.1625501288
 164.  44.        0.1429266393       -0.0589221069
 164.  45.        0.1570408392       -0.1287427574
 164.  46.       -0.3612914233        0.0681022274
 164.  47.       -0.0128543617       -0.0899960192
 164.  48.       -0.1188537791       -0.2155792454
 164.  49.        0.1057032457        0.1733394476
 164.  50.        0.1099800513       -0.1603168984
 164.  51.        0.0854091241       -0.0969699343
 164.  52.        0.2526901533        0.1145709352
 164.  53.        0.2614904628       -0.1326277774
 164.  54.        0.1880787685        0.0667052546
 164.  55.       -0.3349215189        0.0599900621
 164.  56.        0.1829573137       -0.2549360074
 164.  57.       -0.1201692354       -0.0440109151
 164.  58.       -0.0698935273       -0.1567507245
 164.  59.        0.1843020003        0.1049752177
 164.  60.       -0.0197368752       -0.0799580982
 164.  61.        0.1348446211       -0.1669447952
 164.  62.       -0.1060903024       -0.0001191946
 164.  63.       -0.2820166616        0.3882540256
 164.  64.        0.0902804878        0.2478223675
 164.  65.       -0.0051593215        0.1376597540
 164.  66.       -0.3567665628       -0.2225973941
 164.  67.        0.2546973402       -0.1753979548
 164.  68.       -0.0608652554       -0.2192779693
 164.  69.        0.1582438552       -0.2543919618
 164.  70.        0.5607611191        0.0753778122
 164.  71.       -0.2289126384       -0.1284303933
 164.  72.        0.1037457420        0.1251392378
 164.  73.       -0.1156004334        0.0821003784
 164.  74.       -0.1619407696       -0.1290004438
 164.  75.       -0.1020656362       -0.0347852724
 164.  76.       -0.0706243143       -0.3183693467
 164.  77.       -0.0728546963       -0.3771104048
 164.  78.       -0.0069327121        0.1995457799
 164.  79.        0.0060745468        0.0790240663
 164.  80.        0.0763059657       -0.0275918813
 164.  81.        0.2987530150        0.2426425129
 164.  82.       -0.0555597539        0.1053642642
 164.  83.       -0.3367007219        0.1659100024
 164.  84.       -0.0189102258        0.0731081833
 164.  85.       -0.0270735520       -0.5017311050
 164.  86.        0.0691912872        0.0638411551
 164.  87.        0.1603655414       -0.5050252994
 164.  88.        0.1638280967       -0.1028332109
 164.  89.        0.1361031842       -0.0180618045
 164.  90.       -0.0798346937        0.3353240636
 164.  91.       -0.0720874888        0.3239596560
 164.  92.       -0.1139372531       -0.1808245627
 164.  93.       -0.1626681110       -0.2224556987
 164.  94.       -0.3746915803       -0.3232208184
 164.  95.        0.0287272803        0.0768274303
 164.  96.        0.0514392291       -0.2424442747
 164.  97.       -0.0303519512       -0.4934565526
 164.  98.        0.2013786713        0.2971653464
 164.  99.        0.1663186093        0.0018585181
 164. 100.        0.1016719689        0.2849756251
 164. 101.        0.2778858812        0.1109077194
 164. 102.        0.0855632301       -0.1441454356
 164. 103.       -0.1301845052       -0.0579299294
 164. 104.        0.0303068209       -0.0093451170
 164. 105.       -0.0735846401        0.0704807235
 164. 106.       -0.0857648083       -0.0302866084
 164. 107.       -0.0193221088       -0.5667897902
 164. 108.       -0.0941222167       -0.2566067423
 164. 109.       -0.0106850444        0.2082507242
 164. 110.        0.1072050822        0.0986647242
 164. 111.       -0.5674067372        0.0810536996
 164. 112.       -0.0292142043        0.2289397448
 164. 113.        0.2587759132       -0.2578625476
 164. 114.       -0.2112193716        0.3553432631
 164. 115.       -0.1523710744       -0.1568927014
 164. 116.       -0.0874202830        0.0816675506
 164. 117.        0.1562422137        0.2548587160
 164. 118.        0.0968517610       -0.1301149913
 164. 119.       -0.3447618525       -0.1765905588
 164. 120.        0.0265330497        0.0708978657
 164. 121.       -0.0930628281       -0.2292794982
 164. 122.        0.0628527564       -0.1140902369
 164. 123.       -0.0412709319       -0.0549241579
 164. 124.        0.1366492449       -0.1469832259
 164. 125.        0.0605245266       -0.1669162038
 164. 126.       -0.0522291318       -0.0700524451
 164. 127.        0.2400077249        0.3551095574
 164. 128.       -0.0596065566        0.3090649232
 164. 129.       -0.1604470824        0.2559184515
 164. 130.        0.1627282209        0.1571410023
 164. 131.       -0.2168873098       -0.0893388826
 164. 132.       -0.1506456692       -0.1329081974
 164. 133.       -0.1187538289       -0.0613363014
 164. 134.       -0.4508401566       -0.1286158630
 164. 135.       -0.2217854501       -0.1022116821
 164. 136.        0.3269719059        0.3483394925
 164. 137.        0.1479226005       -0.1390536658
 164. 138.        0.2839174325       -0.1987907862
 164. 139.        0.2404154820        0.2052688576
 164. 140.       -0.3906122729        0.1937285430
 164. 141.       -0.3955940722        0.0092516709
 164. 142.        0.1070150587        0.3528906491
 164. 143.        0.1690568050        0.2641590417
 164. 144.       -0.0418768038        0.6668386947
 164. 145.       -0.2420990982        0.4763598070
 164. 146.       -0.1624386377       -0.0639119355
 164. 147.       -0.4084543592       -0.0262496064
 164. 148.       -0.1731790981        0.6155770611
 164. 149.       -0.0834953918       -0.2985017735
 164. 150.        0.1240042639       -0.2360315836
 164. 151.       -0.1463423003       -0.5871232090
 164. 152.       -0.0093205696        0.1373523830
 164. 153.        0.4413970516       -0.3125020235
 164. 154.       -0.1720351775        0.0892290970
 164. 155.        0.0034162564        0.6748202932
 164. 156.        0.4750953823       -0.3048970932
 164. 157.        0.1337111683        0.0796541724
 164. 158.        0.0802964444        0.3215800509
 164. 159.       -0.2847838293        0.0984817913
 164. 160.        0.3346803281        0.1137339354
 164. 161.       -0.0191086797       -0.5868321168
 164. 162.       -0.1172484184       -0.0142390931
 164. 163.       -0.1037465121        0.0897995379
 164. 164.       -0.2897866388        0.1047410684
 165.   0.        0.0462185695        0.0000000000
 165.   1.        0.1196153575       -0.0273571423
 165.   2.       -0.2549151357        0.3199912426
 165.   3.        0.1071988501        0.0656878749
 165.   4.       -0.2285989792        0.1632563688
 165.   5.       -0.1123756985        0.2334190164
 165.   6.       -0.0394023864       -0.1842439199
 165.   7.        0.0688067155       -0.2029646000
 165.   8.        0.3904849503        0.0515642072
 165.   9.       -0.0870235439        0.0081506125
 165.  10.       -0.0162813210       -0.0952558136
 165.  11.        0.1477647969        0.3266369115
 165.  12.       -0.0357794442        0.1853676965
 165.  13.       -0.4829784753        0.0115704539
 165.  14.       -0.1542592583       -0.1298554600
 165.  15.        0.0286076826       -0.0947120651
 165.  16.        0.0180215139       -0.0981022993
 165.  17.        0.3413127110        0.1063966767
 165.  18.        0.1530017004       -0.0855129914
 165.  19.        0.1204854492        0.2226381505
 165.  20.       -0.0932205961        0.2145184414
 165.  21.       -0.2918502534        0.2521907184
 165.  22.       -0.1601710242        0.0207950505
 165.  23.        0.0066673806       -0.2134576008
 165.  24.        0.0660432372       -0.1307527634
 165.  25.        0.1721498605       -0.0650603603
 165.  26.        0.0380949996       -0.0257196485
 165.  27.        0.1863996714        0.1628784758
 165.  28.       -0.0881449067        0.0757082583
 165.  29.       -0.1845209149        0.0006143493
 165.  30.        0.0665184909        0.0252769500
 165.  31.       -0.1890610330       -0.1777812867
 165.  32.       -0.0089366406       -0.5421581730
 165.  33.        0.3568892357       -0.1857268056
 165.  34.       -0.0968764534       -0.0622092325
 165.  35.       -0.0771191183        0.1132370979
 165.  36.       -0.1259978324       -0.1089470334
 165.  37.       -0.0613278830        0.0762393339
 165.  38.       -0.1969272382        0.0194998602
 165.  39.       -0.1225576987       -0.1823486822
 165.  40.       -0.0682312027        0.0911311502
 165.  41.        0.3145422715       -0.0419749547
 165.  42.        0.1339950040        0.0196054741
 165.  43.        0.1969862898        0.3249130225
 165.  44.        0.0881055869        0.0399635417
 165.  45.       -0.0240563891       -0.2860999366
 165.  46.        0.1061721776       -0.1773270405
 165.  47.        0.0066779591       -0.0214818006
 165.  48.       -0.0568446425       -0.0265776995
 165.  49.        0.1690057693       -0.0398036089
 165.  50.        0.0700405075       -0.0158643365
 165.  51.       -0.4033757306        0.3095499899
 165.  52.        0.0102518563        0.2163404492
 165.  53.       -0.2271045693        0.1417011977
 165.  54.        0.0360661903       -0.1748758124
 165.  55.       -0.1221416994       -0.1462234911
 165.  56.       -0.1041909509       -0.0791164224
 165.  57.        0.1895689255       -0.0641217136
 165.  58.        0.2196586618        0.0997292610
 165.  59.       -0.1104094275       -0.0365190322
 165.  60.        0.2370381105        0.1609747659
 165.  61.       -0.2167693110        0.0917229316
 165.  62.       -0.2965531745       -0.0389581023
 165.  63.       -0.1044960051       -0.0301085508
 165.  64.       -0.0341851003       -0.1971640294
 165.  65.        0.0872225768        0.1177457311
 165.  66.       -0.0029615875       -0.2496236055
 165.  67.        0.2377143465       -0.0598266369
 165.  68.        0.0054137797        0.4273432617
 165.  69.       -0.1649091520        0.0752893107
 165.  70.       -0.0759226496        0.2283608012
 165.  71.        0.0427486391        0.2409961773
 165.  72.       -0.2584729359       -0.0770119080
 165.  73.        0.1436815661       -0.0396341015
 165.  74.        0.2188229513       -0.2082682888
 165.  75.        0.2094440458       -0.3459773232
 165.  76.        0.2105452293       -0.0287334711
 165.  77.       -0.0787852018        0.0664979626
 165.  78.        0.1367476785        0.0084688514
 165.  79.        0.0226431666        0.2572347263
 165.  80.       -0.1518901940       -0.0162663525
 165.  81.       -0.1486418582       -0.0625722573
 165.  82.       -0.1363885821        0.0743997738
 165.  83.       -0.2212644945       -0.2257681356
 165.  84.        0.1691752105        0.1126111801
 165.  85.        0.3739474959       -0.2723546932
 165.  86.       -0.0449198535       -0.0577878046
 165.  87.        0.0319079585       -0.0401954289
 165.  88.       -0.0234004539        0.4482731275
 165.  89.       -0.0416967748        0.1696793151
 165.  90.       -0.2369289439        0.1583380762
 165.  91.       -0.1756822909       -0.0158001929
 165.  92.        0.0847213606       -0.0151036090
 165.  93.        0.0246814018       -0.2646177176
 165.  94.       -0.0575139840       -0.2359083593
 165.  95.        0.1343717262       -0.2410853597
 165.  96.       -0.2050390046       -0.1054732322
 165.  97.       -0.2384695007        0.2829307357
 165.  98.        0.2054862194        0.3915665221
 165.  99.       -0.2734234496        0.0706491076
 165. 100.        0.0673670391       -0.0528370439
 165. 101.       -0.0236276098       -0.0128576467
 165. 102.        0.0701427105       -0.0403087364
 165. 103.       -0.0320326535        0.0237981578
 165. 104.        0.5355416116       -0.4496065488
 165. 105.        0.0597807019        0.1350636586
 165. 106.        0.2093040455       -0.0783719042
 165. 107.       -0.1232413151       -0.1063297649
 165. 108.        0.0829437361        0.0483877618
 165. 109.        0.1213675842       -0.2937584061
 165. 110.       -0.0602032665        0.2715299414
 165. 111.        0.0924165891        0.2221937538
 165. 112.       -0.0374462663       -0.3723171309
 165. 113.       -0.0467746138        0.0246214969
 165. 114.        0.0942524710        0.0634502102
 165. 115.       -0.1871811197       -0.1866349043
 165. 116.       -0.0502207274        0.0175654576
 165. 117.       -0.1973446917        0.0540530717
 165. 118.        0.1219163795       -0.2105139955
 165. 119.       -0.2312607223       -0.0850521314
 165. 120.       -0.0590394062       -0.0586860366
 165. 121.        0.0678829978       -0.0953351120
 165. 122.        0.0378351849       -0.1981705881
 165. 123.        0.2412918335       -0.0972467386
 165. 124.       -0.2813186199       -0.2491157444
 165. 125.        0.1589662746       -0.0595051411
 165. 126.        0.2751887077        0.2445792644
 165. 127.       -0.2083059439       -0.2570313381
 165. 128.       -0.0124398448       -0.1689326589
 165. 129.       -0.1532993705       -0.2579365926
 165. 130.       -0.2174005853       -0.1212000010
 165. 131.        0.0444483956       -0.2396336380
 165. 132.        0.3896044944        0.1615221293
 165. 133.        0.0826578706       -0.0188256015
 165. 134.        0.0213166902       -0.1140378883
 165. 135.        0.0354309088        0.0491518918
 165. 136.        0.2140153355       -0.0032250983
 165. 137.        0.3140236458        0.2392212126
 165. 138.        0.2111309500        0.2995149532
 165. 139.        0.0343215927       -0.2592378290
 165. 140.       -0.3566596893        0.4157468971
 165. 141.       -0.3456925411        0.1693350635
 165. 142.       -0.2513669218       -0.3560813330
 165. 143.       -0.5655916355        0.1739881381
 165. 144.        0.0163029311        0.0105739304
 165. 145.        0.1396618710        0.2323593382
 165. 146.        0.2925019246       -0.1452375044
 165. 147.       -0.4486220003        0.1304762843
 165. 148.        0.4166611248       -0.0267601515
 165. 149.        0.2857350623        0.4069186238
 165. 150.       -0.1783827195        0.1128260837
 165. 151.        0.0277047771        0.0741399831
 165. 152.        0.1513758511       -0.1953320505
 165. 153.       -0.0385115272        0.0064164196
 165. 154.        0.1164252792       -0.0651079985
 165. 155.        0.0269095134       -0.0206291254
 165. 156.       -0.3677623581       -0.2164116575
 165. 157.        0.0948825644        0.0989235390
 165. 158.       -0.2050568043       -0.1194977316
 165. 159.        0.1624988949       -0.2583610211
 165. 160.       -0.4793104753       -0.1620323594
 165. 161.       -0.3771284278        0.3184152733
 165. 162.       -0.2795114717        0.4614977921
 165. 163.        0.0133170566       -0.1081547423
 165. 164.       -0.1809870090       -0.4758426250
 165. 165.        0.0395451156        0.0758945491
 166.   0.        0.0055250705        0.0000000000
 166.   1.       -0.1343259428        0.1242289479
 166.   2.        0.0511768906        0.0468554320
 166.   3.       -0.2699922949       -0.2046384674
 166.   4.        0.0231219680        0.0726293347
 166.   5.        0.1397209720       -0.1989546980
 166.   6.       -0.0808024231       -0.0073207364
 166.   7.        0.0257373676        0.3736659270
 166.   8.        0.0977790895        0.0503178214
 166.   9.       -0.0633116550        0.1065410911
 166.  10.       -0.0742546005        0.0576848204
 166.  11.       -0.3576913577       -0.2189713340
 166.  12.       -0.0303518465        0.0932649418
 166.  13.       -0.0368791840       -0.1954989709
 166.  14.       -0.0837916840       -0.0761896428
 166.  15.        0.0023908738        0.0483200447
 166.  16.        0.2081516681        0.3793162733
 166.  17.       -0.1326146775        0.2938477326
 166.  18.        0.0838365363        0.0517575316
 166.  19.       -0.1141465409       -0.1115619893
 166.  20.       -0.3419008723       -0.0451162297
 166.  21.        0.0349653978       -0.1743400587
 166.  22.        0.0304060940       -0.1795342200
 166.  23.        0.0407546650        0.0506821596
 166.  24.        0.2862278620       -0.0747949181
 166.  25.        0.0956774006        0.0517495030
 166.  26.       -0.1748003782        0.3622537032
 166.  27.       -0.1972814635        0.2541870774
 166.  28.       -0.2614024413        0.0547130010
 166.  29.       -0.0027614261        0.1311266741
 166.  30.        0.2798710196       -0.1616479530
 166.  31.        0.0339148682        0.0728978354
 166.  32.        0.3066154529       -0.0044931342
 166.  33.        0.2275855222       -0.1861003462
 166.  34.        0.1585874645        0.2179276288
 166.  35.       -0.0080980125       -0.0145235187
 166.  36.       -0.1281754884       -0.1437351553
 166.  37.       -0.0940925876       -0.0360533621
 166.  38.       -0.0558457305       -0.1774776096
 166.  39.       -0.1054549917        0.0457186620
 166.  40.        0.0499489928        0.0622994642
 166.  41.        0.0179600452       -0.0869878460
 166.  42.       -0.1519360736        0.3491475230
 166.  43.        0.0937925459       -0.0851526728
 166.  44.       -0.2415153119        0.0041254096
 166.  45.        0.0395669758       -0.0515848677
 166.  46.        0.4070491444        0.1526715279
 166.  47.        0.0670227665       -0.0391659989
 166.  48.       -0.3207124165        0.0040445494
 166.  49.        0.0668125586       -0.0307069315
 166.  50.       -0.1450480555        0.0711689436
 166.  51.       -0.2634977651        0.0157883961
 166.  52.       -0.1557354239       -0.0127414091
 166.  53.       -0.2075374406       -0.0295087758
 166.  54.       -0.0364759177       -0.0524837039
 166.  55.        0.2118117877        0.0331163778
 166.  56.       -0.1281450494        0.1618699274
 166.  57.        0.2016652189        0.2717920388
 166.  58.        0.0167657460        0.0464328993
 166.  59.       -0.1073759930       -0.2155671688
 166.  60.        0.1651352566       -0.0272455126
 166.  61.       -0.0563394367        0.1721581221
 166.  62.       -0.0197294474        0.0302403161
 166.  63.        0.3584551068        0.0036353022
 166.  64.       -0.0420525858       -0.3139023086
 166.  65.        0.0980078507        0.1133527382
 166.  66.        0.1275702228        0.2911639126
 166.  67.       -0.1657531031        0.2114996445
 166.  68.       -0.0380204500       -0.0150586456
 166.  69.       -0.4218494543        0.2789508521
 166.  70.       -0.0334957440       -0.4029379005
 166.  71.        0.1257103568        0.0378226683
 166.  72.       -0.1538653786       -0.1042921893
 166.  73.       -0.0702075295       -0.0654113808
 166.  74.        0.0460439538       -0.0206272059
 166.  75.        0.1224691431        0.0164445731
 166.  76.        0.3837146518        0.1146755211
 166.  77.       -0.0522980143        0.0508829960
 166.  78.       -0.2393219921       -0.2295905031
 166.  79.       -0.2538839312       -0.1178223498
 166.  80.        0.0221068992       -0.1295270260
 166.  81.       -0.1195249149       -0.1709246854
 166.  82.        0.0719969025       -0.1486148900
 166.  83.        0.3363581470       -0.1189761647
 166.  84.       -0.0406823384        0.0212438125
 166.  85.        0.1643997064        0.2358915750
 166.  86.        0.0246001837       -0.0480645676
 166.  87.       -0.1413432950        0.0422784927
 166.  88.        0.0921570170       -0.1498023393
 166.  89.        0.0680988883       -0.4576129796
 166.  90.        0.0010866736       -0.3491978653
 166.  91.        0.2104358531        0.0741554186
 166.  92.        0.1440508806       -0.1163991223
 166.  93.        0.2144409205       -0.2292117015
 166.  94.        0.2223757332        0.2764137231
 166.  95.       -0.1446550057       -0.3993407020
 166.  96.        0.1479093000        0.3607685461
 166.  97.       -0.4020964523        0.0478528073
 166.  98.       -0.4601261991        0.1669419955
 166.  99.        0.0691328764       -0.3353696669
 166. 100.       -0.2180448894       -0.3622090742
 166. 101.       -0.1386252046        0.0746653996
 166. 102.       -0.1888140092        0.3170851158
 166. 103.       -0.0514439100       -0.0493980277
 166. 104.        0.3131994092       -0.2706412459
 166. 105.        0.2040413323        0.2505407364
 166. 106.       -0.1147840027       -0.2696274186
 166. 107.       -0.0426007000        0.2071733138
 166. 108.       -0.3068513007        0.1291677523
 166. 109.        0.2043372623       -0.3841468165
 166. 110.        0.0989240834       -0.0396650980
 166. 111.        0.2650709909        0.3444308042
 166. 112.       -0.0613742467       -0.1509705737
 166. 113.       -0.0098933812       -0.1506879787
 166. 114.        0.1588128844       -0.0015621694
 166. 115.       -0.0421430028        0.3491674370
 166. 116.       -0.0577146531       -0.0688898682
 166. 117.        0.3461676693        0.1195804570
 166. 118.       -0.1124572339        0.0964049121
 166. 119.        0.4400793694        0.3227374853
 166. 120.        0.2273870883        0.0463072079
 166. 121.       -0.2074933976        0.0388358505
 166. 122.       -0.1049532397        0.2151048235
 166. 123.        0.2762401298       -0.0860910174
 166. 124.       -0.2264578587        0.0050182525
 166. 125.       -0.0163296114        0.1785530542
 166. 126.        0.2340368714       -0.2636123037
 166. 127.       -0.2235964526        0.0550194442
 166. 128.       -0.0814008324       -0.2844010031
 166. 129.        0.2114544771       -0.2663981199
 166. 130.        0.1376307023        0.1536845650
 166. 131.        0.0803378208       -0.3015437639
 166. 132.        0.1102306001       -0.0418126620
 166. 133.       -0.0373918399       -0.0870317532
 166. 134.        0.1434607824        0.1089725224
 166. 135.       -0.0026953706        0.1674217338
 166. 136.       -0.4468870415       -0.2402252040
 166. 137.        0.3185144380        0.3794904200
 166. 138.       -0.2135581761        0.0200684064
 166. 139.       -0.7823599908       -0.0874395443
 166. 140.        0.0522598869        0.2130143066
 166. 141.       -0.1523815620        0.1265099662
 166. 142.       -0.4474556170       -0.3631111904
 166. 143.        0.1730282274        0.0487107314
 166. 144.        0.0313431474       -0.2547972198
 166. 145.       -0.1250015939        0.1121983138
 166. 146.        0.2352452211        0.7687498870
 166. 147.        0.4833381463        0.0215299023
 166. 148.       -0.1656688347        0.3990720258
 166. 149.        0.3024975371        0.5575889379
 166. 150.        0.0695049553        0.2394040204
 166. 151.       -0.1573628424       -0.1426055756
 166. 152.       -0.0357402980       -0.0786339326
 166. 153.        0.1174637151       -0.2815475393
 166. 154.       -0.5328660049       -0.4093192263
 166. 155.       -0.2984344127       -0.0573315655
 166. 156.        0.0936691342       -0.1131422863
 166. 157.        0.0027215834       -0.1589368035
 166. 158.       -0.1036491413       -0.5150411907
 166. 159.       -0.0188144463       -0.1060849339
 166. 160.       -0.3651319505       -0.1919952706
 166. 161.        0.3135548653        0.0707761813
 166. 162.        0.0038558103       -0.4626027721
 166. 163.        0.0336713569       -0.3347299767
 166. 164.       -0.2713857223       -0.0767436648
 166. 165.        0.1340752988        0.1417642515
 166. 166.       -0.0630591227       -0.2335211328
 167.   0.       -0.0933992004        0.0000000000
 167.   1.       -0.0675543921        0.1363660250
 167.   2.        0.1991479327       -0.1274403142
 167.   3.       -0.0188050811       -0.0846628140
 167.   4.        0.0935770622        0.0092546412
 167.   5.        0.1116524882       -0.0752318241
 167.   6.       -0.0345739371        0.2268941646
 167.   7.       -0.0104089375       -0.0275794288
 167.   8.       -0.2337460628       -0.1923070815
 167.   9.       -0.0900837729        0.0951212511
 167.  10.        0.2716443607       -0.0020375622
 167.  11.       -0.0448962855       -0.3648917658
 167.  12.        0.1138022188       -0.0342812988
 167.  13.        0.2920130808        0.2132894732
 167.  14.        0.1251360330        0.2914087514
 167.  15.        0.0688760448        0.2208929587
 167.  16.       -0.1296773272        0.1941313451
 167.  17.       -0.4199989323       -0.0892488398
 167.  18.       -0.1405258382       -0.1524588374
 167.  19.       -0.1409647363       -0.2836354300
 167.  20.        0.2037653189       -0.0794653613
 167.  21.        0.1390482915       -0.1203343832
 167.  22.        0.2976035941        0.0105294263
 167.  23.        0.1209449862        0.0269811319
 167.  24.       -0.2503421895        0.1114755393
 167.  25.       -0.2782439222        0.1557495757
 167.  26.        0.0102257828       -0.1094037481
 167.  27.       -0.1294664204       -0.1545705612
 167.  28.        0.0532064362        0.1572497341
 167.  29.        0.0215797439        0.0388596936
 167.  30.        0.0117082861       -0.0110494032
 167.  31.        0.3568113193        0.3084896123
 167.  32.        0.1719727820        0.2842169772
 167.  33.       -0.2704361362        0.0173931682
 167.  34.       -0.0723802668        0.0863405466
 167.  35.        0.0181499948       -0.2647047477
 167.  36.        0.0603634968       -0.0450392344
 167.  37.        0.0081455207       -0.2925283384
 167.  38.        0.0497171426        0.0229854517
 167.  39.        0.0799029078        0.5166186485
 167.  40.       -0.0135647757       -0.1762471910
 167.  41.       -0.0642771175        0.0603482103
 167.  42.       -0.2929793342       -0.0377844027
 167.  43.       -0.1389135850       -0.0943003572
 167.  44.       -0.0762650867        0.0258836932
 167.  45.       -0.0591358320        0.0772235597
 167.  46.        0.0022698689        0.0050223056
 167.  47.       -0.0085103493        0.1357119590
 167.  48.       -0.1822536789       -0.0053757579
 167.  49.       -0.2457306696       -0.1617416593
 167.  50.       -0.0048867946        0.2114998203
 167.  51.        0.1873459988       -0.3404690825
 167.  52.        0.1908139666       -0.1087239841
 167.  53.        0.0473883231        0.0775642436
 167.  54.        0.0516157124        0.0285034818
 167.  55.       -0.1300188064        0.2149834318
 167.  56.       -0.1373397501        0.0456276834
 167.  57.       -0.1021823611       -0.2036893711
 167.  58.       -0.3083732101       -0.0622896958
 167.  59.       -0.0051768898       -0.1650536821
 167.  60.        0.0866152384       -0.1935434285
 167.  61.        0.0462273561        0.1076080280
 167.  62.        0.1546162075        0.1747597432
 167.  63.        0.0673197268        0.0943459002
 167.  64.       -0.1054394607        0.4236521447
 167.  65.        0.0049501016       -0.0902574978
 167.  66.       -0.2636295631        0.1071504506
 167.  67.       -0.1551790028        0.0644841577
 167.  68.       -0.0391491051       -0.6108575169
 167.  69.        0.0702198992        0.0335792178
 167.  70.       -0.0743289955       -0.0726649455
 167.  71.        0.2004213063       -0.2060574935
 167.  72.        0.1765736488        0.1707534029
 167.  73.       -0.1641683484        0.0126140745
 167.  74.        0.0087056379        0.1392413566
 167.  75.       -0.3207753434        0.1896855307
 167.  76.       -0.0683538713        0.1013258922
 167.  77.       -0.0120370549       -0.3376009114
 167.  78.       -0.1151728001       -0.1567302732
 167.  79.        0.3044763470       -0.4475511888
 167.  80.        0.1016597828        0.2397183308
 167.  81.       -0.1043772473        0.0867142685
 167.  82.        0.0911293436       -0.0234831877
 167.  83.       -0.0187623920        0.1841801615
 167.  84.       -0.0097691481        0.0055513091
 167.  85.        0.0632692414        0.0308751497
 167.  86.       -0.2977583859        0.0227244326
 167.  87.       -0.3669776832       -0.0923931374
 167.  88.        0.1337072833       -0.2870459433
 167.  89.       -0.0786641566       -0.1512677174
 167.  90.        0.3075967230       -0.2912524385
 167.  91.        0.1966975509        0.3285910226
 167.  92.        0.1505812065        0.2634346581
 167.  93.        0.2246854568        0.3836678637
 167.  94.        0.0541107708        0.3599664255
 167.  95.       -0.3397916445        0.1346945472
 167.  96.       -0.0343839570       -0.2463114979
 167.  97.       -0.5203595372       -0.3312136136
 167.  98.        0.0826383359       -0.2806442646
 167.  99.        0.3185916068        0.1091876719
 167. 100.       -0.2186466036       -0.3081585751
 167. 101.        0.0871714556        0.1292849443
 167. 102.        0.2454198688        0.0597446274
 167. 103.       -0.1938750878        0.0615068001
 167. 104.       -0.0275267131       -0.2074801557
 167. 105.       -0.0749662572       -0.1564043794
 167. 106.       -0.4950480274        0.0115025669
 167. 107.       -0.2827446000       -0.1832365334
 167. 108.       -0.1329089881       -0.0723151707
 167. 109.       -0.2228547543       -0.1111418238
 167. 110.        0.2686874714       -0.0653817628
 167. 111.       -0.0536597440       -0.1515203667
 167. 112.       -0.2960506518        0.4617140559
 167. 113.        0.4719325693        0.0627037601
 167. 114.        0.0509815372       -0.1328498667
 167. 115.       -0.1218305229        0.1316862293
 167. 116.        0.1047869083        0.1443150466
 167. 117.        0.1798745480        0.0925284871
 167. 118.       -0.0958427932        0.2232780830
 167. 119.       -0.2095950532       -0.1249606123
 167. 120.       -0.3137810233        0.0671623409
 167. 121.       -0.1638033259        0.1826207705
 167. 122.        0.2894706171       -0.0011970669
 167. 123.        0.0753882243        0.1365636555
 167. 124.       -0.1663505219        0.2801527090
 167. 125.        0.1501698052       -0.3995768616
 167. 126.       -0.0893150315       -0.3593528001
 167. 127.        0.2308066040        0.0785546912
 167. 128.        0.2868620316        0.1480144340
 167. 129.       -0.1415561866        0.0143893958
 167. 130.       -0.0072100156        0.2124410994
 167. 131.        0.0671999424        0.1407468361
 167. 132.        0.0116926574        0.1723790565
 167. 133.       -0.1712849127        0.3465478992
 167. 134.        0.1599560815       -0.0422882886
 167. 135.       -0.1570017737       -0.0227305841
 167. 136.       -0.1712459949       -0.0699516823
 167. 137.        0.0370779502       -0.6200410874
 167. 138.       -0.0650665514       -0.0290764776
 167. 139.       -0.1497661135        0.1604336163
 167. 140.       -0.0884093009       -0.1258857247
 167. 141.        0.2561531333       -0.0735904163
 167. 142.       -0.0024727363        0.3378339841
 167. 143.        0.2486166980       -0.5595789068
 167. 144.        0.2137382456       -0.1386907358
 167. 145.        0.1006954874        0.5010272591
 167. 146.       -0.0504871931        0.0103255324
 167. 147.       -0.2303510332        0.0237755154
 167. 148.       -0.2433212142       -0.0196469557
 167. 149.       -0.1911817913       -0.1490093105
 167. 150.       -0.4586345562       -0.2833181329
 167. 151.       -0.2633932082       -0.0009521059
 167. 152.       -0.0636058919        0.0106121667
 167. 153.       -0.2598074036        0.0121834367
 167. 154.        0.1110825310       -0.1131298182
 167. 155.        0.3437414969        0.1267553885
 167. 156.        0.4955933502       -0.2124920115
 167. 157.        0.2137047175       -0.0280927128
 167. 158.        0.2278504095       -0.0905760396
 167. 159.        0.5582260614        0.3414109789
 167. 160.        0.0447008867        0.0385854785
 167. 161.        0.2874159307        0.1854145064
 167. 162.        0.0099237426       -0.1337134833
 167. 163.        0.0759188084        0.5493482015
 167. 164.        0.2241938473        0.6200300125
 167. 165.       -0.1326292113        0.4145187732
 167. 166.        0.1908116953        0.1067894067
 167. 167.       -0.0275924870       -0.1840068997
 168.   0.        0.1408738213        0.0000000000
 168.   1.        0.2197703278       -0.1952057145
 168.   2.        0.0259371117       -0.1170895823
 168.   3.        0.1212933473        0.3428119405
 168.   4.       -0.1413907139       -0.1215921651
 168.   5.       -0.1545703563        0.1160991071
 168.   6.       -0.0589442142       -0.0410486371
 168.   7.        0.0733227660       -0.2367245829
 168.   8.        0.0283549391       -0.1099850409
 168.   9.       -0.0155428902       -0.1242909640
 168.  10.        0.0577710666       -0.0406913273
 168.  11.        0.2116449568        0.3168271285
 168.  12.        0.0325576936        0.0282405757
 168.  13.       -0.1489786804        0.3253318986
 168.  14.        0.1152990202       -0.0998026060
 168.  15.       -0.0286068950       -0.3156682610
 168.  16.       -0.1150331844       -0.2153241161
 168.  17.        0.1344911013       -0.1848753036
 168.  18.       -0.0332585248       -0.3251615078
 168.  19.        0.1483483544        0.1697271551
 168.  20.        0.3189843378        0.0978442532
 168.  21.       -0.2446630573        0.1875109286
 168.  22.       -0.1213770405        0.1672968420
 168.  23.       -0.0575521454       -0.0055449621
 168.  24.       -0.2946009242        0.0825513245
 168.  25.        0.0367011016       -0.1887338556
 168.  26.        0.0318475492       -0.3840925582
 168.  27.       -0.0701804457       -0.0116326230
 168.  28.        0.2350021015       -0.0469755078
 168.  29.       -0.0824104782       -0.1009336551
 168.  30.       -0.2617094636        0.2397101922
 168.  31.       -0.0194279394       -0.1137920877
 168.  32.       -0.2230501162        0.0211821718
 168.  33.       -0.0727298008        0.0872204359
 168.  34.        0.1188545385       -0.1114342314
 168.  35.       -0.2323392527        0.0479631135
 168.  36.        0.1910667849        0.1171314127
 168.  37.       -0.0437002594       -0.0911534459
 168.  38.        0.0525290101        0.0837402265
 168.  39.        0.2053483459       -0.1126696562
 168.  40.       -0.1636990096        0.1003874839
 168.  41.       -0.1390581708        0.0637821269
 168.  42.        0.0708361718       -0.1643788825
 168.  43.       -0.3388294212       -0.1200686994
 168.  44.       -0.0429839023        0.0177718016
 168.  45.       -0.1702456673        0.1353324894
 168.  46.       -0.1025332345        0.0614197312
 168.  47.        0.2093263521       -0.0658080270
 168.  48.        0.2213916658        0.2853034935
 168.  49.       -0.1646150115       -0.1055120344
 168.  50.        0.1003482511       -0.0961595669
 168.  51.       -0.0643644481       -0.0400604656
 168.  52.        0.0925235534        0.0155142286
 168.  53.       -0.0290873627        0.3160205453
 168.  54.       -0.2674848000        0.1208878370
 168.  55.       -0.0681074324        0.0749956000
 168.  56.        0.1759436601       -0.2846794262
 168.  57.       -0.1538463722       -0.2736583264
 168.  58.        0.1226534112       -0.1617126420
 168.  59.       -0.0184311514        0.0904346373
 168.  60.        0.3173635494       -0.0751375457
 168.  61.        0.0263969511       -0.0878212799
 168.  62.       -0.2094232700       -0.1669644417
 168.  63.       -0.2149997386        0.0277884817
 168.  64.       -0.0537964255        0.0918866922
 168.  65.       -0.0430407813       -0.3209401610
 168.  66.        0.0598279892       -0.4773358104
 168.  67.        0.2379936030       -0.0514736403
 168.  68.        0.0479826251        0.0162891694
 168.  69.        0.6544135840       -0.1473996799
 168.  70.       -0.2559697528        0.2872800804
 168.  71.       -0.3011459384       -0.2071370915
 168.  72.       -0.0784542943        0.1796025902
 168.  73.        0.1151716958       -0.1259232427
 168.  74.        0.0104953357        0.0962285829
 168.  75.       -0.1788382474       -0.2897783509
 168.  76.       -0.3530526063       -0.3321162827
 168.  77.        0.2897133636        0.0378153612
 168.  78.        0.2040134670        0.2950010902
 168.  79.       -0.0272914641        0.0966270793
 168.  80.        0.3009673760        0.1116118631
 168.  81.       -0.0067259587        0.3066350386
 168.  82.       -0.3211693281       -0.2346567305
 168.  83.       -0.2443896577        0.1296616310
 168.  84.       -0.3654012337       -0.4295443528
 168.  85.        0.0062857285       -0.3227354569
 168.  86.        0.2061958595       -0.0387473987
 168.  87.        0.1724696291       -0.2223381004
 168.  88.        0.1662702575        0.2465055966
 168.  89.       -0.1538127177        0.4110145981
 168.  90.        0.1940450743        0.3349115801
 168.  91.        0.1678054911       -0.0934144775
 168.  92.        0.0080847991        0.2121326063
 168.  93.       -0.3652501285       -0.2886231991
 168.  94.       -0.1441776440       -0.0865778929
 168.  95.       -0.0205580155        0.1101158899
 168.  96.        0.2046944001        0.0615727814
 168.  97.        0.3738449695        0.0681516094
 168.  98.        0.4027685631        0.0224221355
 168.  99.        0.1374487419       -0.0661390155
 168. 100.        0.1865611690        0.1904106078
 168. 101.       -0.0689788100       -0.1778435577
 168. 102.        0.3282769796       -0.0339461692
 168. 103.       -0.2750505011        0.0346651920
 168. 104.       -0.3086841495        0.0750188629
 168. 105.       -0.1211587698       -0.3427180036
 168. 106.       -0.0135622855        0.2835902332
 168. 107.       -0.2105793351       -0.3536796358
 168. 108.        0.0994738442        0.2243628814
 168. 109.        0.2663817302       -0.1486733030
 168. 110.       -0.1877684110       -0.0186611974
 168. 111.        0.2600607000        0.0153481759
 168. 112.        0.4601036791       -0.1859088483
 168. 113.       -0.0201313815        0.1641015695
 168. 114.        0.1563907491       -0.1942285584
 168. 115.        0.2373988077       -0.1516009951
 168. 116.       -0.0955676500       -0.3082204164
 168. 117.        0.1917784561        0.0180081971
 168. 118.       -0.1765233326        0.1564821616
 168. 119.       -0.0762540729       -0.1099606532
 168. 120.       -0.1269085405        0.1426425350
 168. 121.        0.1795697943        0.2499867818
 168. 122.       -0.1036832069       -0.1871861970
 168. 123.        0.2699286168       -0.0917963664
 168. 124.        0.3294845597        0.3449071785
 168. 125.       -0.0790155475        0.1262855371
 168. 126.       -0.2199191304        0.1604590389
 168. 127.        0.1646502371       -0.4146809944
 168. 128.       -0.1317171831        0.4686970642
 168. 129.       -0.3242375814        0.2092804205
 168. 130.       -0.1705952183        0.3734751600
 168. 131.       -0.2828280410        0.0229463945
 168. 132.       -0.2765982000       -0.0600601902
 168. 133.       -0.0008023151        0.0655502829
 168. 134.       -0.0900102449       -0.2153725078
 168. 135.        0.3046009903       -0.0758051556
 168. 136.        0.2217084299       -0.2313859579
 168. 137.        0.0904344856       -0.2093669929
 168. 138.        0.2325849015        0.0800680228
 168. 139.        0.2590069509        0.1898152064
 168. 140.       -0.0923709750        0.0106880892
 168. 141.        0.2456543415        0.0364370832
 168. 142.        0.2085482072       -0.3738030686
 168. 143.       -0.0819860978        0.0041817174
 168. 144.        0.3123540252        0.5034362396
 168. 145.       -0.0024403929       -0.0625986457
 168. 146.       -0.0440276883       -0.3206995998
 168. 147.       -0.0698767398        0.1042809555
 168. 148.       -0.0020233953       -0.1624098483
 168. 149.       -0.1396156622       -0.0538563998
 168. 150.        0.4724912977       -0.1456287991
 168. 151.       -0.0116591785       -0.1113971649
 168. 152.        0.2260988714       -0.2858793603
 168. 153.       -0.0270041068        0.0341022691
 168. 154.        0.3493519174        0.2701587972
 168. 155.       -0.2602454524        0.0315117316
 168. 156.        0.0465061766        0.6029920465
 168. 157.        0.1062178186        0.4136020851
 168. 158.       -0.2307473168        0.2421002641
 168. 159.       -0.3822194252       -0.3203744608
 168. 160.        0.0527537177       -0.1291799799
 168. 161.       -0.1927816930        0.1218142860
 168. 162.       -0.0746623204       -0.0285745955
 168. 163.       -0.2585810586       -0.5702670015
 168. 164.       -0.1019575829       -0.3013947911
 168. 165.       -0.7692836908        0.1476289785
 168. 166.       -0.0096739186        0.3318927574
 168. 167.        0.0609282136       -0.1852876063
 168. 168.       -0.0766385307        0.1621965584
 169.   0.        0.1400423578        0.0000000000
 169.   1.        0.0746875225        0.1085055663
 169.   2.       -0.0140099884        0.0121168730
 169.   3.       -0.1711301045       -0.1888254838
 169.   4.       -0.1294960041       -0.0657243560
 169.   5.        0.0044618422       -0.0738519633
 169.   6.        0.0490294594       -0.2783007717
 169.   7.        0.0457039740        0.0275311521
 169.   8.        0.0702051424        0.2485607962
 169.   9.        0.1018548268        0.0209192895
 169.  10.       -0.0382701156        0.2503317750
 169.  11.       -0.0132555098        0.1990649653
 169.  12.       -0.1194894932       -0.3381023072
 169.  13.        0.0254229920       -0.2416873596
 169.  14.        0.0226074593       -0.3139007445
 169.  15.        0.1214967302       -0.4044487308
 169.  16.        0.2231600407       -0.0160322787
 169.  17.        0.1596348900        0.0556491096
 169.  18.       -0.0717119031        0.2501610749
 169.  19.       -0.0288584682        0.3399062192
 169.  20.       -0.2163081829        0.1074163643
 169.  21.       -0.0676922787        0.0309722029
 169.  22.       -0.0735998129       -0.1223804645
 169.  23.       -0.0453515118       -0.2610912745
 169.  24.        0.1746907546        0.0485427293
 169.  25.        0.1879881694       -0.2550562557
 169.  26.        0.0148140028        0.1460804490
 169.  27.        0.2257491043        0.1900085964
 169.  28.       -0.0931283301       -0.1378308944
 169.  29.       -0.2600146770        0.0385637223
 169.  30.       -0.0555499117        0.1692493577
 169.  31.       -0.3949231714       -0.2424250938
 169.  32.        0.0019708834       -0.1772289173
 169.  33.        0.0971571617        0.0106874806
 169.  34.        0.1447642058        0.0724817946
 169.  35.        0.0500290483        0.3396023365
 169.  36.       -0.0058786090        0.0084757141
 169.  37.        0.0524554497        0.3428409845
 169.  38.        0.1832308863       -0.1782716109
 169.  39.        0.0501717548       -0.3162327458
 169.  40.        0.0440645488        0.1108509853
 169.  41.       -0.1282409161       -0.2077342584
 169.  42.        0.2289986626       -0.0723442839
 169.  43.        0.1303446408       -0.0693367501
 169.  44.        0.0083256606       -0.1784133106
 169.  45.       -0.1694468100        0.2168250225
 169.  46.       -0.0665788177       -0.0477470539
 169.  47.       -0.0475316169       -0.2851851551
 169.  48.        0.3323472281        0.1059458653
 169.  49.        0.1897965411        0.0149016998
 169.  50.       -0.1763388059       -0.1986795040
 169.  51.        0.0136833707        0.1654967332
 169.  52.       -0.1962442987        0.0883438807
 169.  53.       -0.0949290868       -0.1380640816
 169.  54.       -0.1536826937        0.1079410672
 169.  55.        0.0188319767       -0.2797491375
 169.  56.        0.1874273064        0.1539278569
 169.  57.        0.1270341974        0.2956810060
 169.  58.        0.2744913656        0.0263239005
 169.  59.       -0.0368302594        0.1494457178
 169.  60.       -0.2044847153        0.1644322890
 169.  61.       -0.3964586394        0.0774084394
 169.  62.       -0.0179111911       -0.0174631857
 169.  63.       -0.0014609727        0.0093842304
 169.  64.       -0.0246609391       -0.4046707432
 169.  65.        0.1189833168        0.0094163269
 169.  66.        0.2703973083        0.1289797998
 169.  67.        0.2304435210        0.2206039356
 169.  68.        0.0756185460        0.1813929537
 169.  69.        0.1098989577        0.1830382554
 169.  70.        0.1488459430       -0.0641480073
 169.  71.       -0.3726887330       -0.1747180885
 169.  72.       -0.1566161693       -0.1166702036
 169.  73.        0.1130640497       -0.2346132627
 169.  74.        0.3067559669       -0.0582983712
 169.  75.        0.2058358798       -0.0189504631
 169.  76.       -0.1932272550        0.0129745719
 169.  77.        0.0199803747        0.1160607543
 169.  78.        0.0533766884        0.2443084989
 169.  79.       -0.2721692460        0.1588896599
 169.  80.       -0.1777760243       -0.0536453145
 169.  81.       -0.0376764672        0.1918001026
 169.  82.        0.0451371596       -0.1740136909
 169.  83.        0.3387959652       -0.2262693252
 169.  84.        0.1248311738       -0.0357053934
 169.  85.        0.1974357904       -0.1415910237
 169.  86.        0.1883064209       -0.0085835590
 169.  87.       -0.1691318534        0.2051256191
 169.  88.       -0.2538721888        0.3056283042
 169.  89.       -0.0128036731        0.3638895726
 169.  90.       -0.4158543599       -0.1419680334
 169.  91.       -0.0761584050        0.0112761905
 169.  92.       -0.1478216117       -0.1376696505
 169.  93.        0.0035263756       -0.2094567232
 169.  94.       -0.0892338523        0.1034304773
 169.  95.        0.0151173410        0.0720265853
 169.  96.        0.0729003152        0.2831639307
 169.  97.        0.4856710614       -0.1639913441
 169.  98.       -0.0725088861        0.0579626578
 169.  99.       -0.0686497368        0.0523769816
 169. 100.       -0.2246972300        0.2595636816
 169. 101.       -0.1564518688       -0.4023759734
 169. 102.        0.4194272396       -0.2887713859
 169. 103.       -0.0607504371        0.1093666127
 169. 104.       -0.2318790867       -0.0619494147
 169. 105.        0.0670347300        0.2708306366
 169. 106.        0.0987038374        0.1468854530
 169. 107.       -0.1463278189       -0.0657190087
 169. 108.        0.2240165027       -0.0235954073
 169. 109.        0.1242753403        0.1588720380
 169. 110.       -0.3244974696        0.1073466715
 169. 111.        0.0270118623        0.1155676495
 169. 112.        0.3420928985       -0.0870373684
 169. 113.       -0.0198127582       -0.1620046150
 169. 114.        0.3089586355       -0.2284415885
 169. 115.       -0.0336921374        0.0448430063
 169. 116.        0.0645526518       -0.0187488299
 169. 117.        0.0281860127       -0.0380161589
 169. 118.        0.1591345072        0.0335436278
 169. 119.       -0.0873197810       -0.0116711101
 169. 120.        0.1759942423       -0.1580915976
 169. 121.        0.0013160139       -0.0318206597
 169. 122.       -0.2148019806       -0.2713906939
 169. 123.        0.0380718628        0.1723794122
 169. 124.        0.2286390461        0.2561882960
 169. 125.        0.0354928822        0.4297968909
 169. 126.       -0.4471425584        0.0998580431
 169. 127.       -0.1502635239        0.0038776295
 169. 128.        0.0297636315        0.0680116769
 169. 129.       -0.4080302248       -0.0719419093
 169. 130.        0.1350989492       -0.4943916390
 169. 131.        0.0183002626       -0.3108732997
 169. 132.       -0.0363319310       -0.1559078028
 169. 133.        0.0840652727       -0.2078301882
 169. 134.        0.1795302396        0.4336803796
 169. 135.        0.0191123976       -0.2134100685
 169. 136.       -0.2286307275        0.3160954795
 169. 137.       -0.0934177107        0.4247582362
 169. 138.        0.0825187480        0.1990796932
 169. 139.       -0.0870527237       -0.1950520424
 169. 140.       -0.3740529807        0.0617390774
 169. 141.       -0.0975458665       -0.4943087748
 169. 142.        0.0767878528       -0.4735658138
 169. 143.        0.2833874130       -0.1646801264
 169. 144.        0.2233770315       -0.2598959250
 169. 145.       -0.0030736954       -0.4324670403
 169. 146.        0.0988469119        0.0537992991
 169. 147.        0.0951585124        0.3704498551
 169. 148.       -0.0559128626       -0.2481273075
 169. 149.        0.0997774096        0.4430487840
 169. 150.        0.1986718020        0.2443650959
 169. 151.       -0.2075274887        0.0916888051
 169. 152.        0.0216546338        0.0995522291
 169. 153.        0.3192781162        0.0893814690
 169. 154.        0.0296183513       -0.0841892365
 169. 155.       -0.4782521908       -0.1693681131
 169. 156.        0.1007920857       -0.2875976272
 169. 157.       -0.0556579305       -0.0891926650
 169. 158.        0.0935238959       -0.5667178861
 169. 159.       -0.2638335298       -0.4193622802
 169. 160.       -0.3572719470        0.2312572533
 169. 161.       -0.0041224179       -0.0919837667
 169. 162.        0.3474744695        0.2257472200
 169. 163.        0.0843766869        0.3901280288
 169. 164.        0.2228309223       -0.1598502144
 169. 165.        0.6473052599        0.0280810336
 169. 166.        0.2260812297       -0.3653844809
 169. 167.       -0.0709986873        0.0162453127
 169. 168.        0.0682280100       -0.2791428683
 169. 169.        0.0597481714        0.3269288665
 170.   0.       -0.1449812899        0.0000000000
 170.   1.       -0.2328624962        0.2410276521
 170.   2.       -0.0261637239        0.0890636405
 170.   3.       -0.0224765644       -0.2822406679
 170.   4.        0.1437968441        0.1291960094
 170.   5.        0.1535440364       -0.0715192359
 170.   6.        0.2483072429        0.1218025850
 170.   7.        0.0204449253        0.1359730908
 170.   8.       -0.0237600806        0.0160197550
 170.   9.       -0.1391217685        0.0867479757
 170.  10.       -0.2305302537        0.0751692058
 170.  11.       -0.0586362658       -0.3035356428
 170.  12.        0.0143812708        0.0226368183
 170.  13.        0.3856367313       -0.2124749573
 170.  14.       -0.0202477311        0.0533540118
 170.  15.        0.2636446848        0.2913563515
 170.  16.       -0.1028931508        0.1029766863
 170.  17.       -0.2551832291        0.0903086647
 170.  18.       -0.0831183919        0.1888494743
 170.  19.       -0.2026252764       -0.2750337411
 170.  20.       -0.3144503774        0.0199843765
 170.  21.        0.2915647502       -0.2173930373
 170.  22.        0.0102908435        0.0264053806
 170.  23.        0.1458286675        0.1231061521
 170.  24.        0.1085410418       -0.0352391184
 170.  25.       -0.0805906837        0.1980053184
 170.  26.        0.0292269843        0.3201418479
 170.  27.        0.0540985908       -0.1816731954
 170.  28.       -0.1100828249        0.0707830299
 170.  29.        0.1941025770       -0.0343442701
 170.  30.        0.0073701758       -0.1222055668
 170.  31.        0.0334587919        0.0751312121
 170.  32.        0.2457095963       -0.1466048297
 170.  33.       -0.0216579728        0.2217624820
 170.  34.       -0.1322672200        0.0140103972
 170.  35.        0.1624082810       -0.1080665406
 170.  36.       -0.3103175126        0.0679425233
 170.  37.        0.1506984760        0.1816394955
 170.  38.        0.1021426834       -0.0614511775
 170.  39.       -0.0962038120        0.2945322644
 170.  40.        0.2528659354        0.0189317912
 170.  41.       -0.1280285877       -0.1061137563
 170.  42.       -0.0976043545       -0.0927243899
 170.  43.        0.3308292215        0.0858434895
 170.  44.       -0.0690279701        0.2531605860
 170.  45.        0.1600823185        0.0311336574
 170.  46.       -0.0946914322       -0.1954196695
 170.  47.       -0.4450949031        0.2392319468
 170.  48.       -0.0507602476       -0.2070499036
 170.  49.        0.0568902486        0.0357323945
 170.  50.       -0.1485614355        0.0517276098
 170.  51.       -0.0011816196       -0.0995158592
 170.  52.       -0.0111384787       -0.1800018047
 170.  53.        0.1098136564       -0.0039156116
 170.  54.        0.1189172458        0.1123488833
 170.  55.        0.1496016078       -0.1126481330
 170.  56.       -0.1291463593        0.1628030493
 170.  57.       -0.0202809240        0.0822602004
 170.  58.       -0.0692974347        0.1503716258
 170.  59.       -0.1959663457        0.0246396008
 170.  60.       -0.2768458301       -0.1246913356
 170.  61.        0.0308549399       -0.1925268103
 170.  62.        0.2241450987        0.0218078757
 170.  63.        0.0810467549       -0.0551711892
 170.  64.        0.0311872049       -0.0226311690
 170.  65.        0.0703404644        0.0906757112
 170.  66.       -0.1389499797        0.1394696530
 170.  67.       -0.2009920913        0.1097676770
 170.  68.       -0.0955813702       -0.1135268566
 170.  69.       -0.2006230665       -0.1938902976
 170.  70.        0.2792322323       -0.1193587091
 170.  71.        0.0811530587       -0.1565483326
 170.  72.        0.0610765069       -0.3246165356
 170.  73.        0.1479553887        0.0519105425
 170.  74.       -0.1587080735       -0.0899703036
 170.  75.        0.3460030098        0.4514124541
 170.  76.       -0.1418923809        0.2467519715
 170.  77.       -0.3091905851       -0.3020646512
 170.  78.       -0.2322937186       -0.0828558777
 170.  79.       -0.0654717329        0.0522866786
 170.  80.       -0.0235100896       -0.3429884667
 170.  81.        0.0815417009       -0.0609314605
 170.  82.        0.1401338612        0.3010543368
 170.  83.        0.3542002056        0.0007092461
 170.  84.        0.1074518289       -0.0929883945
 170.  85.       -0.0575657475       -0.2255966678
 170.  86.       -0.1171604374        0.4107858917
 170.  87.       -0.0544980380        0.1013839399
 170.  88.       -0.0158590221       -0.1126877523
 170.  89.       -0.0733390796       -0.1326527007
 170.  90.        0.0623749485       -0.2306061732
 170.  91.       -0.0797432466       -0.1814905379
 170.  92.       -0.0320665819        0.0193862353
 170.  93.        0.0809840232        0.3988559388
 170.  94.        0.3712297566        0.2565344449
 170.  95.       -0.0345701082        0.2138748135
 170.  96.       -0.2885500085        0.0733438677
 170.  97.       -0.1422730339        0.1007749432
 170.  98.       -0.1113538952       -0.2015999402
 170.  99.        0.0808847050       -0.1591514509
 170. 100.       -0.0332334484       -0.1371462657
 170. 101.       -0.1790955580        0.0545696222
 170. 102.        0.2434611431        0.1274803455
 170. 103.        0.4443869194       -0.1690568067
 170. 104.        0.1389679758        0.2574320355
 170. 105.        0.0758213879       -0.0171670745
 170. 106.        0.1522637656       -0.0713387399
 170. 107.        0.0168881597        0.0522119339
 170. 108.        0.2898813860       -0.1420981864
 170. 109.       -0.0267936487       -0.1485387697
 170. 110.       -0.3109050592        0.2028066164
 170. 111.       -0.3238666053       -0.0103264412
 170. 112.       -0.0356121791       -0.0921074805
 170. 113.       -0.0462637050        0.3014828579
 170. 114.       -0.0071886043       -0.0241843751
 170. 115.        0.0855981880       -0.3935442290
 170. 116.       -0.0188644040       -0.2575695259
 170. 117.       -0.2486208971        0.1859564851
 170. 118.       -0.1810032793        0.1101550120
 170. 119.       -0.2272635285        0.3607513930
 170. 120.        0.3580233360       -0.0721050544
 170. 121.        0.0316184565        0.1832715666
 170. 122.       -0.0078109971        0.2576299279
 170. 123.        0.0328478818       -0.0559339479
 170. 124.       -0.3590633851        0.1202947574
 170. 125.        0.3045358342        0.2732368607
 170. 126.       -0.3596736398       -0.2896537809
 170. 127.       -0.2838280127       -0.1316825105
 170. 128.        0.1209281075        0.0152717937
 170. 129.        0.0029844326       -0.1259383731
 170. 130.        0.2077957947        0.0838680031
 170. 131.        0.3302516180        0.1021965858
 170. 132.        0.0649985197        0.3108481513
 170. 133.       -0.2966789991        0.3216487266
 170. 134.        0.4646787007        0.0594325377
 170. 135.       -0.2949228561        0.1169445274
 170. 136.       -0.1444307168        0.1525344237
 170. 137.       -0.2236678089       -0.0845333286
 170. 138.        0.0830475638        0.0730334869
 170. 139.       -0.3203037862       -0.0139754519
 170. 140.        0.4422541628       -0.4235857342
 170. 141.       -0.0304978286       -0.1065305174
 170. 142.        0.4237894881        0.3349638590
 170. 143.        0.5737993386        0.1143032721
 170. 144.        0.2904244666        0.0041983242
 170. 145.       -0.0566004109        0.4803758857
 170. 146.        0.3846800037       -0.0240308470
 170. 147.       -0.4769006913       -0.1796943827
 170. 148.        0.0925436354        0.2561865469
 170. 149.       -0.1100030553        0.3257233484
 170. 150.        0.0117471335       -0.0211789962
 170. 151.       -0.3819707842        0.1972998599
 170. 152.        0.2606794239        0.2848651253
 170. 153.        0.0367214669       -0.1329388329
 170. 154.        0.1423316915       -0.0884148513
 170. 155.        0.0097134866        0.1185092932
 170. 156.        0.2618299880        0.1113192122
 170. 157.        0.1403157183       -0.1901201545
 170. 158.       -0.0103179247        0.0848341368
 170. 159.        0.4000411893        0.4337449135
 170. 160.       -0.2291077188        0.2685298711
 170. 161.        0.0152914194        0.2503745074
 170. 162.       -0.0155371102        0.3991300582
 170. 163.        0.2534390474       -0.1358365801
 170. 164.       -0.2482210135       -0.0993044495
 170. 165.       -0.6162702973        0.2675460438
 170. 166.       -0.5693716995        0.3821616931
 170. 167.       -0.5771046087        0.4531299155
 170. 168.        0.2332750028        0.2118120218
 170. 169.        0.6173739984        0.0984185325
 170. 170.       -0.2788394513       -0.3144813138
 171.   0.       -0.0046748147        0.0000000000
 171.   1.       -0.0291026646       -0.2742372623
 171.   2.       -0.0822143871       -0.2266748643
 171.   3.        0.2954108138        0.2809876433
 171.   4.        0.1279878924        0.1057199432
 171.   5.       -0.2848977769        0.0996217013
 171.   6.        0.1085106780        0.2006054070
 171.   7.       -0.0523863982        0.0663831169
 171.   8.       -0.2213896723       -0.1661762537
 171.   9.       -0.0654599092       -0.2619918153
 171.  10.       -0.1106376293       -0.2599836948
 171.  11.        0.0146127573       -0.1086150760
 171.  12.       -0.0562505228        0.4540256073
 171.  13.       -0.1153377631        0.1123255099
 171.  14.        0.0397995723        0.3183941900
 171.  15.       -0.1781350477        0.2104320755
 171.  16.       -0.2581650620       -0.0843564464
 171.  17.        0.0370240929       -0.0100563126
 171.  18.        0.2562599164       -0.3898809765
 171.  19.       -0.0416353457       -0.2390533377
 171.  20.        0.2029638705       -0.0143501357
 171.  21.        0.0825107954       -0.0608902780
 171.  22.       -0.0496079974        0.3603416331
 171.  23.       -0.1305859384        0.2559595154
 171.  24.       -0.1944204883       -0.1850095113
 171.  25.       -0.0005690107        0.4012371042
 171.  26.       -0.1518195135       -0.2416881651
 171.  27.       -0.1701634236       -0.0399168762
 171.  28.        0.2647786796       -0.0252622399
 171.  29.        0.1348353386       -0.2246599554
 171.  30.        0.1199152760       -0.0635814063
 171.  31.        0.0964088116        0.1719890697
 171.  32.       -0.1721264924        0.0390125083
 171.  33.       -0.0715960348       -0.0044303682
 171.  34.       -0.1297477298       -0.0812590783
 171.  35.       -0.0284357095       -0.2153693737
 171.  36.        0.0596715903        0.1485859265
 171.  37.       -0.0126151336       -0.2189743329
 171.  38.       -0.1489670837        0.0993481551
 171.  39.       -0.0667591504        0.0430959903
 171.  40.        0.1019534998       -0.0471214475
 171.  41.       -0.0720191444        0.1749116791
 171.  42.        0.1281242299        0.2770370983
 171.  43.        0.1008922852       -0.0149969920
 171.  44.        0.0062969365        0.0618223582
 171.  45.        0.0680245306       -0.2379245580
 171.  46.        0.0866570045        0.0178580196
 171.  47.       -0.1257006407        0.0926910735
 171.  48.       -0.0430704177       -0.2400510817
 171.  49.       -0.1896665023        0.0080450280
 171.  50.       -0.0691237407        0.0078964740
 171.  51.        0.0637826640        0.0312526713
 171.  52.       -0.1391587621        0.1442542445
 171.  53.       -0.0069666543       -0.2583293027
 171.  54.        0.2085722389        0.0658340357
 171.  55.       -0.2140364258        0.4084846323
 171.  56.       -0.0755963027       -0.1369611120
 171.  57.       -0.2332554181       -0.0282784345
 171.  58.       -0.1896428804       -0.1014832011
 171.  59.        0.1108787010        0.0288876105
 171.  60.       -0.1246787374       -0.1111409541
 171.  61.        0.1882751564        0.1551233952
 171.  62.        0.1236801354       -0.0137082153
 171.  63.       -0.1900703960        0.1017177542
 171.  64.        0.0310305370        0.1371237206
 171.  65.       -0.0967329850        0.1853274675
 171.  66.       -0.1860213561       -0.0011996092
 171.  67.        0.1635346734       -0.1751425663
 171.  68.        0.0770922886       -0.0898792149
 171.  69.        0.1695847715        0.2106435510
 171.  70.        0.0147364897        0.0964082714
 171.  71.        0.1002857799        0.2086534391
 171.  72.       -0.0094321951        0.0085608393
 171.  73.        0.1522556206        0.0991945452
 171.  74.       -0.4607495675       -0.0943537536
 171.  75.        0.0200605169        0.0880572309
 171.  76.       -0.0134659740        0.1003701562
 171.  77.       -0.1965910831       -0.1465463734
 171.  78.        0.2220604028       -0.2874126180
 171.  79.       -0.1818571211       -0.1683788097
 171.  80.        0.3704785877        0.3978472529
 171.  81.        0.3939059375       -0.2996067087
 171.  82.       -0.0067945158        0.1226579238
 171.  83.       -0.2337481826        0.1095574801
 171.  84.        0.0708927567       -0.1573988772
 171.  85.        0.1119572597       -0.1930586546
 171.  86.        0.0507614534       -0.0480631260
 171.  87.       -0.0346696246       -0.0989239083
 171.  88.        0.2289125760       -0.0580928884
 171.  89.        0.2832460268       -0.0432446893
 171.  90.        0.0154100676        0.3535632420
 171.  91.       -0.0549770629        0.2014879799
 171.  92.       -0.0270320299        0.0884219033
 171.  93.       -0.2102324337        0.0497211287
 171.  94.       -0.2772700681       -0.0149295965
 171.  95.        0.0079044249       -0.0846650265
 171.  96.        0.1041967629       -0.0759329448
 171.  97.       -0.2626787592       -0.1781930242
 171.  98.        0.2171383812        0.1829713522
 171.  99.        0.1265874885       -0.0889729540
 171. 100.        0.1081539694        0.0254085246
 171. 101.        0.0741606493        0.2498099904
 171. 102.       -0.3674838494       -0.1720467375
 171. 103.       -0.1790048476       -0.0101560204
 171. 104.        0.2930038963        0.3967254147
 171. 105.       -0.1235626931        0.1028302762
 171. 106.        0.1170509888       -0.0213427333
 171. 107.        0.1463934283       -0.1069154541
 171. 108.       -0.1583421274       -0.1580140394
 171. 109.        0.1824191550        0.0424285597
 171. 110.        0.0934161036       -0.2905452374
 171. 111.       -0.1074979841       -0.0984129131
 171. 112.       -0.0840293811        0.2184883080
 171. 113.       -0.0408888061       -0.2847533582
 171. 114.       -0.3480023650       -0.2050202984
 171. 115.        0.2430625647        0.0675150968
 171. 116.       -0.0546287853        0.0008092659
 171. 117.       -0.2392568268       -0.2284643423
 171. 118.        0.0897226238        0.1430226776
 171. 119.       -0.0219511582       -0.0206860897
 171. 120.       -0.3961590486        0.0324391096
 171. 121.        0.1456341356       -0.0837278741
 171. 122.       -0.1569886658       -0.1780140630
 171. 123.        0.0584695546        0.1149336811
 171. 124.        0.0226316090       -0.0559406051
 171. 125.        0.2158496524       -0.2134051111
 171. 126.       -0.3133781356        0.3507233035
 171. 127.        0.3635924682       -0.2147193823
 171. 128.       -0.0740642391       -0.0941536869
 171. 129.        0.1007529866        0.1216138223
 171. 130.       -0.0761792437        0.4269507811
 171. 131.       -0.1041772713       -0.0593332006
 171. 132.       -0.2751910084       -0.2982602379
 171. 133.        0.2516576548       -0.0056382328
 171. 134.       -0.5448028134       -0.4777105089
 171. 135.       -0.0920149754       -0.0247104694
 171. 136.        0.1064569809       -0.1916761358
 171. 137.        0.1092041682       -0.2231849040
 171. 138.        0.1416751033       -0.1862703181
 171. 139.        0.4934823081        0.2783630769
 171. 140.        0.4276602408        0.1349223941
 171. 141.        0.2710089499        0.4907255180
 171. 142.        0.1334075951        0.1376462766
 171. 143.       -0.1382803599        0.1992687606
 171. 144.        0.2370873120        0.4669615293
 171. 145.        0.2298822775        0.2037408900
 171. 146.       -0.7644697384       -0.4669675095
 171. 147.       -0.3257709312        0.0057182473
 171. 148.       -0.0335130672       -0.3008729511
 171. 149.       -0.0062686112       -0.2014947381
 171. 150.       -0.1672392537        0.0471611495
 171. 151.        0.3928115285        0.0849479408
 171. 152.        0.2485636459        0.2361861143
 171. 153.        0.0065593884        0.1135423820
 171. 154.        0.2458764382        0.2674731345
 171. 155.        0.0865203101        0.1731951826
 171. 156.        0.2377935186        0.5865671561
 171. 157.       -0.2455313218       -0.0950666708
 171. 158.       -0.1035000128        0.2447766681
 171. 159.        0.0959732117       -0.1980466119
 171. 160.       -0.0984648036       -0.3526535689
 171. 161.       -0.2983981894        0.1059531671
 171. 162.       -0.1095001627       -0.1914259345
 171. 163.       -0.1069529956        0.0574336415
 171. 164.        0.1353371535       -0.1300478820
 171. 165.        0.0331260380        0.5233464114
 171. 166.        0.3193254108       -0.2022211706
 171. 167.       -0.5004945921       -0.4861470212
 171. 168.       -0.5548406922       -0.1746452926
 171. 169.       -0.1580057053       -0.1905531881
 171. 170.        0.1893062243       -0.0235869640
 171. 171.       -0.0206966509        0.0703318703
 172.   0.       -0.0131207710        0.0000000000
 172.   1.        0.2249885143       -0.0776064618
 172.   2.       -0.0859673959        0.2325170918
 172.   3.        0.1261459889        0.1647713130
 172.   4.       -0.0631961080       -0.0023167557
 172.   5.       -0.2228905045        0.0775802493
 172.   6.       -0.0781486078       -0.3150914850
 172.   7.       -0.1874478319       -0.0741791278
 172.   8.        0.0192185252       -0.0281057516
 172.   9.        0.2591792973       -0.0269767029
 172.  10.        0.2031072471        0.0380116350
 172.  11.        0.2073004274        0.2764984654
 172.  12.       -0.1173543461        0.0671217746
 172.  13.       -0.4055919010       -0.0970015439
 172.  14.       -0.1295987940        0.0485360186
 172.  15.       -0.2341670589        0.0158944871
 172.  16.        0.1456670994       -0.0874478770
 172.  17.        0.3427834462       -0.0985516257
 172.  18.        0.1214715207       -0.1562511111
 172.  19.        0.1718917691        0.3473494723
 172.  20.        0.2313757692        0.0704521015
 172.  21.       -0.4068392234        0.0569795921
 172.  22.        0.0130748921       -0.0975570489
 172.  23.       -0.1969554749       -0.2245499151
 172.  24.       -0.1329002912        0.0364661610
 172.  25.        0.1152128505       -0.0077568318
 172.  26.        0.2407582834       -0.2584858669
 172.  27.        0.0529441320        0.1075637984
 172.  28.        0.1245290705       -0.1245927683
 172.  29.       -0.2444560465        0.2236769496
 172.  30.        0.1340459443       -0.0141388211
 172.  31.       -0.0459482708       -0.1476392318
 172.  32.       -0.0727819435        0.0096928264
 172.  33.        0.3701160264       -0.1847055027
 172.  34.        0.1075838811       -0.0418550529
 172.  35.        0.0755339545        0.1149253703
 172.  36.        0.2769980528       -0.1343921980
 172.  37.       -0.1345616092       -0.0549301498
 172.  38.       -0.2424135503        0.1241445123
 172.  39.       -0.0505589717       -0.1498587408
 172.  40.       -0.1713906227       -0.1222375619
 172.  41.        0.4517583565        0.1387999944
 172.  42.       -0.0627460791       -0.0514835287
 172.  43.       -0.1385232171       -0.1624181447
 172.  44.        0.1730256512       -0.1869906047
 172.  45.       -0.1155409988       -0.0580655537
 172.  46.        0.0390919953        0.0041946186
 172.  47.        0.2821049789       -0.0000309045
 172.  48.        0.0448633727       -0.0098732429
 172.  49.        0.0980927545        0.0140567145
 172.  50.        0.1657128899       -0.0502309310
 172.  51.        0.0122987119        0.1694264931
 172.  52.       -0.1570491225        0.4221050896
 172.  53.        0.0053637194       -0.0016295573
 172.  54.        0.1122409278       -0.0753297357
 172.  55.       -0.0429701595        0.1451404006
 172.  56.       -0.2007956192       -0.1355585316
 172.  57.        0.0899008269        0.0104320450
 172.  58.        0.4382941978       -0.1409608929
 172.  59.        0.2692218757        0.0513369046
 172.  60.        0.1822384647        0.3011890195
 172.  61.       -0.1818508421        0.0837346448
 172.  62.       -0.0866432493       -0.0597666905
 172.  63.       -0.0235249670        0.1533907089
 172.  64.       -0.1807540674       -0.1410647453
 172.  65.       -0.0827203260       -0.0641686621
 172.  66.        0.0231087676       -0.0623723594
 172.  67.        0.0184391468       -0.1288923838
 172.  68.       -0.0811748059        0.2910264360
 172.  69.       -0.1178989083        0.1414645726
 172.  70.        0.1634881524        0.1520120150
 172.  71.       -0.2568070247        0.1763090614
 172.  72.       -0.3452849788        0.0573596254
 172.  73.       -0.2035187557       -0.2941566872
 172.  74.        0.0988897370        0.0093023890
 172.  75.       -0.1586946093       -0.2502133381
 172.  76.        0.3997737734       -0.0025082698
 172.  77.        0.1496207371        0.3989737176
 172.  78.        0.1037552394       -0.1385840980
 172.  79.        0.1969471416        0.1447200606
 172.  80.       -0.2985003865        0.2083574303
 172.  81.       -0.3526449496       -0.0440077918
 172.  82.        0.0646958152        0.1133274039
 172.  83.       -0.3056651217        0.0039247506
 172.  84.       -0.2822700633       -0.3607975642
 172.  85.       -0.0555004681        0.0350485713
 172.  86.        0.5078683711       -0.2373160214
 172.  87.       -0.0438877180       -0.3447324426
 172.  88.       -0.0819429233        0.1473028362
 172.  89.       -0.0526058497        0.0943939252
 172.  90.       -0.2726590832        0.2669956622
 172.  91.       -0.2799181117       -0.0351664530
 172.  92.        0.2760988218       -0.0217197895
 172.  93.        0.3435995120       -0.3641646915
 172.  94.       -0.2345584136       -0.0382747281
 172.  95.       -0.0255538493        0.1394289186
 172.  96.       -0.0741651047        0.0062302926
 172.  97.        0.1775971997        0.0838668325
 172.  98.        0.1848921384       -0.0472782888
 172.  99.       -0.2396386823        0.3020007622
 172. 100.        0.0241619645        0.0689495295
 172. 101.        0.1866515707       -0.0709162201
 172. 102.       -0.1188573239        0.0143595839
 172. 103.       -0.0806705698       -0.0682860731
 172. 104.        0.0985968958       -0.3024247166
 172. 105.        0.1079176169        0.3853499105
 172. 106.       -0.1325325255        0.0651185868
 172. 107.        0.0338364440       -0.3403705178
 172. 108.       -0.2644479566        0.0943304032
 172. 109.       -0.0064438752       -0.2075255402
 172. 110.        0.3111636516        0.3999092776
 172. 111.        0.1725975952        0.0673091295
 172. 112.        0.0173892468       -0.2637379000
 172. 113.        0.1128825554       -0.2513991354
 172. 114.       -0.1589773704        0.0941095591
 172. 115.        0.0013112595        0.1477928289
 172. 116.        0.2962608775        0.0560638371
 172. 117.       -0.0753397692       -0.1532391842
 172. 118.       -0.0213949067       -0.3572576692
 172. 119.       -0.0930759285        0.0727363846
 172. 120.       -0.2282417645        0.0167168915
 172. 121.        0.0540408613       -0.1841652519
 172. 122.       -0.2547295562        0.2230195090
 172. 123.       -0.1746939758        0.3662449255
 172. 124.        0.3003437998        0.1059027534
 172. 125.       -0.0106364771        0.2400852823
 172. 126.        0.2817811792        0.1560785069
 172. 127.       -0.0879134779        0.0375104330
 172. 128.        0.0536781490        0.1387558171
 172. 129.       -0.0298748844       -0.0284374436
 172. 130.       -0.4110489754       -0.1635612286
 172. 131.       -0.1055709132       -0.1515138746
 172. 132.       -0.1663591742       -0.1525112648
 172. 133.        0.3407496367       -0.0518914669
 172. 134.        0.1895862107       -0.1032793742
 172. 135.        0.5617855252       -0.5236821545
 172. 136.       -0.0586644039        0.1204053974
 172. 137.       -0.0076586414        0.2262634835
 172. 138.        0.3404175049        0.2910033167
 172. 139.       -0.1812002431        0.0991955144
 172. 140.       -0.2711995274        0.0990643755
 172. 141.       -0.2105354903       -0.1518352760
 172. 142.        0.0553032098        0.2143701932
 172. 143.       -0.7184694363        0.1789180026
 172. 144.        0.0602071665        0.0518225924
 172. 145.       -0.0107187539       -0.3949440340
 172. 146.       -0.0045295856       -0.1725132676
 172. 147.        0.2712692607       -0.0546236878
 172. 148.        0.2481268268       -0.0840940190
 172. 149.       -0.6013698609        0.1734969125
 172. 150.        0.2535394654        0.7079703378
 172. 151.       -0.2788337754        0.1568251718
 172. 152.       -0.5635062153       -0.1511008851
 172. 153.        0.1227542550        0.2338036499
 172. 154.       -0.1557954980        0.3842394335
 172. 155.       -0.1629501855       -0.0000126121
 172. 156.        0.3930056905        0.2948169860
 172. 157.        0.0046743866       -0.2792333317
 172. 158.       -0.0671841442        0.0184435520
 172. 159.        0.0529910973       -0.1612627611
 172. 160.        0.2427616922       -0.2071396089
 172. 161.        0.3257652730       -0.3145104921
 172. 162.        0.4651994572       -0.2448625308
 172. 163.        0.1876652450       -0.1385889887
 172. 164.        0.3574577597        0.2692736202
 172. 165.        0.4103777777       -0.3193002261
 172. 166.        0.0448417787        0.1232785139
 172. 167.       -0.0427352184        0.6843660264
 172. 168.        0.0710847114       -0.0582595294
 172. 169.        0.1995834349       -0.5398309743
 172. 170.        0.2845687102       -0.4645050338
 172. 171.        0.1047261825        0.1373836961
 172. 172.        0.3696450256       -0.1400397368
 173.   0.        0.0801439160        0.0000000000
 173.   1.       -0.2036405879        0.0666944699
 173.   2.        0.0931390526        0.1838574888
 173.   3.       -0.3227935703       -0.0399793484
 173.   4.       -0.2272200364       -0.0745926943
 173.   5.        0.4782296032       -0.0488591540
 173.   6.       -0.1264340712        0.0069394860
 173.   7.        0.0460009985       -0.0170092068
 173.   8.        0.2307202271        0.1415178074
 173.   9.        0.1329049588        0.2744034183
 173.  10.       -0.0335364745        0.2544446925
 173.  11.       -0.0945262142       -0.1087152647
 173.  12.       -0.1504244094       -0.1068991352
 173.  13.        0.0368204189        0.0010987205
 173.  14.        0.0231906605       -0.3457555108
 173.  15.        0.1239213607       -0.0041888100
 173.  16.        0.3106015681        0.1004628755
 173.  17.        0.0323493808        0.1423872193
 173.  18.       -0.0955977127        0.2378681468
 173.  19.        0.0939344632        0.0845859266
 173.  20.       -0.1378972376       -0.0355371025
 173.  21.       -0.1731229140       -0.0352006241
 173.  22.        0.0034907442       -0.3834910827
 173.  23.        0.2765632795       -0.0287556475
 173.  24.        0.1607408630        0.1404433967
 173.  25.        0.0174913033       -0.2032817084
 173.  26.        0.1368767936        0.2274914228
 173.  27.       -0.0806303769        0.0890372111
 173.  28.       -0.4028247366       -0.0566978663
 173.  29.        0.0668987385        0.2038719751
 173.  30.       -0.0668524135       -0.1883085405
 173.  31.        0.2367928023       -0.0708090857
 173.  32.        0.0774960128        0.1535337522
 173.  33.        0.1529307475       -0.1950026208
 173.  34.        0.0555387346        0.1427632228
 173.  35.       -0.0070503382       -0.0156855468
 173.  36.       -0.1254274596       -0.1266996682
 173.  37.       -0.1211877262        0.0859691729
 173.  38.        0.0695747243       -0.0766317145
 173.  39.        0.0670008502        0.0525004356
 173.  40.       -0.0611231979        0.0393610748
 173.  41.        0.0493894000       -0.0011280871
 173.  42.       -0.0844343834        0.0284873151
 173.  43.       -0.0927542199        0.0667524913
 173.  44.        0.0251330531       -0.1432208720
 173.  45.       -0.0290283408        0.1330786103
 173.  46.        0.1069972629       -0.0066187008
 173.  47.        0.1375399147       -0.1691722645
 173.  48.       -0.2266993365        0.1018010557
 173.  49.        0.0647874211        0.0296172209
 173.  50.       -0.1014218660        0.0205009888
 173.  51.       -0.0131850212       -0.1873249953
 173.  52.        0.0750271108       -0.1616115126
 173.  53.       -0.0745766636       -0.0230441062
 173.  54.       -0.1928665056       -0.2269153989
 173.  55.        0.3380551589       -0.1428424352
 173.  56.       -0.0421672788        0.0991585160
 173.  57.        0.3431039989       -0.0781335237
 173.  58.       -0.1161655948        0.1316141544
 173.  59.       -0.1325521659        0.0164357204
 173.  60.        0.2657104072       -0.1013182457
 173.  61.       -0.3058125844       -0.1465777600
 173.  62.       -0.1226902108        0.0368845888
 173.  63.        0.2984445919       -0.2256585829
 173.  64.       -0.1648903581        0.1571444022
 173.  65.        0.1395951716       -0.1299029617
 173.  66.        0.0756683179        0.0025878799
 173.  67.       -0.1218941475        0.2438900545
 173.  68.       -0.0901555322        0.0195943111
 173.  69.       -0.2554890285       -0.2273003656
 173.  70.       -0.2184666035        0.0571052493
 173.  71.        0.0433572530        0.0550840009
 173.  72.       -0.1489395253       -0.2615733069
 173.  73.        0.2171508487       -0.0241619397
 173.  74.        0.2989942737        0.1792616054
 173.  75.       -0.1507467129       -0.1506640032
 173.  76.        0.2817843969        0.0294653922
 173.  77.        0.1296123122        0.0189183448
 173.  78.       -0.4056807123        0.1578920909
 173.  79.        0.0382593708        0.0986440452
 173.  80.       -0.3265949824       -0.2821707761
 173.  81.       -0.3848017072       -0.0971001570
 173.  82.        0.3290934866        0.0204580039
 173.  83.        0.2771410983        0.0631213824
 173.  84.        0.0118471996        0.0006406935
 173.  85.        0.2576229799        0.0576958585
 173.  86.       -0.0378139250        0.1312186052
 173.  87.       -0.1220880866        0.1168837938
 173.  88.       -0.2063094587       -0.2675747621
 173.  89.       -0.0751823315       -0.1471309808
 173.  90.       -0.1510917108       -0.1424687305
 173.  91.        0.0338734296       -0.0692581200
 173.  92.       -0.0373789159       -0.0318332721
 173.  93.        0.1094112914        0.1230610930
 173.  94.        0.1438490490        0.1348107727
 173.  95.        0.0326817671       -0.1993460821
 173.  96.        0.0752209102        0.2672679091
 173.  97.       -0.0699463122        0.2098264932
 173.  98.       -0.0013147798       -0.1278871012
 173.  99.        0.1457654286        0.2049975326
 173. 100.        0.0110932465        0.1656184977
 173. 101.        0.0812455470       -0.1275125895
 173. 102.       -0.1310934590        0.1788978220
 173. 103.       -0.0456869788        0.2109432809
 173. 104.       -0.0092702068       -0.0177061383
 173. 105.        0.1701953593       -0.2398403773
 173. 106.        0.2617206346        0.0208011111
 173. 107.       -0.0360683466        0.2167230710
 173. 108.        0.3558702307       -0.0010558364
 173. 109.        0.0741125703        0.0443084339
 173. 110.        0.0117241251        0.1906737487
 173. 111.       -0.0481838855        0.1234002306
 173. 112.       -0.0928369418        0.0420486372
 173. 113.       -0.2032478943        0.2015841417
 173. 114.        0.1671483776        0.0642659792
 173. 115.       -0.0763427178       -0.0285542790
 173. 116.        0.0699008294       -0.0050122102
 173. 117.       -0.1282541131       -0.1713400781
 173. 118.       -0.0355523039       -0.0034964676
 173. 119.       -0.0639407900        0.0688348165
 173. 120.        0.1234554712       -0.0718329541
 173. 121.       -0.2403577215       -0.0639800219
 173. 122.       -0.0378711665        0.1921466979
 173. 123.       -0.0385505921       -0.0677243508
 173. 124.       -0.2906303021        0.0414974814
 173. 125.       -0.2086633639        0.0614062067
 173. 126.        0.0840541840       -0.0833562988
 173. 127.       -0.1355379165        0.0819465175
 173. 128.       -0.0000078253       -0.0747704255
 173. 129.       -0.0895498687       -0.1871661258
 173. 130.       -0.1954890034       -0.0751825236
 173. 131.        0.1864249906       -0.0080190457
 173. 132.        0.2658257983       -0.3446877615
 173. 133.        0.2549602163        0.1051529261
 173. 134.        0.1048987019        0.2692048925
 173. 135.        0.0554856241        0.1853509543
 173. 136.       -0.1741204497        0.4260611019
 173. 137.        0.3608466801        0.1273280934
 173. 138.       -0.0426177268       -0.2308195170
 173. 139.       -0.2467487549        0.0655320127
 173. 140.       -0.1758864405       -0.0876931053
 173. 141.        0.2193217089       -0.3807065790
 173. 142.        0.3149323562        0.1871436855
 173. 143.        0.5307585621        0.0952441295
 173. 144.        0.0954906807       -0.0284557618
 173. 145.        0.1345193385        0.3681813451
 173. 146.        0.3346426559        0.3290481920
 173. 147.        0.0436539434        0.3667554388
 173. 148.       -0.5268454686        0.2554184780
 173. 149.        0.0099149667        0.1876412266
 173. 150.       -0.3825029955       -0.3951201162
 173. 151.       -0.3164812078       -0.0130063282
 173. 152.       -0.2086065433        0.0106586593
 173. 153.       -0.0126964009       -0.1265360508
 173. 154.       -0.2605805611       -0.5314379396
 173. 155.        0.0619705418        0.0278190854
 173. 156.        0.2510015937        0.1172996264
 173. 157.        0.0122423333        0.1768812385
 173. 158.       -0.0175073361        0.1141963040
 173. 159.        0.4255784320        0.2556285016
 173. 160.        0.1256108103        0.1771735328
 173. 161.       -0.2568457424        0.1722809237
 173. 162.        0.4111075462        0.2705241412
 173. 163.        0.1498068698        0.0060374304
 173. 164.       -0.7600897092        0.2764232060
 173. 165.       -0.1573453851        0.4017141464
 173. 166.       -0.1925197378        0.2858321594
 173. 167.       -0.2728955275        0.2735540246
 173. 168.       -0.4125214502        0.1723379139
 173. 169.       -0.2691916418        0.1350652096
 173. 170.       -0.3619131727        0.1436639352
 173. 171.        0.0685835043       -0.0267294540
 173. 172.       -0.2395080223        0.1379413692
 173. 173.        0.4565210106        0.2438922430
 174.   0.       -0.0123029056        0.0000000000
 174.   1.       -0.0643379019       -0.0076175130
 174.   2.        0.0735427906       -0.2747490706
 174.   3.       -0.0389999766       -0.1173701110
 174.   4.        0.0682743079       -0.1629559199
 174.   5.        0.1657736015       -0.1599317722
 174.   6.       -0.0556601420        0.4274426217
 174.   7.        0.1323550333        0.2249136008
 174.   8.       -0.0341363041        0.1183702622
 174.   9.       -0.2085801694        0.0530591373
 174.  10.        0.1361115426       -0.1754685796
 174.  11.       -0.2414777108       -0.3977399222
 174.  12.        0.1601948148       -0.2609571945
 174.  13.        0.2457029184        0.0942936967
 174.  14.        0.0741030105        0.0700471600
 174.  15.        0.1686445483       -0.0016907599
 174.  16.       -0.2512864265        0.0352173955
 174.  17.       -0.3713045468        0.2910694902
 174.  18.       -0.0638950410        0.0138825933
 174.  19.       -0.1474388833       -0.2086909129
 174.  20.        0.0174709251       -0.1779137717
 174.  21.        0.2003368782       -0.0241319715
 174.  22.       -0.0851764817        0.0550595612
 174.  23.        0.2929340081        0.2668604418
 174.  24.        0.0064203959       -0.0911260747
 174.  25.       -0.2228951037        0.1011556569
 174.  26.       -0.0920025531       -0.0626682962
 174.  27.       -0.1550796170       -0.2168276165
 174.  28.       -0.1457152063        0.1073230027
 174.  29.        0.2335965387       -0.1752104863
 174.  30.       -0.0832678265        0.2286666818
 174.  31.        0.2833188730        0.0774424594
 174.  32.       -0.0862231858        0.0424276220
 174.  33.       -0.4413597728        0.0824383874
 174.  34.       -0.0445408572       -0.0092839590
 174.  35.       -0.0199664316       -0.0947302477
 174.  36.       -0.0968846709        0.0877608478
 174.  37.        0.1254916032        0.0488897193
 174.  38.        0.1224624053       -0.0111531876
 174.  39.       -0.0156707373       -0.0134592063
 174.  40.       -0.0502442215        0.0751526513
 174.  41.       -0.2243120681       -0.1354016837
 174.  42.        0.2998624314        0.0363148916
 174.  43.       -0.0748066533        0.0665157956
 174.  44.       -0.0446970867        0.0160132544
 174.  45.        0.2490641421        0.0794951219
 174.  46.       -0.0327367015        0.1044435143
 174.  47.       -0.1219227805        0.0753931742
 174.  48.       -0.1112687248       -0.0196402478
 174.  49.       -0.0990570629       -0.0117847158
 174.  50.       -0.0679922679       -0.1026535024
 174.  51.        0.1058699717       -0.2314105074
 174.  52.        0.2476231300       -0.3636889182
 174.  53.        0.0689160638        0.0694772217
 174.  54.       -0.2515534391        0.0373920245
 174.  55.       -0.0308260569        0.0293346676
 174.  56.       -0.0808450412        0.2344419491
 174.  57.       -0.1583251512       -0.0047889010
 174.  58.       -0.3257333112       -0.2346898282
 174.  59.       -0.0457132713       -0.0601110008
 174.  60.        0.0787321048       -0.4511383819
 174.  61.        0.0952240380        0.0128929424
 174.  62.        0.2393072379        0.0278184099
 174.  63.        0.0720194102        0.0506831431
 174.  64.       -0.0120712779        0.2520741221
 174.  65.        0.0417812236       -0.1237173866
 174.  66.       -0.3250611522        0.1008827762
 174.  67.        0.1288438691        0.1827073909
 174.  68.       -0.2042194309       -0.3467423254
 174.  69.        0.1996866854        0.0156811622
 174.  70.       -0.0608106109       -0.2898862494
 174.  71.        0.1281783839       -0.1925482484
 174.  72.        0.3745499454        0.3705806724
 174.  73.        0.1185813726        0.3195096741
 174.  74.       -0.1964169355        0.0089041615
 174.  75.        0.1201173216        0.0499855816
 174.  76.       -0.2823912699        0.0484538932
 174.  77.       -0.0274185747       -0.1518181533
 174.  78.       -0.1484658246       -0.2063750290
 174.  79.       -0.1548166746       -0.1406689646
 174.  80.        0.1802553070       -0.1803654499
 174.  81.        0.3024175214        0.3847769381
 174.  82.        0.2970482312       -0.0578153675
 174.  83.        0.0088601499        0.1803782181
 174.  84.       -0.3213380108        0.0536868436
 174.  85.       -0.0259622287       -0.0612884816
 174.  86.       -0.1815136580       -0.0700777860
 174.  87.       -0.2713682414       -0.0089992080
 174.  88.        0.2014837081       -0.0022742323
 174.  89.       -0.2242453107       -0.1029708691
 174.  90.        0.1333289294       -0.2691652976
 174.  91.       -0.0369082121        0.1614453869
 174.  92.       -0.0110387128        0.0972302371
 174.  93.       -0.2195400595        0.1542338532
 174.  94.       -0.2979095060        0.0485318641
 174.  95.       -0.1511261403        0.1166334774
 174.  96.       -0.0890400133        0.0052495457
 174.  97.        0.0302516802       -0.2406428575
 174.  98.        0.0493483534        0.1654969351
 174.  99.       -0.0069721351       -0.2137215132
 174. 100.       -0.2175041965        0.2572615312
 174. 101.       -0.1777096941        0.0719761134
 174. 102.       -0.1152633949       -0.2010913702
 174. 103.       -0.1036638555       -0.0578044458
 174. 104.       -0.0277489690       -0.0658773932
 174. 105.        0.0398995873       -0.0833145014
 174. 106.       -0.1158912193        0.0841526947
 174. 107.        0.0533827896        0.1651865683
 174. 108.        0.0960781932       -0.0540894449
 174. 109.        0.1556389772       -0.2653668703
 174. 110.       -0.1042053202        0.0157114436
 174. 111.       -0.1373799187       -0.1888593685
 174. 112.       -0.0270698384       -0.0390142660
 174. 113.       -0.1350046097       -0.2149593814
 174. 114.       -0.3231213218       -0.0596245509
 174. 115.       -0.0129616774        0.1859151722
 174. 116.        0.1954451095        0.0964454173
 174. 117.        0.0112527412       -0.0083469771
 174. 118.       -0.0135628977        0.2776950970
 174. 119.        0.3129894328        0.0331960782
 174. 120.       -0.2196853351        0.0221386040
 174. 121.        0.0209221636        0.1627037177
 174. 122.        0.0294159245       -0.3797367182
 174. 123.       -0.0346102162       -0.1692607281
 174. 124.        0.2744374610        0.2202492247
 174. 125.        0.0928102568       -0.3437784552
 174. 126.        0.2397332020       -0.1931156666
 174. 127.       -0.0727047285        0.1385600906
 174. 128.       -0.0151057059       -0.3080917775
 174. 129.       -0.0897064425       -0.0069634929
 174. 130.        0.0315856818        0.1355215909
 174. 131.        0.0106419860        0.1244014368
 174. 132.        0.0582928073        0.0897917547
 174. 133.       -0.0538974865        0.1446096672
 174. 134.        0.0895561119       -0.1430096573
 174. 135.       -0.1602471114        0.0511006122
 174. 136.        0.1364336988        0.2629315248
 174. 137.        0.1253742973       -0.1419506321
 174. 138.        0.0920179100       -0.2032740341
 174. 139.        0.4537235316        0.1406404820
 174. 140.        0.2417416054       -0.2812113246
 174. 141.       -0.0191148865        0.1726653313
 174. 142.        0.3337290462        0.3341877231
 174. 143.       -0.1736251530       -0.3338834104
 174. 144.       -0.3966871543        0.3433543345
 174. 145.       -0.0050170047        0.1815921635
 174. 146.       -0.1682027724       -0.2501025012
 174. 147.       -0.4087143099       -0.0625817640
 174. 148.        0.1869700408        0.0694269209
 174. 149.       -0.3034985363       -0.3450227712
 174. 150.       -0.3356226140       -0.3001547320
 174. 151.        0.5518169526        0.0317931280
 174. 152.        0.0361782768        0.0552843683
 174. 153.       -0.0816657823       -0.1026649346
 174. 154.        0.3254324682        0.2553989120
 174. 155.        0.0658092540       -0.1975104508
 174. 156.       -0.4449981840        0.1133086879
 174. 157.       -0.0923164976        0.4413447108
 174. 158.        0.1480569752        0.0035193492
 174. 159.        0.1846253656        0.3070225999
 174. 160.        0.0430520798       -0.1520381758
 174. 161.       -0.4487634582        0.0482776506
 174. 162.       -0.0398253820        0.0824626412
 174. 163.       -0.2207834229       -0.3770225370
 174. 164.       -0.2744692736       -0.0181848038
 174. 165.        0.2347839178        0.0567053681
 174. 166.        0.1886078346       -0.7549542854
 174. 167.        0.0157985160       -0.0778725295
 174. 168.        0.2291779943        0.2138384252
 174. 169.        0.3201034422       -0.2086429018
 174. 170.        0.3258379831       -0.8752701066
 174. 171.       -0.1294889600        0.0487900396
 174. 172.       -0.1006975839        0.1844919589
 174. 173.       -0.1939137631        0.0809649775
 174. 174.       -0.0165668559       -0.2978781967
 175.   0.       -0.0753226697        0.0000000000
 175.   1.        0.3067095125       -0.0750174733
 175.   2.       -0.1526878730        0.0085910501
 175.   3.        0.3384501538       -0.0344402501
 175.   4.        0.2907350586        0.0454356542
 175.   5.       -0.4057569680        0.1093174341
 175.   6.       -0.2005961140       -0.1033250543
 175.   7.       -0.0814933722        0.0271184643
 175.   8.       -0.0548846954       -0.1405511428
 175.   9.       -0.0640740947       -0.2040837475
 175.  10.        0.1292096231       -0.2059133532
 175.  11.        0.1721517187        0.3471155271
 175.  12.        0.3984898990        0.0648164432
 175.  13.        0.0406794216        0.0119108995
 175.  14.       -0.3096468350        0.1477154553
 175.  15.        0.0353951322       -0.0883002118
 175.  16.       -0.3897527243       -0.2348995227
 175.  17.       -0.2022899184       -0.1520319594
 175.  18.       -0.0296246094       -0.1334282912
 175.  19.        0.0165504904        0.1214396424
 175.  20.        0.3165453136        0.2600512340
 175.  21.        0.0731694486        0.1293149558
 175.  22.       -0.1390435726        0.3166824392
 175.  23.       -0.1638620641       -0.1422103661
 175.  24.       -0.0786913326       -0.1025887502
 175.  25.        0.1549752714       -0.0885000765
 175.  26.       -0.0864778435       -0.3048130009
 175.  27.        0.2484828912        0.0735984208
 175.  28.        0.3793860919        0.0736392060
 175.  29.       -0.0180892834       -0.0096930787
 175.  30.        0.0347235608        0.3528057592
 175.  31.       -0.2822474542        0.1707403727
 175.  32.       -0.1556650606       -0.0082751542
 175.  33.       -0.1730002044        0.1174677845
 175.  34.        0.0035987043       -0.1172075260
 175.  35.        0.0471032132        0.0809387474
 175.  36.        0.1309003596       -0.0016599192
 175.  37.        0.1414393177       -0.1505947186
 175.  38.        0.1360817763        0.1326941672
 175.  39.       -0.1382735608       -0.1433753767
 175.  40.       -0.3269574212       -0.2079657862
 175.  41.        0.1243062517       -0.1202077446
 175.  42.       -0.1071758672       -0.0300460031
 175.  43.       -0.0707530958        0.1564902345
 175.  44.       -0.0556658529        0.1578875267
 175.  45.       -0.1022707024        0.0374156709
 175.  46.       -0.2181442613       -0.0013460058
 175.  47.       -0.1023119850       -0.0157667616
 175.  48.        0.1110695729        0.0266459077
 175.  49.        0.0499015895        0.0070368979
 175.  50.        0.2830041395       -0.1511251766
 175.  51.       -0.0881056271        0.0455230142
 175.  52.        0.1348702076       -0.0344174964
 175.  53.        0.0296647456        0.1688085829
 175.  54.       -0.1635498522        0.0951671009
 175.  55.       -0.3238869354       -0.2146526001
 175.  56.        0.0218781311        0.0278943256
 175.  57.       -0.1821819193       -0.1057532273
 175.  58.        0.1331144635       -0.1058017767
 175.  59.        0.1380529786       -0.0689858376
 175.  60.       -0.0226375484       -0.0034318417
 175.  61.        0.2810807121        0.2172331066
 175.  62.        0.0048943743        0.1468104635
 175.  63.       -0.2162701288       -0.0699571518
 175.  64.        0.0882420434       -0.0834710138
 175.  65.       -0.2184507001       -0.0701903372
 175.  66.       -0.0619798601       -0.0220909362
 175.  67.        0.1877507270        0.0780207438
 175.  68.       -0.2026064619       -0.1454598811
 175.  69.        0.2245688475        0.1623256537
 175.  70.        0.0771651307        0.1497401376
 175.  71.        0.0350153685       -0.1162951709
 175.  72.        0.0871238954        0.1469865520
 175.  73.       -0.2788623889        0.1482041944
 175.  74.       -0.0991193127        0.0432985248
 175.  75.        0.1378703868       -0.2719745819
 175.  76.       -0.1445776480       -0.0613113683
 175.  77.       -0.0309974145       -0.2064039543
 175.  78.        0.2395943944       -0.0381568811
 175.  79.       -0.0633193210        0.0774487510
 175.  80.        0.2628408167        0.1281032146
 175.  81.        0.1604451981        0.1717241584
 175.  82.       -0.1381137872        0.0502233439
 175.  83.       -0.2730876508        0.1607259958
 175.  84.       -0.1180283743       -0.1603700273
 175.  85.       -0.1708908069       -0.0559991849
 175.  86.       -0.0200264954       -0.1836429862
 175.  87.        0.0965506668       -0.4581801322
 175.  88.       -0.0907903089        0.1064349265
 175.  89.        0.4071433610        0.0980928851
 175.  90.        0.0320801068       -0.0068267086
 175.  91.       -0.0883483429        0.3573084546
 175.  92.       -0.2367872662        0.1192200670
 175.  93.        0.0222863530        0.0474711429
 175.  94.        0.1744449941        0.1153489820
 175.  95.        0.0073914829        0.0166172493
 175.  96.        0.2815661116       -0.1909628954
 175.  97.       -0.0560078169        0.2581846722
 175.  98.       -0.1516932800        0.0817042976
 175.  99.       -0.1649253541        0.0349701404
 175. 100.        0.1670017640       -0.0715636003
 175. 101.       -0.0989506620        0.1681962466
 175. 102.        0.0864637866       -0.0903853898
 175. 103.        0.0597113380        0.1013854876
 175. 104.       -0.1757323154       -0.0428969570
 175. 105.       -0.0970520131        0.0255785733
 175. 106.        0.0056790293        0.2367928306
 175. 107.        0.0001089787       -0.0893207529
 175. 108.       -0.1305887805        0.2340649735
 175. 109.        0.0229471242       -0.0457887419
 175. 110.        0.0500820450       -0.1378515603
 175. 111.        0.0252626511        0.0776675017
 175. 112.       -0.1171597016        0.0672379234
 175. 113.        0.2651365019       -0.0053980938
 175. 114.       -0.1458041994       -0.2558256129
 175. 115.        0.1929868461        0.2177452889
 175. 116.       -0.0489187698       -0.0405412416
 175. 117.       -0.2127377310        0.1835487350
 175. 118.        0.0004503202       -0.0440668130
 175. 119.       -0.2217392393        0.0406000065
 175. 120.       -0.0295338855        0.1644531857
 175. 121.       -0.0870403715       -0.2206067071
 175. 122.        0.0963253774       -0.0871569176
 175. 123.        0.1575813354       -0.0266187814
 175. 124.        0.3725536765        0.0006714210
 175. 125.       -0.1101458631       -0.1380980419
 175. 126.        0.1385459569        0.4214546787
 175. 127.        0.4523651735        0.3609240459
 175. 128.       -0.0668718152        0.3113036600
 175. 129.        0.3038592164       -0.3029550963
 175. 130.       -0.0083812545       -0.2605703706
 175. 131.       -0.3432456322       -0.3146699588
 175. 132.       -0.0789429965        0.0584856997
 175. 133.       -0.1122080603       -0.1565348370
 175. 134.        0.0420402953       -0.2259833225
 175. 135.        0.1948613856        0.0148165686
 175. 136.        0.0501132201        0.0048272565
 175. 137.        0.1737596642        0.0129470243
 175. 138.        0.1882380937       -0.0901836691
 175. 139.       -0.0908596052       -0.4663731076
 175. 140.        0.0043194631        0.4648769720
 175. 141.       -0.0084439366        0.1960711693
 175. 142.       -0.2358184342       -0.1861115835
 175. 143.       -0.1976622183        0.3347007938
 175. 144.       -0.1160703793       -0.0668003811
 175. 145.        0.1065130044       -0.1565346046
 175. 146.        0.1598565539       -0.3767143543
 175. 147.        0.0496370685       -0.2110661519
 175. 148.        0.3288293259       -0.2530018247
 175. 149.       -0.3351199905        0.0662079982
 175. 150.        0.0025291285       -0.0727292345
 175. 151.        0.0021698688       -0.0832898736
 175. 152.       -0.2653974644       -0.3909307416
 175. 153.        0.2012530433        0.1541415763
 175. 154.        0.2685986771       -0.1301084152
 175. 155.        0.0882673693        0.4338097771
 175. 156.        0.2623439860        0.1758002430
 175. 157.       -0.0442487114        0.0489821990
 175. 158.       -0.1966863210       -0.1642106639
 175. 159.       -0.1568583217       -0.1101879857
 175. 160.       -0.1749192406       -0.1710725737
 175. 161.       -0.3585201281       -0.3621055338
 175. 162.       -0.1062840162       -0.2085977765
 175. 163.        0.2871214984        0.1593968493
 175. 164.        0.4617785888       -0.0970368426
 175. 165.        0.3152851412       -0.4674164167
 175. 166.        0.1574564044        0.1548612991
 175. 167.        0.0971018374        0.3153573534
 175. 168.        0.0981909280       -0.0812532620
 175. 169.        0.1374634071        0.1377667967
 175. 170.       -0.4944645052        0.5325670099
 175. 171.        0.2226371717        0.2625026743
 175. 172.        0.3730291184        0.1648650747
 175. 173.        0.4301556700       -0.0377427315
 175. 174.       -0.1465380926        0.0328289915
 175. 175.        0.0276882999        0.1219995346
 176.   0.        0.1367614258        0.0000000000
 176.   1.       -0.0463440416        0.0591693585
 176.   2.        0.0223651735        0.1710704515
 176.   3.       -0.0418820104        0.0162934064
 176.   4.       -0.0658186718        0.0146499453
 176.   5.       -0.0725666560        0.1494233060
 176.   6.       -0.0282841862       -0.3302281302
 176.   7.        0.0020559796       -0.3026318414
 176.   8.        0.1600477917       -0.0970907817
 176.   9.        0.1451883316       -0.0035397525
 176.  10.       -0.2679442099        0.1790640801
 176.  11.        0.0817835918        0.3178845310
 176.  12.       -0.2313830342        0.0463339277
 176.  13.       -0.1084833043        0.0501738889
 176.  14.        0.0251618363       -0.1224474070
 176.  15.       -0.1435214432       -0.2745495283
 176.  16.        0.3080315779       -0.0900234703
 176.  17.        0.3404706486       -0.2434708022
 176.  18.        0.0952527403        0.0680753163
 176.  19.       -0.1437766870        0.0986291249
 176.  20.       -0.0911063404        0.2480828699
 176.  21.        0.0865862727        0.0732471875
 176.  22.       -0.0407468911       -0.1124297150
 176.  23.       -0.1967552545       -0.2930872479
 176.  24.        0.2565094530        0.1967584881
 176.  25.        0.2226685995       -0.0656688767
 176.  26.       -0.0884977842        0.1444362357
 176.  27.        0.0364219366        0.2549907057
 176.  28.        0.1629363956        0.0516266248
 176.  29.       -0.3289520787       -0.0082261884
 176.  30.        0.0827142498       -0.2102787690
 176.  31.       -0.3900010537       -0.0628983771
 176.  32.        0.0133382510        0.0243711683
 176.  33.        0.1960797361       -0.1491238838
 176.  34.        0.0068396556       -0.1034625890
 176.  35.       -0.0084204280        0.0735699816
 176.  36.       -0.0600996290       -0.0784177288
 176.  37.       -0.0258969778        0.0728352636
 176.  38.       -0.0365041937        0.0120202665
 176.  39.        0.0642410702        0.1478732167
 176.  40.        0.0741929141        0.1769578516
 176.  41.       -0.1899701937        0.1889648320
 176.  42.       -0.2300169341        0.0311878756
 176.  43.       -0.0292620304       -0.0316949874
 176.  44.       -0.1523529000        0.0769573221
 176.  45.       -0.2603811304       -0.2789872352
 176.  46.        0.1557109944        0.1733858853
 176.  47.        0.0355622020       -0.1033130224
 176.  48.        0.0847027019       -0.1207745696
 176.  49.        0.1080869038        0.0631026320
 176.  50.       -0.0038554598        0.1489248854
 176.  51.       -0.2541104997        0.3799222522
 176.  52.       -0.1156482032        0.0602178905
 176.  53.        0.0360889400        0.0577292235
 176.  54.       -0.0600582828        0.2177831977
 176.  55.       -0.2179265025       -0.1312399217
 176.  56.        0.1408313896       -0.1100719271
 176.  57.        0.1101265324        0.1430231285
 176.  58.        0.1792636441        0.0107595134
 176.  59.       -0.1267801968        0.1860353523
 176.  60.       -0.1683422073        0.3097448366
 176.  61.       -0.1095480251        0.0389730604
 176.  62.       -0.2386124773        0.1476487541
 176.  63.        0.0343143637       -0.1680031480
 176.  64.        0.1373599757       -0.1226383301
 176.  65.       -0.1187473424        0.1369883079
 176.  66.        0.1765632318       -0.1816311978
 176.  67.        0.0086943928       -0.0093885559
 176.  68.       -0.1063841991        0.4714585553
 176.  69.        0.0174436477       -0.0830712996
 176.  70.        0.0497631923        0.2329086754
 176.  71.       -0.3175800563        0.1987970958
 176.  72.        0.0162822336       -0.0423775568
 176.  73.       -0.1642933309        0.1246709202
 176.  74.       -0.0611966712       -0.1494639124
 176.  75.        0.2547025212       -0.0634127663
 176.  76.        0.0825994588        0.0287884529
 176.  77.        0.1169606339        0.1423665083
 176.  78.        0.0286254091        0.0510291600
 176.  79.       -0.0109359659        0.2493704295
 176.  80.       -0.1489718268       -0.0970873370
 176.  81.       -0.3612790786       -0.1038995041
 176.  82.       -0.2782051093       -0.0329127135
 176.  83.        0.0456256283       -0.0841688907
 176.  84.        0.0455040516        0.1230990486
 176.  85.       -0.0009998377        0.1785381784
 176.  86.       -0.1140296210        0.0423628508
 176.  87.        0.1808466673        0.1172225672
 176.  88.       -0.1096335328        0.1335745299
 176.  89.       -0.3398869820        0.2535985543
 176.  90.       -0.0973746663        0.2340949863
 176.  91.        0.0910059479       -0.2897797278
 176.  92.       -0.2721225068       -0.2412752752
 176.  93.        0.0124239009       -0.0650464116
 176.  94.        0.2273331371        0.1167581475
 176.  95.       -0.0583898568       -0.1974543406
 176.  96.       -0.1786710285        0.0534896966
 176.  97.        0.2842579819        0.4210234911
 176.  98.       -0.0095425306        0.0886621242
 176.  99.       -0.1190125614       -0.1376831320
 176. 100.        0.0266943657       -0.0131888693
 176. 101.       -0.1463328917       -0.1236814938
 176. 102.        0.0315503950        0.0542081930
 176. 103.        0.0404854260       -0.2220753933
 176. 104.       -0.0890403976        0.2820772427
 176. 105.       -0.1175127065        0.1499513717
 176. 106.       -0.0953667116        0.0631987021
 176. 107.       -0.0020587982        0.1060282813
 176. 108.       -0.1795159856        0.1839256055
 176. 109.        0.0107318316        0.1929954062
 176. 110.       -0.0997514163        0.1904727488
 176. 111.       -0.2310197555        0.1387781703
 176. 112.       -0.0117860602       -0.2607607225
 176. 113.       -0.0569570061        0.2168701005
 176. 114.       -0.0209207935       -0.1561654621
 176. 115.       -0.1536670676        0.0452529618
 176. 116.       -0.2700358115       -0.1448833335
 176. 117.        0.2703117560        0.0442798596
 176. 118.       -0.0484309778       -0.1343437387
 176. 119.       -0.1326641951        0.3310602023
 176. 120.        0.4645868378       -0.1478952899
 176. 121.        0.2795109959       -0.0586374409
 176. 122.        0.1496119244        0.0110200382
 176. 123.        0.2194626451       -0.0135455542
 176. 124.       -0.0617487557       -0.0274787529
 176. 125.        0.1395744916        0.1253408607
 176. 126.       -0.0621371573        0.0023912006
 176. 127.        0.0476906942       -0.2302414991
 176. 128.       -0.0237232590        0.1352382895
 176. 129.       -0.1796456517       -0.0335493675
 176. 130.       -0.0872901872       -0.1084522427
 176. 131.       -0.0137161424        0.1579924016
 176. 132.        0.3039177445       -0.1770824437
 176. 133.        0.0888710533       -0.0664107438
 176. 134.       -0.0644758046        0.0875408398
 176. 135.        0.3484345040        0.1596418714
 176. 136.       -0.2909067259        0.2450779390
 176. 137.       -0.0325625688        0.2406743331
 176. 138.       -0.0329180510        0.1981905283
 176. 139.       -0.1309034000       -0.4231607829
 176. 140.       -0.0684555756       -0.1807793931
 176. 141.        0.1131834766        0.1248829546
 176. 142.       -0.1639409249       -0.3238220720
 176. 143.       -0.0839350034        0.1601126430
 176. 144.        0.2443360732       -0.3462904813
 176. 145.        0.0743431625        0.0413666673
 176. 146.        0.4026398250        0.3274287172
 176. 147.        0.3721582920       -0.0044019024
 176. 148.       -0.1991297191        0.1857352953
 176. 149.       -0.3525003212        0.1457041962
 176. 150.        0.0898065425       -0.1109272206
 176. 151.       -0.3259681611        0.0670182823
 176. 152.        0.2300019913        0.0527375544
 176. 153.        0.2280755383       -0.0940365163
 176. 154.       -0.3710191169        0.0320533468
 176. 155.        0.4170979999        0.1530738750
 176. 156.        0.2097191841       -0.2668985225
 176. 157.       -0.1130850394        0.2591387965
 176. 158.       -0.1674890214       -0.1211116951
 176. 159.        0.4430151024        0.0286887107
 176. 160.        0.3141668099       -0.0606878675
 176. 161.        0.2823319217       -0.0022756836
 176. 162.        0.2455553806        0.0637222338
 176. 163.        0.5620048571        0.1955456866
 176. 164.        0.1178364691        0.1987591842
 176. 165.       -0.4439965614        0.3516741895
 176. 166.        0.0093247647        0.3009624003
 176. 167.       -0.3282557084        0.0052471536
 176. 168.       -0.7311419628       -0.0510569486
 176. 169.       -0.0486575048        0.0266092942
 176. 170.        0.0606123215       -0.2845801056
 176. 171.       -0.2534568224       -0.3982677305
 176. 172.       -0.5235137031       -0.3448770417
 176. 173.       -0.2849220922       -0.1352682160
 176. 174.       -0.2272927909        0.3000694050
 176. 175.        0.1643450533       -0.0164060691
 176. 176.        0.0716503729        0.3517264104
 177.   0.       -0.1292694462        0.0000000000
 177.   1.       -0.2541154606        0.0969698003
 177.   2.        0.0697166339        0.0912851314
 177.   3.       -0.3628938739       -0.0559972380
 177.   4.       -0.0506800466       -0.0446754948
 177.   5.        0.1959951787       -0.1894321638
 177.   6.        0.3415903529       -0.0277646226
 177.   7.        0.1784095364        0.1274408798
 177.   8.        0.1430370092        0.0880905429
 177.   9.       -0.1661700735        0.2025537947
 177.  10.       -0.0557030640        0.1000568446
 177.  11.       -0.1893246439       -0.3546623342
 177.  12.       -0.3669948346       -0.1995937643
 177.  13.        0.0313581552       -0.1378469360
 177.  14.        0.2981540870       -0.0835525051
 177.  15.       -0.0248698185        0.2149823307
 177.  16.        0.1049103613        0.1476771252
 177.  17.        0.0249796930        0.1101311392
 177.  18.        0.0666487008       -0.0793709724
 177.  19.       -0.1652498683       -0.2898215201
 177.  20.       -0.2671126716       -0.0990086523
 177.  21.       -0.0403265494       -0.2221626784
 177.  22.        0.2246769293       -0.3013859733
 177.  23.        0.1111281203        0.1064341107
 177.  24.        0.0088620543        0.1264746823
 177.  25.       -0.1700133963        0.2304784107
 177.  26.       -0.0565042658        0.2045903748
 177.  27.       -0.3083781889       -0.2000954051
 177.  28.       -0.3062761121       -0.0852763821
 177.  29.       -0.0636326408        0.0195462988
 177.  30.        0.1116982832       -0.4787017663
 177.  31.        0.1402342539       -0.0280479415
 177.  32.        0.2027452190       -0.0254976118
 177.  33.       -0.0776672600        0.0488006016
 177.  34.       -0.0559314344        0.1757073646
 177.  35.       -0.0305822285       -0.0528514156
 177.  36.       -0.0893424458        0.1130222079
 177.  37.       -0.0328144081        0.0782300942
 177.  38.       -0.1167302659       -0.2822236463
 177.  39.        0.0461734337        0.0866381103
 177.  40.        0.3142803540        0.0299019870
 177.  41.       -0.0379116679        0.0480858562
 177.  42.        0.0213059777       -0.0134975183
 177.  43.        0.2071632788       -0.1132570445
 177.  44.       -0.0272018296       -0.1052055034
 177.  45.       -0.0428571156       -0.0959110942
 177.  46.        0.2355682034        0.0086430733
 177.  47.       -0.1028078381        0.1008132407
 177.  48.        0.1590429316        0.0632674435
 177.  49.       -0.2086600600       -0.2033609557
 177.  50.       -0.2531925186       -0.0358812979
 177.  51.        0.0625000830       -0.1205863665
 177.  52.       -0.1152560324        0.0500516505
 177.  53.        0.0362906932       -0.1664759001
 177.  54.        0.3476048313       -0.0625308605
 177.  55.       -0.0100802112        0.1437624828
 177.  56.        0.1435151293       -0.1070668833
 177.  57.        0.2055368663        0.0945671900
 177.  58.       -0.2553435270        0.1095739041
 177.  59.       -0.1619048062        0.1686992296
 177.  60.       -0.0866108482        0.0121945794
 177.  61.       -0.2630643311       -0.2402126289
 177.  62.        0.1359789590       -0.2260909004
 177.  63.       -0.2109958568        0.2060125033
 177.  64.       -0.0467197987        0.1222963123
 177.  65.        0.3261117671        0.3385735124
 177.  66.        0.0029204674        0.3057361118
 177.  67.       -0.0984175224        0.3445478438
 177.  68.        0.2263291502       -0.1650814211
 177.  69.       -0.1252045056       -0.0608893820
 177.  70.        0.3132098196       -0.0811809327
 177.  71.        0.1079663673       -0.0460922934
 177.  72.        0.0781678861       -0.3999080505
 177.  73.        0.4089176836       -0.0038260537
 177.  74.       -0.0127439387        0.0388492499
 177.  75.       -0.3163328597        0.3117974115
 177.  76.        0.0678291239        0.3698385326
 177.  77.       -0.1094181939        0.0098806895
 177.  78.        0.0290216819       -0.0596811452
 177.  79.       -0.1269048833       -0.1596414835
 177.  80.       -0.0351665267       -0.2434036986
 177.  81.        0.1074022174       -0.1074877170
 177.  82.        0.1750609092       -0.0581887937
 177.  83.        0.1502902520       -0.1079851209
 177.  84.        0.2192002697        0.1905862925
 177.  85.       -0.0353056530        0.1102739966
 177.  86.       -0.2152599330        0.0312124145
 177.  87.       -0.0188268489        0.1359683425
 177.  88.       -0.0664586474       -0.2086666267
 177.  89.       -0.0229331680       -0.1658012752
 177.  90.       -0.2010597362       -0.1369843310
 177.  91.       -0.0659728984        0.0656713428
 177.  92.        0.0616810353       -0.0784524439
 177.  93.       -0.0453319311        0.0638949975
 177.  94.        0.1317347471       -0.0719440528
 177.  95.        0.2140051208        0.0593425485
 177.  96.       -0.0131984982        0.2048356865
 177.  97.       -0.1330479816       -0.1527370975
 177.  98.       -0.0717294353        0.4221446163
 177.  99.        0.2334424246       -0.0763131069
 177. 100.       -0.1442700132       -0.2852318729
 177. 101.        0.0363477467        0.0716305506
 177. 102.        0.0913804707       -0.0149749082
 177. 103.        0.0032179186        0.0352250143
 177. 104.       -0.1041242172        0.2527811329
 177. 105.        0.0707977155       -0.1100494567
 177. 106.        0.1433878025       -0.0156494128
 177. 107.       -0.1704028299        0.0359934871
 177. 108.       -0.1305010819        0.4064781191
 177. 109.       -0.1235673000       -0.0699307276
 177. 110.       -0.2656438595        0.1627046263
 177. 111.        0.3443401475        0.0919592883
 177. 112.        0.1642337163        0.0077499182
 177. 113.        0.0367167192       -0.2059242363
 177. 114.       -0.0087001500        0.2196474831
 177. 115.       -0.0175323467       -0.0450297863
 177. 116.        0.1900572931        0.3270758560
 177. 117.        0.3059413220       -0.2449714297
 177. 118.       -0.1564583355       -0.0010067990
 177. 119.        0.0280258875        0.1756903434
 177. 120.       -0.0899389651       -0.1152020579
 177. 121.       -0.3203311771        0.0869251071
 177. 122.       -0.0541027657        0.2301487535
 177. 123.       -0.1791835618       -0.1385339944
 177. 124.        0.0047662652        0.1391194520
 177. 125.        0.0442592948        0.1017762424
 177. 126.       -0.0293109166       -0.2230914299
 177. 127.        0.0636514431        0.2507970783
 177. 128.        0.3736148109       -0.3970556308
 177. 129.       -0.0064642780       -0.1386088855
 177. 130.        0.0955980246        0.1366926837
 177. 131.        0.1021408701        0.2688239975
 177. 132.       -0.1190343413        0.2682970875
 177. 133.       -0.1752786741       -0.1092165586
 177. 134.       -0.0338972005        0.2674058868
 177. 135.       -0.3328845764       -0.0230183538
 177. 136.       -0.2799541548        0.3505891985
 177. 137.       -0.1088212470       -0.4560734998
 177. 138.       -0.0128751606       -0.1947680012
 177. 139.        0.1826054112       -0.1470910864
 177. 140.        0.0332765956       -0.3810879613
 177. 141.        0.0794629932       -0.3604092076
 177. 142.        0.1714701143        0.3864567867
 177. 143.       -0.3022859749        0.0722446059
 177. 144.       -0.1515268962        0.5316398671
 177. 145.        0.1174321187        0.6343171094
 177. 146.       -0.0622453368        0.2565357051
 177. 147.        0.0141094738       -0.4507275383
 177. 148.        0.0309723902        0.1342880386
 177. 149.       -0.0768999701       -0.2648500561
 177. 150.       -0.2703747063       -0.2382572224
 177. 151.        0.4623167433        0.4818593272
 177. 152.        0.2268967581       -0.1901848865
 177. 153.        0.0436944909        0.0892843682
 177. 154.        0.0234411629        0.5176924197
 177. 155.        0.4487111347        0.1181057726
 177. 156.       -0.3115844197        0.2579881274
 177. 157.        0.2133362742        0.1049789156
 177. 158.        0.0161348751        0.2656526034
 177. 159.       -0.1291640412        0.0890734418
 177. 160.       -0.1952652812        0.0330279940
 177. 161.       -0.0489667124        0.1826021834
 177. 162.       -0.0103400307        0.3739727971
 177. 163.       -0.3395337950       -0.1105735685
 177. 164.       -0.3524188878       -0.1098057836
 177. 165.        0.2696436472       -0.1952229806
 177. 166.       -0.0573448465        0.3580232840
 177. 167.       -0.1254677919        0.0966575716
 177. 168.        0.1778243153       -0.0201287703
 177. 169.        0.4356591980       -0.3533241214
 177. 170.        0.3182152350       -0.1565733302
 177. 171.        0.1591400261        0.0960722660
 177. 172.       -0.0153062617        0.1568445640
 177. 173.        0.4330055165       -0.1952655462
 177. 174.        0.2617224606       -0.3941843184
 177. 175.       -0.3891842414       -0.4056997840
 177. 176.        0.2118041577        0.1792171335
 177. 177.       -0.0046759120        0.1084512057
 178.   0.       -0.1395664768        0.0000000000
 178.   1.       -0.1651894115       -0.0972520978
 178.   2.        0.0480757309       -0.1883418756
 178.   3.       -0.0238440067        0.0500882913
 178.   4.        0.0493025547        0.2096725975
 178.   5.        0.1045116373       -0.0397683837
 178.   6.        0.0656204979        0.1776319187
 178.   7.        0.0993577989        0.0732950500
 178.   8.       -0.2197570972       -0.0180327552
 178.   9.       -0.2604480019       -0.0916566163
 178.  10.        0.2580351449       -0.1529525748
 178.  11.       -0.0198194032       -0.1526539135
 178.  12.        0.1741266960        0.2093482504
 178.  13.       -0.0093081536        0.0118814617
 178.  14.        0.0276260066        0.0012453559
 178.  15.        0.2220021495        0.2919846743
 178.  16.       -0.2670493252        0.1805623228
 178.  17.       -0.2732291388        0.1226043787
 178.  18.       -0.0568670239       -0.3048679589
 178.  19.        0.1090421584       -0.1538110179
 178.  20.        0.1807745688        0.1535955910
 178.  21.        0.0431903158       -0.0612473819
 178.  22.        0.1361132724        0.2892141258
 178.  23.        0.2416237973        0.0661432501
 178.  24.       -0.2886805918       -0.2222268717
 178.  25.       -0.1935714445        0.0646174439
 178.  26.        0.0431561434       -0.0641236198
 178.  27.        0.0062794996       -0.1042701289
 178.  28.        0.0825602603       -0.0935630271
 178.  29.        0.3227037323       -0.1556631444
 178.  30.       -0.0783240264        0.1495691210
 178.  31.        0.1830440863       -0.1187583745
 178.  32.       -0.0041295568       -0.0250670443
 178.  33.       -0.0692650841        0.2688298662
 178.  34.        0.1791369653        0.0713781410
 178.  35.       -0.0152722561       -0.0730401827
 178.  36.        0.0804012425        0.1449256985
 178.  37.       -0.0177004934       -0.1693169024
 178.  38.       -0.1210056491        0.1091705020
 178.  39.       -0.0992079558       -0.0264295352
 178.  40.       -0.0694116125       -0.1584990205
 178.  41.        0.1137761720       -0.0103220711
 178.  42.        0.0506327967       -0.0631348078
 178.  43.        0.0447592536       -0.0752896748
 178.  44.        0.2913063820        0.1685477226
 178.  45.       -0.0233959540        0.2419545527
 178.  46.       -0.1500854653       -0.1810578910
 178.  47.       -0.0566337079        0.1533728094
 178.  48.       -0.1623018218        0.0136045406
 178.  49.       -0.0170242630        0.0140647845
 178.  50.        0.0828285960       -0.2097069819
 178.  51.        0.1023110307       -0.4689592785
 178.  52.        0.0221150703       -0.0442510289
 178.  53.       -0.0146060255        0.0895112206
 178.  54.        0.1920044496        0.0324581229
 178.  55.        0.1163525414        0.0241806420
 178.  56.       -0.1996991064        0.0095386895
 178.  57.       -0.2295250610       -0.2238642128
 178.  58.        0.0261708787        0.0401061068
 178.  59.        0.1932809968       -0.0781808165
 178.  60.        0.0911743298       -0.2295909792
 178.  61.       -0.0405795675       -0.0008689114
 178.  62.        0.1960445262       -0.2237024601
 178.  63.        0.0084834768        0.3617894380
 178.  64.       -0.3337533842       -0.0007503914
 178.  65.       -0.1677197215       -0.1938730428
 178.  66.       -0.3081006927        0.0242436691
 178.  67.       -0.0177778265       -0.1706507990
 178.  68.        0.0900519756       -0.2576655616
 178.  69.        0.1850998336       -0.0020371675
 178.  70.        0.0550453484       -0.1365476680
 178.  71.        0.1422091794        0.0361760392
 178.  72.       -0.0712727563       -0.0348066912
 178.  73.        0.3174842577       -0.0208292802
 178.  74.       -0.1393763505        0.0504226258
 178.  75.       -0.1844445123       -0.0941385631
 178.  76.       -0.1720373689       -0.1151112754
 178.  77.       -0.1757733709       -0.1603349954
 178.  78.        0.0738726156       -0.0033258432
 178.  79.        0.0136601872       -0.0046100150
 178.  80.       -0.1729188801        0.1049131772
 178.  81.        0.0340921804        0.2032975074
 178.  82.        0.0850594058        0.3175181068
 178.  83.        0.0214603396        0.1397566676
 178.  84.       -0.1930883093       -0.0955149757
 178.  85.       -0.0725347184       -0.1179206866
 178.  86.        0.1875281222        0.0058631572
 178.  87.       -0.0370347517       -0.0903964304
 178.  88.       -0.0518207527       -0.1211743294
 178.  89.        0.2599075299       -0.0787912668
 178.  90.        0.2741192591       -0.1067565072
 178.  91.       -0.1902374054        0.2045615180
 178.  92.       -0.0856949185       -0.2905302333
 178.  93.        0.1858418958       -0.0399198247
 178.  94.       -0.1432693920        0.0737832828
 178.  95.       -0.1557119530        0.0095167163
 178.  96.        0.1700270683        0.2978305849
 178.  97.       -0.3713790335       -0.2131088913
 178.  98.        0.1762792748       -0.0460611582
 178.  99.        0.2335882726        0.1507033501
 178. 100.        0.0046625889        0.0464558287
 178. 101.        0.2185330258       -0.0737789904
 178. 102.        0.1321351013       -0.0784069641
 178. 103.        0.0117649419       -0.0345358090
 178. 104.        0.0050907890       -0.1304308309
 178. 105.        0.0241461227       -0.2300374303
 178. 106.        0.0467037385       -0.2578594078
 178. 107.        0.1340739450       -0.2210709486
 178. 108.        0.0747335971       -0.2042876884
 178. 109.       -0.4105842164        0.0863481398
 178. 110.        0.0190099206       -0.1955645062
 178. 111.       -0.0778390058       -0.2767867859
 178. 112.       -0.0978955157        0.2456354776
 178. 113.        0.2632475284       -0.1750982465
 178. 114.       -0.4028658483       -0.1888513510
 178. 115.        0.1189457579        0.2470164637
 178. 116.        0.1376099844        0.2166115329
 178. 117.       -0.2449500905       -0.1023725437
 178. 118.        0.2388061706        0.0129026038
 178. 119.       -0.1038525779        0.0650234059
 178. 120.       -0.3111166620        0.1321903589
 178. 121.        0.1652254638        0.0612573859
 178. 122.       -0.0157643490       -0.5321116713
 178. 123.       -0.0702858147       -0.1945021849
 178. 124.       -0.2211976403       -0.2859557723
 178. 125.        0.1260089848       -0.2062886770
 178. 126.       -0.0186571515        0.3983037363
 178. 127.       -0.0348426995        0.0398830930
 178. 128.        0.3720974303       -0.1969892401
 178. 129.       -0.1414589428        0.3335573065
 178. 130.        0.0476347619        0.0626520667
 178. 131.       -0.3110166411        0.1497694617
 178. 132.       -0.4187459656       -0.1511101689
 178. 133.        0.1502307557        0.0139225149
 178. 134.       -0.1681034669        0.0536197132
 178. 135.        0.1442623370       -0.1559352252
 178. 136.        0.2662892358       -0.0993164546
 178. 137.        0.2596220608       -0.1032672296
 178. 138.        0.2863316268       -0.0572050100
 178. 139.        0.3910653439        0.0083278202
 178. 140.        0.0375159940       -0.0540150742
 178. 141.        0.0033498346        0.0917981867
 178. 142.        0.1357801772       -0.0486547195
 178. 143.       -0.3405696995       -0.0403247735
 178. 144.       -0.1747343874        0.1736352084
 178. 145.        0.2127968766       -0.2250001219
 178. 146.       -0.2056388695       -0.4584455500
 178. 147.       -0.3189428427        0.0046518513
 178. 148.        0.3389043285       -0.0366412493
 178. 149.       -0.4846453993       -0.3263742446
 178. 150.        0.4013103985        0.3220004242
 178. 151.        0.3576195389        0.1614963837
 178. 152.       -0.1828415942        0.1736816179
 178. 153.       -0.0403425058        0.6026692444
 178. 154.       -0.3995330592       -0.1229428231
 178. 155.       -0.4227714270        0.2893944785
 178. 156.       -0.1210350393        0.1583445641
 178. 157.       -0.1117915056       -0.0068806691
 178. 158.        0.0354829407       -0.1157317460
 178. 159.        0.0905934201       -0.1783877520
 178. 160.       -0.0936363055        0.1751795098
 178. 161.       -0.0981380696       -0.2761824290
 178. 162.        0.2090848947        0.0206655990
 178. 163.       -0.1175639828        0.2063417215
 178. 164.        0.6344432745        0.0237771355
 178. 165.        0.1221179444        0.0214494514
 178. 166.        0.0720945437        0.4987634221
 178. 167.        0.1488449901        0.3224399990
 178. 168.        0.1525666217        0.1703796353
 178. 169.       -0.2638381775       -0.0939927053
 178. 170.       -0.0213441222       -0.0814291308
 178. 171.       -0.0837172070        0.1003356922
 178. 172.       -0.1396071529       -0.0647367219
 178. 173.       -0.6659160920        0.7051723953
 178. 174.       -0.0805761011        0.5663851919
 178. 175.        0.3205532644        0.8850258148
 178. 176.        0.0597273964        0.0593242738
 178. 177.        0.2600141385       -0.2804263056
 178. 178.        0.1046184113        0.1936941769
 179.   0.        0.1029005917        0.0000000000
 179.   1.        0.0893807542        0.0207848261
 179.   2.        0.0990128134       -0.1323101805
 179.   3.        0.2025125275        0.1395964827
 179.   4.       -0.2179840059       -0.0728190942
 179.   5.       -0.1135322882        0.1079052736
 179.   6.       -0.2644140431        0.1696730381
 179.   7.       -0.1205090038       -0.3069679310
 179.   8.       -0.1815950210       -0.1452557041
 179.   9.        0.1399830174       -0.1462072240
 179.  10.        0.0944050389       -0.0388831648
 179.  11.        0.2043064875        0.2628512776
 179.  12.        0.1126257901        0.1028780426
 179.  13.       -0.2518840524        0.2443680888
 179.  14.       -0.1010682176        0.1016284923
 179.  15.       -0.0426824575       -0.2662263526
 179.  16.        0.0857609184        0.1154849629
 179.  17.        0.2682021853        0.0321527175
 179.  18.       -0.0522449833        0.0228301026
 179.  19.        0.0714413896        0.1407981987
 179.  20.        0.2066016049        0.0397165127
 179.  21.       -0.0976735692        0.1988412049
 179.  22.       -0.1349024478        0.1405545227
 179.  23.        0.0789661519       -0.1477442934
 179.  24.       -0.1006272520       -0.1374461790
 179.  25.        0.0223608646       -0.0862965308
 179.  26.       -0.0869939242       -0.1669399236
 179.  27.        0.3915544795        0.2570155043
 179.  28.        0.1299511275        0.1298591139
 179.  29.       -0.1833139245       -0.0516542083
 179.  30.        0.0849957238        0.3367013014
 179.  31.       -0.1884138973       -0.0672072390
 179.  32.       -0.1458347604       -0.1150218940
 179.  33.        0.1603905848       -0.1924919667
 179.  34.       -0.0069600539       -0.1949163425
 179.  35.       -0.0229700382       -0.0041373456
 179.  36.        0.0497527459       -0.1570181253
 179.  37.       -0.1156682854        0.0393553489
 179.  38.        0.0750066816        0.1186039727
 179.  39.        0.1207461884        0.1373296422
 179.  40.       -0.1712536374       -0.0543293183
 179.  41.       -0.0254118877       -0.0153122268
 179.  42.        0.0680260273        0.0116086619
 179.  43.       -0.1726299399        0.0169180872
 179.  44.        0.1905643105       -0.1666286250
 179.  45.       -0.0514966660        0.1269415560
 179.  46.       -0.2996489879       -0.0440244341
 179.  47.        0.2222991916       -0.1138200061
 179.  48.       -0.0847877582        0.0661654826
 179.  49.        0.2599806299        0.2202638073
 179.  50.        0.0461091584        0.2476780867
 179.  51.       -0.0080310592       -0.0122636383
 179.  52.        0.2512962943        0.1786422781
 179.  53.       -0.2115233675        0.2016522724
 179.  54.       -0.2757376587        0.1901903354
 179.  55.        0.0552301778       -0.0020916525
 179.  56.       -0.0518877371       -0.0770196115
 179.  57.       -0.0344671612       -0.1244040483
 179.  58.        0.1114532732        0.0003073304
 179.  59.        0.0150252078        0.1655134822
 179.  60.        0.2862753951        0.0901394378
 179.  61.        0.1403601295        0.0907500804
 179.  62.       -0.2016005225       -0.1775683133
 179.  63.       -0.0408079377        0.0361338172
 179.  64.       -0.0772277927        0.0035629847
 179.  65.       -0.2650761828       -0.3803562723
 179.  66.        0.0378070157       -0.0563718066
 179.  67.        0.2734518855       -0.3274401535
 179.  68.       -0.0483580468        0.1630536977
 179.  69.        0.1494066725        0.2374487558
 179.  70.       -0.0394186663        0.0003746078
 179.  71.       -0.0740576948        0.2637111781
 179.  72.       -0.2243968812       -0.0217230189
 179.  73.       -0.3185941572       -0.2578123927
 179.  74.        0.2090976215       -0.1285124371
 179.  75.       -0.1668244956       -0.2060591827
 179.  76.        0.0292654708       -0.3185473950
 179.  77.        0.2866296126        0.0677655219
 179.  78.        0.1290606925       -0.0496747691
 179.  79.        0.0433518495        0.0451245679
 179.  80.        0.0186787052        0.1507076617
 179.  81.       -0.1616656460        0.1482931717
 179.  82.       -0.1755934616        0.1032985504
 179.  83.       -0.0975738546       -0.1387604094
 179.  84.        0.0507062649       -0.0734581454
 179.  85.        0.4392456638       -0.0829739260
 179.  86.        0.1183270926       -0.0982147887
 179.  87.        0.0466286917        0.1914676396
 179.  88.        0.1430074427        0.3476034064
 179.  89.       -0.0238971773        0.0895979061
 179.  90.       -0.1031747694        0.2331104906
 179.  91.       -0.0310890603        0.2823401240
 179.  92.        0.0478713003        0.0169818238
 179.  93.       -0.0311771327       -0.0710184826
 179.  94.       -0.0367564370       -0.2944566102
 179.  95.        0.1151421478       -0.0688627931
 179.  96.        0.2869786202       -0.0383968342
 179.  97.        0.0986778895       -0.1258579195
 179.  98.       -0.1926505410       -0.0768954707
 179.  99.        0.0439122083        0.0115771835
 179. 100.        0.2957209965        0.3859992313
 179. 101.       -0.2084672213        0.1861695583
 179. 102.       -0.0374127736       -0.0674554662
 179. 103.       -0.4075323492        0.2342856212
 179. 104.        0.3427508713        0.0504269654
 179. 105.        0.1153942916        0.1458568914
 179. 106.       -0.1599918652        0.1893617610
 179. 107.        0.3311970113        0.2186557268
 179. 108.        0.3293259972        0.1013938743
 179. 109.       -0.1089912503       -0.1458296276
 179. 110.        0.0524350680       -0.0482110637
 179. 111.        0.0574597872       -0.2171618189
 179. 112.       -0.0297452658       -0.3470196943
 179. 113.       -0.1337038497        0.0525570085
 179. 114.        0.1203586699        0.1962655233
 179. 115.        0.2238689926       -0.1959513337
 179. 116.        0.0525420756        0.1176731471
 179. 117.       -0.2257383170        0.1995106873
 179. 118.        0.1764485648        0.0339620462
 179. 119.        0.0177549746       -0.1452533844
 179. 120.       -0.1020239689       -0.0313811748
 179. 121.        0.0288469115        0.0658153874
 179. 122.        0.1335840051        0.2969402231
 179. 123.        0.1957386830        0.0657867476
 179. 124.        0.1024335995       -0.1954526675
 179. 125.       -0.1307722818       -0.0192834924
 179. 126.        0.1507899659       -0.0131080000
 179. 127.        0.0078197611        0.0467455320
 179. 128.       -0.1653468814       -0.2025123831
 179. 129.        0.0727987587        0.0096796564
 179. 130.        0.0172252779       -0.0665397105
 179. 131.       -0.3179410111        0.1425097130
 179. 132.        0.1139658865        0.3012326916
 179. 133.       -0.1038252687       -0.3174495827
 179. 134.        0.1529875584        0.0685596337
 179. 135.        0.3957120328       -0.0216773349
 179. 136.        0.3930840879       -0.0559386940
 179. 137.       -0.0437454101        0.1928684293
 179. 138.        0.0705103577        0.0860071760
 179. 139.       -0.0016298591       -0.0043057247
 179. 140.       -0.3543408326       -0.0877729348
 179. 141.       -0.2104812242        0.0342753134
 179. 142.       -0.0636803603       -0.4336166173
 179. 143.        0.2329283397        0.0487606438
 179. 144.       -0.1482372621        0.0063992610
 179. 145.       -0.0228571735       -0.1244694337
 179. 146.        0.1372707068        0.0254854879
 179. 147.        0.3122307919        0.1493061420
 179. 148.       -0.2279425026       -0.1179479559
 179. 149.        0.0464988646        0.2586068883
 179. 150.        0.1190573409        0.2991126710
 179. 151.       -0.3584011043        0.0348533869
 179. 152.       -0.0781300255        0.1856053624
 179. 153.       -0.0665467915       -0.1235121702
 179. 154.       -0.0881423504       -0.4685171976
 179. 155.       -0.1939002665       -0.1589458960
 179. 156.       -0.0467420318       -0.4241119923
 179. 157.       -0.1982239079       -0.0576069752
 179. 158.        0.0994024914       -0.0878545581
 179. 159.        0.5057955662        0.0585172249
 179. 160.        0.1472583315        0.2769384221
 179. 161.       -0.2501941857        0.4717316496
 179. 162.       -0.1975996196        0.0212025689
 179. 163.        0.1133715001        0.4348595929
 179. 164.       -0.1165320606        0.4625511627
 179. 165.       -0.1252133444        0.2916278031
 179. 166.        0.1605106435        0.2933267377
 179. 167.        0.0707611249       -0.1031034355
 179. 168.       -0.3005523160        0.1406209498
 179. 169.        0.0170280560       -0.3025807718
 179. 170.       -0.4235894646       -0.1355572557
 179. 171.       -0.3269435825       -0.5278079796
 179. 172.       -0.3873342682       -0.2842073467
 179. 173.       -0.0053359042       -0.3458848304
 179. 174.       -0.2438360177       -0.5698248051
 179. 175.       -0.2334153079       -0.0955317116
 179. 176.       -0.3912843523        0.2233559560
 179. 177.       -0.1552067847        0.4156884464
 179. 178.        0.4256672310       -0.2166558202
 179. 179.        0.0705740893        0.3608840465
 180.   0.       -0.0098099821        0.0000000000
 180.   1.        0.2281377701       -0.0242414220
 180.   2.       -0.1203603372        0.1360589332
 180.   3.       -0.0618860945       -0.0672317147
 180.   4.       -0.1351271412       -0.0170015458
 180.   5.       -0.0712007406       -0.0421402320
 180.   6.       -0.1206821263       -0.1001224462
 180.   7.       -0.0423323895        0.1435944971
 180.   8.        0.2557743857        0.1232095851
 180.   9.        0.0984167373        0.1471105316
 180.  10.       -0.0905341610        0.1823958775
 180.  11.        0.0837217156        0.0525729751
 180.  12.       -0.1243547831        0.0246360494
 180.  13.        0.0435472434       -0.0758115667
 180.  14.       -0.0534872466       -0.1214014016
 180.  15.       -0.0969035754       -0.1205995722
 180.  16.        0.2494219600       -0.0210018549
 180.  17.        0.0978362927        0.0235442160
 180.  18.       -0.0335524232        0.2870949897
 180.  19.        0.0076617715        0.2258067261
 180.  20.       -0.1819753137       -0.0184673966
 180.  21.       -0.2832178830       -0.0133525970
 180.  22.       -0.0247245027       -0.1729243980
 180.  23.       -0.0410198192       -0.1255456100
 180.  24.        0.0876559101        0.1990568425
 180.  25.        0.1447385403       -0.0702203000
 180.  26.        0.1583402176       -0.0293453669
 180.  27.        0.0185931419        0.1454850633
 180.  28.       -0.1715878553        0.0444780277
 180.  29.       -0.2308689687        0.2184668316
 180.  30.       -0.0685194269       -0.2487080924
 180.  31.        0.0531249236       -0.0379773995
 180.  32.        0.1012420163       -0.1191081487
 180.  33.       -0.0346605108       -0.1978677568
 180.  34.       -0.1453834955       -0.0029223447
 180.  35.        0.0287686175        0.0294944177
 180.  36.       -0.0314416541       -0.1120439075
 180.  37.        0.1613660506        0.2203583443
 180.  38.        0.2952596344       -0.0816380934
 180.  39.        0.0443536939       -0.0990042083
 180.  40.        0.0643674356        0.1319205380
 180.  41.        0.0205852028       -0.2206343093
 180.  42.       -0.0472835156       -0.0417602453
 180.  43.       -0.0293246786        0.0314788502
 180.  44.       -0.2380605958       -0.2675052381
 180.  45.        0.1420838058        0.0157506381
 180.  46.        0.0787585090       -0.0648565001
 180.  47.        0.0949760994       -0.1976469934
 180.  48.        0.0824645343       -0.0112695766
 180.  49.        0.1145254859       -0.0308195125
 180.  50.       -0.1190426877        0.0945318212
 180.  51.       -0.1196656883        0.2880175706
 180.  52.       -0.0007504096       -0.2469038352
 180.  53.        0.0840115291       -0.2311311702
 180.  54.       -0.0458834121       -0.0590288404
 180.  55.        0.0104576459       -0.0662486981
 180.  56.       -0.0018413875        0.1731668028
 180.  57.        0.3001998312        0.0643344212
 180.  58.        0.0300342240       -0.0701325533
 180.  59.       -0.1489564793        0.0918021272
 180.  60.       -0.0758570158        0.2157442635
 180.  61.       -0.0559194511       -0.0743287742
 180.  62.       -0.1288159038        0.1343354843
 180.  63.        0.0372792476       -0.4016166131
 180.  64.       -0.0372451419       -0.1657080391
 180.  65.        0.1048369359       -0.1964082667
 180.  66.        0.0743572979       -0.0497407013
 180.  67.        0.1286820446        0.2717732708
 180.  68.        0.2246704885        0.1170302274
 180.  69.       -0.1019029649        0.1403951924
 180.  70.       -0.2145608020        0.1169341490
 180.  71.        0.0590205199       -0.2196063940
 180.  72.       -0.1111398681       -0.0373192112
 180.  73.        0.0444471280       -0.0557832399
 180.  74.        0.3855610537        0.0398251898
 180.  75.       -0.0006332664        0.1585964854
 180.  76.       -0.2244924240        0.1094602366
 180.  77.        0.0389471441        0.1097197005
 180.  78.       -0.1363369119        0.1461481075
 180.  79.       -0.0092984103       -0.0593083825
 180.  80.       -0.0715297827       -0.2963495170
 180.  81.       -0.1899124676       -0.2205792373
 180.  82.       -0.0015827354       -0.0335711597
 180.  83.        0.1171854958       -0.0499509047
 180.  84.       -0.0902079225        0.1250816638
 180.  85.        0.3551124788        0.2231373796
 180.  86.        0.1287557834        0.1629570617
 180.  87.       -0.2592968954        0.0788802357
 180.  88.       -0.0285958458        0.1129240269
 180.  89.        0.0678050937       -0.3211822859
 180.  90.       -0.1262925849       -0.1688997085
 180.  91.        0.1559376889       -0.3125238922
 180.  92.       -0.0773463970        0.0790050909
 180.  93.        0.1087236137        0.1125172518
 180.  94.       -0.0526686541        0.0793510489
 180.  95.        0.1125088261        0.0966217577
 180.  96.        0.1686190111       -0.2732874004
 180.  97.       -0.1152495492       -0.0205711900
 180.  98.       -0.2189006471       -0.1754878349
 180.  99.       -0.0380453421        0.1523709697
 180. 100.        0.2199228939       -0.0913516167
 180. 101.       -0.1582892933        0.0557429061
 180. 102.        0.0706405033        0.2438852023
 180. 103.        0.0658948326       -0.0398810257
 180. 104.        0.0591952908       -0.0154086269
 180. 105.        0.3027260139        0.2563623518
 180. 106.        0.1291487627       -0.0154101785
 180. 107.        0.0711245182        0.2953436371
 180. 108.        0.0818571446        0.2887229182
 180. 109.        0.2640544384       -0.1097174503
 180. 110.       -0.1444684116        0.0540096321
 180. 111.        0.0838165979        0.0009857886
 180. 112.        0.1634139914       -0.1505091842
 180. 113.        0.0328114244       -0.1958282491
 180. 114.       -0.0259561388        0.2631217504
 180. 115.       -0.5245144591        0.0521421126
 180. 116.       -0.0201698991        0.2289328194
 180. 117.       -0.1154891861        0.1267098519
 180. 118.        0.0249638309       -0.3135330391
 180. 119.        0.2954572696       -0.1006950865
 180. 120.        0.0527768553        0.0942673084
 180. 121.       -0.1959148060        0.1746096937
 180. 122.       -0.0910883932       -0.1097103442
 180. 123.        0.1318953912       -0.1451318161
 180. 124.       -0.2669581704       -0.2114483760
 180. 125.        0.2593958542       -0.2012730823
 180. 126.        0.3544856181       -0.1829021398
 180. 127.       -0.2001420736        0.2094995703
 180. 128.        0.1461392366       -0.0582927265
 180. 129.        0.0839955724       -0.2227048384
 180. 130.       -0.0895004273        0.1171343382
 180. 131.        0.4033487175       -0.0422727868
 180. 132.        0.0238175387        0.1409940360
 180. 133.        0.1640822254       -0.0291049479
 180. 134.        0.0135208908        0.2099970914
 180. 135.       -0.1126747392        0.0186465933
 180. 136.       -0.4112905408        0.0220622941
 180. 137.        0.1644266944        0.1170596850
 180. 138.       -0.2420596885       -0.2626209039
 180. 139.       -0.1093773255        0.2905558682
 180. 140.        0.3482646749       -0.0259422987
 180. 141.        0.0155448760       -0.3472651507
 180. 142.        0.0360970807       -0.1737774912
 180. 143.        0.0788378680        0.0169644839
 180. 144.        0.1875207948       -0.0499860712
 180. 145.        0.1044015108        0.4105562899
 180. 146.       -0.2611891359        0.1344235870
 180. 147.       -0.0393838594       -0.0607091477
 180. 148.       -0.0311137558       -0.1177011528
 180. 149.       -0.1038917131       -0.1216838427
 180. 150.       -0.0367676503       -0.0576345964
 180. 151.        0.2874220700        0.0422678805
 180. 152.        0.3783608130       -0.1983401194
 180. 153.       -0.3327599284        0.0600284183
 180. 154.       -0.0548778163        0.1620194069
 180. 155.        0.1318821722       -0.1506418177
 180. 156.       -0.2111391876       -0.2936943606
 180. 157.       -0.4341527181        0.6708286464
 180. 158.        0.2374270200        0.0380538662
 180. 159.        0.1237158595       -0.1793948549
 180. 160.       -0.0356500132        0.0296081993
 180. 161.       -0.2442861716        0.2083254638
 180. 162.       -0.0423356498        0.0621744597
 180. 163.       -0.1846705500       -0.1157087336
 180. 164.       -0.3677371612       -0.1027105321
 180. 165.        0.0577353846        0.0616722129
 180. 166.        0.1674162225       -0.0577250339
 180. 167.        0.1194345296       -0.0972457966
 180. 168.        0.0106529282        0.0366217258
 180. 169.       -0.0556825158        0.1873256659
 180. 170.       -0.0834161525       -0.4646217988
 180. 171.        0.6119166826        0.4817369636
 180. 172.        0.6589004303       -0.0013915114
 180. 173.        0.2226654829       -0.2029400071
 180. 174.        0.2658048351        0.4494669981
 180. 175.        0.0837210030        0.3476475686
 180. 176.        0.6269837932        0.0617280998
 180. 177.        0.6535650099       -0.4552913169
 180. 178.       -0.1403128493        0.0751295675
 180. 179.        0.0520852160        0.2385397054
 180. 180.       -0.2117455375       -0.0000000000
